Master Record Number,Year,Month,Day,Weekend?,Hour,Collision Type,Injury Type,Primary Factor,Reported_Location,Latitude,Longitude
902378176,2015,1,4,Weekday,700,2-Car,No injury/unknown,FAILURE TO YIELD RIGHT OF WAY,SMITH & SR46E,39.210144,-86.5832
902378462,2015,1,3,Weekday,1200,2-Car,No injury/unknown,,E 10TH & HILLTOP,39.1730517,-86.5041985
902378489,2015,1,4,Weekday,1800,2-Car,Non-incapacitating,FOLLOWING TOO CLOSELY,COVENANTER & S COLLEGE MALL,39.155152,-86.497888
902378525,2015,1,4,Weekday,1800,1-Car,No injury/unknown,ANIMAL/OBJECT IN ROADWAY,ADAMS & ALLEN,39.155943,-86.55112098
902378531,2015,1,4,Weekday,600,2-Car,No injury/unknown,UNSAFE BACKING,E 16TH & N LINCOLN,39.177792,-86.530864
902378616,2015,1,5,Weekday,600,2-Car,No injury/unknown,FOLLOWING TOO CLOSELY,E 10TH & N SMITH,39.172752,-86.482288
902378652,2015,1,3,Weekday,2100,2-Car,No injury/unknown,UNSAFE BACKING,NORTH PACKINGHOUSE,0,0
902378710,2015,1,4,Weekday,1300,1-Car,No injury/unknown,UNSAFE SPEED,BETHEL & STIDD,39.21424702,-86.47831157
902378718,2015,1,3,Weekday,700,2-Car,No injury/unknown,IMPROPER TURNING,S LEONARD SPRINGS ROAD & SR45,39.142048,-86.582592
902378775,2015,1,5,Weekday,900,2-Car,No injury/unknown,FOLLOWING TOO CLOSELY,TENTH & WOODLAWN,39.17162998,-86.52351778
902378796,2015,1,5,Weekday,1200,2-Car,No injury/unknown,UNSAFE LANE MOVEMENT,S WALNUT & SMITH,39.162848,-86.5336
902378814,2015,1,5,Weekday,1300,2-Car,No injury/unknown,DRIVER DISTRACTED - EXPLAIN IN NARRATIVE,10TH & SR46E,39.171648,-86.502096
902378927,2015,1,6,Weekday,800,2-Car,No injury/unknown,SPEED TOO FAST FOR WEATHER CONDITIONS,CURRY & SR46E,39.15835953,-86.58274637
902379041,2015,1,5,Weekday,1900,2-Car,No injury/unknown,FAILURE TO YIELD RIGHT OF WAY,11TH & INDIANA,39.17344,-86.527056
902379059,2015,1,5,Weekday,1900,2-Car,No injury/unknown,FAILURE TO YIELD RIGHT OF WAY,11TH & INDIANA,39.17344,-86.527056
902379072,2015,1,4,Weekday,1800,1-Car,No injury/unknown,UNSAFE BACKING,EAST THIRD,0,0
902379085,2015,1,5,Weekday,2000,2-Car,No injury/unknown,FOLLOWING TOO CLOSELY,10TH & WALNUT,39.171744,-86.53352
902379086,2015,1,4,Weekday,1800,2-Car,No injury/unknown,ANIMAL/OBJECT IN ROADWAY,SOUTH ROCKPORT & WEST TAPP,39.136448,-86.548704
902379088,2015,1,5,Weekday,2100,2-Car,No injury/unknown,FAILURE TO YIELD RIGHT OF WAY,INDIANA & THIRTEENTH,39.17524746,-86.52701896
902379090,2015,1,5,Weekday,1900,2-Car,No injury/unknown,IMPROPER LANE USAGE,COLLEGE & DODDS,39.157568,-86.534896
902379093,2015,1,5,Weekday,2100,1-Car,No injury/unknown,FAILURE TO YIELD RIGHT OF WAY,N WALNUT,39.16880751,-86.53356506
902379167,2015,1,3,Weekday,1200,2-Car,No injury/unknown,FOLLOWING TOO CLOSELY,BRUMMETTS CREEK & SR45E,39.22039032,-86.41104355
902379291,2015,1,6,Weekday,1000,2-Car,No injury/unknown,,ATWATER & S DUNN,39.164448,-86.528096
902379357,2015,1,6,Weekday,700,3+ Cars,No injury/unknown,DRIVER DISTRACTED - EXPLAIN IN NARRATIVE,SR37 & SR45W,39.30670166,-86.51615394
902379507,2015,1,5,Weekday,2000,2-Car,No injury/unknown,UNSAFE BACKING,E 17TH,39.17896,-86.521088
902379517,2015,1,6,Weekday,1700,2-Car,No injury/unknown,OTHER (DRIVER) - EXPLAIN IN NARRATIVE,W 2ND,39.16153611,-86.53976784
902379526,2015,1,6,Weekday,1500,2-Car,No injury/unknown,UNSAFE SPEED,EAST 3RD & SOUTH COLLRGE MALL,39.16424006,-86.49827018
902379555,2015,1,5,Weekday,2000,2-Car,No injury/unknown,IMPROPER TURNING,FEE & JORDAN,39.18384,-86.5192
902379562,2015,1,6,Weekday,1700,2-Car,No injury/unknown,IMPROPER TURNING,E 10TH,39.171648,-86.50435515
902379564,2015,1,6,Weekday,1700,2-Car,Non-incapacitating,IMPROPER LANE USAGE,3RD & SWAIN,39.16425012,-86.51525996
902379636,2015,1,6,Weekend,2200,2-Car,No injury/unknown,DISREGARD SIGNAL/REG SIGN,3RD & WALNUT,39.16464,-86.5336
902379686,2015,1,7,Weekend,800,2-Car,Non-incapacitating,FAILURE TO YIELD RIGHT OF WAY,N MADISON & W 17TH,39.178992,-86.537792
902379711,2015,1,7,Weekend,200,1-Car,No injury/unknown,RAN OFF ROAD RIGHT,SOUTH LEONARD SPRINGS & W FOWLER,39.100752,-86.593504
902379724,2015,1,7,Weekend,1200,2-Car,No injury/unknown,FAILURE TO YIELD RIGHT OF WAY,GATES & JACOB,39.16562006,-86.57599993
902379730,2015,1,7,Weekend,1000,2-Car,No injury/unknown,UNSAFE BACKING,ATWATER & FACULTY,39.16310246,-86.52108721
902379731,2015,1,7,Weekend,1100,1-Car,No injury/unknown,UNSAFE LANE MOVEMENT,E ATWATER,39.16315913,-86.52214653
902379732,2015,1,7,Weekend,0,2-Car,No injury/unknown,OTHER (DRIVER) - EXPLAIN IN NARRATIVE,WASHINGTON & WILSON,39.15148012,-86.53250992
902379766,2015,1,7,Weekend,200,2-Car,No injury/unknown,UNSAFE BACKING,N JORDAN,39.17631322,-86.51321032
902379767,2015,1,6,Weekday,1700,2-Car,No injury/unknown,FAILURE TO YIELD RIGHT OF WAY,WALNUT & WINSLOW,39.13679409,-86.52933809
902379768,2015,1,6,Weekend,2200,1-Car,No injury/unknown,ANIMAL/OBJECT IN ROADWAY,BRIGHTON & WAMPLER,39.33448,-86.614368
902379772,2015,1,7,Weekend,1500,2-Car,Incapacitating,FAILURE TO YIELD RIGHT OF WAY,2ND & LINCOLN,39.16144,-86.531056
902379834,2015,1,7,Weekend,1700,2-Car,No injury/unknown,FAILURE TO YIELD RIGHT OF WAY,7TH & WASHINGTON,39.16864,-86.5324
902379838,2015,1,7,Weekend,1500,2-Car,No injury/unknown,UNSAFE BACKING,S BASSWOOD,39.1513963,-86.57068043
902379839,2015,1,7,Weekend,1800,2-Car,No injury/unknown,FOLLOWING TOO CLOSELY,COLLEGE MALL & COVENANTER,39.155152,-86.497888
902379847,2015,1,7,Weekend,1400,2-Car,No injury/unknown,UNSAFE LANE MOVEMENT,9TH & LINCOLN,39.170544,-86.530992
902379946,2015,1,7,Weekend,1000,1-Car,No injury/unknown,RAN OFF ROAD RIGHT,BRUMMETTS & SR45E,39.22039032,-86.41105651
902380006,2015,1,1,Weekend,1100,1-Car,Non-incapacitating,SPEED TOO FAST FOR WEATHER CONDITIONS,ENDWRIGHT & W GIFFORD,39.15128969,-86.59638682
902380012,2015,1,1,Weekend,1100,2-Car,No injury/unknown,WRONG WAY ON ONE WAY,EAST THIRD & SR46N,39.09088158,-86.51473999
902380402,2015,1,6,Weekday,800,Pedestrian,Non-incapacitating,FAILURE TO YIELD RIGHT OF WAY,W GORDON,39.121648,-86.539088
902380403,2015,1,6,Weekend,2100,2-Car,No injury/unknown,FAILURE TO YIELD RIGHT OF WAY,BLOOMFIELD & LIBERTY,0,0
902380469,2015,1,1,Weekday,2200,2-Car,No injury/unknown,OTHER (DRIVER) - EXPLAIN IN NARRATIVE,N KINSER,39.222752,-86.550096
902380570,2015,1,1,Weekend,1300,3+ Cars,No injury/unknown,FAILURE TO YIELD RIGHT OF WAY,FORREST PARK & SMITH,0,0
902380736,2015,1,2,Weekday,700,2-Car,No injury/unknown,UNSAFE SPEED,CURRY & SR48,39.16463885,-86.58291871
902380779,2015,1,2,Weekday,1100,Bus,No injury/unknown,UNSAFE LANE MOVEMENT,7TH & DUNN,39.16851014,-86.52823259
902381149,2015,1,2,Weekday,1600,2-Car,Non-incapacitating,UNSAFE LANE MOVEMENT,E 9TH & N WALNUT,39.170544,-86.533536
902381171,2015,1,2,Weekday,700,Pedestrian,Non-incapacitating,FAILURE TO YIELD RIGHT OF WAY,E 3RD & S PARKRIDGE,39.16421995,-86.4763002
902381172,2015,1,1,Weekend,1700,2-Car,No injury/unknown,FOLLOWING TOO CLOSELY,DINSMORE & SR45W,39.11489515,-86.63129155
902381214,2015,1,2,Weekday,1900,2-Car,No injury/unknown,UNSAFE BACKING,S COLLEGE MALL,39.15250667,-86.497904
902381232,2015,1,3,Weekday,0,1-Car,No injury/unknown,SPEED TOO FAST FOR WEATHER CONDITIONS,S MILL STONE & S SARE,39.12377022,-86.50865033
902381273,2015,1,2,Weekday,1200,2-Car,No injury/unknown,FOLLOWING TOO CLOSELY,E MOODY & S HENDERSON,39.148064,-86.526912
902381278,2015,1,3,Weekday,400,1-Car,Incapacitating,SPEED TOO FAST FOR WEATHER CONDITIONS,SR37S,39.02058357,-86.53618193
902381395,2015,1,2,Weekday,1300,1-Car,Incapacitating,OVERCORRECTING/OVERSTEERING,10TH & JEFFERSON,39.17164801,-86.50673515
902381403,2015,1,3,Weekday,800,1-Car,No injury/unknown,OTHER (ENVIRONMENTAL) - EXPLAIN IN NARR,WALCOTT & WOODYARD,39.20263934,-86.60293007
902381465,2015,1,4,Weekday,1900,2-Car,No injury/unknown,OTHER (DRIVER) - EXPLAIN IN NARRATIVE,ANNA LEE,39.16023619,-86.55678324
902381558,2015,1,3,Weekday,700,2-Car,No injury/unknown,ROADWAY SURFACE CONDITION,MATTHEWS & MCNEELY,39.23821002,-86.62392027
902381670,2015,1,3,Weekday,1200,2-Car,No injury/unknown,FAILURE TO YIELD RIGHT OF WAY,KIRKWOOD & LINCOLN,39.16664,-86.530992
902381916,2015,1,3,Weekday,1600,2-Car,No injury/unknown,UNSAFE BACKING,E 4TH & S WALNUT,39.165648,-86.5336
902381965,2015,1,3,Weekday,1900,1-Car,Non-incapacitating,OVERCORRECTING/OVERSTEERING,ROGERS & STANDS,39.13599975,-86.50409131
902382234,2015,1,4,Weekday,900,1-Car,No injury/unknown,RAN OFF ROAD RIGHT,S ROGERS & W ALLEN,39.155776,-86.538592
902382237,2015,1,2,Weekday,1500,2-Car,Non-incapacitating,FOLLOWING TOO CLOSELY,INDUSTRIAL & W STATE ROAD 45,39.14387261,-86.57995526
902382247,2015,1,4,Weekday,700,2-Car,No injury/unknown,FOLLOWING TOO CLOSELY,DILLMAN & SR37S,39.09283916,-86.54563315
902382258,2015,1,4,Weekday,900,2-Car,No injury/unknown,FAILURE TO YIELD RIGHT OF WAY,HIGHLAND & HUNTER,39.16224,-86.5176
902382276,2015,1,4,Weekday,1100,2-Car,No injury/unknown,UNSAFE BACKING,N ROSE,39.1662177,-86.51097988
902382277,2015,1,4,Weekday,700,3+ Cars,No injury/unknown,FOLLOWING TOO CLOSELY,DILLMAN & SR37S,39.092976,-86.545648
902382278,2015,1,3,Weekday,700,1-Car,No injury/unknown,SPEED TOO FAST FOR WEATHER CONDITIONS,ROGERS,39.13586997,-86.49740259
902382318,2015,1,4,Weekday,1200,1-Car,No injury/unknown,IMPROPER TURNING,E 10TH,39.17157747,-86.51808392
902382345,2015,1,5,Weekday,1900,2-Car,No injury/unknown,OTHER (DRIVER) - EXPLAIN IN NARRATIVE,PATTERSON & SOUTH ROGERS,39.14321865,-86.53875008
902382427,2015,1,3,Weekday,700,1-Car,No injury/unknown,SPEED TOO FAST FOR WEATHER CONDITIONS,W WALCOTT & W WOODYARD,39.201488,-86.601968
902382457,2015,1,4,Weekday,1400,2-Car,No injury/unknown,FOLLOWING TOO CLOSELY,SR46 & W ARLINGTON,39.20764272,-86.57990586
902382482,2015,1,4,Weekday,1500,3+ Cars,Non-incapacitating,BRAKE FAILURE OR DEFECTIVE,CORY & THIRD,39.164544,-86.560096
902382492,2015,1,4,Weekday,1400,2-Car,No injury/unknown,FAILURE TO YIELD RIGHT OF WAY,FEE & THIRTEENTH,39.17511699,-86.51902368
902382494,2015,1,6,Weekend,1900,1-Car,No injury/unknown,UNSAFE BACKING,EAST LINGELBACH,39.17783417,-86.50846123
902382516,2015,1,4,Weekday,1600,3+ Cars,Incapacitating,FAILURE TO YIELD RIGHT OF WAY,2ND & COLLEGE MALL,39.160944,-86.497696
902382525,2015,1,4,Weekday,700,2-Car,No injury/unknown,UNSAFE BACKING,N JORDAN,39.17471408,-86.51501534
902382528,2015,1,4,Weekday,1700,2-Car,Non-incapacitating,FOLLOWING TOO CLOSELY,2ND & PATTERSON,39.16074984,-86.54850997
902382542,2015,1,4,Weekday,1500,2-Car,No injury/unknown,DISREGARD SIGNAL/REG SIGN,ROGERS & W 1ST,39.159504,-86.538592
902382598,2015,1,4,Weekday,1700,2-Car,Fatal,OTHER (DRIVER) - EXPLAIN IN NARRATIVE,SR 45,39.125312,-86.610496
902382698,2015,1,4,Weekday,1200,2-Car,No injury/unknown,FOLLOWING TOO CLOSELY,GRIMES & WALNUT,39.15344,-86.5336
902383017,2015,1,3,Weekday,1300,1-Car,No injury/unknown,OTHER (DRIVER) - EXPLAIN IN NARRATIVE,S ADAMS,39.164544,-86.552192
902383018,2015,1,5,Weekday,1200,3+ Cars,Incapacitating,DRIVER DISTRACTED - EXPLAIN IN NARRATIVE,FAIRFAX & OLD STATE ROAD 37,39.10725988,-86.53149001
902383084,2015,1,5,Weekday,1500,2-Car,No injury/unknown,FAILURE TO YIELD RIGHT OF WAY,CURRY & THIRD,0,0
902383086,2015,1,5,Weekday,1500,2-Car,No injury/unknown,UNSAFE BACKING,N KINSER,39.20304,-86.547392
902383096,2015,1,5,Weekday,1600,3+ Cars,No injury/unknown,FOLLOWING TOO CLOSELY,2ND & ROGERS,39.17197385,-86.53867028
902383109,2015,1,2,Weekday,2300,1-Car,No injury/unknown,UNSAFE LANE MOVEMENT,EAST 17TH,39.17906597,-86.52582384
902383212,2015,1,5,Weekday,1500,2-Car,No injury/unknown,FOLLOWING TOO CLOSELY,E 3RD & S WOODCREST,39.164272,-86.502416
902383313,2015,1,5,Weekday,1000,2-Car,Non-incapacitating,ACCELERATOR FAILURE OR DEFECTIVE,N WALNUT & SR46W,39.186368,-86.5344
902383331,2015,1,4,Weekday,500,1-Car,Non-incapacitating,RAN OFF ROAD RIGHT,DUNN & OLD STATE ROAD 37,39.208048,-86.528704
902383384,2015,1,5,Weekday,1000,2-Car,Non-incapacitating,UNSAFE BACKING,N WALNUT & SR46W,39.18636592,-86.53404709
902383558,2015,1,6,Weekday,1100,2-Car,No injury/unknown,LEFT OF CENTER,E 10TH & N WOODBRIDGE,39.17154975,-86.49086996
902383569,2015,1,6,Weekday,1200,2-Car,No injury/unknown,FAILURE TO YIELD RIGHT OF WAY,GATES,39.16825801,-86.5763399
902383587,2015,1,6,Weekday,1200,2-Car,No injury/unknown,FAILURE TO YIELD RIGHT OF WAY,MILLER & WALNUT,39.14828415,-86.5329291
902383630,2015,1,6,Weekday,1100,2-Car,No injury/unknown,FAILURE TO YIELD RIGHT OF WAY,ROGERS & SARE,39.13584,-86.496288
902383796,2015,1,6,Weekday,1700,2-Car,No injury/unknown,UNSAFE LANE MOVEMENT,3RD & COLLEGE MALL,39.16424,-86.4984
902383802,2015,1,6,Weekday,1400,2-Car,Incapacitating,FAILURE TO YIELD RIGHT OF WAY,S CURRY & W 3RD,39.16093865,-86.58292002
902383804,2015,1,6,Weekday,1700,2-Car,No injury/unknown,FOLLOWING TOO CLOSELY,3RD & CORY,39.164544,-86.560096
902383805,2015,1,6,Weekday,1600,2-Car,No injury/unknown,FAILURE TO YIELD RIGHT OF WAY,JACOB & SUSAN,39.17026028,-86.57266996
902383811,2015,1,6,Weekday,1600,3+ Cars,Incapacitating,DISREGARD SIGNAL/REG SIGN,EAST 17TH & SR46,39.17979888,-86.50723113
902383835,2015,1,6,Weekday,1700,2-Car,Incapacitating,DISREGARD SIGNAL/REG SIGN,E 3RD & N SMITH,39.16424,-86.480688
902383838,2015,1,6,Weekday,1500,3+ Cars,Non-incapacitating,FOLLOWING TOO CLOSELY,E EASTGATE & SR46S,39.17007363,-86.50130881
902383851,2015,1,6,Weekend,1900,2-Car,No injury/unknown,OTHER (DRIVER) - EXPLAIN IN NARRATIVE,E HILLSIDE & GRANT,39.15031738,-86.53008584
902383936,2015,1,7,Weekend,400,1-Car,No injury/unknown,OTHER (DRIVER) - EXPLAIN IN NARRATIVE,W GOURLEY,39.185232,-86.54060206
902383939,2015,1,3,Weekday,500,1-Car,No injury/unknown,SPEED TOO FAST FOR WEATHER CONDITIONS,E ROBINSON,39.25177383,-86.47724151
902384048,2015,1,7,Weekend,1300,3+ Cars,No injury/unknown,FOLLOWING TOO CLOSELY,EASTGATE & SR46E,39.17024,-86.501392
902384068,2015,1,7,Weekend,1300,2-Car,Incapacitating,FAILURE TO YIELD RIGHT OF WAY,S PATTERSON & W 2ND,39.16074984,-86.54850997
902387336,2015,1,2,Weekday,1300,Bus,No injury/unknown,OTHER (DRIVER) - EXPLAIN IN NARRATIVE,CLARIZZ & COVENANTER,39.15246986,-86.49053723
902387375,2015,2,4,Weekday,1300,2-Car,No injury/unknown,FAILURE TO YIELD RIGHT OF WAY,3RD & CURRY,0,0
902387451,2015,2,4,Weekday,1400,2-Car,No injury/unknown,OTHER (DRIVER) - EXPLAIN IN NARRATIVE,EAST 7TH,39.168752,-86.5436
902387452,2015,2,4,Weekday,1800,1-Car,No injury/unknown,UNSAFE BACKING,E 10TH,39.17157747,-86.51808392
902387456,2015,2,4,Weekday,1400,3+ Cars,No injury/unknown,OTHER (DRIVER) - EXPLAIN IN NARRATIVE,EAST 14TH & NORTH WASHINGTON,39.175968,-86.532288
902387457,2015,2,4,Weekday,1700,2-Car,Incapacitating,LEFT OF CENTER,N OLD STATE RD 37 & NORTH DUNN,39.208048,-86.528704
902387473,2015,2,4,Weekday,2000,2-Car,No injury/unknown,SPEED TOO FAST FOR WEATHER CONDITIONS,NORTH FEE,39.17800784,-86.51889301
902387477,2015,2,4,Weekday,2000,Bus,No injury/unknown,FAILURE TO YIELD RIGHT OF WAY,INDIANA & SIXTH,39.16751336,-86.5269452
902387479,2015,2,4,Weekday,1800,2-Car,No injury/unknown,SPEED TOO FAST FOR WEATHER CONDITIONS,17TH & COLLEGE,39.17923465,-86.53471898
902387482,2015,2,4,Weekday,2000,2-Car,No injury/unknown,OTHER (DRIVER) - EXPLAIN IN NARRATIVE,BLOOMFIELD & SR 37,0,0
902387498,2015,2,4,Weekday,1900,1-Car,No injury/unknown,SPEED TOO FAST FOR WEATHER CONDITIONS,S COLLEGE,39.16387853,-86.53482318
902387500,2015,2,4,Weekday,2100,1-Car,No injury/unknown,ROADWAY SURFACE CONDITION,ATWATER & JORDAN,39.16304983,-86.51638984
902387583,2015,2,4,Weekday,2300,1-Car,No injury/unknown,SPEED TOO FAST FOR WEATHER CONDITIONS,10TH & BARRINGTON,39.17166978,-86.48929014
902387615,2015,2,4,Weekday,1900,1-Car,No injury/unknown,RAN OFF ROAD RIGHT,STONE MILL & WHISNAND,39.22464,-86.539392
902387785,2015,2,5,Weekday,700,2-Car,No injury/unknown,ROADWAY SURFACE CONDITION,LANDMARK & W 3RD,39.16442983,-86.55630983
902387889,2015,2,5,Weekday,800,1-Car,No injury/unknown,SPEED TOO FAST FOR WEATHER CONDITIONS,SPARKS & SR37,39.31408333,-85.48831667
902388053,2015,2,5,Weekday,1100,2-Car,No injury/unknown,IMPROPER TURNING,3RD & SOUTH COLLEGE,39.16464,-86.534816
902388149,2015,2,5,Weekday,1200,2-Car,No injury/unknown,IMPROPER PASSING,3RD & S LINCOLN,39.16464,-86.531024
902388259,2015,2,4,Weekday,2100,1-Car,No injury/unknown,SPEED TOO FAST FOR WEATHER CONDITIONS,EAST ROGERS & SOUTH SMITH,39.13584,-86.480496
902388393,2015,2,4,Weekday,1900,2-Car,No injury/unknown,LEFT OF CENTER,N CROSSOVER & SR37N,39.29414449,-86.51947021
902388394,2015,2,4,Weekday,2000,1-Car,No injury/unknown,RAN OFF ROAD RIGHT,SR37N & W BURMA,39.31173574,-86.51283861
902388588,2015,2,4,Weekday,1000,2-Car,No injury/unknown,OTHER (DRIVER) - EXPLAIN IN NARRATIVE,SOUTH WALNUT,39.14213562,-86.52915191
902388611,2015,2,5,Weekday,2000,1-Car,No injury/unknown,RAN OFF ROAD RIGHT,COLLEGE & DODDS,39.157568,-86.534896
902388614,2015,2,5,Weekday,1600,2-Car,No injury/unknown,FOLLOWING TOO CLOSELY,E 3RD & S WALNUT,39.16464,-86.5336
902388643,2015,2,5,Weekday,2200,2-Car,No injury/unknown,FAILURE TO YIELD RIGHT OF WAY,3RD & WALNUT,39.16464,-86.5336
902388675,2015,2,5,Weekday,2300,2-Car,Incapacitating,IMPROPER TURNING,E VARSITY,39.183605,-86.530387
902388683,2015,2,5,Weekday,2300,3+ Cars,Incapacitating,LEFT OF CENTER,EAST 20TH & NORTH LINCOLN,39.181744,-86.530192
902388688,2015,2,5,Weekday,2300,2-Car,No injury/unknown,FOLLOWING TOO CLOSELY,E 3RD & S INDIANA,39.164448,-86.5268
902388691,2015,2,5,Weekday,600,1-Car,No injury/unknown,RAN OFF ROAD RIGHT,N WAYPORT & SR37N,39.26274948,-86.52262902
902388692,2015,2,5,Weekday,700,2-Car,No injury/unknown,FOLLOWING TOO CLOSELY,N WAYPORT & SR37N,39.26220126,-86.52261598
902388903,2015,2,5,Weekday,800,2-Car,No injury/unknown,SPEED TOO FAST FOR WEATHER CONDITIONS,CROSSOVER & SR37N,39.03417863,-86.51947021
902388904,2015,2,5,Weekday,900,1-Car,No injury/unknown,OVERCORRECTING/OVERSTEERING,FENCELINE & REAVES,0,0
902388984,2015,2,5,Weekday,700,2-Car,No injury/unknown,RAN OFF ROAD RIGHT,SIMPSON CHAPEL & SR37N,39.28310542,-86.52179929
902389015,2015,2,6,Weekday,900,1-Car,No injury/unknown,RAN OFF ROAD RIGHT,GILMORE & REEVES,39.23164485,-86.67094287
902389057,2015,2,6,Weekday,1200,2-Car,No injury/unknown,UNSAFE BACKING,COLLEGE & W 6TH,39.167648,-86.534784
902389058,2015,2,6,Weekday,1100,2-Car,No injury/unknown,,BURKS,39.152352,-86.5064
902389163,2015,2,6,Weekday,100,2-Car,No injury/unknown,,E 14,39.17602502,-86.53047479
902389175,2015,2,5,Weekday,2000,2-Car,No injury/unknown,UNSAFE LANE MOVEMENT,ATWATER & HENDERSON,39.163344,-86.5272
902389302,2015,2,6,Weekday,1600,3+ Cars,No injury/unknown,FOLLOWING TOO CLOSELY,ATWATER & PARK,39.1631179,-86.52403492
902389338,2015,2,6,Weekday,1600,2-Car,No injury/unknown,UNSAFE BACKING,EAST 17TH,39.17906329,-86.5209221
902389386,2015,2,6,Weekday,1700,1-Car,No injury/unknown,UNSAFE BACKING,S FAIRFAX,39.03407288,-86.4906311
902389388,2015,2,6,Weekday,1600,3+ Cars,Incapacitating,FOLLOWING TOO CLOSELY,FULLERTON & SR37S,39.18558944,-86.57353973
902389401,2015,2,6,Weekday,1700,2-Car,No injury/unknown,LEFT OF CENTER,BOLTINGHOUSE & EARL YOUNG,39.23031025,-86.4732658
902389546,2015,2,5,Weekday,800,2-Car,No injury/unknown,FAILURE TO YIELD RIGHT OF WAY,N CURRY & W VERNAL,39.179248,-86.5832
902389547,2015,2,5,Weekday,1300,2-Car,No injury/unknown,UNSAFE BACKING,W SIERRA,39.15266671,-86.58359594
902389566,2015,2,7,Weekend,1000,2-Car,No injury/unknown,FOLLOWING TOO CLOSELY,MCARTNEY & SARE,39.15540218,-86.49749971
902389572,2015,2,7,Weekend,900,2-Car,No injury/unknown,IMPROPER TURNING,HIGHLAND & THIRD,39.16426229,-86.51775641
902389886,2015,2,5,Weekday,2100,2-Car,No injury/unknown,SPEED TOO FAST FOR WEATHER CONDITIONS,BOTTOM & SR37,39.3824478,-86.55792236
902389965,2015,2,7,Weekend,1500,2-Car,No injury/unknown,FAILURE TO YIELD RIGHT OF WAY,COLLEGE MALL & COVENANTER,0,0
902389991,2015,2,7,Weekend,1700,2-Car,No injury/unknown,FAILURE TO YIELD RIGHT OF WAY,8TH & GRANT,39.169552,-86.529696
902390035,2015,2,7,Weekend,1700,2-Car,Non-incapacitating,DISREGARD SIGNAL/REG SIGN,2ND & PATTERSON,39.16074984,-86.54850997
902390036,2015,2,7,Weekend,1300,2-Car,No injury/unknown,FOLLOWING TOO CLOSELY,WALNUT & WINSLOW,39.136144,-86.528688
902390062,2015,2,7,Weekend,200,2-Car,No injury/unknown,UNSAFE BACKING,N FAIRVIEW & W 12TH,39.174192,-86.541072
902390104,2015,2,1,Weekend,400,3+ Cars,No injury/unknown,,2ND & DUNN,39.16144,-86.528288
902390112,2015,2,7,Weekend,200,2-Car,No injury/unknown,RAN OFF ROAD RIGHT,E 14TH,39.17619886,-86.52693714
902390238,2015,2,7,Weekend,2100,3+ Cars,Incapacitating,LEFT OF CENTER,SR46W & STINESVILLE,39.26696063,-86.66582979
902390343,2015,2,5,Weekday,900,1-Car,Incapacitating,SPEED TOO FAST FOR WEATHER CONDITIONS,ELLIS & SR37,39.14066572,-86.53289794
902390352,2015,2,1,Weekend,1800,2-Car,Non-incapacitating,IMPROPER TURNING,COLLEGE MALL & MOORES,39.15058524,-86.4979936
902390384,2015,2,1,Weekday,2000,2-Car,Non-incapacitating,FOLLOWING TOO CLOSELY,N WALNUT & SR46E,39.186368,-86.5344
902390388,2015,2,6,Weekend,2000,2-Car,No injury/unknown,UNSAFE SPEED,ACUFF & SR37,39.20840935,-86.55361584
902390407,2015,2,7,Weekend,2300,2-Car,No injury/unknown,ANIMAL/OBJECT IN ROADWAY,EMPIRE MILL & SOUTH OLD STATE ROAD 37,39.08624,-86.542
902390408,2015,2,7,Weekend,500,1-Car,No injury/unknown,RAN OFF ROAD RIGHT,LEONARD SPRINGS & SR45W,39.14190066,-86.5828886
902390409,2015,2,1,Weekend,300,1-Car,No injury/unknown,RAN OFF ROAD RIGHT,S SNOODY,39.1216774,-86.48906707
902390451,2015,2,1,Weekday,2300,1-Car,No injury/unknown,RAN OFF ROAD RIGHT,CLUB HOUSE & SR37N,0,0
902390585,2015,2,2,Weekday,700,1-Car,No injury/unknown,DRIVER DISTRACTED - EXPLAIN IN NARRATIVE,310 E ATWATER (GARAGE) & ATWATER,39.164448,-86.528096
902390675,2015,2,2,Weekday,700,2-Car,No injury/unknown,,N WILLIS 9,39.18094254,-86.54261016
902390970,2015,2,2,Weekday,1200,1-Car,Incapacitating,RAN OFF ROAD RIGHT,N DUNN & N OLD ST RD 37,39.20801975,-86.52873726
902390972,2015,2,2,Weekday,1100,2-Car,No injury/unknown,,N RANGE,39.17975117,-86.49529366
902391115,2015,2,2,Weekday,1600,3+ Cars,Non-incapacitating,FOLLOWING TOO CLOSELY,S WESTPLEX & W 3RD,39.16440971,-86.55390333
902391183,2015,2,2,Weekday,1800,2-Car,No injury/unknown,FAILURE TO YIELD RIGHT OF WAY,8TH & WALDRON,39.169616,-86.5436
902391235,2015,2,4,Weekday,2000,2-Car,No injury/unknown,ROADWAY SURFACE CONDITION,S FIELDSTONE & W COBBLE STONE,39.16040987,-86.60478003
902391244,2015,2,2,Weekday,2200,1-Car,No injury/unknown,RAN OFF ROAD RIGHT,E RHORER & S SARE,39.12144005,-86.51157997
902391704,2015,2,3,Weekday,1000,1-Car,No injury/unknown,INSECURE/LEAKY LOAD,FLUCK MILL & VICTOR,39.07377988,-86.57107003