Master Record Number,Year,Month,Day,Weekend?,Hour,Collision Type,Injury Type,Primary Factor,Reported_Location,Latitude,Longitude
902452473,2015,5,5,Weekday,900,1-Car,No injury/unknown,IMPROPER TURNING,WOODSCREST,39.16260391,-86.50236256
902452616,2015,5,5,Weekday,1200,2-Car,No injury/unknown,FOLLOWING TOO CLOSELY,EAST 10TH & INDIANA,39.17168,-86.527024
902452620,2015,5,5,Weekday,1200,2-Car,No injury/unknown,FAILURE TO YIELD RIGHT OF WAY,COTTAGE GROVE & FORREST,39.17252004,-86.5224
902452630,2015,5,5,Weekday,1100,2-Car,No injury/unknown,OTHER (DRIVER) - EXPLAIN IN NARRATIVE,E 3RD & KINGSTON,39.16424,-86.492944
902452704,2015,5,5,Weekday,1200,2-Car,No injury/unknown,UNSAFE BACKING,1201 E 3RD EAST SERVICE & 3RD,39.164448,-86.471888
902452714,2015,5,5,Weekday,1300,2-Car,No injury/unknown,IMPROPER LANE USAGE,PETE ELLIS & SR46E,39.16424,-86.49455879
902452831,2015,5,4,Weekday,700,1-Car,No injury/unknown,ANIMAL/OBJECT IN ROADWAY,E SMITHVILLE & S FIDLER,39.0710903,-86.50876515
902452872,2015,5,5,Weekday,2000,2-Car,No injury/unknown,OTHER (DRIVER) - EXPLAIN IN NARRATIVE,DUNN & KIRKWOOD,39.16664,-86.52925047
902452873,2015,5,5,Weekday,1400,2-Car,No injury/unknown,IMPROPER TURNING,10TH & COLLEGE,39.171744,-86.534768
902452896,2015,5,5,Weekday,1600,2-Car,No injury/unknown,FAILURE TO YIELD RIGHT OF WAY,E HILLSIDE & S WASHINGTON,39.15056,-86.5324
902452901,2015,5,5,Weekday,1600,2-Car,Non-incapacitating,DISREGARD SIGNAL/REG SIGN,E 6TH & N WALNUT,39.167648,-86.533584
902452955,2015,5,5,Weekday,2300,1-Car,No injury/unknown,IMPROPER TURNING,WOODSCREST,39.16260391,-86.50236256
902452971,2015,5,5,Weekday,2200,2-Car,No injury/unknown,FOLLOWING TOO CLOSELY,45 46 BYPASS & WALNUT,39.18637969,-86.53453968
902491808,2015,7,6,Weekday,900,2-Car,No injury/unknown,FAILURE TO YIELD RIGHT OF WAY,3RD & GRANT,39.16464,-86.529728
902491888,2015,7,6,Weekday,1000,2-Car,No injury/unknown,DRIVER DISTRACTED - EXPLAIN IN NARRATIVE,LAKE VIEW & SR46W,39.22571945,-86.60507861
902491899,2015,7,6,Weekday,1000,2-Car,No injury/unknown,DISREGARD SIGNAL/REG SIGN,3RD & WALNUT,39.16464,-86.5336
902492137,2015,7,4,Weekday,800,2-Car,No injury/unknown,DRIVER DISTRACTED - EXPLAIN IN NARRATIVE,ARLINGTON & SR46W,39.20909594,-86.58159662
902492138,2015,7,4,Weekday,1200,2-Car,Non-incapacitating,DRIVER ILLNESS,BOTTOM & SR37N,39.28170383,-86.55792236
902492139,2015,7,4,Weekday,1500,2-Car,No injury/unknown,FAILURE TO YIELD RIGHT OF WAY,SR37S & W FULLERTON,0,0
902492140,2015,7,5,Weekday,1700,2-Car,No injury/unknown,FOLLOWING TOO CLOSELY,ACUFF & SR37N,39.20824,-86.554704
902492254,2015,7,6,Weekday,1300,2-Car,No injury/unknown,UNSAFE BACKING,E 10TH,39.171504,-86.49504533
902492276,2015,7,6,Weekday,1700,2-Car,No injury/unknown,FAILURE TO YIELD RIGHT OF WAY,N FAIRVIEW & W 11TH,39.173152,-86.5408
902492349,2015,7,6,Weekday,1600,2-Car,No injury/unknown,IMPROPER TURNING,E 3RD & JORDAN,0,0
902492352,2015,7,6,Weekday,1700,2-Car,No injury/unknown,UNSAFE BACKING,E VARSITY,39.183132,-86.531143
902492362,2015,7,6,Weekend,1900,2-Car,No injury/unknown,FOLLOWING TOO CLOSELY,LEONARD SPRINGS & TAPP,39.13704,-86.582512
902492368,2015,7,6,Weekend,2000,2-Car,Non-incapacitating,DISREGARD SIGNAL/REG SIGN,SR37 & WEST 3RD,39.164752,-86.573104
902492433,2015,7,6,Weekend,2300,2-Car,No injury/unknown,,ALLEY & W EVENTIDE,0,0
902492435,2015,8,7,Weekend,300,1-Car,No injury/unknown,ANIMAL/OBJECT IN ROADWAY,DILLMAN & OLD STATE ROAD 37,39.092944,-86.544
902492510,2015,8,7,Weekend,900,2-Car,No injury/unknown,FOLLOWING TOO CLOSELY,SR37N & VERNAL,39.176544,-86.5624
902492516,2015,7,6,Weekday,1200,2-Car,No injury/unknown,FAILURE TO YIELD RIGHT OF WAY,W 2ND,39.16144727,-86.53510982
902492524,2015,7,5,Weekday,2200,Moped/Motorcycle,Non-incapacitating,ROADWAY SURFACE CONDITION,SOUTH OLD STATE ROAD 37 & SR37,39.08590789,-86.54269661
902492537,2015,8,7,Weekend,1000,2-Car,No injury/unknown,OTHER (DRIVER) - EXPLAIN IN NARRATIVE,SR37N & STONE MILL,0,0
902492538,2015,8,7,Weekend,1200,2-Car,No injury/unknown,,MULLER,39.16180998,-86.56743228
902492570,2015,8,7,Weekend,1300,2-Car,No injury/unknown,IMPROPER TURNING,N COLLEGE & W 10TH,39.171744,-86.534768
902492579,2015,8,7,Weekend,1300,2-Car,No injury/unknown,UNSAFE LANE MOVEMENT,E 3RD & S COLLEGE MALL,39.16424,-86.4984
902492592,2015,7,5,Weekday,1600,2-Car,No injury/unknown,FAILURE TO YIELD RIGHT OF WAY,RIDGEWAY & SR46W,39.24266815,-86.61257171
902492698,2015,8,7,Weekend,1800,3+ Cars,Non-incapacitating,FOLLOWING TOO CLOSELY,SR37S & W VERNAL,39.17662048,-86.56252288
902492778,2015,8,1,Weekend,300,1-Car,No injury/unknown,RAN OFF ROAD RIGHT,4310 LEONARD SPRINGS & HORNED OWL,39.123908,-86.586418
902492846,2015,8,7,Weekend,1200,2-Car,No injury/unknown,OTHER (DRIVER) - EXPLAIN IN NARRATIVE,JACOB,0,0
902492878,2015,8,7,Weekend,900,1-Car,No injury/unknown,ANIMAL/OBJECT IN ROADWAY,OLD STATE ROAD 37 & PRAIRIE,39.22182884,-86.51295095
902492879,2015,8,1,Weekend,900,2-Car,No injury/unknown,FOLLOWING TOO CLOSELY,SMITH & WOODYARD,0,0
902492880,2015,8,1,Weekend,1000,2-Car,No injury/unknown,OTHER (ENVIRONMENTAL) - EXPLAIN IN NARR,ANDY & NATASHA,39.20144968,-86.58831998
902492886,2015,8,1,Weekend,700,1-Car,No injury/unknown,RAN OFF ROAD RIGHT,37 & DEPOT HILL,39.01436996,-86.53695699
902492905,2015,8,1,Weekend,1300,2-Car,Non-incapacitating,DISREGARD SIGNAL/REG SIGN,S ROGERS & W 2ND,39.16140027,-86.53867028
902492942,2015,7,7,Weekend,2200,2-Car,No injury/unknown,FAILURE TO YIELD RIGHT OF WAY,PAYNETOWN STATE RECREATION & SR446S,39.092112,-86.422832
902492976,2015,8,1,Weekend,1500,2-Car,Non-incapacitating,FOLLOWING TOO CLOSELY,MATTHEWS & SR46W,39.23486597,-86.62650775
902493088,2015,8,7,Weekend,1500,2-Car,No injury/unknown,UNSAFE BACKING,S LEONARD SPRINGS,39.14187494,-86.58259037
902493089,2015,7,5,Weekday,2200,1-Car,No injury/unknown,UNSAFE SPEED,SOUTH RENDY & WEST ELLER,39.122208,-86.615792
902493090,2015,7,3,Weekday,1700,2-Car,No injury/unknown,FAILURE TO YIELD RIGHT OF WAY,LEONARD SPRINGS & WALNUT LEAF,39.14072278,-86.5825795
902493091,2015,7,5,Weekday,1500,2-Car,No injury/unknown,UNSAFE BACKING,MOFFETT & ORNAMENTAL,39.09497964,-86.50345019
902493093,2015,8,7,Weekend,1400,Pedestrian,No injury/unknown,OTHER (VEHICLE) - EXPLAIN IN NARRATIVE,W AIRPORT,39.136848,-86.606
902493135,2015,8,1,Weekday,2200,1-Car,Incapacitating,RAN OFF ROAD RIGHT,EAST BOLTINGHOUSE,39.22621155,-86.47346496
902493439,2015,8,2,Weekday,1200,2-Car,No injury/unknown,OTHER (DRIVER) - EXPLAIN IN NARRATIVE,S LIBERTY & W 3RD,39.16461021,-86.57913006
902493516,2015,8,2,Weekday,600,1-Car,No injury/unknown,ANIMAL/OBJECT IN ROADWAY,GORE & OLD STATE ROAD 37,39.032544,-86.541696
902493546,2015,8,2,Weekday,1300,1-Car,No injury/unknown,OTHER (DRIVER) - EXPLAIN IN NARRATIVE,1600 N FEE (PLAZA) & FEE,39.171584,-86.518688
902493818,2015,8,1,Weekend,0,2-Car,No injury/unknown,,S COBBLE CREEK,39.15320206,-86.48282623
902493855,2015,8,2,Weekday,1400,2-Car,No injury/unknown,FAILURE TO YIELD RIGHT OF WAY,ISAAC & PATTERSON,0,0
902493903,2015,8,2,Weekday,1600,2-Car,Non-incapacitating,FAILURE TO YIELD RIGHT OF WAY,HILLSIDE & WALNUT,39.15051989,-86.53366997
902493910,2015,8,2,Weekday,1300,2-Car,No injury/unknown,IMPROPER LANE USAGE,S COLLEGE & W 4TH,39.16558988,-86.53488971
902493923,2015,8,2,Weekday,2000,1-Car,Non-incapacitating,ANIMAL/OBJECT IN ROADWAY,SR37N & WALNUT,39.250688,-86.529744
902493983,2015,8,1,Weekday,1900,1-Car,Non-incapacitating,RAN OFF ROAD RIGHT,REEVES & TERRY,39.231312,-86.637488
902493994,2015,8,1,Weekday,2300,1-Car,Non-incapacitating,RAN OFF ROAD RIGHT,E MONROE DAM,39.010368,-86.507216
902494027,2015,7,6,Weekend,2100,2-Car,No injury/unknown,FAILURE TO YIELD RIGHT OF WAY,KIRKWOOD & WALNUT,39.16664,-86.5336
902494036,2015,8,2,Weekday,2300,1-Car,No injury/unknown,DISREGARD SIGNAL/REG SIGN,7TH & ADAMS,39.168576,-86.5496
902494195,2015,7,1,Weekend,1300,1-Car,No injury/unknown,RAN OFF ROAD RIGHT,MAPLE GROVE,39.24498749,-86.63020324
902494196,2015,8,3,Weekday,700,2-Car,No injury/unknown,FAILURE TO YIELD RIGHT OF WAY,E VERMILYA & S WALNUT,0,0
902494297,2015,8,3,Weekday,800,2-Car,No injury/unknown,LEFT OF CENTER,ANDERSON & N BEAN BLOSSOM,0,0
902494347,2015,8,2,Weekday,1900,2-Car,No injury/unknown,FAILURE TO YIELD RIGHT OF WAY,SOUTH MADISON & WEST KIRKWOOD,39.166656,-86.537296
902494353,2015,8,3,Weekday,1200,2-Car,Non-incapacitating,FOLLOWING TOO CLOSELY,COLLEGE MALL & KROGER WEST DRIVE,0,0
902494535,2015,8,2,Weekday,900,2-Car,No injury/unknown,FOLLOWING TOO CLOSELY,ARLINGTON & SR46,39.187184,-86.551408
902494609,2015,8,3,Weekday,1400,2-Car,Non-incapacitating,FOLLOWING TOO CLOSELY,BLOOMFIELD & STONE,39.15317955,-86.56602949
902494754,2015,8,4,Weekday,300,1-Car,No injury/unknown,RAN OFF ROAD RIGHT,NORTH OAK & WEST KIRKWOOD,39.166784,-86.5468
902494889,2015,8,4,Weekday,600,1-Car,No injury/unknown,ANIMAL/OBJECT IN ROADWAY,FAIRFAX & OLD STATE ROAD 37,0,0
902494892,2015,8,4,Weekday,800,2-Car,No injury/unknown,OTHER (DRIVER) - EXPLAIN IN NARRATIVE,45,39.16424,-86.49268147
902495048,2015,8,4,Weekday,1100,2-Car,No injury/unknown,OTHER (DRIVER) - EXPLAIN IN NARRATIVE,HAWTHORNE & KIRKWOOD,0,0
902495064,2015,8,3,Weekday,1500,2-Car,Non-incapacitating,DISREGARD SIGNAL/REG SIGN,OLD 37 & W CHURCH,39.10725988,-86.53149001
902495133,2015,8,4,Weekday,1500,2-Car,No injury/unknown,IMPROPER PASSING,WINDING,0,0
902495210,2015,8,4,Weekday,1500,Bus,No injury/unknown,UNSAFE BACKING,CUSTER & TECUMSEH,39.221952,-86.626352
902495211,2015,8,4,Weekday,1600,2-Car,No injury/unknown,IMPROPER TURNING,LOUDEN & REEVES,39.231344,-86.640096
902495263,2015,8,2,Weekday,2300,2-Car,No injury/unknown,OTHER (VEHICLE) - EXPLAIN IN NARRATIVE,WAYPORT,39.26361084,-86.5217514
902503983,2015,8,5,Weekday,1700,2-Car,No injury/unknown,IMPROPER TURNING,E 10TH,39.17149326,-86.51131082
902504012,2015,8,5,Weekday,1700,2-Car,No injury/unknown,IMPROPER TURNING,E 9TH & N COLLEGE,39.17045112,-86.53484836
902504120,2015,8,5,Weekday,2300,Moped/Motorcycle,Non-incapacitating,ANIMAL/OBJECT IN ROADWAY,COUNTYLINE & REEVES,0,0
902504147,2015,8,4,Weekday,1200,2-Car,No injury/unknown,IMPROPER TURNING,E 3RD,39.16456,-86.5550845
902504159,2015,8,5,Weekday,1100,2-Car,No injury/unknown,OTHER (DRIVER) - EXPLAIN IN NARRATIVE,SOUTH WALNUT,39.13432546,-86.52733091
902504182,2015,8,4,Weekday,700,2-Car,No injury/unknown,FAILURE TO YIELD RIGHT OF WAY,THAT & VICTOR,39.11464,-86.5464
902504183,2015,8,5,Weekday,800,2-Car,No injury/unknown,FAILURE TO YIELD RIGHT OF WAY,N MATTHEWS & W MAPLE GROVE,39.245408,-86.6204
902504204,2015,8,6,Weekday,900,1-Car,No injury/unknown,OTHER (DRIVER) - EXPLAIN IN NARRATIVE,W 3RD ST,39.16424,-86.4908
902504208,2015,7,7,Weekend,1000,2-Car,Non-incapacitating,DISREGARD SIGNAL/REG SIGN,COLLEGE & KIRKWOOD,39.16664,-86.5348
902504222,2015,8,6,Weekday,700,3+ Cars,No injury/unknown,FAILURE TO YIELD RIGHT OF WAY,ON RAMP TO NB SR 37 & SR 45,0,0
902504223,2015,8,6,Weekday,900,Cyclist,Incapacitating,FAILURE TO YIELD RIGHT OF WAY,298 W COUNTRY CLUB & S MADISON,39.136524,-86.53554796
902504233,2015,8,6,Weekday,900,2-Car,No injury/unknown,OTHER (DRIVER) - EXPLAIN IN NARRATIVE,EAST 3RD,39.16464,-86.569392
902504329,2015,8,6,Weekday,1100,2-Car,No injury/unknown,UNSAFE LANE MOVEMENT,E 13TH,39.17528947,-86.52226906
902504335,2015,8,6,Weekday,800,2-Car,No injury/unknown,FAILURE TO YIELD RIGHT OF WAY,W 15TH,39.176848,-86.552592
902504344,2015,8,6,Weekday,200,2-Car,No injury/unknown,,VARSITY,39.18330765,-86.52940368
902504365,2015,8,6,Weekday,1300,2-Car,No injury/unknown,IMPROPER PASSING,E 3RD & OVERHILL,39.164272,-86.501488
902504376,2015,8,6,Weekday,1100,2-Car,Incapacitating,FOLLOWING TOO CLOSELY,E 3RD & SO JEFFERSON,39.164304,-86.506992
902504429,2015,8,6,Weekday,1400,2-Car,Incapacitating,FAILURE TO YIELD RIGHT OF WAY,3RD & GRANT,39.16464,-86.529728
902504443,2015,8,6,Weekday,1500,2-Car,No injury/unknown,FOLLOWING TOO CLOSELY,ATWATER & FESS,39.163328,-86.525808
902504579,2015,8,6,Weekday,1700,3+ Cars,No injury/unknown,FOLLOWING TOO CLOSELY,SOUTH HICKORY LEAF & SR45W,39.145152,-86.5776
902504603,2015,8,6,Weekday,1700,2-Car,Non-incapacitating,FOLLOWING TOO CLOSELY,E 3RD & SOUTH COLLEGE MALL,39.16424,-86.4984
902504609,2015,8,6,Weekend,2100,3+ Cars,Non-incapacitating,FOLLOWING TOO CLOSELY,17TH & 45 46,0,0
902504613,2015,8,4,Weekday,1400,2-Car,No injury/unknown,UNSAFE BACKING,W FULLERTON,39.123376,-86.58224
902504614,2015,8,4,Weekday,1900,1-Car,Non-incapacitating,RAN OFF ROAD RIGHT,LEISURE & S FAIRFAX,39.07247968,-86.50356017
902504615,2015,8,5,Weekday,1600,2-Car,No injury/unknown,,S LEONARD SPRINGS & SR45W,39.14145928,-86.58418054
902504616,2015,8,5,Weekday,1600,1-Car,No injury/unknown,RAN OFF ROAD RIGHT,MONROE DAM & TAILWATER,0,0
902504619,2015,8,6,Weekday,1300,1-Car,No injury/unknown,RAN OFF ROAD RIGHT,HIGH & ROGERS,39.13642257,-86.50816967
902504639,2015,8,5,Weekday,1600,1-Car,No injury/unknown,IMPROPER TURNING,S WALNUT,39.15422171,-86.5336
902504667,2015,8,6,Weekend,2300,2-Car,No injury/unknown,IMPROPER TURNING,INDIANA & KIRKWOOD,39.16691459,-86.52690396
902504673,2015,8,7,Weekend,300,2-Car,No injury/unknown,FAILURE TO YIELD RIGHT OF WAY,3RD & GRANT,39.16464,-86.529728
902504684,2015,8,6,Weekend,2200,2-Car,No injury/unknown,OTHER (DRIVER) - EXPLAIN IN NARRATIVE,EAST 3RD,39.164752,-86.573104
902504686,2015,8,6,Weekday,1200,Bus,No injury/unknown,OTHER (DRIVER) - EXPLAIN IN NARRATIVE,E 3RD & S COLLEGE MALL,39.16424,-86.4984
902504709,2015,8,6,Weekday,1200,2-Car,Non-incapacitating,FAILURE TO YIELD RIGHT OF WAY,17TH & COLLEGE,39.17874028,-86.53472169
902504744,2015,8,7,Weekend,1000,2-Car,No injury/unknown,UNSAFE LANE MOVEMENT,N WALNUT & W 9TH,39.170544,-86.533536
902504760,2015,8,7,Weekend,1200,2-Car,No injury/unknown,FAILURE TO YIELD RIGHT OF WAY,NORTH & S HENDERSON,39.144848,-86.526848
902504770,2015,8,6,Weekday,1700,2-Car,No injury/unknown,FOLLOWING TOO CLOSELY,SR4546E & WALNUT,39.186368,-86.5344
902504861,2015,8,7,Weekend,1700,3+ Cars,No injury/unknown,FOLLOWING TOO CLOSELY,3RD & WOODLAWN,39.16438903,-86.52382592
902504879,2015,8,7,Weekend,1800,2-Car,No injury/unknown,UNSAFE BACKING,S WALNUT,39.170544,-86.533536
902504907,2015,8,7,Weekend,1700,2-Car,No injury/unknown,FAILURE TO YIELD RIGHT OF WAY,1609 S ROGERS & HILLSIDE,39.15064,-86.538592
902504908,2015,8,6,Weekend,2200,2-Car,No injury/unknown,FAILURE TO YIELD RIGHT OF WAY,E 17TH & N DUNN,39.17904,-86.5284
902504915,2015,8,7,Weekend,1500,2-Car,No injury/unknown,OTHER (DRIVER) - EXPLAIN IN NARRATIVE,W TIMBERS,0,0
902504945,2015,8,7,Weekend,2300,2-Car,No injury/unknown,FAILURE TO YIELD RIGHT OF WAY,3RD & WASHINGTON,39.16464,-86.5324
902504952,2015,8,7,Weekend,2200,Pedestrian,Non-incapacitating,PEDESTRIAN ACTION,NORTH WALNUT,39.18354797,-86.53302764
902505057,2015,8,7,Weekend,1000,2-Car,No injury/unknown,FOLLOWING TOO CLOSELY,OLD SR 37 & WALNUT,39.20704,-86.534704
902505058,2015,8,1,Weekend,1200,2-Car,No injury/unknown,UNSAFE BACKING,S WALNUT,39.13736,-86.529904
902505059,2015,8,1,Weekend,900,Cyclist,Incapacitating,FAILURE TO YIELD RIGHT OF WAY,HILLSIDE & NANCY,39.150544,-86.511088
902452977,2015,5,4,Weekday,600,1-Car,No injury/unknown,ANIMAL/OBJECT IN ROADWAY,HINDS & SR45W,39.09640983,-86.6577342
902453029,2015,5,5,Weekday,800,2-Car,No injury/unknown,FOLLOWING TOO CLOSELY,GRAND & PROFILE,39.16658968,-86.59259006
902453030,2015,5,5,Weekday,1200,2-Car,Incapacitating,FAILURE TO YIELD RIGHT OF WAY,SMITHVILLE & SR37S,39.16424,-86.480688
902453031,2015,5,5,Weekday,1400,2-Car,Non-incapacitating,FOLLOWING TOO CLOSELY,OLD STATE ROAD 37 & ROGERS,39.06392008,-86.54097028
902453074,2015,5,5,Weekday,1400,1-Car,Incapacitating,RAN OFF ROAD RIGHT,SR446 & WALDRIP CREEK,39.26987834,-86.42356109
902453297,2015,5,6,Weekday,600,2-Car,No injury/unknown,OTHER (DRIVER) - EXPLAIN IN NARRATIVE,N MAPLE,39.17666426,-86.542096
902453378,2015,5,6,Weekday,1100,2-Car,No injury/unknown,IMPROPER PASSING,E 3RD,39.16424,-86.4939483
902453424,2015,5,6,Weekday,1200,3+ Cars,No injury/unknown,FOLLOWING TOO CLOSELY,4TH & WALNUT,39.165648,-86.5336
902453565,2015,5,6,Weekday,1300,1-Car,No injury/unknown,DRIVER DISTRACTED - EXPLAIN IN NARRATIVE,ASHWOOD & RIDGEMOOR,0,0
902453579,2015,5,6,Weekday,1200,2-Car,No injury/unknown,UNSAFE SPEED,SR46W & UNION VALLEY,39.215152,-86.5928
902453660,2015,5,6,Weekday,1500,2-Car,Incapacitating,FOLLOWING TOO CLOSELY,SR37 & W VERNAL,39.176544,-86.5624
902453685,2015,5,6,Weekday,1200,2-Car,No injury/unknown,UNSAFE BACKING,SOUTH WALNUT,39.189968,-86.533232
902453704,2015,5,6,Weekday,1300,2-Car,Non-incapacitating,FAILURE TO YIELD RIGHT OF WAY,EAST WILSON & SOUTH WALNUT,39.15149164,-86.5336867
902453817,2015,5,5,Weekday,1600,1-Car,No injury/unknown,RAN OFF ROAD RIGHT,W DILLMAN,39.09292884,-86.54846101
902453877,2015,5,7,Weekend,800,2-Car,Non-incapacitating,FOLLOWING TOO CLOSELY,E MILLER & S WALNUT,39.14689019,-86.53265006
902453927,2015,5,7,Weekend,1200,2-Car,No injury/unknown,DISREGARD SIGNAL/REG SIGN,S COLLEGE & W 3RD,39.16464,-86.534816
902453981,2015,5,7,Weekend,1400,3+ Cars,No injury/unknown,FOLLOWING TOO CLOSELY,HENDERSON & HILLSIDE,39.15064,-86.52696
902454028,2015,5,7,Weekend,1200,1-Car,Incapacitating,DRIVER ILLNESS,NORTH JACKSON & WEST 17TH,39.179024,-86.539616
902454085,2015,5,7,Weekend,1600,2-Car,No injury/unknown,SPEED TOO FAST FOR WEATHER CONDITIONS,W HEATHERWOOD,39.126592,-86.59038848
902454097,2015,5,5,Weekday,1600,2-Car,No injury/unknown,UNSAFE BACKING,W JACOB,39.1652565,-86.57553863
902454109,2015,5,7,Weekend,1400,1-Car,No injury/unknown,SPEED TOO FAST FOR WEATHER CONDITIONS,HIGH & WINSLOW,39.136144,-86.50844867
902454237,2015,5,7,Weekend,1000,2-Car,No injury/unknown,FAILURE TO YIELD RIGHT OF WAY,S COLLEGE MALL,39.15412578,-86.49786768
902454243,2015,5,7,Weekend,1200,2-Car,No injury/unknown,FOLLOWING TOO CLOSELY,S EUCLID & W 2ND,39.16141972,-86.54334422
902454278,2015,5,7,Weekend,1300,1-Car,No injury/unknown,ANIMAL/OBJECT IN ROADWAY,HARVEST & UNION VALLEY,39.22100907,-86.59268176
902454301,2015,5,1,Weekend,1000,Moped/Motorcycle,Incapacitating,ANIMAL/OBJECT IN ROADWAY,BROWN COUNTY LINE & SR46E,39.15287018,-86.37071228
902454302,2015,5,1,Weekend,100,2-Car,No injury/unknown,FAILURE TO YIELD RIGHT OF WAY,ROCKPORT & SR37S,39.03565979,-86.61312103
902454321,2015,5,1,Weekend,900,1-Car,No injury/unknown,OTHER (VEHICLE) - EXPLAIN IN NARRATIVE,S COLLEGE MALL,39.15424374,-86.49787002
902454349,2015,5,1,Weekend,1200,2-Car,No injury/unknown,UNSAFE BACKING,S COPPER BEECH,39.15524058,-86.57162055
902454369,2015,5,1,Weekend,1200,2-Car,Non-incapacitating,DISREGARD SIGNAL/REG SIGN,E 3RD & SO KINGSTON,39.16424,-86.492944
902454374,2015,5,1,Weekend,1300,2-Car,No injury/unknown,IMPROPER LANE USAGE,E 3RD & S KINGSTON,39.16424,-86.492944
902454396,2015,5,7,Weekend,2100,1-Car,No injury/unknown,SPEED TOO FAST FOR WEATHER CONDITIONS,E 3RD & FAIRFAX,39.08120867,-86.51514413
902454397,2015,5,7,Weekend,2200,1-Car,No injury/unknown,SPEED TOO FAST FOR WEATHER CONDITIONS,SMITHVILLE & ZIKES,39.07066347,-86.52928133
902454417,2015,5,7,Weekend,2000,1-Car,No injury/unknown,SPEED TOO FAST FOR WEATHER CONDITIONS,BROWN CO LINE & SR46E,0,0
902454475,2015,5,1,Weekend,1700,3+ Cars,Incapacitating,BRAKE FAILURE OR DEFECTIVE,N STATE ROAD 37 & W 3RD,39.16445009,-86.57303835
902454586,2015,6,2,Weekday,100,1-Car,Incapacitating,DRIVER ILLNESS,E 10TH & SR46,39.1711361,-86.50184005
902454594,2015,6,2,Weekday,200,2-Car,No injury/unknown,FAILURE TO YIELD RIGHT OF WAY,10TH & SR46S,39.171648,-86.502096
902454705,2015,5,7,Weekend,2100,1-Car,No injury/unknown,SPEED TOO FAST FOR WEATHER CONDITIONS,E 3RD & FAIRFAX,39.08120867,-86.51514413
902454706,2015,5,1,Weekend,1200,2-Car,No injury/unknown,FOLLOWING TOO CLOSELY,SR37N & VERNAL,39.2506643,-86.56252288
902454854,2015,5,6,Weekday,400,Pedestrian,Non-incapacitating,UNSAFE BACKING,S ODELL,39.1264008,-86.52882926
902455021,2015,6,2,Weekday,1400,3+ Cars,No injury/unknown,FOLLOWING TOO CLOSELY,3RD & WOODSCREST,39.16426617,-86.50241024
902455113,2015,6,2,Weekday,1400,2-Car,Non-incapacitating,FAILURE TO YIELD RIGHT OF WAY,LEONARD SPRINGS & TAPP,39.13704,-86.582512
902455145,2015,6,2,Weekday,1300,2-Car,Non-incapacitating,FOLLOWING TOO CLOSELY,E 3RD & S WOODSCREST,39.16427024,-86.50241017
902455179,2015,6,2,Weekday,1700,2-Car,Non-incapacitating,FOLLOWING TOO CLOSELY,HICKORY LEAF & STATE ROAD 45,39.14547579,-86.57703014
902455185,2015,6,2,Weekday,1800,1-Car,No injury/unknown,BRAKE FAILURE OR DEFECTIVE,7TH & WOODLAWN,39.16864,-86.523392
902455192,2015,6,2,Weekday,1600,3+ Cars,No injury/unknown,FOLLOWING TOO CLOSELY,E 2ND & S MORTON,39.161472,-86.53624
902455253,2015,5,7,Weekend,0,2-Car,Non-incapacitating,OVERCORRECTING/OVERSTEERING,SR37N & WEST BURMA,39.31695399,-86.51079025
902455254,2015,5,1,Weekend,500,1-Car,Incapacitating,RAN OFF ROAD RIGHT,EAST OLD MEYERS,39.22659302,-86.49227905
902455256,2015,6,2,Weekday,2100,2-Car,No injury/unknown,FOLLOWING TOO CLOSELY,45 46 & SR37N,39.17571044,-86.52841186
902455258,2015,6,2,Weekday,2200,3+ Cars,Non-incapacitating,DRIVER DISTRACTED - EXPLAIN IN NARRATIVE,VERMILYA & WALNUT,39.148928,-86.53312
902455288,2015,6,3,Weekday,200,1-Car,No injury/unknown,ANIMAL/OBJECT IN ROADWAY,SOUTH BREEDEN & WEST GRAVES,39.058176,-86.671264
902455313,2015,6,2,Weekday,1300,2-Car,No injury/unknown,FOLLOWING TOO CLOSELY,S EUCLID & W 2ND,39.1616,-86.543296
902455549,2015,6,2,Weekday,2200,2-Car,No injury/unknown,OTHER (DRIVER) - EXPLAIN IN NARRATIVE,W AMARY,0,0
902455618,2015,6,3,Weekday,1400,2-Car,Incapacitating,FAILURE TO YIELD RIGHT OF WAY,MILLER & WALNUT,39.14640902,-86.53238389
902455693,2015,6,3,Weekday,1600,2-Car,No injury/unknown,FAILURE TO YIELD RIGHT OF WAY,3RD & CURRY,39.16463589,-86.58290999
902455746,2015,6,3,Weekday,1600,2-Car,Non-incapacitating,UNSAFE LANE MOVEMENT,DEBORAH & TAPP,39.13666025,-86.56786595
902455799,2015,6,3,Weekday,1900,2-Car,Incapacitating,DISREGARD SIGNAL/REG SIGN,EAST THIRD & INDIANA,39.164448,-86.5268
902455805,2015,6,2,Weekday,2200,1-Car,No injury/unknown,ANIMAL/OBJECT IN ROADWAY,SR37S & ZIKES,39.04918134,-86.53588594
902455806,2015,6,3,Weekday,2100,1-Car,No injury/unknown,ANIMAL/OBJECT IN ROADWAY,SR37 & SR46W,39.19434263,-86.55483577
902455887,2015,6,3,Weekday,2200,Moped/Motorcycle,Fatal,RAN OFF ROAD RIGHT,SR37S & STATE ROAD 45,39.25213398,-86.57504272
902455905,2015,6,3,Weekday,1600,2-Car,Incapacitating,FAILURE TO YIELD RIGHT OF WAY,S WEIMER & W BLOOMFIELD,39.15424012,-86.56434975