Master Record Number,Year,Month,Day,Weekend?,Hour,Collision Type,Injury Type,Primary Factor,Reported_Location,Latitude,Longitude
902455961,2015,6,2,Weekday,1100,1-Car,No injury/unknown,SPEED TOO FAST FOR WEATHER CONDITIONS,FAIRFAX & SCHACHT,39.10692427,-86.52339312
902456014,2015,6,4,Weekday,2200,2-Car,No injury/unknown,,4TH & ELM,39.16566968,-86.54531442
902456127,2015,6,4,Weekday,1200,2-Car,Non-incapacitating,UNSAFE SPEED,RHORER & WALNUT,39.12144,-86.526496
902456147,2015,6,3,Weekday,1600,2-Car,No injury/unknown,,SOUTH STATE ROAD 46,39.206312,-86.571312
902456473,2015,6,5,Weekday,700,1-Car,No injury/unknown,ANIMAL/OBJECT IN ROADWAY,SR46 & SR46E,39.15259324,-86.36949113
902456535,2015,5,7,Weekend,1200,2-Car,No injury/unknown,FAILURE TO YIELD RIGHT OF WAY,RYAN & TULIP,39.12923992,-86.54164016
902456609,2015,6,5,Weekday,1000,2-Car,No injury/unknown,IMPROPER TURNING,W WHITEHALL CROSSING,39.17259598,-86.57152557
902456631,2015,6,5,Weekday,1100,3+ Cars,Non-incapacitating,FAILURE TO YIELD RIGHT OF WAY,INDUSTRIAL & SR45W,39.14393997,-86.58203887
902456633,2015,6,5,Weekday,1200,2-Car,No injury/unknown,OTHER (DRIVER) - EXPLAIN IN NARRATIVE,FAIRVIEW & WEST KIRKWOOD,39.166704,-86.5408
902456639,2015,6,4,Weekday,0,2-Car,No injury/unknown,UNSAFE BACKING,AMARYLLIS,39.18336488,-86.53903104
902456682,2015,6,5,Weekday,1200,2-Car,No injury/unknown,UNSAFE BACKING,N BELL TRACE,39.16981973,-86.48916542
902457051,2015,6,5,Weekday,1400,2-Car,Non-incapacitating,FOLLOWING TOO CLOSELY,KINSER,39.186544,-86.537888
902457073,2015,6,5,Weekday,1400,2-Car,No injury/unknown,FOLLOWING TOO CLOSELY,COUNTRY CLUB & MADISON,39.136048,-86.536992
902457075,2015,6,5,Weekday,1400,1-Car,Non-incapacitating,UNSAFE SPEED,E BRENDA & S HENDERSON,39.151952,-86.526976
902457091,2015,6,4,Weekday,1500,2-Car,No injury/unknown,FOLLOWING TOO CLOSELY,N CURRY & SR46W,39.19377136,-86.57115422
902457092,2015,6,5,Weekday,1800,2-Car,No injury/unknown,IMPROPER TURNING,S PATRICIA LANE & W THAT,39.115248,-86.573504
902457123,2015,6,5,Weekday,1600,1-Car,No injury/unknown,OVERCORRECTING/OVERSTEERING,LOST MANS & NORTH MAPLE GROVE,38.90522441,-86.56966991
902457149,2015,6,5,Weekday,100,1-Car,No injury/unknown,ANIMAL/OBJECT IN ROADWAY,DILLMAN & EMPIRE,39.09288578,-86.53823586
902457275,2015,6,6,Weekday,900,2-Car,No injury/unknown,IMPROPER TURNING,10TH & COLLEGE,39.171744,-86.534768
902457299,2015,6,5,Weekday,1100,2-Car,No injury/unknown,UNSAFE BACKING,KINGSLEY & WINDING WAY,39.1971445,-86.54297335
902457486,2015,6,6,Weekday,1100,2-Car,No injury/unknown,OTHER (DRIVER) - EXPLAIN IN NARRATIVE,INDIANA & KIRKWOOD,39.16664,-86.526896
902457494,2015,6,6,Weekday,1200,2-Car,Incapacitating,FOLLOWING TOO CLOSELY,DINSMORE & SR45W,39.11504,-86.630992
902457589,2015,5,6,Weekday,100,1-Car,No injury/unknown,RAN OFF ROAD RIGHT,SOUTH FRIENDSHIP & SR46,39.15555821,-86.40782829
902457640,2015,6,6,Weekday,1300,2-Car,No injury/unknown,UNSAFE LANE MOVEMENT,SR37N & SR45E,39.148144,-86.572992
902457644,2015,6,6,Weekday,1500,Bus,No injury/unknown,IMPROPER TURNING,N FEE,39.18217024,-86.51912929
902457662,2015,6,6,Weekday,1700,2-Car,No injury/unknown,BRAKE FAILURE OR DEFECTIVE,HOWE & ROGERS,39.1624,-86.538592
902457675,2015,5,2,Weekday,2200,1-Car,No injury/unknown,UNSAFE SPEED,BETHEL,39.21314746,-86.46431744
902457676,2015,5,6,Weekday,1600,1-Car,No injury/unknown,RAN OFF ROAD RIGHT,GIFFORD & KIRBY,39.15144,-86.610496
902457677,2015,5,6,Weekend,2200,1-Car,Incapacitating,OTHER (VEHICLE) - EXPLAIN IN NARRATIVE,VENTURE & VERNAL,0,0
902457678,2015,6,6,Weekday,1700,2-Car,No injury/unknown,FAILURE TO YIELD RIGHT OF WAY,ANNA LEE & BLOOMFIELD,39.15802002,-86.55760906
902457718,2015,6,6,Weekday,1300,2-Car,No injury/unknown,UNSAFE BACKING,S KINGSTON,39.16613673,-86.49283927
902457762,2015,6,6,Weekday,1800,2-Car,No injury/unknown,IMPROPER TURNING,ISAAC & WESTPLEX,0,0
902457862,2015,6,7,Weekend,1100,1-Car,No injury/unknown,OTHER (DRIVER) - EXPLAIN IN NARRATIVE,NORTH JACKSON,39.17536457,-86.53975314
902457885,2015,6,7,Weekend,1200,2-Car,Incapacitating,ACCELERATOR FAILURE OR DEFECTIVE,BANTA & COUNTRY CLUB,0,0
902457892,2015,6,2,Weekday,2200,1-Car,No injury/unknown,ANIMAL/OBJECT IN ROADWAY,SAMPLE & SR37N,39.27302308,-86.52300467
902457893,2015,6,6,Weekday,1700,2-Car,No injury/unknown,UNSAFE LANE MOVEMENT,SR37N & WAYPORT,39.26167132,-86.52280192
902457939,2015,6,5,Weekday,1400,2-Car,No injury/unknown,FAILURE TO YIELD RIGHT OF WAY,1285 S LIBERTY & S LIBERTY,39.149552,-86.575936
902457967,2015,6,7,Weekend,1700,2-Car,No injury/unknown,UNSAFE LANE MOVEMENT,3RD & HIGHLAND,39.16427529,-86.51772694
902458065,2015,6,1,Weekend,200,2-Car,No injury/unknown,UNSAFE BACKING,W 12TH,39.174352,-86.552592
902458081,2015,6,7,Weekend,2200,1-Car,No injury/unknown,ANIMAL/OBJECT IN ROADWAY,ACUFF & SR37S,39.2123076,-86.55386352
902458137,2015,6,7,Weekend,1200,2-Car,No injury/unknown,UNSAFE BACKING,E KIRKWOOD,39.16664,-86.53096555
902458203,2015,6,1,Weekend,1200,2-Car,No injury/unknown,DISREGARD SIGNAL/REG SIGN,E 1ST & S FESS,39.159344,-86.525872
902458257,2015,6,2,Weekday,1500,1-Car,Non-incapacitating,RAN OFF ROAD RIGHT,N MAPLE GROVE & W MAPLE GROVE,39.24744,-86.547792
902458258,2015,6,7,Weekend,1500,2-Car,No injury/unknown,FAILURE TO YIELD RIGHT OF WAY,CURRY & WOODYARD,39.19028029,-86.58252976
902458426,2015,6,1,Weekday,1900,1-Car,Non-incapacitating,UNSAFE SPEED,3RD & SR 446,39.164448,-86.471888
902458441,2015,6,1,Weekend,1600,1-Car,No injury/unknown,RAN OFF ROAD RIGHT,E CONVENANTER & PICKWICK,39.15505014,-86.50459878
902458589,2015,6,7,Weekend,1100,2-Car,No injury/unknown,UNSAFE LANE MOVEMENT,CURRY & GIFFORD,39.156896,-86.582704
902458590,2015,6,2,Weekday,700,1-Car,No injury/unknown,RAN OFF ROAD RIGHT,COMMODORE & RUSSELL,39.18692015,-86.48183608
902458680,2015,6,2,Weekday,900,2-Car,No injury/unknown,FOLLOWING TOO CLOSELY,DIXIE & WALNUT,39.13534531,-86.5336398
902458701,2015,6,2,Weekday,1000,2-Car,No injury/unknown,UNSAFE BACKING,E 3RD,39.16424,-86.49418049
902458825,2015,6,2,Weekday,1000,2-Car,No injury/unknown,FAILURE TO YIELD RIGHT OF WAY,N KINSER & W 17TH,39.178992,-86.537792
902459040,2015,6,2,Weekday,1400,2-Car,Incapacitating,FOLLOWING TOO CLOSELY,KINSER & SR4546W,39.186544,-86.537888
902459199,2015,6,6,Weekday,1100,1-Car,No injury/unknown,RAN OFF ROAD RIGHT,MONROE DAM & VALLEY MISSION,39.009344,-86.510096
902459229,2015,6,2,Weekday,1700,2-Car,No injury/unknown,UNSAFE BACKING,FAIRVIEW & W KIRKWOOD,39.166704,-86.5408
902459269,2015,6,2,Weekday,900,2-Car,No injury/unknown,FOLLOWING TOO CLOSELY,OFF RAMP SOUTHBOUND ST RD 37 & W BLOOMFIELD,0,0
902459298,2015,5,1,Weekend,1800,2-Car,No injury/unknown,UNSAFE BACKING,PAYNETOWN CAMPGROUND RD & PAYNETOWN ENTRANCE ROAD,39.092112,-86.422832
902459345,2015,6,3,Weekday,700,2-Car,Incapacitating,FOLLOWING TOO CLOSELY,S WALKER & W 2ND,39.16142978,-86.54614023
902459502,2015,6,3,Weekday,800,2-Car,No injury/unknown,UNSAFE LANE MOVEMENT,10TH & SR46N,39.17189797,-86.5022422
902459856,2015,6,3,Weekday,2100,1-Car,No injury/unknown,RAN OFF ROAD RIGHT,COLLEGE MALL,39.15687943,-86.49780273
902459990,2015,6,4,Weekday,400,1-Car,No injury/unknown,ANIMAL/OBJECT IN ROADWAY,SARE & SPICEWOOD,39.140944,-86.496688
902460046,2015,6,4,Weekday,600,Bus,No injury/unknown,OTHER (DRIVER) - EXPLAIN IN NARRATIVE,E ATWATER & S JORDAN,39.163168,-86.516384
902460065,2015,6,2,Weekday,900,1-Car,No injury/unknown,ANIMAL/OBJECT IN ROADWAY,BETHAL & SR45E,39.21014003,-86.46297041
902460066,2015,6,4,Weekday,700,2-Car,No injury/unknown,LEFT OF CENTER,S BURCH & W EVANS,39.079552,-86.666592
902460067,2015,6,2,Weekday,1200,2-Car,No injury/unknown,OTHER (DRIVER) - EXPLAIN IN NARRATIVE,CURRY & GIFFORD,39.156896,-86.582704
902460068,2015,6,2,Weekday,1400,2-Car,No injury/unknown,UNSAFE BACKING,SR45W,39.125312,-86.610496
902460095,2015,6,3,Weekday,1000,2-Car,No injury/unknown,FAILURE TO YIELD RIGHT OF WAY,N JACOBS,39.16852154,-86.57362014
902460226,2015,6,3,Weekday,1400,1-Car,No injury/unknown,ANIMAL/OBJECT IN ROADWAY,S KIMBLE & W 3RD,39.16464,-86.568
902460227,2015,6,4,Weekday,1400,2-Car,No injury/unknown,IMPROPER TURNING,1ST & WALNUT,39.159344,-86.5336
902460256,2015,6,4,Weekday,1200,2-Car,Non-incapacitating,FAILURE TO YIELD RIGHT OF WAY,E 3RD & KINGSTON,39.1636915,-86.49298227
902460339,2015,6,4,Weekday,1500,1-Car,No injury/unknown,BRAKE FAILURE OR DEFECTIVE,2ND,39.16144,-86.53209829
902460466,2015,6,1,Weekend,1600,1-Car,No injury/unknown,OTHER (DRIVER) - EXPLAIN IN NARRATIVE,S TAPP & W ADAMS,0,0
902460483,2015,6,4,Weekday,1800,1-Car,No injury/unknown,BRAKE FAILURE OR DEFECTIVE,SR37S,39.01342431,-86.53708658
902460484,2015,6,4,Weekday,2000,2-Car,No injury/unknown,UNSAFE BACKING,CURRY,39.15597153,-86.58300781
902460494,2015,6,3,Weekday,1500,2-Car,No injury/unknown,INSECURE/LEAKY LOAD,BRYANTS CREEK & SR37N,39.334368,-86.5124
902460495,2015,6,3,Weekday,1700,2-Car,Non-incapacitating,UNSAFE LANE MOVEMENT,SR46W,0,0
902460653,2015,6,4,Weekday,1200,2-Car,No injury/unknown,OTHER (DRIVER) - EXPLAIN IN NARRATIVE,E RHORER & S SARE,39.12144005,-86.51157997
902460726,2015,6,5,Weekday,1000,2-Car,No injury/unknown,UNSAFE BACKING,1833  N FEE (PARKING LOT) & NORTH FEE,39.171584,-86.518688
902460747,2015,6,4,Weekday,1300,2-Car,No injury/unknown,UNSAFE BACKING,S MCINTIRE,39.13536072,-86.56948852
902460765,2015,6,5,Weekday,1200,2-Car,No injury/unknown,IMPROPER PASSING,E KIRKWOOD & S DUNN,39.16664,-86.528192
902460781,2015,6,5,Weekday,1100,2-Car,Incapacitating,LEFT OF CENTER,KEGG & W TAPP,0,0
902460793,2015,6,5,Weekday,700,2-Car,Incapacitating,FOLLOWING TOO CLOSELY,BLUE RIDGE & N WALNUT,39.196848,-86.5344
902460933,2015,6,5,Weekday,1400,2-Car,No injury/unknown,BRAKE FAILURE OR DEFECTIVE,LOVE & SR46W,39.219152,-86.602304
902461010,2015,6,5,Weekday,1500,Bus,No injury/unknown,UNSAFE LANE MOVEMENT,E 3RD & FACULTY,39.164352,-86.521088
902461015,2015,6,5,Weekday,1600,2-Car,No injury/unknown,FOLLOWING TOO CLOSELY,10TH & SR4546S,39.176848,-86.478192
902461070,2015,6,5,Weekday,1500,2-Car,No injury/unknown,OTHER (DRIVER) - EXPLAIN IN NARRATIVE,W STATE ROAD 45,39.125312,-86.610496
902461250,2015,6,6,Weekday,600,1-Car,No injury/unknown,ANIMAL/OBJECT IN ROADWAY,ACUFF & SR37,39.20686675,-86.55469409
902461292,2015,6,6,Weekday,800,2-Car,Non-incapacitating,FOLLOWING TOO CLOSELY,GRIMES & S WALNUT,39.15344,-86.5336
902461368,2015,6,5,Weekday,700,2-Car,No injury/unknown,,EAST 10TH,39.1716433,-86.50186748
902461369,2015,6,6,Weekday,800,2-Car,No injury/unknown,OTHER (ENVIRONMENTAL) - EXPLAIN IN NARR,FULLERTON & SR37,39.12007898,-86.56922069
902461458,2015,6,6,Weekday,1100,2-Car,No injury/unknown,UNSAFE BACKING,NORTH UNION,39.172144,-86.509392
902461463,2015,6,6,Weekday,1100,2-Car,Non-incapacitating,FAILURE TO YIELD RIGHT OF WAY,3011 S LEONARD SPRINGS & BARGE,39.07154747,-86.58260187
902461468,2015,6,6,Weekday,1200,2-Car,No injury/unknown,FAILURE TO YIELD RIGHT OF WAY,EAST ATWATER & SOUTH CLIFTON,39.163072,-86.5096
902461514,2015,6,6,Weekday,1100,2-Car,No injury/unknown,UNSAFE SPEED,SR37 & VERNAL,39.20835355,-86.56252288
902461594,2015,6,6,Weekday,1700,2-Car,No injury/unknown,OVERCORRECTING/OVERSTEERING,E 3RD,39.16422436,-86.49666727
902461661,2015,6,6,Weekday,1400,2-Car,Incapacitating,FAILURE TO YIELD RIGHT OF WAY,GRIMES & S WALNUT,39.15344,-86.5336
902461706,2015,6,6,Weekday,1700,2-Car,No injury/unknown,FAILURE TO YIELD RIGHT OF WAY,BLOOMFIELD & LIBERTY,0,0
902461835,2015,6,6,Weekday,1800,Moped/Motorcycle,Fatal,UNSAFE SPEED,FAIRFAX & SCHACHT,39.10697056,-86.52343107
902461864,2015,6,6,Weekday,1100,2-Car,No injury/unknown,OTHER (DRIVER) - EXPLAIN IN NARRATIVE,WEST 3RD,39.16414261,-86.58426666
902461866,2015,6,5,Weekday,1500,2-Car,No injury/unknown,FOLLOWING TOO CLOSELY,FULLERTON PIKE & SR37S,39.12340006,-86.571623
902461867,2015,6,5,Weekday,2100,2-Car,No injury/unknown,FOLLOWING TOO CLOSELY,DILLMAN & FAIRFAX,39.09264,-86.51672
902461953,2015,6,7,Weekend,1100,3+ Cars,Incapacitating,FAILURE TO YIELD RIGHT OF WAY,ALLENDALE & WALNUT ST,39.130944,-86.526688
902461960,2015,6,7,Weekend,0,2-Car,No injury/unknown,UNSAFE BACKING,OLD SR 37,39.138688,-86.465968
902461985,2015,6,7,Weekend,1400,1-Car,No injury/unknown,ANIMAL/OBJECT IN ROADWAY,FULLERTON & SR37,39.12007898,-86.56922069
902462017,2015,6,6,Weekend,1900,2-Car,No injury/unknown,FAILURE TO YIELD RIGHT OF WAY,ROGERS,39.0639583,-86.54369071
902462035,2015,6,5,Weekday,1700,2-Car,Non-incapacitating,FOLLOWING TOO CLOSELY,SR37S & THAT,39.115552,-86.564592
902462110,2015,6,6,Weekend,1900,1-Car,No injury/unknown,ANIMAL/OBJECT IN ROADWAY,DOYLE & S CURRY,39.158352,-86.582752
902462127,2015,6,7,Weekend,2200,2-Car,Incapacitating,FAILURE TO YIELD RIGHT OF WAY,3RD & COLLEGE,39.16464,-86.534816
902462198,2015,6,7,Weekend,600,1-Car,No injury/unknown,RAN OFF ROAD RIGHT,MONROE DAM & TAILWATER,38.74560983,-86.51796028
902462221,2015,6,7,Weekend,1000,2-Car,No injury/unknown,UNSAFE LANE MOVEMENT,9TH & WALNUT,39.170544,-86.533536
902462253,2015,6,4,Weekday,1100,2-Car,No injury/unknown,FOLLOWING TOO CLOSELY,GORDON & OLD STATE ROAD 37,39.121552,-86.531296
902462254,2015,6,7,Weekend,1200,2-Car,No injury/unknown,DRIVER DISTRACTED - EXPLAIN IN NARRATIVE,SR446S,39.135648,-86.462248
902462495,2015,6,7,Weekend,2300,1-Car,No injury/unknown,UNSAFE BACKING,N MADISON,39.176048,-86.537696
902462527,2015,6,1,Weekend,1700,3+ Cars,Non-incapacitating,DRIVER ILLNESS,W 3RD,39.16424,-86.4812
902462530,2015,6,1,Weekend,1300,2-Car,No injury/unknown,FAILURE TO YIELD RIGHT OF WAY,WEST 3RD & WYNNEDALE,39.164672,-86.570288
902462743,2015,6,4,Weekday,200,1-Car,No injury/unknown,DRIVER ASLEEP OR FATIGUED,SOUTH CRAMER,39.12221909,-86.54727172
902462857,2015,6,2,Weekday,800,3+ Cars,No injury/unknown,FAILURE TO YIELD RIGHT OF WAY,DUNLAP & SR45W,39.11902366,-86.61946886
902462962,2015,6,2,Weekday,1100,2-Car,No injury/unknown,UNSAFE BACKING,E MAPLECREST & N HEADLEY,39.188944,-86.5144
902463091,2015,6,4,Weekday,1900,2-Car,Non-incapacitating,FAILURE TO YIELD RIGHT OF WAY,S CURRY & W 3RD,39.16463971,-86.5829157
902463097,2015,6,5,Weekday,1300,2-Car,No injury/unknown,UNSAFE BACKING,10TH & COLLEGE,39.171744,-86.534768
902463119,2015,6,2,Weekday,1100,3+ Cars,Non-incapacitating,FOLLOWING TOO CLOSELY,MADISON & WEST 2ND,39.16141033,-86.53743549
902463462,2015,6,2,Weekday,1300,2-Car,No injury/unknown,IMPROPER TURNING,N WALNUT,39.16871445,-86.53356669
902463470,2015,6,5,Weekday,1700,1-Car,No injury/unknown,OTHER (ENVIRONMENTAL) - EXPLAIN IN NARR,ARLINGTON & SR46W,39.20840345,-86.58055083
902463471,2015,6,5,Weekday,2100,1-Car,No injury/unknown,OTHER (DRIVER) - EXPLAIN IN NARRATIVE,RATLIFF,39.21679527,-86.64838135
902463472,2015,6,2,Weekday,1700,2-Car,No injury/unknown,FOLLOWING TOO CLOSELY,FULLERTON & SR7N,39.12221146,-86.57353973
902463499,2015,5,5,Weekday,2200,1-Car,No injury/unknown,RAN OFF ROAD RIGHT,TOWER & W ISON,39.104944,-86.61032
902463603,2015,6,2,Weekday,1300,2-Car,No injury/unknown,OTHER (DRIVER) - EXPLAIN IN NARRATIVE,WEST 2ND,39.16144,-86.527152
902463702,2015,6,3,Weekday,800,2-Car,No injury/unknown,UNSAFE BACKING,11TH & FORREST,39.17341992,-86.52240141
902463710,2015,6,3,Weekday,900,2-Car,No injury/unknown,FAILURE TO YIELD RIGHT OF WAY,LEONARD SPRINGS & SR45W,39.142048,-86.582592
902463727,2015,6,3,Weekday,900,2-Car,No injury/unknown,UNSAFE BACKING,JONES & JORDAN,39.16540012,-86.51645322
902463833,2015,6,6,Weekday,1100,2-Car,No injury/unknown,,LIBERTY,39.145264,-86.577616
902463905,2015,6,3,Weekday,800,2-Car,No injury/unknown,UNSAFE BACKING,W 8TH,39.169664,-86.550928
902463991,2015,6,3,Weekday,900,2-Car,No injury/unknown,ACCELERATOR FAILURE OR DEFECTIVE,SOUTH FAIRFAX & WALNUT STREET,39.10715997,-86.52650982
902464120,2015,6,2,Weekday,2000,2-Car,No injury/unknown,UNSAFE BACKING,N GATES,39.16987228,-86.57498168
902464128,2015,6,2,Weekday,2000,2-Car,No injury/unknown,OTHER (DRIVER) - EXPLAIN IN NARRATIVE,N DANIELS,39.16671172,-86.59908838
902464265,2015,6,7,Weekend,2300,1-Car,No injury/unknown,ANIMAL/OBJECT IN ROADWAY,CHAPEL HILL & SR446S,39.02483704,-86.40536989
902464304,2015,5,6,Weekend,2100,2-Car,Non-incapacitating,FOLLOWING TOO CLOSELY,2ND & ROGERS,39.16140027,-86.53867028
902464408,2015,6,4,Weekday,800,2-Car,No injury/unknown,FAILURE TO YIELD RIGHT OF WAY,2ND & COLLEGE MALL,39.160944,-86.497696
902464414,2015,6,4,Weekday,600,1-Car,Incapacitating,RAN OFF ROAD RIGHT,RUSH RIDGE & SR446S,39.08472,-86.420688
902464445,2015,6,2,Weekday,2200,Moped/Motorcycle,Incapacitating,UNSAFE SPEED,E MONROE DAM & S VALLEY MISSION,39.009344,-86.510096
902464723,2015,6,4,Weekday,1400,2-Car,No injury/unknown,UNSAFE BACKING,N COLLEGE,39.168656,-86.534784
902464777,2015,6,4,Weekday,1500,3+ Cars,No injury/unknown,FOLLOWING TOO CLOSELY,S LIBERTY & W 3RD,39.14874854,-86.57913006
902465029,2015,6,4,Weekday,2200,2-Car,Non-incapacitating,FAILURE TO YIELD RIGHT OF WAY,WALNUT & WINSLOW,39.13597025,-86.5311098
902465100,2015,6,5,Weekday,700,Moped/Motorcycle,Incapacitating,FOLLOWING TOO CLOSELY,E 1ST & S WALNUT,39.159344,-86.5336
902465176,2015,6,5,Weekday,700,2-Car,No injury/unknown,DISREGARD SIGNAL/REG SIGN,COLLEGE & KIRKWOOD,39.16664,-86.5348
902465239,2015,6,5,Weekday,1000,2-Car,No injury/unknown,UNSAFE BACKING,S COLLEGE MALL,39.15760751,-86.49780963
902465253,2015,6,5,Weekday,800,1-Car,No injury/unknown,DRIVER ASLEEP OR FATIGUED,EAST SR RD 46,39.18658829,-86.54039001
902465255,2015,6,5,Weekday,1200,2-Car,No injury/unknown,OTHER (DRIVER) - EXPLAIN IN NARRATIVE,N SMITH,39.172048,-86.4816
902465381,2015,6,5,Weekday,1400,2-Car,No injury/unknown,FAILURE TO YIELD RIGHT OF WAY,10TH & LINCOLN,39.171712,-86.530992
902465412,2015,6,5,Weekday,1500,3+ Cars,No injury/unknown,FOLLOWING TOO CLOSELY,SR37N & W VERNAL,39.12373205,-86.56252288
902465433,2015,6,5,Weekday,1600,2-Car,No injury/unknown,FOLLOWING TOO CLOSELY,E 10TH & SR4546S,39.176848,-86.478192
902465494,2015,6,5,Weekday,1800,1-Car,Incapacitating,RAN OFF ROAD RIGHT,N WALNUT & SR46E,39.186368,-86.5344
902465497,2015,6,5,Weekday,1600,2-Car,No injury/unknown,FAILURE TO YIELD RIGHT OF WAY,S WALNUT,39.13736,-86.529904
902465499,2015,6,5,Weekday,1600,1-Car,Incapacitating,RAN OFF ROAD RIGHT,DALLAS & HARTSTRAIT,39.19955087,-86.61207966
902465509,2015,6,5,Weekday,1500,2-Car,No injury/unknown,UNSAFE BACKING,SOUTH OLD STATE ROAD 37,39.0138258,-86.54091596
902465512,2015,6,5,Weekday,1800,2-Car,No injury/unknown,FOLLOWING TOO CLOSELY,FRANKLIN & W 3RD,39.164688,-86.5712
902465535,2015,6,5,Weekday,2100,Pedestrian,Non-incapacitating,FAILURE TO YIELD RIGHT OF WAY,KINSER & SR4546W,39.186544,-86.537888
902465642,2015,6,6,Weekday,0,2-Car,Incapacitating,WRONG WAY ON ONE WAY,17TH & SR46E,39.18226243,-86.51045827
902465717,2015,6,5,Weekday,900,1-Car,No injury/unknown,ANIMAL/OBJECT IN ROADWAY,EVANS & HARMONY,39.07731105,-86.62865271
902465742,2015,6,6,Weekday,800,1-Car,No injury/unknown,RAN OFF ROAD RIGHT,6TH & COLLEGE,39.167648,-86.534784
902465776,2015,6,6,Weekday,900,2-Car,No injury/unknown,UNSAFE BACKING,S CLARIZZ,39.15260696,-86.49272918
902465939,2015,6,6,Weekday,1100,2-Car,No injury/unknown,FAILURE TO YIELD RIGHT OF WAY,SO WALNUT & W 1ST,39.176848,-86.533424
902465949,2015,6,6,Weekday,1200,2-Car,No injury/unknown,FOLLOWING TOO CLOSELY,2ND & MADISON,39.161488,-86.537296
902465957,2015,6,6,Weekday,1200,2-Car,No injury/unknown,FAILURE TO YIELD RIGHT OF WAY,3RD & ROSE,39.164352,-86.510944
902466017,2015,6,6,Weekday,1300,3+ Cars,No injury/unknown,FOLLOWING TOO CLOSELY,3RD & UNION,39.164352,-86.5088
902466116,2015,6,6,Weekday,1500,2-Car,No injury/unknown,FAILURE TO YIELD RIGHT OF WAY,2ND & MITCHELL,39.16112,-86.514096
902466120,2015,6,6,Weekday,1600,2-Car,No injury/unknown,UNSAFE LANE MOVEMENT,3RD & CURRY,39.164544,-86.560096
902466134,2015,6,6,Weekday,1700,2-Car,No injury/unknown,UNSAFE BACKING,N DUNN,39.206144,-86.528592
902466206,2015,6,6,Weekday,1800,2-Car,No injury/unknown,FAILURE TO YIELD RIGHT OF WAY,SR37 & W 3RD,39.164752,-86.573104
902466256,2015,6,6,Weekend,2300,1-Car,Incapacitating,RAN OFF ROAD RIGHT,WEST VERNAL,39.17356873,-86.55478668
902466293,2015,6,7,Weekend,0,1-Car,No injury/unknown,OTHER (DRIVER) - EXPLAIN IN NARRATIVE,W KIRKWOOD,39.166784,-86.5468
902466389,2015,6,7,Weekend,1000,2-Car,Incapacitating,FAILURE TO YIELD RIGHT OF WAY,ATWATER & E 3RD,39.164448,-86.528096
902466408,2015,6,7,Weekend,1000,2-Car,Incapacitating,FAILURE TO YIELD RIGHT OF WAY,ACCESS ROAD TO CHASE BANK & COUNRTYCLUB,0,0
902466462,2015,6,6,Weekend,2200,1-Car,No injury/unknown,FOLLOWING TOO CLOSELY,S BREEDEN & SR45W,39.086832,-86.671984
902466518,2015,6,6,Weekend,2000,2-Car,No injury/unknown,OTHER (DRIVER) - EXPLAIN IN NARRATIVE,E 3RD & S PETE ELLIS,39.16424,-86.495088
902466574,2015,6,7,Weekend,2000,2-Car,No injury/unknown,,E 3RD,39.16424,-86.49250645
902466615,2015,6,7,Weekend,1000,2-Car,Incapacitating,BRAKE FAILURE OR DEFECTIVE,LEONARD SPRINGS & SR45,39.142048,-86.582592
902466616,2015,6,7,Weekend,1300,1-Car,No injury/unknown,RAN OFF ROAD RIGHT,ROCKPORT & TAPP,39.13426528,-86.55084379
902466623,2015,6,7,Weekend,2100,2-Car,No injury/unknown,UNSAFE BACKING,N WALNUT,39.16865861,-86.53356767
902466635,2015,6,7,Weekend,1500,2-Car,No injury/unknown,OTHER (DRIVER) - EXPLAIN IN NARRATIVE,S OAKLAWN,39.13090897,-86.50070953
902466801,2015,6,5,Weekday,1300,2-Car,No injury/unknown,OTHER (DRIVER) - EXPLAIN IN NARRATIVE,ASSOCIATION & FIRST,39.2308,-86.622032
902466834,2015,6,1,Weekend,1400,1-Car,No injury/unknown,UNSAFE BACKING,S VICTOR,39.10649041,-86.55034722
902466958,2015,6,1,Weekend,1800,2-Car,No injury/unknown,FAILURE TO YIELD RIGHT OF WAY,ASTER & ZINNIA,39.03616995,-86.51847995
902467002,2015,6,7,Weekend,2100,1-Car,No injury/unknown,ANIMAL/OBJECT IN ROADWAY,S OLD STATE RD 37 & SR37S,39.09265515,-86.5313034
902467009,2015,6,1,Weekend,0,1-Car,No injury/unknown,RAN OFF ROAD RIGHT,OARD & SR48W,39.16400931,-86.62335763
902467080,2015,6,7,Weekend,1600,1-Car,No injury/unknown,UNSAFE SPEED,S LEONARD SPRINGS & W MAY,39.09344,-86.591792
902467081,2015,6,7,Weekend,1700,2-Car,No injury/unknown,FAILURE TO YIELD RIGHT OF WAY,S SMITH & W WOODYARD,39.1906355,-86.58307661
902467082,2015,6,4,Weekday,1800,2-Car,No injury/unknown,UNSAFE LANE MOVEMENT,S CURRY & W 3RD,39.16463971,-86.58292002
902467437,2015,6,2,Weekday,900,1-Car,No injury/unknown,UNSAFE BACKING,7TH & N COLLEGE,39.168656,-86.534784
902467659,2015,6,2,Weekday,1100,2-Car,No injury/unknown,FOLLOWING TOO CLOSELY,MONROE,0,0