Master Record Number,Year,Month,Day,Weekend?,Hour,Collision Type,Injury Type,Primary Factor,Reported_Location,Latitude,Longitude
902467942,2015,6,2,Weekday,1400,Moped/Motorcycle,Incapacitating,RAN OFF ROAD RIGHT,N OLD SR 37 & N PAYNE,39.27496,-86.499216
902467947,2015,6,2,Weekday,1600,2-Car,Incapacitating,DRIVER DISTRACTED - EXPLAIN IN NARRATIVE,B LINE & COUNTRY CLUB,0,0
902467999,2015,6,2,Weekday,2000,2-Car,No injury/unknown,UNSAFE BACKING,6TH & WALNUT,39.167648,-86.533584
902468088,2015,6,2,Weekday,2100,Cyclist,Incapacitating,IMPROPER PASSING,N ADAMS & W 7TH,39.168576,-86.5496
902468175,2015,6,3,Weekday,700,1-Car,No injury/unknown,OTHER (DRIVER) - EXPLAIN IN NARRATIVE,N MORTON,39.16786971,-86.536
902468210,2015,6,3,Weekday,600,2-Car,No injury/unknown,FOLLOWING TOO CLOSELY,BLOOMFIELD & SR37S,39.1475296,-86.57295227
902468230,2015,6,2,Weekday,900,2-Car,No injury/unknown,,NORTH MORTON,39.16786971,-86.536
902468259,2015,6,3,Weekday,800,1-Car,Incapacitating,RAN OFF ROAD RIGHT,BROWNRIDGE & SO SMITH,39.161248,-86.480688
902468608,2015,6,2,Weekday,2100,Cyclist,Non-incapacitating,IMPROPER TURNING,E 3RD & S HILLSDALE,39.164272,-86.502416
902468612,2015,6,3,Weekday,1500,1-Car,Non-incapacitating,DRIVER ILLNESS,ADAMS & ADAMS HILL,39.155952,-86.550592
902468614,2015,6,3,Weekday,1800,2-Car,No injury/unknown,IMPROPER TURNING,S BRANDON,0,0
902468642,2015,6,3,Weekday,1700,2-Car,No injury/unknown,FAILURE TO YIELD RIGHT OF WAY,S LIBERTY & W 3RD,39.16461021,-86.57913006
902468808,2015,6,4,Weekday,400,1-Car,No injury/unknown,LEFT OF CENTER,MOORES & SR 446,39.15035024,-86.47130328
902468816,2015,6,3,Weekday,1300,2-Car,No injury/unknown,OTHER (DRIVER) - EXPLAIN IN NARRATIVE,W 11TH,39.173344,-86.544272
902468826,2015,6,4,Weekday,600,2-Car,No injury/unknown,LEFT OF CENTER,DUNLAP & SR45W,39.119344,-86.618896
902469049,2015,6,4,Weekday,1800,2-Car,No injury/unknown,UNSAFE BACKING,WEST 2ND,39.16026688,-86.54013824
902469071,2015,6,4,Weekday,900,3+ Cars,No injury/unknown,OTHER (DRIVER) - EXPLAIN IN NARRATIVE,2ND & MORTON,39.16139022,-86.53630994
902469266,2015,6,3,Weekday,1600,2-Car,No injury/unknown,FAILURE TO YIELD RIGHT OF WAY,LIBERTY & W 3RD,39.16461021,-86.57908677
902469274,2015,6,4,Weekday,1600,1-Car,Non-incapacitating,OTHER (DRIVER) - EXPLAIN IN NARRATIVE,E 3RD,39.16464,-86.56913891
902469294,2015,6,4,Weekday,1600,2-Car,No injury/unknown,UNSAFE BACKING,N GATES,0,0
902469329,2015,6,4,Weekday,1600,2-Car,No injury/unknown,DISREGARD SIGNAL/REG SIGN,MATTHEWS & SR46W,39.234768,-86.626384
902469450,2015,6,4,Weekday,2200,2-Car,No injury/unknown,LEFT OF CENTER,GLASCOW,0,0
902469466,2015,6,4,Weekday,1000,2-Car,No injury/unknown,FOLLOWING TOO CLOSELY,E 3RD & S SMITH,39.16424,-86.480688
902469517,2015,6,5,Weekday,800,2-Car,No injury/unknown,FOLLOWING TOO CLOSELY,3RD & SMITH,39.16424,-86.480688
902469565,2015,6,7,Weekend,0,1-Car,No injury/unknown,OVERCORRECTING/OVERSTEERING,FRIENDSHIP & GROSS,39.14029031,-86.4023659
902469598,2015,6,5,Weekday,800,1-Car,Non-incapacitating,SPEED TOO FAST FOR WEATHER CONDITIONS,DUNN & SR37N,39.18363953,-86.52836915
902469663,2015,6,5,Weekday,700,2-Car,No injury/unknown,FOLLOWING TOO CLOSELY,FEE & SR46E,39.186032,-86.51984
902469734,2015,6,5,Weekday,1400,2-Car,No injury/unknown,FAILURE TO YIELD RIGHT OF WAY,S COLLEGE & W KIRKWOOD,39.16664,-86.5348
902469764,2015,6,5,Weekday,1400,2-Car,No injury/unknown,FOLLOWING TOO CLOSELY,SR37S & VERNAL,39.176544,-86.5624
902469797,2015,6,5,Weekday,1400,1-Car,No injury/unknown,RAN OFF ROAD RIGHT,SR37S & SR46W,39.194144,-86.554592
902469907,2015,6,4,Weekday,1900,2-Car,Non-incapacitating,FAILURE TO YIELD RIGHT OF WAY,N STARNES & W RATLIFF,39.2168697,-86.65871992
902469908,2015,6,7,Weekend,2100,1-Car,No injury/unknown,OVERCORRECTING/OVERSTEERING,S GARRISON CHAPEL & SR48W,39.16620381,-86.65587519
902469920,2015,6,5,Weekday,1800,1-Car,No injury/unknown,RAN OFF ROAD RIGHT,E COLLINS & N MT GILEAD,39.1958089,-86.44152
902469953,2015,6,6,Weekday,0,1-Car,No injury/unknown,SPEED TOO FAST FOR WEATHER CONDITIONS,S LEONARD SPRINGS & W LIZZY,39.1987365,-86.59514017
902470049,2015,6,5,Weekday,800,2-Car,No injury/unknown,FAILURE TO YIELD RIGHT OF WAY,MONROE PARK & THAT,0,0
902470235,2015,6,6,Weekday,1000,2-Car,Non-incapacitating,TIRE FAILURE OR DEFECTIVE,PATTERSON & ROGERS,39.15379018,-86.53874142
902470350,2015,6,6,Weekday,1200,2-Car,No injury/unknown,FAILURE TO YIELD RIGHT OF WAY,NUCKLES & VERNAL,39.17677,-86.56129002
902470447,2015,6,6,Weekday,700,2-Car,Incapacitating,LEFT OF CENTER,EAST CHAPEL & SR45,0,0
902470498,2015,6,4,Weekday,800,2-Car,No injury/unknown,UNSAFE SPEED,SR37,38.99468154,-86.53719892
902470565,2015,6,6,Weekday,1400,1-Car,No injury/unknown,RAN OFF ROAD RIGHT,WAPPEHANI & WEIMER,39.12284225,-86.56384013
902470580,2015,6,6,Weekday,1600,2-Car,No injury/unknown,FAILURE TO YIELD RIGHT OF WAY,E MAXWELL & S HAWTHORNE,39.157888,-86.520272
902470581,2015,6,6,Weekday,1500,2-Car,Incapacitating,FOLLOWING TOO CLOSELY,S KEGG & W TAPP,0,0
902470596,2015,6,6,Weekday,1400,1-Car,Non-incapacitating,SPEED TOO FAST FOR WEATHER CONDITIONS,11TH & WALNUT,39.173248,-86.533488
902470597,2015,6,6,Weekday,1500,2-Car,No injury/unknown,DISREGARD SIGNAL/REG SIGN,3RD & MAPLE,0,0
902470606,2015,6,6,Weekday,1800,2-Car,No injury/unknown,OTHER (DRIVER) - EXPLAIN IN NARRATIVE,CURRY & GIFFORD,39.156896,-86.582704
902470640,2015,6,6,Weekday,1600,2-Car,No injury/unknown,DISREGARD SIGNAL/REG SIGN,E 3RD & S WASHINGTON,39.16464,-86.5324
902470641,2015,6,6,Weekday,1100,2-Car,No injury/unknown,IMPROPER LANE USAGE,8TH & COLLEGE,39.16938721,-86.534784
902470642,2015,6,6,Weekday,1500,2-Car,No injury/unknown,SPEED TOO FAST FOR WEATHER CONDITIONS,CATHCART & PIAZZA,39.14885022,-86.49986006
902470656,2015,6,6,Weekday,1500,2-Car,No injury/unknown,FOLLOWING TOO CLOSELY,S LIBERTY & SR45W,39.14521676,-86.57748603
902470799,2015,6,6,Weekday,1200,2-Car,Incapacitating,IMPROPER TURNING,E 3RD & S KINGSTON,39.16424,-86.492944
902470813,2015,6,7,Weekend,600,2-Car,No injury/unknown,FAILURE TO YIELD RIGHT OF WAY,LEONARD SPRINGS & SR45W,39.142048,-86.582592
902471165,2015,6,5,Weekday,1100,2-Car,No injury/unknown,UNSAFE BACKING,RUSSELL & SR45N,39.20498151,-86.46344752
902471166,2015,6,6,Weekday,500,1-Car,No injury/unknown,ANIMAL/OBJECT IN ROADWAY,SR37N & WYLIE,39.19857096,-86.5295245
902471167,2015,6,6,Weekend,2200,2-Car,No injury/unknown,SPEED TOO FAST FOR WEATHER CONDITIONS,SOUTH RED OAK & SR446S,0,0
902471196,2015,6,1,Weekend,1000,2-Car,No injury/unknown,DISREGARD SIGNAL/REG SIGN,SR37S & W FULLERTON,0,0
902471405,2015,6,6,Weekday,1600,2-Car,No injury/unknown,FAILURE TO YIELD RIGHT OF WAY,N DANIELS,0,0
902471406,2015,6,7,Weekend,1500,1-Car,No injury/unknown,OTHER (VEHICLE) - EXPLAIN IN NARRATIVE,S CRAMER,39.123149,-86.545593
902471429,2015,6,4,Weekday,1500,Moped/Motorcycle,Incapacitating,RAN OFF ROAD RIGHT,N RICHARDSON & SR45E,39.24700928,-86.39276627
902471430,2015,6,5,Weekday,1600,2-Car,No injury/unknown,UNSAFE BACKING,EAGLEVIEW,39.13370271,-86.54604032
902471450,2015,6,7,Weekend,1500,1-Car,No injury/unknown,RAN OFF ROAD RIGHT,KNAPP & W STATE RD 48,39.17540465,-86.60168007
902471452,2015,6,7,Weekend,1500,2-Car,Non-incapacitating,LEFT OF CENTER,PAYNETOWN & SR446S,39.09612677,-86.42389248
902471498,2015,6,4,Weekday,2300,1-Car,Incapacitating,RAN OFF ROAD RIGHT,RUSH RIDGE & SR446,39.08102094,-86.41862099
902471538,2015,6,1,Weekday,2300,1-Car,Incapacitating,OTHER (DRIVER) - EXPLAIN IN NARRATIVE,EAST HUPP & SOUTH FAIRFAX,39.09464,-86.516896
902471571,2015,6,1,Weekend,1300,2-Car,No injury/unknown,FOLLOWING TOO CLOSELY,PETE ELLIS & THIRD,39.16424,-86.495088
902471626,2015,6,6,Weekday,700,2-Car,Incapacitating,LEFT OF CENTER,NIMIT & RHORER,39.12145011,-86.52385698
902471627,2015,6,2,Weekday,600,1-Car,No injury/unknown,ANIMAL/OBJECT IN ROADWAY,BURCH & SR45W,39.08812773,-86.66905971
902471790,2015,6,2,Weekday,1000,2-Car,No injury/unknown,FOLLOWING TOO CLOSELY,2ND & PATTERSON,39.16074984,-86.54850997
902471870,2015,6,2,Weekday,1300,2-Car,No injury/unknown,UNSAFE BACKING,N HEADLEY,39.18671619,-86.51449029
902471884,2015,6,2,Weekday,1100,2-Car,No injury/unknown,UNSAFE SPEED,10TH & 1799 EAST 10TH PARKING LOT,39.17987132,-86.511383
902472003,2015,6,6,Weekday,1800,2-Car,Incapacitating,SPEED TOO FAST FOR WEATHER CONDITIONS,S WICKENS & W ROCKCREST,0,0
902472004,2015,6,1,Weekend,1000,1-Car,Non-incapacitating,OTHER (VEHICLE) - EXPLAIN IN NARRATIVE,SR446S & WALDRIP CREEK,39.06971087,-86.41607391
902472005,2015,6,1,Weekend,1600,2-Car,No injury/unknown,LEFT OF CENTER,SISCOE & SR46W,39.27146912,-86.67016876
902472006,2015,6,1,Weekend,1600,2-Car,No injury/unknown,LEFT OF CENTER,SISCOE & SR46W,39.27146912,-86.67016876
902472156,2015,6,2,Weekday,1500,2-Car,No injury/unknown,FOLLOWING TOO CLOSELY,WALNUT & WINSLOW,39.13597025,-86.5311098
902472200,2015,6,2,Weekday,2300,2-Car,No injury/unknown,ROADWAY SURFACE CONDITION,3RD & CORY,39.164544,-86.560096
902472315,2015,6,3,Weekday,600,2-Car,No injury/unknown,DISREGARD SIGNAL/REG SIGN,KIRKWOOD & ROGERS,39.166672,-86.538608
902472325,2015,6,2,Weekday,800,2-Car,No injury/unknown,IMPROPER TURNING,OLD STATE ROAD 37 & RHORER,39.121552,-86.531296
902472357,2015,6,2,Weekday,1200,2-Car,No injury/unknown,FAILURE TO YIELD RIGHT OF WAY,KIRKWOOD & WASHINGTON,39.16664,-86.5324
902472417,2015,6,3,Weekday,1000,1-Car,No injury/unknown,UNSAFE BACKING,THIRTEENTH & WOODLAWN,39.17518886,-86.5235621
902472602,2015,6,3,Weekday,1200,2-Car,No injury/unknown,UNSAFE BACKING,EAST 7TH,39.168752,-86.5436
902472611,2015,6,2,Weekday,1500,2-Car,No injury/unknown,IMPROPER TURNING,S LIBERTY,39.16128024,-86.57919779
902472632,2015,6,2,Weekday,1700,3+ Cars,No injury/unknown,DRIVER DISTRACTED - EXPLAIN IN NARRATIVE,ALLEN & WALNUT,39.1556,-86.53368003
902472639,2015,6,2,Weekday,1500,2-Car,No injury/unknown,OTHER (ENVIRONMENTAL) - EXPLAIN IN NARR,N RED HILL & SR46W,39.24589916,-86.64042258
902472652,2015,6,7,Weekend,2200,1-Car,No injury/unknown,ANIMAL/OBJECT IN ROADWAY,FAIRFAX & WILL SOWDERS,39.05050845,-86.49855986
902472653,2015,6,3,Weekday,1500,3+ Cars,No injury/unknown,FOLLOWING TOO CLOSELY,BUNGER & SR45W,39.12936,-86.604336
902472654,2015,6,3,Weekday,1600,2-Car,Non-incapacitating,FAILURE TO YIELD RIGHT OF WAY,CURRY & INDUSTRIAL,39.143808,-86.582592
902472655,2015,6,5,Weekday,2100,2-Car,No injury/unknown,UNSAFE BACKING,W VERNAL,39.179248,-86.58292
902472719,2015,6,3,Weekday,1300,1-Car,No injury/unknown,ANIMAL/OBJECT IN ROADWAY,E RAMP CREEK & S SHIELDS RIDGE,39.083024,-86.472912
902472950,2015,6,3,Weekday,1300,2-Car,No injury/unknown,FOLLOWING TOO CLOSELY,7TH & ADAMS,39.16884964,-86.5495696
902472990,2015,6,3,Weekday,2300,1-Car,No injury/unknown,RAN OFF ROAD RIGHT,E SAMPLE & S OLD STATE 37,39.25864,-86.5012
902473235,2015,7,4,Weekday,1200,2-Car,No injury/unknown,OTHER (DRIVER) - EXPLAIN IN NARRATIVE,E 3RD,39.16426624,-86.50093216
902473373,2015,7,4,Weekday,1700,2-Car,No injury/unknown,FOLLOWING TOO CLOSELY,SALE & SR46W,39.23384,-86.624704
902473382,2015,7,4,Weekday,2000,1-Car,No injury/unknown,RAN OFF ROAD RIGHT,S HARMONY & W MAY,39.093744,-86.638304
902473383,2015,7,4,Weekday,2200,1-Car,Non-incapacitating,RAN OFF ROAD RIGHT,FOSTER FISCUS & SR46W,39.28017044,-86.67959924
902473390,2015,7,4,Weekday,1800,2-Car,No injury/unknown,UNSAFE BACKING,WALNUT,39.165648,-86.5336
902473418,2015,7,4,Weekday,1600,2-Car,No injury/unknown,UNSAFE BACKING,EAST 3RD,39.16452114,-86.551072
902473454,2015,7,4,Weekday,1900,2-Car,Incapacitating,FAILURE TO YIELD RIGHT OF WAY,MOORES & SR446S,39.150352,-86.471296
902473480,2015,6,2,Weekday,700,2-Car,No injury/unknown,FAILURE TO YIELD RIGHT OF WAY,CURRY & SR48,39.16463589,-86.58291865
902473486,2015,7,4,Weekday,1600,2-Car,Incapacitating,FAILURE TO YIELD RIGHT OF WAY,CURRY & GRANDE,39.1671886,-86.58296078
902473684,2015,7,4,Weekday,800,2-Car,No injury/unknown,OTHER (DRIVER) - EXPLAIN IN NARRATIVE,CLARIZZ & SR46E,39.16424,-86.4908
902473696,2015,7,4,Weekday,1100,3+ Cars,Non-incapacitating,FAILURE TO YIELD RIGHT OF WAY,3RD & LIBERTY,0,0
902473777,2015,7,5,Weekday,800,2-Car,Incapacitating,FAILURE TO YIELD RIGHT OF WAY,SR37S & W FULLERTON,39.122352,-86.5712
902473968,2015,7,5,Weekday,1700,2-Car,No injury/unknown,FOLLOWING TOO CLOSELY,PATTERSON & W 2ND,39.16074984,-86.54850997
902474007,2015,7,5,Weekday,1500,3+ Cars,Non-incapacitating,FOLLOWING TOO CLOSELY,S KIMBLE & W 3RD,39.16464,-86.568
902474039,2015,7,5,Weekday,2300,2-Car,No injury/unknown,UNSAFE BACKING,E 3RD & S MORNINGSIDE,39.16424,-86.473696
902474099,2015,7,6,Weekday,0,2-Car,No injury/unknown,UNSAFE BACKING,W GRAY,39.17297374,-86.55764832
902474107,2015,7,4,Weekday,1100,3+ Cars,No injury/unknown,VIEW OBSTRUCTED,FRIENDSHIP & SR46,39.15483009,-86.40734052
902474375,2015,7,6,Weekday,1800,3+ Cars,Non-incapacitating,FAILURE TO YIELD RIGHT OF WAY,N KINSER & STATE ROAD 45 46,39.186544,-86.537888
902474437,2015,7,7,Weekend,200,2-Car,No injury/unknown,LEFT OF CENTER,3412 N VALLEYVIEW DR & WINDING,39.20140906,-86.546447
902474482,2015,7,7,Weekend,700,2-Car,No injury/unknown,OTHER (DRIVER) - EXPLAIN IN NARRATIVE,S LIBERTY,39.145264,-86.577616
902474635,2015,6,3,Weekday,1600,2-Car,Non-incapacitating,FOLLOWING TOO CLOSELY,N CURRY & SR46W,0,0
902474636,2015,7,5,Weekday,1500,2-Car,No injury/unknown,LEFT OF CENTER,E CARDINAL GLEN & S WALNUT STREET,0,0
902474675,2015,7,1,Weekend,200,1-Car,No injury/unknown,RAN OFF ROAD RIGHT,LEMON & VERNAL,39.17754605,-86.5596216
902474678,2015,7,6,Weekend,2200,1-Car,No injury/unknown,OTHER TELEMATICS IN USE,E BRESSINGHAM & S CHEEKWOOD,39.1504898,-86.49929009
902474683,2015,7,6,Weekend,2300,2-Car,Incapacitating,DISREGARD SIGNAL/REG SIGN,BLOOMFIELD & LIBERTY,,
902474684,2015,7,7,Weekend,2300,2-Car,No injury/unknown,OTHER (DRIVER) - EXPLAIN IN NARRATIVE,GARRISON CHAPEL & SR45W,39.111024,-86.638304
902474784,2015,7,7,Weekend,900,2-Car,No injury/unknown,,SOUTH COLLEGE,39.16439438,-86.53450775
902474832,2015,7,7,Weekend,1600,Pedestrian,Non-incapacitating,OTHER (DRIVER) - EXPLAIN IN NARRATIVE,S WEIMER & W TAPP,39.24219879,-86.56199008
902474959,2015,7,7,Weekend,1200,2-Car,No injury/unknown,LEFT OF CENTER,WALDRIP CREEK,39.061184,-86.414416
902474960,2015,7,7,Weekend,1400,2-Car,No injury/unknown,UNSAFE SPEED,SOUTH OLD STATE ROAD 37,39.138688,-86.465968
902474962,2015,7,6,Weekday,1700,2-Car,Non-incapacitating,FOLLOWING TOO CLOSELY,DODDS & ROGERS,,
902475083,2015,7,2,Weekday,700,2-Car,No injury/unknown,FAILURE TO YIELD RIGHT OF WAY,10TH & GRANT,39.171696,-86.529696
902475330,2015,7,2,Weekday,1100,2-Car,No injury/unknown,FAILURE TO YIELD RIGHT OF WAY,ACUFF & SR37,39.20824,-86.554704
902475378,2015,7,2,Weekday,1200,2-Car,No injury/unknown,FOLLOWING TOO CLOSELY,STRONG & W ALLEN,0,0
902475494,2015,7,2,Weekday,1500,2-Car,No injury/unknown,FAILURE TO YIELD RIGHT OF WAY,WALNUT ST & WINSLOW,0,0
902475560,2015,7,1,Weekend,1700,2-Car,No injury/unknown,UNSAFE BACKING,E LAW,39.17297448,-86.51331469
902475655,2015,7,6,Weekday,1300,2-Car,No injury/unknown,OTHER (DRIVER) - EXPLAIN IN NARRATIVE,HARMONY,,
902475660,2015,7,2,Weekday,1400,2-Car,No injury/unknown,UNSAFE LANE MOVEMENT,SMITH & SR46W,39.210144,-86.5832
902475754,2015,7,2,Weekday,1000,2-Car,No injury/unknown,FAILURE TO YIELD RIGHT OF WAY,S WALNUT & W GRIMES,39.15344,-86.5336
902475860,2015,7,3,Weekday,800,Pedestrian,No injury/unknown,FAILURE TO YIELD RIGHT OF WAY,COLLEGE & KIRKWOOD,39.16664,-86.5348
902475900,2015,7,3,Weekday,900,1-Car,No injury/unknown,SPEED TOO FAST FOR WEATHER CONDITIONS,ALLEN & PATTERSON,,
902475974,2015,7,3,Weekday,1000,2-Car,Non-incapacitating,FOLLOWING TOO CLOSELY,2ND & LINCOLN,,
902475976,2015,7,3,Weekday,1000,2-Car,No injury/unknown,SPEED TOO FAST FOR WEATHER CONDITIONS,3RD & INDIANA,39.164448,-86.5268
902476123,2015,7,3,Weekday,1400,2-Car,No injury/unknown,OTHER (DRIVER) - EXPLAIN IN NARRATIVE,STATE ROAD 45,39.125312,-86.610496
902476215,2015,7,3,Weekday,1600,2-Car,Non-incapacitating,DISREGARD SIGNAL/REG SIGN,GRIMES & HENDERSON,39.153392,-86.527008
902476238,2015,7,2,Weekday,1400,2-Car,No injury/unknown,RAN OFF ROAD RIGHT,SR446 & SWARTZ RIDGE,39.13200737,-86.44917875
902476315,2015,7,3,Weekday,1700,2-Car,Incapacitating,FOLLOWING TOO CLOSELY,FORREST PARK & SR46W,,
902476353,2015,7,3,Weekday,1600,1-Car,No injury/unknown,RAN OFF ROAD RIGHT,FLUCKMILL & VICTOR,39.073952,-86.570896
902476429,2015,7,3,Weekday,1700,1-Car,No injury/unknown,RAN OFF ROAD RIGHT,SR37 & WAYPORT,39.26357309,-86.52265961
902476452,2015,7,4,Weekday,400,1-Car,No injury/unknown,ANIMAL/OBJECT IN ROADWAY,S ISON & SR45W,0,0
902476495,2015,7,3,Weekday,800,2-Car,No injury/unknown,DISREGARD SIGNAL/REG SIGN,ALLEN & FAIRVIEW,39.15584,-86.540992
902476583,2015,7,5,Weekday,1400,2-Car,No injury/unknown,OTHER (DRIVER) - EXPLAIN IN NARRATIVE,RHORER & SARE,,
902476634,2015,7,4,Weekday,1000,2-Car,Non-incapacitating,IMPROPER TURNING,INDIANA & KIRKWOOD,39.16685967,-86.52690237
902476645,2015,7,3,Weekday,1000,2-Car,No injury/unknown,LEFT OF CENTER,BOLTINGHOUSE & OLD STATE ROAD 37,39.23374261,-86.48390241
902476646,2015,7,4,Weekday,1100,Bus,No injury/unknown,FOLLOWING TOO CLOSELY,E 2ND & SO COLLEGE MALL,0,0
902476696,2015,7,4,Weekday,1000,2-Car,Incapacitating,LEFT OF CENTER,CLUBHOUSE & KINSER,,
902476745,2015,7,4,Weekday,1300,2-Car,No injury/unknown,SPEED TOO FAST FOR WEATHER CONDITIONS,W 3RD & WYNNEDALE,0,0
902476810,2015,7,6,Weekday,1600,1-Car,Incapacitating,RAN OFF ROAD RIGHT,S ROCKPORT & W POPCORN,0,0
902476812,2015,7,1,Weekend,1600,2-Car,No injury/unknown,UNSAFE BACKING,S OLD STATE ROAD 37,39.137088,-86.53056
902476903,2015,7,4,Weekday,1500,2-Car,Non-incapacitating,FOLLOWING TOO CLOSELY,S LANDMARK & W BLOOMFIELD,0,0
902476940,2015,7,4,Weekday,1600,1-Car,No injury/unknown,UNSAFE BACKING,MAXWELL & SHORT,39.143888,-86.515008
902477032,2015,7,4,Weekday,2100,1-Car,No injury/unknown,UNSAFE SPEED,11TH & ADAMS,39.173344,-86.549792
902477122,2015,7,3,Weekday,1800,2-Car,No injury/unknown,UNSAFE BACKING,E 6TH,39.167712,-86.529696
902477378,2015,7,5,Weekday,1100,2-Car,No injury/unknown,OTHER (DRIVER) - EXPLAIN IN NARRATIVE,SR4546E & WALNUT,39.186368,-86.5344
902477549,2015,7,6,Weekday,700,1-Car,Incapacitating,IMPROPER LANE USAGE,W ST RD 45,39.125312,-86.610496
902477586,2015,7,5,Weekday,1500,2-Car,No injury/unknown,DISREGARD SIGNAL/REG SIGN,FEE & LAW,39.174048,-86.518896
902477699,2015,7,5,Weekday,1700,2-Car,No injury/unknown,LEFT OF CENTER,SR45W & W AIRPORT,39.13630023,-86.59458237
902477943,2015,7,5,Weekday,1200,2-Car,No injury/unknown,FAILURE TO YIELD RIGHT OF WAY,N ADAMS & W KIRKWOOD,39.166816,-86.549488
902477975,2015,7,5,Weekday,700,2-Car,No injury/unknown,UNSAFE BACKING,N MORTON,39.16786971,-86.536
902478092,2015,7,6,Weekday,1100,2-Car,No injury/unknown,SPEED TOO FAST FOR WEATHER CONDITIONS,SMITH,,
902478093,2015,7,6,Weekday,1000,2-Car,No injury/unknown,FAILURE TO YIELD RIGHT OF WAY,ROUNDABOUT W TAPP & S ADAMS,0,0
902478106,2015,7,6,Weekday,1100,2-Car,No injury/unknown,FAILURE TO YIELD RIGHT OF WAY,N WALNUT & SR4546,39.18689778,-86.53421346
902478109,2015,7,4,Weekday,1600,2-Car,No injury/unknown,FOLLOWING TOO CLOSELY,WALNUT & WINSLOW,,
902478111,2015,7,5,Weekday,1200,2-Car,No injury/unknown,UNSAFE LANE MOVEMENT,JEFFERSON & THIRD,39.164304,-86.506992
902478170,2015,7,5,Weekday,1900,2-Car,Non-incapacitating,FOLLOWING TOO CLOSELY,S WALNUT & W 3RD,39.16464,-86.5336
902478403,2015,7,6,Weekday,1300,2-Car,Incapacitating,DRIVER DISTRACTED - EXPLAIN IN NARRATIVE,BLOOMFIELD & PATTERSON,,
902478457,2015,7,6,Weekend,2000,1-Car,No injury/unknown,FAILURE TO YIELD RIGHT OF WAY,11TH & N WALNUT,39.173248,-86.533488
902478714,2015,7,6,Weekday,1100,2-Car,No injury/unknown,DISREGARD SIGNAL/REG SIGN,2ND & COLLEGE MALL,,
902478735,2015,7,6,Weekday,1200,2-Car,No injury/unknown,FOLLOWING TOO CLOSELY,17TH & LISMORE,,
902478778,2015,7,7,Weekend,400,1-Car,No injury/unknown,RAN OFF ROAD RIGHT,SR45E,39.18636,-86.533048
902478797,2015,7,7,Weekend,300,1-Car,No injury/unknown,OTHER (DRIVER) - EXPLAIN IN NARRATIVE,11TH,39.173344,-86.549792
902478875,2015,7,6,Weekday,1200,2-Car,No injury/unknown,FOLLOWING TOO CLOSELY,CORY & THIRD,,
902479237,2015,7,7,Weekend,1000,2-Car,No injury/unknown,IMPROPER TURNING,3RD & BALLANTINE,,
902479280,2015,7,7,Weekend,1100,2-Car,No injury/unknown,IMPROPER LANE USAGE,3RD & HAWTHORNE,,
902479301,2015,7,7,Weekend,1000,2-Car,Incapacitating,FOLLOWING TOO CLOSELY,PETE ELLIS,,
902479445,2015,7,6,Weekday,1600,2-Car,No injury/unknown,UNSAFE LANE MOVEMENT,VERMILYA & WALNUT,,
902479575,2015,7,6,Weekday,1700,2-Car,Non-incapacitating,FOLLOWING TOO CLOSELY,SALE & SR46W,39.23384,-86.624704
902479598,2015,7,7,Weekend,300,2-Car,No injury/unknown,UNSAFE BACKING,N COLLEGE,39.17609371,-86.534736
902479615,2015,7,7,Weekend,1000,2-Car,No injury/unknown,FAILURE TO YIELD RIGHT OF WAY,3RD & LIBERTY,,
902479616,2015,7,7,Weekend,1400,2-Car,Non-incapacitating,IMPROPER LANE USAGE,FAIRFAX & MCCORMICK,,
902479621,2015,7,6,Weekday,1400,2-Car,No injury/unknown,FOLLOWING TOO CLOSELY,E RHORER & S OLD 37,0,0
902479794,2015,7,6,Weekday,1800,2-Car,No injury/unknown,FAILURE TO YIELD RIGHT OF WAY,CANADA & SARE,,
902479914,2015,7,7,Weekend,2100,Moped/Motorcycle,Incapacitating,FAILURE TO YIELD RIGHT OF WAY,SR46W & UNION VALLEY,39.215152,-86.5928
902479926,2015,7,7,Weekend,2300,1-Car,No injury/unknown,ANIMAL/OBJECT IN ROADWAY,SR37S & WEST SMITHVILLE,39.16424,-86.480688
902480018,2015,7,3,Weekday,0,1-Car,No injury/unknown,SPEED TOO FAST FOR WEATHER CONDITIONS,4625 W GIFFORD & S ENDWRIGHT,39.151344,-86.5964
902480035,2015,7,1,Weekend,1000,2-Car,No injury/unknown,UNSAFE LANE MOVEMENT,E 6TH & N WALNUT,39.167648,-86.533584
902480080,2015,7,1,Weekend,1300,2-Car,No injury/unknown,DISREGARD SIGNAL/REG SIGN,MOORES & S SARE,39.150448,-86.4992
902480129,2015,7,5,Weekday,2000,2-Car,No injury/unknown,UNSAFE BACKING,E 17TH,39.179008,-86.525888
902480168,2015,7,1,Weekend,1400,2-Car,No injury/unknown,UNSAFE LANE MOVEMENT,E 3RD & S HAWTHORNE,0,0
902480346,2015,7,3,Weekday,900,2-Car,No injury/unknown,FAILURE TO YIELD RIGHT OF WAY,CURRY & SR45W,39.13972791,-86.58896743
902480441,2015,7,2,Weekday,900,2-Car,No injury/unknown,UNSAFE BACKING,S COVEY,39.14663118,-86.516192
902480500,2015,7,2,Weekday,900,2-Car,No injury/unknown,DISREGARD SIGNAL/REG SIGN,LEONARD SPRINGS & SR45W,,
902480544,2015,6,7,Weekend,1300,2-Car,No injury/unknown,FAILURE TO YIELD RIGHT OF WAY,PAYNETOWN RD & SR446N,0,0