Master Record Number,Year,Month,Day,Weekend?,Hour,Collision Type,Injury Type,Primary Factor,Reported_Location,Latitude,Longitude
902480559,2015,7,2,Weekday,1300,1-Car,No injury/unknown,RAN OFF ROAD RIGHT,HINDS & SR45W,39.09859974,-86.6527848
902480667,2015,7,6,Weekday,1500,2-Car,No injury/unknown,,E 10TH & SR4546,39.176848,-86.478192
902480736,2015,7,2,Weekday,1400,2-Car,Non-incapacitating,IMPROPER PASSING,ALLEN & TIMOTHY,,
902480742,2015,7,1,Weekend,1700,2-Car,No injury/unknown,OTHER (VEHICLE) - EXPLAIN IN NARRATIVE,E THIRD,0,0
902480743,2015,7,6,Weekday,1800,1-Car,No injury/unknown,OVERCORRECTING/OVERSTEERING,SMITHVILLE & ZIKES,39.07066347,-86.52928133
902480744,2015,7,7,Weekend,1500,2-Car,No injury/unknown,UNSAFE LANE MOVEMENT,CURRY & VERNAL,39.17637195,-86.58311948
902480745,2015,7,7,Weekend,1700,1-Car,Non-incapacitating,ANIMAL/OBJECT IN ROADWAY,FOX HOLLOW & SR37N,39.29244879,-86.51773545
902480746,2015,7,2,Weekday,1300,1-Car,No injury/unknown,SPEED TOO FAST FOR WEATHER CONDITIONS,N BROWN COUNTY LINE & SR46,0,0
902480753,2015,7,7,Weekend,1700,2-Car,No injury/unknown,UNSAFE BACKING,E EMPIRE MILL,39.08576764,-86.534887
902480754,2015,7,2,Weekday,1600,2-Car,No injury/unknown,FOLLOWING TOO CLOSELY,S FAIRFAX & S WALNUT STREET,0,0
902480755,2015,7,6,Weekend,1900,2-Car,Incapacitating,FAILURE TO YIELD RIGHT OF WAY,17 & JACKSON,39.179024,-86.539616
902480756,2015,6,4,Weekday,1500,3+ Cars,Incapacitating,IMPROPER TURNING,6TH & COLLEGE,39.167648,-86.534784
902480785,2015,7,2,Weekday,2100,2-Car,No injury/unknown,FAILURE TO YIELD RIGHT OF WAY,2ND & WALNUT,39.16144,-86.5336
902480786,2015,7,7,Weekend,2000,2-Car,No injury/unknown,FOLLOWING TOO CLOSELY,E PINE GROVE & SR446S,39.116464,-86.428672
902480787,2015,7,2,Weekday,2000,2-Car,No injury/unknown,OTHER (DRIVER) - EXPLAIN IN NARRATIVE,S OLD 37,0,0
902480915,2015,7,2,Weekday,2300,1-Car,Incapacitating,RAN OFF ROAD RIGHT,E SMITHVILLE & ZIKES,39.071344,-86.5252
902480954,2015,7,3,Weekday,300,2-Car,Non-incapacitating,HEADLIGHT DEFECTIVE OR NOT ON,3RD & LIBERTY,,
902481228,2015,7,2,Weekday,800,2-Car,Incapacitating,DRIVER ILLNESS,BLOOMFIELD & S LANDMARK,0,0
902481232,2015,7,3,Weekday,700,2-Car,No injury/unknown,DRIVER ASLEEP OR FATIGUED,AIRPORT & SR45,39.136848,-86.593792
902481485,2015,7,3,Weekday,1100,2-Car,No injury/unknown,UNSAFE BACKING,N GATES,0,0
902481556,2015,7,3,Weekday,1100,2-Car,Non-incapacitating,FAILURE TO YIELD RIGHT OF WAY,S HENDERSON & WINSLOW,39.136144,-86.5268
902481646,2015,7,2,Weekday,1500,2-Car,No injury/unknown,FOLLOWING TOO CLOSELY,SR37S & SR45W,39.148144,-86.572992
902481889,2015,7,3,Weekday,1300,2-Car,No injury/unknown,UNSAFE BACKING,SOUTH LIBERTY,39.189248,-86.531472
902481894,2015,7,3,Weekday,1900,2-Car,Incapacitating,UNSAFE BACKING,S WALNUT,39.13493114,-86.52778394
902481957,2015,7,7,Weekend,2100,2-Car,No injury/unknown,UNSAFE SPEED,DUNLAP & SR45,39.119344,-86.618896
902482205,2015,7,3,Weekday,2300,Moped/Motorcycle,Incapacitating,RAN OFF ROAD RIGHT,2ND & FAIRFAX,39.07984143,-86.51372277
902482774,2015,7,4,Weekday,1300,2-Car,No injury/unknown,IMPROPER LANE USAGE,E 6TH & N DUNN,39.167728,-86.528208
902482778,2015,7,3,Weekday,1600,2-Car,No injury/unknown,FAILURE TO YIELD RIGHT OF WAY,S FAIRFAX & SMITHVILLE,39.071152,-86.503088
902482799,2015,7,4,Weekday,1600,2-Car,No injury/unknown,FAILURE TO YIELD RIGHT OF WAY,11TH & 800 BLK N COLLEGE,39.17378131,-86.534752
902482816,2015,7,4,Weekday,1700,2-Car,No injury/unknown,IMPROPER PASSING,COLLEGE MALL & MOORES,39.150448,-86.498
902482833,2015,7,4,Weekday,1700,2-Car,No injury/unknown,IMPROPER LANE USAGE,3RD & INDIANA,39.164448,-86.5268
902482849,2015,7,4,Weekday,1400,2-Car,No injury/unknown,UNSAFE BACKING,N LINTEL,0,0
902482918,2015,7,4,Weekday,1700,2-Car,No injury/unknown,FOLLOWING TOO CLOSELY,CURRY & GIFFORD,39.15717057,-86.58271305
902483339,2015,7,5,Weekday,1300,2-Car,No injury/unknown,IMPROPER TURNING,LIBERTY,39.145152,-86.5776
902483484,2015,7,2,Weekday,1500,2-Car,No injury/unknown,IMPROPER PASSING,E SOUTHSHORE & N RICHARDSON,0,0
902483623,2015,7,5,Weekday,1300,2-Car,No injury/unknown,OTHER (VEHICLE) - EXPLAIN IN NARRATIVE,N COLLEGE,39.17030106,-86.53477192
902483627,2015,7,5,Weekday,1700,1-Car,No injury/unknown,RAN OFF ROAD RIGHT,BLUE SKY & FORREST PARK,,
902483645,2015,7,5,Weekday,2100,2-Car,Incapacitating,LEFT OF CENTER,SOUTHERN & WALNUT,,
902483667,2015,7,5,Weekday,2200,1-Car,No injury/unknown,IMPROPER LANE USAGE,3RD & COLLEGE,39.16464,-86.534816
902483719,2015,7,6,Weekday,0,1-Car,No injury/unknown,RAN OFF ROAD RIGHT,S HIGH,0,0
902483782,2015,7,6,Weekday,700,3+ Cars,Non-incapacitating,FOLLOWING TOO CLOSELY,S WALNUT & W GRIMES,39.15344,-86.5336
902483812,2015,7,6,Weekday,600,1-Car,No injury/unknown,ANIMAL/OBJECT IN ROADWAY,SR37S & TAPP,39.13978646,-86.57292991
902483814,2015,7,6,Weekday,900,2-Car,No injury/unknown,,S WALNUT,39.16273306,-86.5336
902483888,2015,7,6,Weekday,1100,2-Car,No injury/unknown,UNSAFE BACKING,E 10TH,39.17157747,-86.51808392
902483948,2015,7,6,Weekday,800,3+ Cars,Non-incapacitating,DRIVER ILLNESS,KINSER & SR4546W,39.186544,-86.537888
902484079,2015,7,6,Weekday,1300,2-Car,Incapacitating,OTHER (DRIVER) - EXPLAIN IN NARRATIVE,S LEONARD SPRINGS,39.142048,-86.582592
902484245,2015,7,6,Weekday,1300,2-Car,No injury/unknown,DISREGARD SIGNAL/REG SIGN,1ST & ROGERS,39.17664,-86.538496
902484246,2015,7,6,Weekday,1500,Bus,No injury/unknown,UNSAFE SPEED,BURKS & WALNUT,,
902484313,2015,7,6,Weekday,1600,2-Car,Incapacitating,DISREGARD SIGNAL/REG SIGN,GRIMES & HENDERSON,39.153392,-86.527008
902484381,2015,7,6,Weekday,1700,2-Car,No injury/unknown,IMPROPER TURNING,1ST & COLLEGE,39.15944,-86.53488
902484436,2015,7,6,Weekend,2000,2-Car,No injury/unknown,FOLLOWING TOO CLOSELY,N MADISON & W 17TH,39.178992,-86.537792
902484530,2015,6,5,Weekday,1200,1-Car,No injury/unknown,RAN OFF ROAD RIGHT,LODGE & ROCKPORT,39.07904,-86.594
902484531,2015,7,6,Weekday,1400,1-Car,No injury/unknown,RAN OFF ROAD RIGHT,HARRELL & RHORER,39.12181389,-86.50054649
902484532,2015,4,7,Weekend,700,1-Car,No injury/unknown,LEFT OF CENTER,GORE & OLD SR 37 S,38.76915985,-86.54174007
902484589,2015,7,7,Weekend,900,2-Car,No injury/unknown,LEFT OF CENTER,11TH & VERNAL,39.173344,-86.555104
902484595,2015,7,6,Weekday,1800,2-Car,No injury/unknown,FOLLOWING TOO CLOSELY,3RD & SR37N,39.164752,-86.573104
902484664,2015,7,6,Weekend,2100,2-Car,No injury/unknown,UNSAFE BACKING,E 7TH & N FORREST,0,0
902484714,2015,7,7,Weekend,1600,Moped/Motorcycle,Non-incapacitating,FOLLOWING TOO CLOSELY,E GENTRY & SR446S,39.15744,-86.471456
902484752,2015,7,7,Weekend,2100,2-Car,No injury/unknown,UNSAFE LANE MOVEMENT,3RD & SWAIN,,
902484784,2015,7,7,Weekend,2100,2-Car,No injury/unknown,IMPROPER LANE USAGE,ST RD 45 46,39.186352,-86.531696
902484844,2015,7,7,Weekend,2300,1-Car,No injury/unknown,OTHER (ENVIRONMENTAL) - EXPLAIN IN NARR,SR446S,39.148464,-86.471256
902484854,2015,7,7,Weekend,1200,2-Car,No injury/unknown,UNSAFE BACKING,WEST WHITEHALL CROSSING,0,0
902484986,2015,7,7,Weekend,0,2-Car,No injury/unknown,UNSAFE LANE MOVEMENT,DODDS & MADISON,,
902485106,2015,7,1,Weekend,1800,2-Car,No injury/unknown,DISREGARD SIGNAL/REG SIGN,NORTH COLLEGE & WEST 7TH,39.168656,-86.534784
902485108,2015,7,1,Weekend,1500,2-Car,No injury/unknown,,SOUTH WALNUT,39.16084114,-86.5336
902485133,2015,7,5,Weekday,1900,2-Car,No injury/unknown,FAILURE TO YIELD RIGHT OF WAY,W ST RD 45,39.125312,-86.610496
902485163,2015,7,1,Weekday,2100,2-Car,No injury/unknown,IMPROPER TURNING,E 3RD & S SWAIN,39.16425012,-86.51525996
902485277,2015,7,1,Weekend,1200,2-Car,Non-incapacitating,FOLLOWING TOO CLOSELY,CURRY & SR45,39.142048,-86.582592
902485320,2015,7,2,Weekday,500,2-Car,Non-incapacitating,FAILURE TO YIELD RIGHT OF WAY,ROGERS & WILSON,39.15146934,-86.538592
902485391,2015,7,2,Weekday,900,2-Car,No injury/unknown,UNSAFE BACKING,S LIBERTY,39.145264,-86.577616
902485653,2015,7,1,Weekday,1900,2-Car,No injury/unknown,IMPROPER LANE USAGE,N WALNUT & W 7TH,39.16864,-86.533568
902485668,2015,7,2,Weekday,1400,2-Car,No injury/unknown,IMPROPER PASSING,ORCHARD & WALNUT,38.01932812,-87.635098
902485738,2015,7,1,Weekend,1800,2-Car,No injury/unknown,UNSAFE BACKING,MORTON,39.16776686,-86.536
902485779,2015,7,2,Weekday,1700,Pedestrian,Incapacitating,DRIVER DISTRACTED - EXPLAIN IN NARRATIVE,S SARE,39.150448,-86.4992
902485890,2015,7,3,Weekday,400,1-Car,No injury/unknown,OTHER (DRIVER) - EXPLAIN IN NARRATIVE,GORDON,39.121648,-86.539088
902485913,2015,7,2,Weekday,600,2-Car,No injury/unknown,DISREGARD SIGNAL/REG SIGN,FULLERTON & SR37,39.122352,-86.5712
902486279,2015,7,6,Weekday,1500,1-Car,Incapacitating,OVERCORRECTING/OVERSTEERING,COUNTY LINE & SR46W,39.28084491,-86.68138599
902486290,2015,7,2,Weekday,1500,2-Car,No injury/unknown,UNSAFE BACKING,W SR 45,39.125312,-86.610496
902486291,2015,7,6,Weekday,1700,2-Car,No injury/unknown,FOLLOWING TOO CLOSELY,SR37S & W FULLERTON,39.17502644,-86.57353973
902486462,2015,7,3,Weekday,1400,2-Car,Non-incapacitating,FOLLOWING TOO CLOSELY,2ND & ROGERS,39.16151347,-86.53832754
902486464,2015,7,3,Weekday,1300,2-Car,No injury/unknown,FAILURE TO YIELD RIGHT OF WAY,COX & SR45E,39.22185242,-86.44175194
902486518,2015,7,3,Weekday,1400,1-Car,No injury/unknown,IMPROPER TURNING,S COLLEGE,39.16115717,-86.53485253
902486584,2015,7,3,Weekday,400,1-Car,Non-incapacitating,SPEED TOO FAST FOR WEATHER CONDITIONS,E SAMPLE,39.26616,-86.522752
902486622,2015,7,4,Weekday,500,2-Car,Incapacitating,FAILURE TO YIELD RIGHT OF WAY,E WINSLOW & S WALNUT ST,39.136144,-86.528688
902486774,2015,7,3,Weekday,1200,2-Car,No injury/unknown,UNSAFE BACKING,NORTH DANIELS,39.16671172,-86.59908838
902486863,2015,7,4,Weekday,1100,2-Car,No injury/unknown,OTHER (DRIVER) - EXPLAIN IN NARRATIVE,WALNUT,39.107344,-86.5264
902486880,2015,7,4,Weekday,1100,2-Car,No injury/unknown,FOLLOWING TOO CLOSELY,DUNCAN & SR45W,39.13467187,-86.59671551
902486923,2015,7,4,Weekday,1400,2-Car,No injury/unknown,FOLLOWING TOO CLOSELY,DANIELS & SR 48,0,0
902486984,2015,7,3,Weekday,1500,2-Car,No injury/unknown,FAILURE TO YIELD RIGHT OF WAY,E 3RD & S PETE ELLIS,39.16424,-86.495088
902487000,2015,7,3,Weekday,1700,2-Car,No injury/unknown,FAILURE TO YIELD RIGHT OF WAY,E 3RD & S LINCOLN,39.16464,-86.531024
902487072,2015,7,4,Weekday,1500,2-Car,No injury/unknown,DISREGARD SIGNAL/REG SIGN,N ROGERS & W KIRKWOOD,39.166672,-86.538608
902487077,2015,7,4,Weekday,1200,2-Car,Incapacitating,DISREGARD SIGNAL/REG SIGN,CURRY & SR45W,39.142048,-86.582592
902487088,2015,7,4,Weekday,1900,2-Car,Non-incapacitating,FAILURE TO YIELD RIGHT OF WAY,GATES & WEST THIRD,39.16459009,-86.57619975
902487132,2015,7,5,Weekday,1700,2-Car,No injury/unknown,UNSAFE BACKING,S OLD STATE ROAD 37,39.137088,-86.53056
902487133,2015,7,3,Weekday,2000,2-Car,No injury/unknown,FAILURE TO YIELD RIGHT OF WAY,S MCDOUGAL & W HENNESSEY,39.12593007,-86.55359007
902487134,2015,7,4,Weekday,1400,2-Car,No injury/unknown,FOLLOWING TOO CLOSELY,BIRCH & SR45W,39.08812773,-86.66905971
902487135,2015,7,2,Weekday,2100,1-Car,No injury/unknown,ANIMAL/OBJECT IN ROADWAY,S ROCKPORT & W MAY,39.093344,-86.5868
902487136,2015,7,4,Weekday,1700,3+ Cars,No injury/unknown,FOLLOWING TOO CLOSELY,S LIBERTY & W 3RD,39.00599354,-86.57913006
902487184,2015,7,4,Weekday,400,1-Car,No injury/unknown,ANIMAL/OBJECT IN ROADWAY,CHAMBERS & SR37N,39.30298816,-86.51723076
902487329,2015,7,5,Weekday,1000,1-Car,No injury/unknown,OTHER (DRIVER) - EXPLAIN IN NARRATIVE,S WALNUT,39.13493114,-86.52778394
902487407,2015,7,5,Weekday,1200,2-Car,No injury/unknown,UNSAFE BACKING,4TH & INDIANA,39.165648,-86.526848
902487416,2015,7,5,Weekday,900,2-Car,Incapacitating,DISREGARD SIGNAL/REG SIGN,N WALNUT & W 17TH,39.178944,-86.533392
902487455,2015,7,5,Weekday,1200,2-Car,No injury/unknown,FAILURE TO YIELD RIGHT OF WAY,BLOOMFIELD & SR37N,39.1475296,-86.57295227
902487490,2015,7,5,Weekday,800,2-Car,Non-incapacitating,FAILURE TO YIELD RIGHT OF WAY,SALE & SR46W,39.23384,-86.624704
902487495,2015,7,5,Weekday,1400,3+ Cars,Non-incapacitating,FOLLOWING TOO CLOSELY,3RD & BRYAN,39.16432,-86.50824
902487496,2015,7,5,Weekday,1300,1-Car,No injury/unknown,UNSAFE BACKING,FRIENDSHIP & SR46,39.14868611,-86.40731288
902487593,2015,7,5,Weekday,1600,2-Car,No injury/unknown,FAILURE TO YIELD RIGHT OF WAY,15TH & WALNUT,39.176848,-86.533424
902487616,2015,7,5,Weekday,1400,2-Car,No injury/unknown,FOLLOWING TOO CLOSELY,CURRY & DOYLE,39.158352,-86.582752
902487636,2015,7,5,Weekday,1500,1-Car,No injury/unknown,RAN OFF ROAD RIGHT,WALCOTT & WOODYARD,39.20446369,-86.60413314
902487637,2015,7,5,Weekday,2000,1-Car,No injury/unknown,RAN OFF ROAD RIGHT,GATES & JONATHAN,39.1846236,-86.57641969
902487652,2015,7,5,Weekday,1300,1-Car,No injury/unknown,ROADWAY SURFACE CONDITION,ROCKEAST & S ROCKPORT,39.14135716,-86.61335974
902487668,2015,7,5,Weekday,2000,2-Car,No injury/unknown,BRAKE FAILURE OR DEFECTIVE,N WILLIS,39.180048,-86.544
902487690,2015,7,5,Weekday,2300,1-Car,No injury/unknown,RAN OFF ROAD RIGHT,770 CURRY & DOYLE,39.158352,-86.582752
902487911,2015,7,6,Weekday,900,1-Car,No injury/unknown,BRAKE FAILURE OR DEFECTIVE,S WALUNT,39.16441345,-86.53406524
902488183,2015,7,6,Weekday,800,1-Car,No injury/unknown,RAN OFF ROAD RIGHT,SR46 & STINESVILLE,39.26727358,-86.66617449
902488299,2015,7,6,Weekday,1000,2-Car,No injury/unknown,UNSAFE BACKING,WEST SR45,39.125312,-86.610496
902488407,2015,7,6,Weekend,2100,2-Car,Incapacitating,FAILURE TO YIELD RIGHT OF WAY,N FEE & US4546S,39.186032,-86.51984
902488434,2015,7,7,Weekend,0,2-Car,No injury/unknown,FAILURE TO YIELD RIGHT OF WAY,OLD STATE ROAD 37 & WALNUT,39.20704,-86.534704
902488501,2015,7,6,Weekday,1200,2-Car,No injury/unknown,OTHER (DRIVER) - EXPLAIN IN NARRATIVE,EASTNTHIRD & SR46E,0,0
902488562,2015,7,5,Weekday,1300,2-Car,Non-incapacitating,FAILURE TO YIELD RIGHT OF WAY,DILLMAN & FAIRFAX,39.09261033,-86.51702016
902488599,2015,7,7,Weekend,1200,2-Car,No injury/unknown,OTHER (DRIVER) - EXPLAIN IN NARRATIVE,EAST THIRD & PARK RIDGE,39.16424,-86.476096
902488600,2015,7,6,Weekend,1900,3+ Cars,Incapacitating,FOLLOWING TOO CLOSELY,S PATTERSON & W 3RD,39.16344009,-86.55128002
902488665,2015,7,6,Weekday,1800,2-Car,No injury/unknown,FOLLOWING TOO CLOSELY,STONEYBROOK & W ARLINGTON,0,0
902488689,2015,7,7,Weekend,1800,2-Car,No injury/unknown,UNSAFE BACKING,WALNUT,39.165648,-86.5336
902488695,2015,7,7,Weekend,1600,Pedestrian,Non-incapacitating,UNSAFE BACKING,EAST 3RD,39.16464,-86.569392
902488739,2015,7,6,Weekday,1400,1-Car,No injury/unknown,RAN OFF ROAD RIGHT,CAVE & SR48W,39.16333196,-86.63013687
902488740,2015,7,7,Weekend,1600,2-Car,No injury/unknown,FAILURE TO YIELD RIGHT OF WAY,SMITH & SR46W,39.210144,-86.5832
902488747,2015,7,7,Weekend,1800,Moped/Motorcycle,Incapacitating,FAILURE TO YIELD RIGHT OF WAY,E GRIMES & S WALNUT,39.15344,-86.5336
902488748,2015,7,7,Weekend,1700,2-Car,No injury/unknown,FAILURE TO YIELD RIGHT OF WAY,GATES,0,0
902488790,2015,7,1,Weekend,300,1-Car,Non-incapacitating,RAN OFF ROAD RIGHT,3581 MAPLE GROVE & UNION VALLEY,39.24471489,-86.58926817
902488867,2015,7,5,Weekday,700,2-Car,No injury/unknown,UNSAFE BACKING,SR45W,39.125312,-86.610496
902488868,2015,7,6,Weekday,1000,1-Car,No injury/unknown,ANIMAL/OBJECT IN ROADWAY,AIRLINE & HANDY,0,0
902488869,2015,7,7,Weekend,700,1-Car,No injury/unknown,OTHER (ENVIRONMENTAL) - EXPLAIN IN NARR,STRAIN RIDGE & TIERNEY,0,0
902488877,2015,7,7,Weekend,900,2-Car,No injury/unknown,UNSAFE SPEED,SR37 & STONE BELT,39.30711293,-86.5282669
902489069,2015,7,1,Weekend,100,2-Car,No injury/unknown,UNSAFE BACKING,N GATES,39.16803807,-86.57621853
902489120,2015,7,1,Weekend,1600,1-Car,No injury/unknown,,S WALNUT,39.15556865,-86.5336
902489121,2015,7,1,Weekday,1900,2-Car,Incapacitating,LEFT OF CENTER,N OLD STATE ROAD 37 & N WALNUT,39.20704,-86.534704
902489142,2015,7,1,Weekday,2200,2-Car,No injury/unknown,CELL PHONE USAGE,2ND & WASHINGTON,39.16144,-86.5324
902489171,2015,7,7,Weekend,300,1-Car,No injury/unknown,ANIMAL/OBJECT IN ROADWAY,LOVE & SR46W,39.21749588,-86.59948776
902489173,2015,7,7,Weekend,2100,2-Car,No injury/unknown,UNSAFE BACKING,N WALNUT,39.18198955,-86.53374367
902489187,2015,7,4,Weekday,0,2-Car,No injury/unknown,UNSAFE BACKING,WEST 2ND,39.1614452,-86.53978943
902489401,2015,7,2,Weekday,1200,1-Car,No injury/unknown,IMPROPER PASSING,N JACKSON & W 17TH,39.179024,-86.539616
902489581,2015,7,2,Weekday,1400,2-Car,No injury/unknown,FAILURE TO YIELD RIGHT OF WAY,LONGVIEW & PETE ELLIS,39.166944,-86.495056
902489584,2015,7,2,Weekday,1200,2-Car,No injury/unknown,,N KINSER,39.20304,-86.547392
902489638,2015,7,2,Weekday,1600,3+ Cars,No injury/unknown,OTHER (DRIVER) - EXPLAIN IN NARRATIVE,3RD & CURRY,39.16463589,-86.58291865
902489668,2015,7,2,Weekday,1400,1-Car,Incapacitating,RAN OFF ROAD RIGHT,HARTSTRAIGHT & SR46W,0,0
902489758,2015,7,2,Weekday,1800,2-Car,No injury/unknown,FOLLOWING TOO CLOSELY,SR37 & TAPP,39.13704,-86.572896
902489820,2015,7,2,Weekday,800,1-Car,Incapacitating,OTHER (VEHICLE) - EXPLAIN IN NARRATIVE,KERR CREEK,39.16664,-86.462496
902489901,2015,7,5,Weekday,2100,3+ Cars,No injury/unknown,FOLLOWING TOO CLOSELY,COUNTRY CLUB & S ROGERS,39.13304,-86.5384
902489925,2015,7,6,Weekday,1000,2-Car,No injury/unknown,FAILURE TO YIELD RIGHT OF WAY,SMITH & SR46W,39.210144,-86.5832
902490207,2015,7,6,Weekday,1100,2-Car,No injury/unknown,IMPROPER PASSING,PARK & TURTLE BACK CREEK,39.22079514,-86.61991976
902490300,2015,7,2,Weekday,1400,1-Car,No injury/unknown,SPEED TOO FAST FOR WEATHER CONDITIONS,OLD SR37S,0,0
902490355,2015,7,3,Weekday,1700,2-Car,No injury/unknown,UNSAFE LANE MOVEMENT,3RD & HAWTHORN,0,0
902490396,2015,7,3,Weekday,1800,2-Car,No injury/unknown,FOLLOWING TOO CLOSELY,3RD & FRANKLIN,39.16464161,-86.56943706
902490428,2015,7,2,Weekday,2000,1-Car,Non-incapacitating,RAN OFF ROAD RIGHT,N THOMAS & W VERNAL,39.18904,-86.630096
902490496,2015,7,3,Weekday,2200,2-Car,Incapacitating,IMPROPER TURNING,GORDON & OLD SR 37,39.121552,-86.531296
902490583,2015,7,4,Weekday,900,2-Car,No injury/unknown,SPEED TOO FAST FOR WEATHER CONDITIONS,3RD & YANCY,39.16454774,-86.56949951
902490584,2015,7,4,Weekday,800,2-Car,No injury/unknown,UNSAFE BACKING,W THIRD,0,0
902490626,2015,7,4,Weekday,900,1-Car,No injury/unknown,RAN OFF ROAD RIGHT,HENDERSON & WINSLOW,39.13603999,-86.52687996
902490956,2015,7,4,Weekday,1500,2-Car,No injury/unknown,UNSAFE BACKING,W 2ND,0,0
902490973,2015,7,4,Weekday,1600,3+ Cars,Incapacitating,FOLLOWING TOO CLOSELY,N WALNUT,39.250688,-86.529744
902491007,2015,7,7,Weekend,2000,1-Car,No injury/unknown,ANIMAL/OBJECT IN ROADWAY,E WILL SOWDERS & S FAIRFAX,0,0
902491022,2015,7,4,Weekday,1500,2-Car,No injury/unknown,FOLLOWING TOO CLOSELY,SR37 & THAT,39.11570265,-86.56477235
902491110,2015,7,1,Weekend,900,2-Car,No injury/unknown,UNSAFE BACKING,NORTH JORDAN,39.16756821,-86.51656341
902491240,2015,7,3,Weekday,1300,2-Car,No injury/unknown,DRIVER DISTRACTED - EXPLAIN IN NARRATIVE,DUNCAN & SR45W,39.13485593,-86.59645375
902491428,2015,7,5,Weekday,600,2-Car,Incapacitating,IMPROPER TURNING,N COLLEGE & W 10TH,39.171744,-86.534768
902491518,2015,7,5,Weekday,1500,2-Car,No injury/unknown,DRIVER DISTRACTED - EXPLAIN IN NARRATIVE,FOX HOLLOW & SR37,39.28585088,-86.52030912
902491555,2015,7,5,Weekday,1500,2-Car,No injury/unknown,UNSAFE BACKING,MELVILLE & ROCK CREEK,39.17512626,-86.50022014
902491676,2015,7,5,Weekday,2300,3+ Cars,No injury/unknown,OVERCORRECTING/OVERSTEERING,10TH & N DUNN,39.17168,-86.528256
902491733,2015,7,2,Weekday,800,2-Car,Incapacitating,UNSAFE SPEED,10TH & SR46,0,0
902491782,2015,7,6,Weekday,700,2-Car,No injury/unknown,FOLLOWING TOO CLOSELY,ALLEN & ROGERS,39.15559072,-86.53873702
902491794,2015,7,5,Weekday,1300,2-Car,No injury/unknown,OTHER (DRIVER) - EXPLAIN IN NARRATIVE,10TH & 45 46,39.17153031,-86.5023124
902491795,2015,7,6,Weekday,800,2-Car,No injury/unknown,FOLLOWING TOO CLOSELY,N OLD ST RD 37 & N WALNUT,39.18336019,-86.53415009
902495331,2015,8,4,Weekday,1300,2-Car,No injury/unknown,FAILURE TO YIELD RIGHT OF WAY,COLLEGE MALL & COVENANTER,0,0
902495413,2015,8,5,Weekday,900,2-Car,No injury/unknown,FOLLOWING TOO CLOSELY,HARTSTRAIT & SR46W,0,0
902495547,2015,8,3,Weekday,1200,2-Car,No injury/unknown,UNSAFE BACKING,CURRY,39.15783428,-86.58258341
902495548,2015,8,4,Weekday,700,2-Car,Non-incapacitating,FAILURE TO YIELD RIGHT OF WAY,LOUDEN & RATLIFF,39.21657228,-86.63986124
902495549,2015,8,5,Weekday,800,2-Car,Incapacitating,FAILURE TO YIELD RIGHT OF WAY,BERNICE & FAIRFAX,39.06714022,-86.50289389
902495594,2015,8,4,Weekday,1300,2-Car,No injury/unknown,UNSAFE LANE MOVEMENT,SOUTH OLD STATE ROAD 37,39.138688,-86.465968
902495694,2015,8,5,Weekday,1500,2-Car,No injury/unknown,OVERCORRECTING/OVERSTEERING,17TH & SR46W,39.18300777,-86.51149532
902495719,2015,8,5,Weekday,1500,2-Car,Non-incapacitating,FAILURE TO YIELD RIGHT OF WAY,S ADAMS & WOODHILL,39.15703967,-86.55060008
902495743,2015,8,5,Weekday,1600,1-Car,Incapacitating,OTHER (VEHICLE) - EXPLAIN IN NARRATIVE,S ROGERS,39.15933159,-86.538592
902495775,2015,8,5,Weekday,1700,3+ Cars,Incapacitating,LEFT OF CENTER,DUNN & SR37N,0,0
902495780,2015,7,6,Weekend,1900,2-Car,Incapacitating,UNSAFE SPEED,S FAIRFAX ROAD,39.06371689,-86.49869537
902495781,2015,8,5,Weekday,1700,2-Car,Incapacitating,LEFT OF CENTER,1285 LIBERTY & ENTRANCE TO MENARDS,0,0
902495786,2015,8,4,Weekday,1800,1-Car,Non-incapacitating,RAN OFF ROAD RIGHT,S BLAIKELEE & W MAY,0,0
902495787,2015,8,5,Weekday,1400,1-Car,No injury/unknown,RAN OFF ROAD RIGHT,S COUNTY LINE & W REEVES,39.24172799,-86.68410713
902495788,2015,8,5,Weekday,1600,1-Car,No injury/unknown,RAN OFF ROAD RIGHT,S CURRY & W GLEN OAKS,39.14464,-86.582592
902495789,2015,8,5,Weekday,1700,2-Car,No injury/unknown,FOLLOWING TOO CLOSELY,E MORNING BROOK LANE & S STRAIN RIDGE,0,0
902495790,2015,8,4,Weekday,1300,1-Car,No injury/unknown,RAN OFF ROAD RIGHT,ANDERSON & SHILO,39.2805071,-86.46300057
902495793,2015,8,5,Weekday,1600,Bus,No injury/unknown,LEFT OF CENTER,CORTLAND & S OLD ST RD 37,0,0
902495794,2015,8,5,Weekday,1600,1-Car,No injury/unknown,RAN OFF ROAD RIGHT,CONSTITUTION & S LIBERTY,0,0
902495876,2015,8,5,Weekday,2200,1-Car,No injury/unknown,SPEED TOO FAST FOR WEATHER CONDITIONS,GOURLEY & SR37N,39.23940996,-86.551651
902495893,2015,8,5,Weekday,1300,3+ Cars,No injury/unknown,PEDESTRIAN ACTION,E 3RD & PETE ELLIS,39.16424,-86.495088
902495920,2015,8,5,Weekday,2000,2-Car,No injury/unknown,UNSAFE BACKING,E GOODNIGHT & E STRATUM,0,0