Master Record Number,Year,Month,Day,Weekend?,Hour,Collision Type,Injury Type,Primary Factor,Reported_Location,Latitude,Longitude
902507527,2015,8,4,Weekday,1400,2-Car,No injury/unknown,FAILURE TO YIELD RIGHT OF WAY,S LIBERTY,39.145264,-86.577616
902507659,2015,8,6,Weekday,800,2-Car,No injury/unknown,FAILURE TO YIELD RIGHT OF WAY,10TH & DUNN,39.17168,-86.528256
902507661,2015,8,6,Weekday,800,2-Car,No injury/unknown,DISREGARD SIGNAL/REG SIGN,COVENANTER & S HIGH,39.15424,-86.508288
902507751,2015,8,3,Weekday,600,2-Car,No injury/unknown,UNSAFE BACKING,CURRY & VERNAL,39.17915985,-86.58308029
902507759,2015,8,6,Weekday,900,3+ Cars,No injury/unknown,DRIVER DISTRACTED - EXPLAIN IN NARRATIVE,10TH & UNION,39.171472,-86.509376
902507815,2015,8,3,Weekday,1100,2-Car,No injury/unknown,FAILURE TO YIELD RIGHT OF WAY,RAYLE & TAPP,39.13704,-86.577504
902507816,2015,8,6,Weekday,700,1-Car,No injury/unknown,ANIMAL/OBJECT IN ROADWAY,ANDERSON & SR37N,0,0
902507817,2015,8,6,Weekday,800,2-Car,No injury/unknown,LEFT OF CENTER,SR46W & STINESVILLE,0,0
902507852,2015,8,6,Weekday,1200,Pedestrian,Non-incapacitating,TOW HITCH FAILURE,S HENDERSON,0,0
902507956,2015,8,4,Weekday,1700,1-Car,No injury/unknown,UNSAFE BACKING,N JOHNSON,39.16951242,-86.564992
902507985,2015,8,7,Weekend,600,Pedestrian,Non-incapacitating,PEDESTRIAN ACTION,3RD & GATES,0,0
902508035,2015,8,7,Weekend,1000,2-Car,No injury/unknown,UNSAFE BACKING,S WALNUT,39.14572622,-86.53217956
902508036,2015,8,7,Weekend,800,2-Car,No injury/unknown,,E 4TH & S CLARK,39.165648,-86.5048
902508053,2015,8,7,Weekend,1200,2-Car,No injury/unknown,FAILURE TO YIELD RIGHT OF WAY,17TH & DUNN,39.17904,-86.5284
902508058,2015,8,6,Weekend,2200,Moped/Motorcycle,No injury/unknown,FAILURE TO YIELD RIGHT OF WAY,7TH & JORDAN,39.168944,-86.516016
902508086,2015,8,6,Weekday,1400,2-Car,No injury/unknown,FOLLOWING TOO CLOSELY,DILLMAN & SOUTH OLD STATE ROAD 37,39.092944,-86.544
902508087,2015,8,6,Weekday,1600,2-Car,No injury/unknown,FOLLOWING TOO CLOSELY,W TAPP,39.13704,-86.572896
902508110,2015,8,6,Weekday,1800,2-Car,No injury/unknown,FOLLOWING TOO CLOSELY,E 7TH & SR46E,39.167648,-86.500096
902508111,2015,8,6,Weekday,1600,2-Car,No injury/unknown,FOLLOWING TOO CLOSELY,CURRY & W 3RD,39.16463971,-86.58292002
902508112,2015,8,6,Weekend,2100,2-Car,No injury/unknown,UNSAFE LANE MOVEMENT,PATTERSON,39.115248,-86.573504
902508259,2015,8,2,Weekday,0,2-Car,No injury/unknown,IMPROPER LANE USAGE,FLEENER & HASH,39.172656,-86.400688
902508260,2015,8,2,Weekday,1200,2-Car,No injury/unknown,FOLLOWING TOO CLOSELY,3RD & COLLEGE MALL,39.16424,-86.4984
902508271,2015,8,6,Weekday,1700,1-Car,No injury/unknown,RAN OFF ROAD RIGHT,S FAIRFAX & S OLD SR 37,0,0
902508339,2015,8,1,Weekend,100,1-Car,No injury/unknown,OTHER (DRIVER) - EXPLAIN IN NARRATIVE,17TH & WALNUT,39.17904,-86.53163343
902508356,2015,8,4,Weekday,2200,1-Car,No injury/unknown,ANIMAL/OBJECT IN ROADWAY,SR45W,0,0
902508574,2015,8,6,Weekday,700,2-Car,No injury/unknown,FAILURE TO YIELD RIGHT OF WAY,MAPLE GROVE & RIDGEWAY,0,0
902508575,2015,8,6,Weekday,1300,2-Car,No injury/unknown,FAILURE TO YIELD RIGHT OF WAY,RHORER & SOUTH WALNUT STREET,39.12144,-86.526496
902508576,2015,8,7,Weekend,1300,1-Car,No injury/unknown,RAN OFF ROAD RIGHT,KENT & MCGOWAN,0,0
902508594,2015,8,1,Weekend,700,1-Car,No injury/unknown,IMPROPER TURNING,STULL,0,0
902508834,2015,8,7,Weekend,1800,1-Car,Incapacitating,IMPROPER TURNING,W INDUSTRIAL PARK,0,0
902509034,2015,8,1,Weekend,1100,2-Car,No injury/unknown,FAILURE TO YIELD RIGHT OF WAY,10TH & COLLEGE,39.171744,-86.534768
902509035,2015,8,1,Weekend,900,3+ Cars,Incapacitating,DISREGARD SIGNAL/REG SIGN,SR37S & W TAPP,39.13704,-86.572896
902509092,2015,8,2,Weekday,1700,2-Car,No injury/unknown,OTHER (DRIVER) - EXPLAIN IN NARRATIVE,45,39.16424,-86.48664897
902509117,2015,8,7,Weekend,1700,2-Car,No injury/unknown,FOLLOWING TOO CLOSELY,E 3RD & S COLLEGE MALL,39.16424,-86.4984
902509135,2015,8,1,Weekend,1400,2-Car,No injury/unknown,OTHER (DRIVER) - EXPLAIN IN NARRATIVE,HIGH & MOORES,39.150544,-86.508288
902509295,2015,8,6,Weekday,1200,2-Car,No injury/unknown,UNSAFE BACKING,E 3RD,39.164465,-86.54881114
902509338,2015,8,1,Weekday,1900,2-Car,No injury/unknown,IMPROPER TURNING,SWAIN & THIRD,0,0
902509363,2015,8,1,Weekend,1400,2-Car,No injury/unknown,FOLLOWING TOO CLOSELY,1ST & S COLLEGE,39.17688,-86.534736
902509414,2015,8,6,Weekday,1200,2-Car,No injury/unknown,UNSAFE BACKING,DANIELS,39.16671172,-86.59908838
902510278,2015,8,2,Weekday,900,1-Car,No injury/unknown,UNSAFE BACKING,W 6TH & W JACKSON,39.16768,-86.539808
902510325,2015,8,7,Weekend,1000,2-Car,No injury/unknown,OTHER (VEHICLE) - EXPLAIN IN NARRATIVE,410 E 6TH & N GRANT,39.167712,-86.529696
902510654,2015,8,2,Weekday,600,2-Car,Incapacitating,DRIVER ASLEEP OR FATIGUED,SR37 & TAPP,39.13652039,-86.55490112
902510737,2015,8,1,Weekend,1300,2-Car,No injury/unknown,FAILURE TO YIELD RIGHT OF WAY,COTTAGE GROVE & INDIANA,39.17264,-86.52704
902510766,2015,8,2,Weekday,1200,2-Car,No injury/unknown,FAILURE TO YIELD RIGHT OF WAY,E 15TH & N WALNUTST,39.176848,-86.533424
902511055,2015,8,2,Weekday,1500,1-Car,No injury/unknown,OTHER (VEHICLE) - EXPLAIN IN NARRATIVE,RENWICK,39.14958954,-86.50096893
902511164,2015,8,2,Weekday,1300,1-Car,Incapacitating,DRIVER ILLNESS,RAMP 8 & SR37S,0,0
902511581,2015,8,2,Weekday,1600,2-Car,No injury/unknown,FOLLOWING TOO CLOSELY,LOVE & SR46W,39.219152,-86.602304
902511654,2015,8,2,Weekday,1700,2-Car,No injury/unknown,UNSAFE BACKING,1ST & WALKER,39.15946975,-86.54602886
902511939,2015,8,6,Weekday,800,2-Car,Incapacitating,OTHER (DRIVER) - EXPLAIN IN NARRATIVE,SMITHVILLE & SR37N,0,0
902512015,2015,8,2,Weekday,1300,2-Car,Non-incapacitating,FAILURE TO YIELD RIGHT OF WAY,BUICK CADILLAC & COLLEGE MALL,0,0
902512194,2015,9,3,Weekday,700,2-Car,No injury/unknown,UNSAFE SPEED,10TH & JORDAN,39.171552,-86.515728
902512396,2015,9,3,Weekday,1000,2-Car,No injury/unknown,FAILURE TO YIELD RIGHT OF WAY,COLLEGE MALL,39.16424,-86.4984
902512670,2015,8,2,Weekday,1500,Cyclist,No injury/unknown,OTHER (DRIVER) - EXPLAIN IN NARRATIVE,E COVENANTER & SO COLLEGE MALL,39.155152,-86.497888
902512758,2015,9,3,Weekday,1200,2-Car,No injury/unknown,DRIVER ASLEEP OR FATIGUED,SR37 & TAPP,0,0
902512796,2015,9,3,Weekday,1300,Bus,No injury/unknown,UNSAFE LANE MOVEMENT,BALFOUR & N JORDAN EXTENSION,39.18240585,-86.51259862
902513090,2015,9,3,Weekday,1600,2-Car,No injury/unknown,FOLLOWING TOO CLOSELY,HICKORY LEAF & SR45W,39.145152,-86.5776
902513094,2015,9,3,Weekday,1300,2-Car,No injury/unknown,FOLLOWING TOO CLOSELY,W 3RD,39.164752,-86.573104
902513122,2015,9,3,Weekday,1300,2-Car,No injury/unknown,UNSAFE BACKING,S COLLEGE,39.17088686,-86.534768
902513125,2015,9,3,Weekday,1700,2-Car,No injury/unknown,FOLLOWING TOO CLOSELY,COUNTRY CLUB & MADISON,0,0
902513181,2015,9,3,Weekday,1700,2-Car,No injury/unknown,IMPROPER PASSING,S COLLEGE,39.16115717,-86.53485253
902513384,2015,9,3,Weekday,1200,2-Car,No injury/unknown,UNSAFE LANE MOVEMENT,DANIELS,39.16809464,-86.6001892
902513424,2015,9,3,Weekday,1000,2-Car,No injury/unknown,OTHER (DRIVER) - EXPLAIN IN NARRATIVE,6TH & GRANT,39.16743734,-86.529696
902513438,2015,9,3,Weekday,900,2-Car,Incapacitating,FAILURE TO YIELD RIGHT OF WAY,BLUE RIDGE & WALNUT,39.19605806,-86.53409885
902513650,2015,9,4,Weekday,1200,2-Car,No injury/unknown,LEFT OF CENTER,GRIMES & WALNUT,39.15335029,-86.53371021
902513651,2015,9,3,Weekday,1500,2-Car,No injury/unknown,FAILURE TO YIELD RIGHT OF WAY,N MORTON & W 11TH,39.173216,-86.536
902513658,2015,8,5,Weekday,1500,2-Car,No injury/unknown,IMPROPER LANE USAGE,HAWTHORNE & HUNTER,39.16224,-86.52016
902513767,2015,9,4,Weekday,1500,2-Car,No injury/unknown,UNSAFE LANE MOVEMENT,10TH & JORDAN,39.17155391,-86.51590441
902513847,2015,9,4,Weekday,1700,2-Car,No injury/unknown,FOLLOWING TOO CLOSELY,HILLSIDE & WOODLAWN,39.15052995,-86.52261994
902513856,2015,9,4,Weekday,1500,2-Car,No injury/unknown,DRIVER DISTRACTED - EXPLAIN IN NARRATIVE,RAMP 8 & STATE ROAD 45,0,0
902513875,2015,9,4,Weekday,1700,2-Car,No injury/unknown,UNSAFE BACKING,E 3RD,39.164272,-86.50232131
902513920,2015,9,4,Weekday,1600,Bus,No injury/unknown,UNSAFE BACKING,W ALLEN,39.15574596,-86.54770384
902513974,2015,9,4,Weekday,2200,2-Car,No injury/unknown,FOLLOWING TOO CLOSELY,3RD & JORDAN,39.16424,-86.5164
902514043,2015,8,3,Weekday,900,2-Car,No injury/unknown,OVERCORRECTING/OVERSTEERING,ADAMS,39.164544,-86.552192
902514176,2015,9,5,Weekday,1100,2-Car,No injury/unknown,UNSAFE BACKING,W 3RD,39.16516495,-86.57852172
902514185,2015,9,5,Weekday,1100,2-Car,No injury/unknown,FAILURE TO YIELD RIGHT OF WAY,FOREST PARK & SR46W,39.2123644,-86.58817795
902514198,2015,9,5,Weekday,1100,2-Car,No injury/unknown,DISREGARD SIGNAL/REG SIGN,10TH & SR46W,39.171648,-86.502096
902514211,2015,9,5,Weekday,1000,2-Car,No injury/unknown,DRIVER DISTRACTED - EXPLAIN IN NARRATIVE,SR37S & VICTOR,39.105552,-86.551104
902514225,2015,9,5,Weekday,1100,2-Car,No injury/unknown,FAILURE TO YIELD RIGHT OF WAY,DANIELS WAY & STATE ROAD 48,39.15422548,-86.59909978
902514280,2015,9,5,Weekday,900,Moped/Motorcycle,Fatal,DISREGARD SIGNAL/REG SIGN,SR37S & VICTOR,39.105552,-86.551104
902514396,2015,9,5,Weekday,1500,2-Car,No injury/unknown,FAILURE TO YIELD RIGHT OF WAY,N WALNUT & W 7TH,39.16864,-86.533568
902514472,2015,9,5,Weekday,1700,2-Car,Non-incapacitating,FOLLOWING TOO CLOSELY,ATWATER & HIGHLAND,39.1632,-86.517584
902514496,2015,9,5,Weekday,1900,2-Car,No injury/unknown,DISREGARD SIGNAL/REG SIGN,3RD & LINCOLN,39.16464,-86.531024
902534157,2015,10,3,Weekday,1500,2-Car,No injury/unknown,STEERING FAILURE,LAKEVIEW & SR46W,39.22148334,-86.60616326
902534162,2015,10,3,Weekday,1700,2-Car,No injury/unknown,FAILURE TO YIELD RIGHT OF WAY,NORTH COLLEGE & WEST 11TH,39.173232,-86.534752
902534167,2015,10,3,Weekday,1700,3+ Cars,No injury/unknown,FOLLOWING TOO CLOSELY,SOUTH OLD STATE ROAD 37 & WAYSIDE,39.109248,-86.53128
902534178,2015,10,2,Weekday,1300,2-Car,No injury/unknown,IMPROPER TURNING,KIRKWOOD & NORTH WALNUT,39.16664,-86.5336
902534181,2015,10,3,Weekday,2000,2-Car,No injury/unknown,OTHER (DRIVER) - EXPLAIN IN NARRATIVE,2ND & MADISON,39.161488,-86.537296
902534221,2015,10,7,Weekend,200,1-Car,No injury/unknown,RAN OFF ROAD RIGHT,N BOTTOM & W MAPLE GROVE,39.24727991,-86.54774652
902534258,2015,10,1,Weekend,100,1-Car,No injury/unknown,ROADWAY SURFACE CONDITION,WEST ARLINGTON,39.185048,-86.550584
902534297,2015,10,5,Weekday,1100,1-Car,No injury/unknown,LEFT OF CENTER,E DEVINSHIRE COURT & RUSSELL ROAD,39.17996988,-86.48165355
902534299,2015,10,7,Weekend,1600,1-Car,No injury/unknown,ROADWAY SURFACE CONDITION,GIFFORD & PARK SQUARE,39.154448,-86.591696
902534300,2015,10,1,Weekend,1400,1-Car,No injury/unknown,DRIVER DISTRACTED - EXPLAIN IN NARRATIVE,LOESCH & W OLD VERNAL,39.29203297,-86.59263968
902534322,2015,10,4,Weekday,700,2-Car,No injury/unknown,IMPROPER LANE USAGE,3RD,39.164752,-86.573104
902534325,2015,10,3,Weekday,1200,2-Car,No injury/unknown,FOLLOWING TOO CLOSELY,CONSTITUSION & CURRY,0,0
902534376,2015,10,7,Weekend,800,1-Car,No injury/unknown,DRIVER DISTRACTED - EXPLAIN IN NARRATIVE,S ROCKPORT & S VICTOR,39.053744,-86.606304
902534381,2015,10,4,Weekday,600,1-Car,No injury/unknown,ANIMAL/OBJECT IN ROADWAY,17TH & SR46E,39.18077171,-86.50838423
902534491,2015,10,4,Weekday,900,2-Car,No injury/unknown,UNSAFE BACKING,12TH & INDIANA,39.174368,-86.527088
902534533,2015,10,4,Weekday,1300,2-Car,No injury/unknown,FAILURE TO YIELD RIGHT OF WAY,E THIRD & PETE ELLIS,39.16424,-86.495088
902534648,2015,10,4,Weekday,1700,2-Car,No injury/unknown,FOLLOWING TOO CLOSELY,SR37N & VERNAL,39.1775537,-86.5612041
902534658,2015,10,4,Weekday,1500,2-Car,Incapacitating,UNSAFE LANE MOVEMENT,W 3RD ST,39.164752,-86.573104
902534701,2015,10,4,Weekday,1700,2-Car,No injury/unknown,FOLLOWING TOO CLOSELY,E RHORER & S WALNUT STREET,39.12144,-86.526496
902534707,2015,10,2,Weekday,2000,2-Car,No injury/unknown,IMPROPER TURNING,N CURRY & WOODYARD,39.190672,-86.582992
902534716,2015,10,4,Weekday,2000,2-Car,No injury/unknown,FAILURE TO YIELD RIGHT OF WAY,10TH & INDIANA,39.17168,-86.527024
902534825,2015,10,5,Weekday,0,1-Car,Non-incapacitating,RAN OFF ROAD RIGHT,S KINGSTON,39.16658457,-86.49281455
902534888,2015,10,5,Weekday,700,2-Car,No injury/unknown,FOLLOWING TOO CLOSELY,2ND & S WALNUT,39.16144,-86.5336
902534942,2015,10,5,Weekday,800,2-Car,No injury/unknown,FOLLOWING TOO CLOSELY,3RD & INDIANA,39.164448,-86.5268
902534996,2015,10,5,Weekday,800,2-Car,No injury/unknown,FOLLOWING TOO CLOSELY,3RD & FACULTY,39.164352,-86.521088
902535191,2015,10,4,Weekday,2200,2-Car,Non-incapacitating,DISREGARD SIGNAL/REG SIGN,N OUTBACK & SR46W,0,0
902535257,2015,10,5,Weekday,1500,2-Car,No injury/unknown,OTHER (DRIVER) - EXPLAIN IN NARRATIVE,S CLARIZZ,39.152606,-86.492729
902535259,2015,10,5,Weekday,1700,2-Car,No injury/unknown,UNSAFE BACKING,HUNTER & SWAIN,39.15159628,-86.51525996
902535279,2015,10,5,Weekday,1600,1-Car,No injury/unknown,OTHER (DRIVER) - EXPLAIN IN NARRATIVE,STARNES,39.22110748,-86.66004943
902535327,2015,10,4,Weekday,1800,1-Car,Incapacitating,RAN OFF ROAD RIGHT,MCNEELY & UNION VALLEY,0,0
902535330,2015,10,5,Weekday,1700,2-Car,No injury/unknown,FAILURE TO YIELD RIGHT OF WAY,LIBERTY & W 3RD,39.16461021,-86.57910409
902535331,2015,10,5,Weekday,1900,2-Car,No injury/unknown,FAILURE TO YIELD RIGHT OF WAY,CURRY & W 3RD,39.16463971,-86.58292002
902535342,2015,10,5,Weekday,1300,2-Car,No injury/unknown,FOLLOWING TOO CLOSELY,E 2ND & S WASHINGTON,39.16144,-86.5324
902535359,2015,10,5,Weekday,1700,Moped/Motorcycle,Non-incapacitating,ROADWAY SURFACE CONDITION,10TH & TAMARRON,39.17361975,-86.48213486
902535370,2015,10,5,Weekday,1300,2-Car,No injury/unknown,IMPROPER TURNING,EAST 3RD,39.16416496,-86.49477459
902535396,2015,10,4,Weekday,0,2-Car,No injury/unknown,FAILURE TO YIELD RIGHT OF WAY,SR37N & VERNAL,39.176544,-86.5624
902535457,2015,10,3,Weekday,1900,2-Car,No injury/unknown,OTHER (DRIVER) - EXPLAIN IN NARRATIVE,N BRYAN,39.14184,-86.5364
902535513,2015,10,6,Weekday,700,Moped/Motorcycle,Non-incapacitating,FAILURE TO YIELD RIGHT OF WAY,ADAMS & PATTERSON,39.1626703,-86.55050882
902535818,2015,10,6,Weekday,1400,2-Car,Incapacitating,DISREGARD SIGNAL/REG SIGN,4TH & COLLEGE,39.16558988,-86.53488971
902535909,2015,10,3,Weekday,1100,2-Car,No injury/unknown,UNSAFE LANE MOVEMENT,6TH & WALNUT,39.167648,-86.533584
902535931,2015,10,6,Weekday,1600,2-Car,No injury/unknown,FAILURE TO YIELD RIGHT OF WAY,EDGEWOOD & SR46W,39.236288,-86.628336
902535942,2015,10,6,Weekday,1500,3+ Cars,No injury/unknown,FOLLOWING TOO CLOSELY,W 3RD,39.164752,-86.573104
902535975,2015,10,6,Weekend,2000,1-Car,No injury/unknown,OTHER (ENVIRONMENTAL) - EXPLAIN IN NARR,3RD & REISNER,39.16420989,-86.488
902536009,2015,10,6,Weekend,2100,Moped/Motorcycle,Incapacitating,RAN OFF ROAD RIGHT,S WALNUT & W ASSOCIATION,39.234688,-86.62792
902536064,2015,10,7,Weekend,300,1-Car,No injury/unknown,ANIMAL/OBJECT IN ROADWAY,SOUTHDOWNS & WOODLAWN,39.15578923,-86.52265606
902514606,2015,9,5,Weekday,2200,2-Car,No injury/unknown,FOLLOWING TOO CLOSELY,45 46 & THIRD,0,0
902514725,2015,8,5,Weekday,2200,2-Car,No injury/unknown,FAILURE TO YIELD RIGHT OF WAY,E RHORER & SOUTH WALNUT STREET,39.12144,-86.526496
902514726,2015,8,6,Weekday,1500,2-Car,Incapacitating,FAILURE TO YIELD RIGHT OF WAY,S OLD STATE ROAD 37 & W DILLMAN,39.092944,-86.544
902514817,2015,9,6,Weekday,1000,2-Car,No injury/unknown,FAILURE TO YIELD RIGHT OF WAY,E 2ND & S HENDERSON,39.16144,-86.527152
902514835,2015,9,6,Weekday,900,2-Car,No injury/unknown,FAILURE TO YIELD RIGHT OF WAY,10TH & SUNRISE,39.17475283,-86.51247985
902514943,2015,9,6,Weekday,1200,2-Car,No injury/unknown,FAILURE TO YIELD RIGHT OF WAY,E HUNTER & S WOODLAWN,39.1622103,-86.52263
902514984,2015,9,5,Weekday,1800,1-Car,Non-incapacitating,RAN OFF ROAD RIGHT,SR48W & W VERNAL,39.17662048,-86.5625099
902515048,2015,9,6,Weekday,1400,2-Car,No injury/unknown,FAILURE TO YIELD RIGHT OF WAY,CURRY & SR45E,39.142048,-86.582592
902515085,2015,9,6,Weekday,1500,2-Car,No injury/unknown,DRIVER DISTRACTED - EXPLAIN IN NARRATIVE,SAMPLE & SR37,39.21294425,-86.5228691
902515090,2015,9,6,Weekday,1600,2-Car,No injury/unknown,UNSAFE BACKING,17TH & N JORDAN,39.178848,-86.511088
902515116,2015,9,5,Weekday,1900,2-Car,No injury/unknown,IMPROPER TURNING,E 3RD,39.16443758,-86.54775367
902515171,2015,9,6,Weekday,1600,2-Car,Non-incapacitating,FOLLOWING TOO CLOSELY,10TH & SR 45 46,0,0
902515184,2015,9,6,Weekend,2000,2-Car,No injury/unknown,,SOUTH ROOSEVELT,39.16548058,-86.50607675
902515191,2015,9,6,Weekday,1400,1-Car,No injury/unknown,INSECURE/LEAKY LOAD,KINSER & SR46W,39.186544,-86.537888
902515193,2015,9,6,Weekday,1500,Pedestrian,Incapacitating,BRAKE FAILURE OR DEFECTIVE,SOUTH WALNUT STREET,39.129673,-86.532737
902515202,2015,9,6,Weekday,1300,2-Car,No injury/unknown,UNSAFE LANE MOVEMENT,E ATWATER & S DUNN,39.164448,-86.528096
902515213,2015,9,6,Weekday,1800,2-Car,Incapacitating,FAILURE TO YIELD RIGHT OF WAY,PATTERSON & W 3RD,39.16344009,-86.55130598
902515215,2015,8,5,Weekday,1700,2-Car,Non-incapacitating,FOLLOWING TOO CLOSELY,S WALKER & W 2ND,39.16142978,-86.54614023
902515232,2015,9,5,Weekday,1700,2-Car,Incapacitating,FAILURE TO YIELD RIGHT OF WAY,ACUFF & SR37,39.20824,-86.554704
902515238,2015,9,6,Weekend,2200,2-Car,No injury/unknown,DRIVER DISTRACTED - EXPLAIN IN NARRATIVE,MULLER,39.16180998,-86.56743228
902515274,2015,9,6,Weekend,2300,2-Car,No injury/unknown,DISREGARD SIGNAL/REG SIGN,SR37S & SR45W,39.148144,-86.572992
902515331,2015,9,5,Weekday,1300,2-Car,Non-incapacitating,LEFT OF CENTER,MAY & ROCKPORT,39.09344,-86.59384767
902515336,2015,9,6,Weekday,1300,2-Car,No injury/unknown,FAILURE TO YIELD RIGHT OF WAY,DODDS & WASHINGTON,39.15738031,-86.53243012
902515396,2015,9,6,Weekday,900,2-Car,No injury/unknown,FAILURE TO YIELD RIGHT OF WAY,S WALNUT & S WALNUT STREET,39.107344,-86.5264
902515407,2015,9,7,Weekend,1000,2-Car,Non-incapacitating,FOLLOWING TOO CLOSELY,N COLLEGE & W 11TH,39.173232,-86.534752
902515442,2015,9,6,Weekday,1500,2-Car,Non-incapacitating,FAILURE TO YIELD RIGHT OF WAY,3RD & PATTERSON,39.16344009,-86.55128002
902515483,2015,9,7,Weekend,1400,2-Car,No injury/unknown,UNSAFE LANE MOVEMENT,9TH & N WALNUT,39.170544,-86.533536
902515564,2015,9,5,Weekday,1900,Bus,No injury/unknown,IMPROPER PASSING,EAST 3RD & S BALLENTINE,39.16427024,-86.51912972
902515576,2015,9,7,Weekend,1300,1-Car,No injury/unknown,OTHER (DRIVER) - EXPLAIN IN NARRATIVE,W COUNTRYSIDE,39.13621644,-86.54190159
902515577,2015,9,7,Weekend,1500,2-Car,No injury/unknown,OTHER (DRIVER) - EXPLAIN IN NARRATIVE,E 10TH,39.171648,-86.50249682
902515587,2015,9,7,Weekend,1100,2-Car,No injury/unknown,IMPROPER TURNING,S COLLEGE,39.16115717,-86.53485253
902515676,2015,9,7,Weekend,300,1-Car,No injury/unknown,LEFT OF CENTER,SR37S & W THAT,39.115552,-86.564592
902515742,2015,9,6,Weekday,700,1-Car,No injury/unknown,RAN OFF ROAD RIGHT,EDGAR & HANDY,39.30328772,-86.48303993
902515840,2015,9,7,Weekend,1200,2-Car,No injury/unknown,OTHER (DRIVER) - EXPLAIN IN NARRATIVE,RHORER & S OLD STATE RD 37,39.12141994,-86.53134986
902515922,2015,9,1,Weekday,2100,Bus,No injury/unknown,LEFT OF CENTER,E UNIVERSITY & JORDAN,39.13900321,-86.51638984
902515937,2015,9,1,Weekend,1600,2-Car,Non-incapacitating,FOLLOWING TOO CLOSELY,EAST 3RD & SOUTH KINGSTON,39.16424,-86.492944
902515940,2015,9,1,Weekend,1600,2-Car,No injury/unknown,IMPROPER TURNING,3RD & HAWTHORNE,39.16425012,-86.52008995
902516042,2015,9,1,Weekday,2300,1-Car,Non-incapacitating,RAN OFF ROAD RIGHT,DUNN & OLD SR 37,39.208048,-86.528704
902516059,2015,9,1,Weekend,1300,2-Car,No injury/unknown,OTHER (VEHICLE) - EXPLAIN IN NARRATIVE,DUNN & E KIRKWOOD,39.16664,-86.528192
902516187,2015,9,6,Weekday,1000,2-Car,No injury/unknown,FAILURE TO YIELD RIGHT OF WAY,ALLEY & TEMPERANCE,0,0
902516278,2015,9,2,Weekday,1200,3+ Cars,Incapacitating,FOLLOWING TOO CLOSELY,SOUTH YONKERS & WEST TAPP,39.13704,-86.575296
902516322,2015,9,6,Weekday,1500,2-Car,No injury/unknown,FAILURE TO YIELD RIGHT OF WAY,SR37 & WEST FULLERTON,39.12221146,-86.57353973
902516362,2015,9,7,Weekend,1500,2-Car,No injury/unknown,UNSAFE BACKING,S LARKSPUR & WOODHILL,39.1672425,-86.54742971
902516397,2015,9,2,Weekday,1700,2-Car,No injury/unknown,FOLLOWING TOO CLOSELY,KIRKWOOD & ROGERS,39.166672,-86.538608
902516462,2015,9,3,Weekday,0,2-Car,No injury/unknown,UNSAFE BACKING,S UNION STREET,39.16435494,-86.509296
902516525,2015,9,2,Weekday,1100,2-Car,No injury/unknown,FOLLOWING TOO CLOSELY,S LEONARD SPRINGS & W TAPP,39.13704,-86.582512
902516553,2015,9,2,Weekday,900,2-Car,No injury/unknown,UNSAFE BACKING,S PARK,39.15334174,-86.52360065
902516691,2015,9,3,Weekday,800,2-Car,No injury/unknown,DISREGARD SIGNAL/REG SIGN,W 3RD,39.164752,-86.573104
902516792,2015,9,6,Weekend,1900,2-Car,No injury/unknown,,WEST 12TH,0,0
902517074,2015,9,3,Weekday,1600,2-Car,No injury/unknown,FAILURE TO YIELD RIGHT OF WAY,KINSER & SR46W,39.186544,-86.537888
902517075,2015,9,3,Weekday,1500,2-Car,No injury/unknown,FAILURE TO YIELD RIGHT OF WAY,2ND & COLLEGE,39.16089073,-86.53485679
902517103,2015,9,3,Weekday,1700,2-Car,No injury/unknown,FAILURE TO YIELD RIGHT OF WAY,SALE & SR46W,39.23421196,-86.62564939
902517113,2015,9,3,Weekday,1300,2-Car,No injury/unknown,IMPROPER TURNING,E 10TH,39.17157747,-86.51808392
902517138,2015,9,3,Weekday,1500,2-Car,No injury/unknown,FOLLOWING TOO CLOSELY,MATTHEWS & SR46W,39.23457579,-86.62613173
902517154,2015,9,3,Weekday,1600,2-Car,No injury/unknown,WRONG WAY ON ONE WAY,EAST ATWATER,39.16315913,-86.52214653
902517174,2015,9,3,Weekday,1800,Bus,No injury/unknown,FOLLOWING TOO CLOSELY,SR46 & UNIONVILLE,0,0
902517248,2015,9,3,Weekday,1600,2-Car,Non-incapacitating,FAILURE TO YIELD RIGHT OF WAY,BLOOMFIELD & CORY,39.157248,-86.559792
902517288,2015,9,3,Weekday,2100,2-Car,No injury/unknown,FAILURE TO YIELD RIGHT OF WAY,2ND & COLLEGE MALL,39.160944,-86.497696
902517290,2015,9,3,Weekday,2300,Pedestrian,Incapacitating,PEDESTRIAN ACTION,3RD & MEADOWBROOK,39.16424001,-86.48614805
902517535,2015,9,4,Weekday,1000,2-Car,No injury/unknown,LEFT OF CENTER,E BRAESIDE & N PETE ELLIS,39.168192,-86.49504
902517541,2015,9,3,Weekday,600,2-Car,No injury/unknown,UNSAFE BACKING,W SR 45,39.14186096,-86.5799179
902517555,2015,9,4,Weekday,1200,2-Car,No injury/unknown,FOLLOWING TOO CLOSELY,S MAPLE & W 2ND,39.161568,-86.542096
902517558,2015,9,4,Weekday,1100,2-Car,Non-incapacitating,DISREGARD SIGNAL/REG SIGN,FIRST & ROGERS,0,0