Master Record Number,Year,Month,Day,Weekend?,Hour,Collision Type,Injury Type,Primary Factor,Reported_Location,Latitude,Longitude
902550328,2015,11,1,Weekend,100,1-Car,No injury/unknown,SPEED TOO FAST FOR WEATHER CONDITIONS,ELM & KIRKWOOD,39.166768,-86.5452
902550332,2015,10,7,Weekend,2300,2-Car,No injury/unknown,FAILURE TO YIELD RIGHT OF WAY,E 3RD & S WASHINGTON,39.16464,-86.5324
902550877,2015,11,1,Weekend,1300,2-Car,No injury/unknown,IMPROPER TURNING,AZALEA & HIGHLAND,39.14445341,-86.51739825
902551017,2015,11,1,Weekend,1700,2-Car,No injury/unknown,FOLLOWING TOO CLOSELY,10 TH & SR46E,38.96016476,-86.53102874
902551096,2015,11,1,Weekend,1500,2-Car,No injury/unknown,,202 E DODDS & LINCOLN,39.180675,-86.53162494
902551213,2015,11,1,Weekend,1700,2-Car,No injury/unknown,FOLLOWING TOO CLOSELY,SOUTH PATTERSON & WEST 3RD,39.16344009,-86.55128002
902551297,2015,10,4,Weekday,2100,1-Car,No injury/unknown,UNSAFE BACKING,W HENNESSEY,39.12535477,-86.55380249
902551306,2015,11,1,Weekday,2100,1-Car,No injury/unknown,ANIMAL/OBJECT IN ROADWAY,POPLAR & SR46W,39.23852734,-86.62993739
902551417,2015,11,1,Weekend,100,1-Car,No injury/unknown,SPEED TOO FAST FOR WEATHER CONDITIONS,LAW & UNION,39.17234033,-86.50966018
902551578,2015,11,2,Weekday,700,2-Car,No injury/unknown,FOLLOWING TOO CLOSELY,E WINSLOW & S WALNUT,39.136144,-86.528688
902551587,2015,11,2,Weekday,700,2-Car,No injury/unknown,FOLLOWING TOO CLOSELY,HENDERSON & SOUTH,39.14200667,-86.5268
902551597,2015,10,6,Weekday,1500,2-Car,No injury/unknown,DISREGARD SIGNAL/REG SIGN,HARTSTRAIGHT & TEMPERANCE,39.22766022,-86.61594003
902551688,2015,11,2,Weekday,800,2-Car,No injury/unknown,UNSAFE SPEED,10TH & WALNUT,39.1716,-86.520896
902551823,2015,11,2,Weekday,1000,2-Car,No injury/unknown,UNSAFE BACKING,S COLLEGE MALL,39.16394547,-86.49833535
902551918,2015,11,2,Weekday,1200,2-Car,No injury/unknown,FOLLOWING TOO CLOSELY,SR37N & VERNAL,39.17635934,-86.56266121
902552020,2015,11,2,Weekday,1200,2-Car,No injury/unknown,FAILURE TO YIELD RIGHT OF WAY,3RD & SWAIN,39.16425012,-86.51525996
902552026,2015,11,2,Weekday,1300,2-Car,No injury/unknown,FOLLOWING TOO CLOSELY,N WALNUT & W 8TH,39.169552,-86.533552
902552046,2015,11,1,Weekday,2100,1-Car,Incapacitating,RAN OFF ROAD RIGHT,E CHAMBERS,39.30432,-86.5168
902552090,2015,11,2,Weekday,1400,2-Car,Non-incapacitating,FAILURE TO YIELD RIGHT OF WAY,MILLER & WALNUT,39.14681026,-86.53250397
902552104,2015,11,2,Weekday,1500,1-Car,No injury/unknown,UNSAFE LANE MOVEMENT,ADAMS HILL & COUNTRYSIDE,39.14240018,-86.55079265
902552128,2015,11,2,Weekday,1300,2-Car,No injury/unknown,UNSAFE LANE MOVEMENT,3RD & WALNUT,39.16464,-86.5336
902552193,2015,11,2,Weekday,1600,3+ Cars,Incapacitating,DRIVER DISTRACTED - EXPLAIN IN NARRATIVE,CURRY & WOODLYN,39.145856,-86.582592
902552274,2015,11,2,Weekday,1600,3+ Cars,Incapacitating,FOLLOWING TOO CLOSELY,ROCKPORT & TAPP,39.136448,-86.548704
902552276,2015,10,6,Weekend,1900,1-Car,No injury/unknown,UNSAFE BACKING,WEST JACOBS,39.1652565,-86.57553863
902552395,2015,11,2,Weekday,1800,2-Car,No injury/unknown,IMPROPER LANE USAGE,EAST HIGH & EAST MOORES,39.15048257,-86.50844643
902552636,2015,11,3,Weekday,0,1-Car,No injury/unknown,UNSAFE SPEED,N MORTON,39.173216,-86.536
902552660,2015,11,3,Weekday,100,3+ Cars,No injury/unknown,OTHER (DRIVER) - EXPLAIN IN NARRATIVE,11TH & SUMMIT,39.173344,-86.548192
902552700,2015,10,7,Weekend,100,1-Car,No injury/unknown,SPEED TOO FAST FOR WEATHER CONDITIONS,DUNN & SR37N,39.17863846,-86.52835845
902552819,2015,11,3,Weekday,500,1-Car,No injury/unknown,ANIMAL/OBJECT IN ROADWAY,FORRESTVIEW & LAKEVIEW,0,0
902552997,2015,10,7,Weekend,2300,2-Car,No injury/unknown,UNSAFE LANE MOVEMENT,SOUTH LEONARD SPRINGS & SR45W,39.14190066,-86.5828886
902552998,2015,10,7,Weekend,2300,2-Car,No injury/unknown,LEFT OF CENTER,EAST BURKS & SOUTH WALNUT STREET,39.17949145,-86.53136314
902552999,2015,11,1,Weekday,2300,1-Car,Non-incapacitating,ANIMAL/OBJECT IN ROADWAY,GRIFFITH CEMETERY & SR37N,39.32830777,-86.53163909
902553001,2015,11,3,Weekday,800,2-Car,No injury/unknown,UNSAFE BACKING,S WALNUT,39.14841,-86.532966
902553007,2015,11,3,Weekday,800,2-Car,No injury/unknown,FAILURE TO YIELD RIGHT OF WAY,LONGVIEW & PETE ELLIS,39.166944,-86.495056
902553023,2015,10,6,Weekday,1000,1-Car,No injury/unknown,RAN OFF ROAD RIGHT,FULLERTON & SR37,39.27730306,-86.57208251
902553048,2015,11,3,Weekday,800,2-Car,No injury/unknown,FAILURE TO YIELD RIGHT OF WAY,S LIBERTY,39.145264,-86.577616
902553056,2015,11,3,Weekday,900,2-Car,No injury/unknown,UNSAFE LANE MOVEMENT,HAWTHORNE & THIRD,0,0
902553084,2015,11,3,Weekday,1000,Pedestrian,Non-incapacitating,IMPROPER TURNING,W ALLEN,39.156128,-86.560912
902553280,2015,11,3,Weekday,300,2-Car,No injury/unknown,,W 14TH,39.17601731,-86.53614596
902553358,2015,11,3,Weekday,1300,3+ Cars,Incapacitating,FAILURE TO YIELD RIGHT OF WAY,N CURRY & WELMIR,39.16686997,-86.58297032
902553617,2015,11,3,Weekday,1700,Cyclist,Incapacitating,FAILURE TO YIELD RIGHT OF WAY,HICKORY & SR48W,39.164832,-86.585856
902553637,2015,11,3,Weekday,1800,2-Car,Non-incapacitating,FAILURE TO YIELD RIGHT OF WAY,S CURRY & W 3RD,39.16463971,-86.58292002
902553652,2015,11,3,Weekday,1400,Pedestrian,Non-incapacitating,FAILURE TO YIELD RIGHT OF WAY,N WALNUT & W 7TH,39.16864,-86.533568
902553792,2015,11,3,Weekday,2200,2-Car,No injury/unknown,IMPROPER TURNING,15TH & N WALNUT,39.176848,-86.533424
902553872,2015,11,3,Weekday,2200,Pedestrian,Non-incapacitating,OTHER (DRIVER) - EXPLAIN IN NARRATIVE,E 3RD & S FESS,39.164448,-86.525792
902553988,2015,11,4,Weekday,900,2-Car,No injury/unknown,FAILURE TO YIELD RIGHT OF WAY,CATHCART & WILCOX,39.14356512,-86.49986006
902554066,2015,11,4,Weekday,1100,2-Car,Non-incapacitating,UNSAFE SPEED,CLARIZZ,39.15260696,-86.49272918
902554081,2015,11,4,Weekday,1000,2-Car,No injury/unknown,FOLLOWING TOO CLOSELY,E 2ND & SO WALNUT,39.16144,-86.5336
902554125,2015,11,4,Weekday,1200,2-Car,No injury/unknown,FAILURE TO YIELD RIGHT OF WAY,E WINSLOW & SO WALNUT STREET,39.136144,-86.528688
902554126,2015,10,3,Weekday,1900,2-Car,No injury/unknown,FAILURE TO YIELD RIGHT OF WAY,INDUSTRIAL & SR45W,39.143552,-86.580528
902554127,2015,10,5,Weekday,1600,2-Car,No injury/unknown,FOLLOWING TOO CLOSELY,BENT PINE & SR45E,39.21178818,-86.45251211
902554146,2015,11,4,Weekday,1300,2-Car,No injury/unknown,UNSAFE BACKING,E KIRKWOOD,39.16625595,-86.53031158
902554336,2015,11,4,Weekday,1500,Pedestrian,Incapacitating,FAILURE TO YIELD RIGHT OF WAY,E 17TH & FEE,39.178928,-86.518992
902554342,2015,11,4,Weekday,1900,2-Car,No injury/unknown,DISREGARD SIGNAL/REG SIGN,2ND & COLLEGE,39.16138016,-86.53492994
902554350,2015,11,4,Weekday,1700,1-Car,No injury/unknown,ANIMAL/OBJECT IN ROADWAY,N OLD STATE ROAD 37 & S GORE,39.032544,-86.541696
902554351,2015,11,4,Weekday,1800,2-Car,No injury/unknown,UNSAFE BACKING,S OLD STATE ROAD 37,39.137088,-86.53056
902554361,2015,11,3,Weekday,1500,1-Car,No injury/unknown,RAN OFF ROAD RIGHT,FAIRFAX & SCHACHT,39.10704,-86.523488
902554362,2015,11,3,Weekday,1600,3+ Cars,No injury/unknown,FAILURE TO YIELD RIGHT OF WAY,N CURRY & WOODYARD,39.12679203,-86.58252976
902554389,2015,11,4,Weekday,500,1-Car,Non-incapacitating,RAN OFF ROAD RIGHT,N CURRY & W JONATHON,39.16835994,-86.58299702
902554418,2015,10,3,Weekday,2300,2-Car,No injury/unknown,OVERCORRECTING/OVERSTEERING,E KIRKWOOD,39.16680492,-86.52200505
902554511,2015,10,4,Weekday,900,2-Car,No injury/unknown,FAILURE TO YIELD RIGHT OF WAY,DILLMAN & SR37S,39.09023917,-86.54535097
902554608,2015,11,2,Weekday,1200,2-Car,No injury/unknown,UNSAFE BACKING,LIBERTY,39.189248,-86.531472
902554609,2015,11,3,Weekday,800,2-Car,Incapacitating,FOLLOWING TOO CLOSELY,MATHEWS & MCNEELY,39.23821557,-86.62395146
902554696,2015,10,6,Weekday,1000,2-Car,No injury/unknown,FOLLOWING TOO CLOSELY,BELLE & HICKORY,39.16344,-86.58584
902554770,2015,11,3,Weekday,100,2-Car,No injury/unknown,OTHER (DRIVER) - EXPLAIN IN NARRATIVE,4TH & COLLEGE,39.16593866,-86.5348
902554776,2015,11,5,Weekday,1100,1-Car,No injury/unknown,RAN OFF ROAD RIGHT,2100 BLK MOORES & S HIGH,0,0
902554790,2015,11,5,Weekday,1000,2-Car,Incapacitating,DISREGARD SIGNAL/REG SIGN,HARTSTRAIGHT & SR46W,39.21759033,-86.61190795
902554884,2015,11,5,Weekday,1200,2-Car,Non-incapacitating,FOLLOWING TOO CLOSELY,E 3RD & S BRYAN,39.16432,-86.50824
902554916,2015,11,4,Weekday,1400,2-Car,No injury/unknown,UNSAFE LANE MOVEMENT,N WALNUT & W STATE 45,0,0
902555018,2015,11,5,Weekday,1600,2-Car,Incapacitating,FOLLOWING TOO CLOSELY,3RD & WOODCREST,39.164272,-86.502416
902555031,2015,11,5,Weekday,1900,2-Car,No injury/unknown,FOLLOWING TOO CLOSELY,PATTERSON & W 2ND,39.16074984,-86.54850997
902555054,2015,11,5,Weekday,1900,2-Car,No injury/unknown,UNSAFE BACKING,N FEE,39.17612549,-86.51898236
902555084,2015,11,5,Weekday,2000,Moped/Motorcycle,Incapacitating,ANIMAL/OBJECT IN ROADWAY,KETCHAM & POPCORN,39.01174977,-86.56190608
902555085,2015,11,5,Weekday,1700,2-Car,No injury/unknown,FOLLOWING TOO CLOSELY,E HILLSIDE & S WALNUT,39.150544,-86.5336
902555086,2015,11,5,Weekday,1900,2-Car,No injury/unknown,FAILURE TO YIELD RIGHT OF WAY,EAST 17TH & JORDAN,39.17882994,-86.51244029
902555127,2015,11,5,Weekday,2200,1-Car,No injury/unknown,OTHER (DRIVER) - EXPLAIN IN NARRATIVE,1285 LIBERTY & CONSTITUTION,39.2644305,-86.574913
902555248,2015,11,4,Weekday,100,1-Car,No injury/unknown,ANIMAL/OBJECT IN ROADWAY,SR37N & WAYPORT,39.25794294,-86.52503846
902555259,2015,11,5,Weekday,1100,2-Car,No injury/unknown,FAILURE TO YIELD RIGHT OF WAY,ACCESS TO JOANN FABRICS & S LIBERTY,0,0
902555356,2015,11,6,Weekday,800,2-Car,No injury/unknown,DRIVER DISTRACTED - EXPLAIN IN NARRATIVE,10TH & SR4546N,39.176848,-86.478192
902555367,2015,11,5,Weekday,1100,2-Car,No injury/unknown,UNSAFE BACKING,SR 45 46 BYPASS,39.18641724,-86.534193
902555419,2015,11,5,Weekday,1700,2-Car,No injury/unknown,IMPROPER TURNING,EAST EASTGATE,39.1700618,-86.50115557
902555596,2015,11,6,Weekday,800,1-Car,No injury/unknown,RAN OFF ROAD RIGHT,SMITHVILLE & ZYKES,39.07113992,-86.52544332
902555652,2015,11,6,Weekday,1200,2-Car,No injury/unknown,FOLLOWING TOO CLOSELY,600 BLK COLLEGE & W 2ND,39.11908444,-86.53492982
902555747,2015,10,7,Weekend,2300,1-Car,No injury/unknown,RAN OFF ROAD RIGHT,WALNUT STREET & WINSLOW,39.136144,-86.528688
902555852,2015,11,5,Weekday,1700,2-Car,No injury/unknown,IMPROPER TURNING,S COLLEGE MALL,39.15427029,-86.49764657
902555895,2015,11,6,Weekday,1400,2-Car,No injury/unknown,FOLLOWING TOO CLOSELY,E DIXIE & S HENDERSON,39.15664,-86.527072
902555973,2015,11,6,Weekday,1800,2-Car,No injury/unknown,FOLLOWING TOO CLOSELY,10TH & CAMPBELL,39.17158999,-86.51393166
902556029,2015,11,6,Weekday,1500,3+ Cars,Incapacitating,FOLLOWING TOO CLOSELY,17TH & SR46E,39.18077171,-86.50838423
902556103,2015,11,6,Weekday,300,1-Car,No injury/unknown,ANIMAL/OBJECT IN ROADWAY,W WALCOTT & W WOODYARD,39.201488,-86.601968
902556104,2015,11,6,Weekday,500,1-Car,No injury/unknown,ANIMAL/OBJECT IN ROADWAY,SR37N & W ARLINGTON,39.19359469,-86.554592
902556184,2015,11,6,Weekday,1200,2-Car,No injury/unknown,LEFT OF CENTER,NORTH MORTON,39.16874313,-86.53587341
902556260,2015,10,7,Weekend,2300,Bus,No injury/unknown,WRONG WAY ON ONE WAY,6TH & WASHINGTON,39.167664,-86.5324
902556276,2015,11,7,Weekend,1100,2-Car,No injury/unknown,UNSAFE BACKING,E 3RD,39.16424,-86.49425989
902556279,2015,11,6,Weekday,1700,2-Car,No injury/unknown,FAILURE TO YIELD RIGHT OF WAY,3RD & HIGHLAND,39.16427024,-86.51772022
902556321,2015,11,7,Weekend,1400,2-Car,No injury/unknown,FOLLOWING TOO CLOSELY,KINSER & SR45,39.186772,-86.54317373
902556337,2015,11,5,Weekday,1800,2-Car,No injury/unknown,UNSAFE BACKING,SOUTH VICTOR,39.1069603,-86.55136871
902556338,2015,11,5,Weekday,2100,1-Car,No injury/unknown,SPEED TOO FAST FOR WEATHER CONDITIONS,EAST 3RD & FAIRFAX,39.10883953,-86.51451028
902556339,2015,11,6,Weekday,1600,1-Car,No injury/unknown,RAN OFF ROAD RIGHT,OLD STATE ROAD 37 & SAMPLE,39.25884886,-86.50462726
902556496,2015,11,7,Weekend,1900,2-Car,No injury/unknown,UNSAFE BACKING,E 17TH & N FORREST,39.178976,-86.5224
902556597,2015,11,1,Weekend,1300,1-Car,Non-incapacitating,DRIVER DISTRACTED - EXPLAIN IN NARRATIVE,SR37S & VERNAL,39.22950892,-86.56252288
902556610,2015,11,1,Weekend,300,2-Car,Non-incapacitating,DISREGARD SIGNAL/REG SIGN,10TH & COLLEGE,39.171744,-86.534768
902556654,2015,11,7,Weekend,1000,3+ Cars,Non-incapacitating,FOLLOWING TOO CLOSELY,HENDERSON & THIRD,0,0
902556696,2015,11,6,Weekday,800,1-Car,No injury/unknown,OVERCORRECTING/OVERSTEERING,8999 W ELWREN & S STANFORD,39.10824,-86.666192
902556741,2015,11,1,Weekend,1100,2-Car,Non-incapacitating,DISREGARD SIGNAL/REG SIGN,3RD & WASHINGTON,39.16464,-86.5324
902556751,2015,11,1,Weekend,1100,2-Car,No injury/unknown,FAILURE TO YIELD RIGHT OF WAY,N COLLEGE,39.18157757,-86.53471023
902556852,2015,11,1,Weekend,1500,2-Car,No injury/unknown,IMPROPER TURNING,E 3RD & SWAIN,39.16425012,-86.51525996
902556914,2015,11,6,Weekend,2000,1-Car,No injury/unknown,IMPROPER TURNING,N LOWER BIRDIE GALYAN & SR46E,39.16574097,-86.41192626
902556915,2015,11,7,Weekend,1800,2-Car,No injury/unknown,FOLLOWING TOO CLOSELY,FOSTER FISCUS & SR46W,0,0
902556916,2015,11,1,Weekend,1500,2-Car,No injury/unknown,LEFT OF CENTER,KENT & SR46E,39.152448,-86.400288
902556943,2015,11,1,Weekend,1800,2-Car,No injury/unknown,UNSAFE BACKING,S CURRY & W 3RD,0,0
902556947,2015,11,1,Weekend,1400,2-Car,Non-incapacitating,FOLLOWING TOO CLOSELY,2ND & PATTERSON,0,0
902556948,2015,11,1,Weekend,1600,Moped/Motorcycle,Incapacitating,UNSAFE SPEED,DUNN & OLD STATE ROAD 37 N,39.20802621,-86.52875469
902556961,2015,11,1,Weekday,2100,2-Car,No injury/unknown,FOLLOWING TOO CLOSELY,TENTH & UNION,0,0
902557001,2015,11,7,Weekend,0,3+ Cars,No injury/unknown,DRIVER ASLEEP OR FATIGUED,S WICKENS & W LEIGHTON,39.12527025,-86.55092187
902557002,2015,11,1,Weekday,2100,1-Car,No injury/unknown,ANIMAL/OBJECT IN ROADWAY,SR37 & VICTOR,39.10538206,-86.55095458
902557157,2015,11,5,Weekday,0,1-Car,No injury/unknown,ANIMAL/OBJECT IN ROADWAY,SR37S & WEST THIRD,0,0
902557496,2015,11,1,Weekend,300,1-Car,Non-incapacitating,RAN OFF ROAD RIGHT,E ROGERS & S SMITH,39.13584,-86.480496
902557498,2015,11,7,Weekend,2300,1-Car,No injury/unknown,ANIMAL/OBJECT IN ROADWAY,CROSSOVER & SR37N,39.28810084,-86.51703486
902557834,2015,11,2,Weekday,900,1-Car,No injury/unknown,RAN OFF ROAD RIGHT,SR37N,0,0
902557866,2015,11,2,Weekday,1100,2-Car,No injury/unknown,FAILURE TO YIELD RIGHT OF WAY,LONGVIEW & PETE ELLIS,39.166944,-86.495056
902558076,2015,11,2,Weekday,700,1-Car,No injury/unknown,ANIMAL/OBJECT IN ROADWAY,KERR CREEK & SR46,39.1668311,-86.45897634
902558163,2015,11,2,Weekday,1400,2-Car,Non-incapacitating,UNSAFE BACKING,S WALNUT STREET,39.129673,-86.532737
902558314,2015,11,2,Weekday,1600,2-Car,Non-incapacitating,FOLLOWING TOO CLOSELY,E 10TH & S PETE ELLIS,39.171504,-86.495312
902558378,2015,11,2,Weekday,1400,2-Car,No injury/unknown,FAILURE TO YIELD RIGHT OF WAY,SHARP & SR46W,39.23585459,-86.62777953
902558450,2015,11,2,Weekday,1700,2-Car,No injury/unknown,FAILURE TO YIELD RIGHT OF WAY,20TH & DUNN,39.18184,-86.5284
902558464,2015,11,2,Weekday,1700,2-Car,No injury/unknown,FAILURE TO YIELD RIGHT OF WAY,E 10TH & N UNION,39.171472,-86.509376
902558538,2015,11,2,Weekday,1900,3+ Cars,Non-incapacitating,FOLLOWING TOO CLOSELY,10TH & UNION,39.171472,-86.509376
902558554,2015,11,2,Weekday,1700,3+ Cars,No injury/unknown,SPEED TOO FAST FOR WEATHER CONDITIONS,ROCKPORT & TAPP,39.13645753,-86.5539938
902558654,2015,11,2,Weekday,2000,3+ Cars,No injury/unknown,TRAFFIC CONTROL INOPERATIVE/MISSING/OBSC,JORDAN & LAW,39.173552,-86.515488
902558663,2015,11,2,Weekday,2100,2-Car,No injury/unknown,FOLLOWING TOO CLOSELY,E 3RD & S MITCHELL,39.1642533,-86.51422079
902558664,2015,11,2,Weekday,1700,3+ Cars,Incapacitating,FOLLOWING TOO CLOSELY,RANGE & SR4546N,39.171504,-86.495312
902558676,2015,11,2,Weekday,2100,2-Car,Incapacitating,FOLLOWING TOO CLOSELY,SR37N & W VERNAL,39.17635934,-86.56266121
902559040,2015,11,3,Weekday,0,1-Car,No injury/unknown,SPEED TOO FAST FOR WEATHER CONDITIONS,S WEIMER & TAPP,0,0
902559790,2015,11,2,Weekday,1900,3+ Cars,Incapacitating,FAILURE TO YIELD RIGHT OF WAY,SR45W & W ELWREN,39.107648,-86.643696
902559793,2015,11,3,Weekday,1700,2-Car,No injury/unknown,FOLLOWING TOO CLOSELY,S ROGERS,39.11184,-86.539792
902559815,2015,11,2,Weekday,1900,1-Car,No injury/unknown,RAN OFF ROAD RIGHT,STANFORD & W ELWREN,39.10824,-86.666192
902559918,2015,11,4,Weekday,200,2-Car,No injury/unknown,UNSAFE SPEED,9TH & WALNUT,39.170544,-86.533536
902560096,2015,11,4,Weekday,1100,2-Car,Non-incapacitating,OTHER (DRIVER) - EXPLAIN IN NARRATIVE,6TH & COLLEGE,39.167648,-86.534784
902560101,2015,11,4,Weekday,1200,2-Car,Non-incapacitating,FOLLOWING TOO CLOSELY,3RD & LANDMARK,39.16442983,-86.55630983
902560104,2015,11,4,Weekday,1000,2-Car,No injury/unknown,FOLLOWING TOO CLOSELY,1ST & WALNUT,39.15961866,-86.5336
902560116,2015,11,4,Weekday,1200,2-Car,No injury/unknown,OTHER (DRIVER) - EXPLAIN IN NARRATIVE,N JACOBS,39.1702919,-86.57196044
902560138,2015,11,4,Weekday,1100,1-Car,No injury/unknown,RAN OFF ROAD RIGHT,E GOODNIGHT & S CLARIZZ,0,0
902560220,2015,11,4,Weekday,1500,1-Car,No injury/unknown,OTHER (ENVIRONMENTAL) - EXPLAIN IN NARR,N CENTER & SR45,0,0
902560229,2015,11,4,Weekday,1600,3+ Cars,Incapacitating,FOLLOWING TOO CLOSELY,SR37N & VERNAL,0,0
902560241,2015,11,4,Weekday,1700,2-Car,No injury/unknown,UNSAFE BACKING,S BASSWOOD,0,0
902560519,2015,11,4,Weekday,1000,2-Car,No injury/unknown,IMPROPER TURNING,3RD & SWAIN,39.16425012,-86.51525996
902560821,2015,11,5,Weekday,1100,1-Car,No injury/unknown,RAN OFF ROAD RIGHT,8TH & VERNAL,39.16994981,-86.55006663
902560833,2015,11,5,Weekday,1200,2-Car,No injury/unknown,OTHER (DRIVER) - EXPLAIN IN NARRATIVE,14TH & INDIANA,39.176192,-86.52712
902560869,2015,11,5,Weekday,1200,2-Car,Non-incapacitating,IMPROPER LANE USAGE,3RD & SWAIN,39.16425544,-86.51526433
902560934,2015,11,4,Weekday,1700,2-Car,No injury/unknown,FOLLOWING TOO CLOSELY,CURRY & SR46N,0,0
902560940,2015,11,5,Weekday,1400,2-Car,No injury/unknown,UNSAFE LANE MOVEMENT,COLLEGE MALL & EAST 3RD,39.16424,-86.4984
902560996,2015,11,4,Weekday,1600,2-Car,Incapacitating,FOLLOWING TOO CLOSELY,45 46 & EAST GATE,0,0
902561016,2015,11,5,Weekday,1400,3+ Cars,No injury/unknown,FOLLOWING TOO CLOSELY,COLLEGE MALL & E 3RD,39.16424,-86.4984
902561082,2015,11,3,Weekday,1600,2-Car,Incapacitating,UNSAFE LANE MOVEMENT,SR37S & TAPP,39.13153035,-86.572896
902561085,2015,11,5,Weekday,1700,3+ Cars,No injury/unknown,FOLLOWING TOO CLOSELY,E 10TH & N PETE ELLIS,39.171504,-86.495312
902561092,2015,11,5,Weekday,1800,2-Car,No injury/unknown,IMPROPER PASSING,7TH & WALNUT,39.16864,-86.533568
902561278,2015,11,5,Weekday,2300,1-Car,No injury/unknown,OTHER (DRIVER) - EXPLAIN IN NARRATIVE,ACORN,39.1116066,-86.57214355
902561294,2015,11,6,Weekday,200,1-Car,No injury/unknown,IMPROPER TURNING,2800 E 3RD & PETE ELLIS,39.16424,-86.495088
902561356,2015,11,4,Weekday,700,1-Car,No injury/unknown,ANIMAL/OBJECT IN ROADWAY,HARTSTRAIT & VERNAL,0,0
902561398,2015,11,6,Weekday,700,1-Car,No injury/unknown,OTHER (VEHICLE) - EXPLAIN IN NARRATIVE,PATTERSON,39.153488,-86.541496
902561411,2015,11,6,Weekday,800,2-Car,No injury/unknown,UNSAFE BACKING,EAST THIRD,39.164569,-86.490036
902561455,2015,11,6,Weekday,900,2-Car,Non-incapacitating,FAILURE TO YIELD RIGHT OF WAY,10TH & GRANT,39.171696,-86.529696
902561656,2015,11,6,Weekday,1100,2-Car,Non-incapacitating,FOLLOWING TOO CLOSELY,N JACOB,39.17081,-86.571487
902561682,2015,11,6,Weekday,1100,Pedestrian,Incapacitating,DRIVER DISTRACTED - EXPLAIN IN NARRATIVE,3RD & LANDMARK,39.16443574,-86.55630199
902561746,2015,11,6,Weekday,900,2-Car,No injury/unknown,UNSAFE BACKING,E 7TH,39.16854879,-86.5194549
902561747,2015,11,3,Weekday,1300,2-Car,No injury/unknown,UNSAFE BACKING,E 6TH & N COLLEGE,39.167648,-86.534784
902561759,2015,11,6,Weekday,0,2-Car,No injury/unknown,IMPROPER TURNING,2ND & COLLEGE MALL,39.16028506,-86.49771872
902561858,2015,11,6,Weekday,1400,1-Car,No injury/unknown,IMPROPER TURNING,E 7TH,39.168752,-86.5436
902561871,2015,11,6,Weekday,1300,2-Car,No injury/unknown,UNSAFE LANE MOVEMENT,3RD & STATE 37,39.164752,-86.573104
902561872,2015,11,6,Weekday,1500,2-Car,No injury/unknown,UNSAFE LANE MOVEMENT,JORDAN & LINGELBACH,0,0
902561882,2015,11,5,Weekday,500,1-Car,No injury/unknown,ANIMAL/OBJECT IN ROADWAY,ELLER & GARRISON CHAPEL,39.12282799,-86.64295746
902561907,2015,11,2,Weekday,1700,2-Car,No injury/unknown,OTHER (DRIVER) - EXPLAIN IN NARRATIVE,E TEMPERANCE,39.22823334,-86.61592864
902561912,2015,11,6,Weekday,1600,2-Car,No injury/unknown,FOLLOWING TOO CLOSELY,SR37S & W FULLERTON,39.12223816,-86.57208251
902561940,2015,11,6,Weekday,1400,2-Car,No injury/unknown,FAILURE TO YIELD RIGHT OF WAY,E KIRKWOOD & S WASHINGTON,39.16664,-86.5324
902561954,2015,11,6,Weekday,1700,2-Car,No injury/unknown,FOLLOWING TOO CLOSELY,LIBERTY & SR45W,39.145152,-86.5776
902561975,2015,11,6,Weekend,1900,2-Car,Non-incapacitating,FOLLOWING TOO CLOSELY,3RD & WOODSCREST,0,0
902561983,2015,11,6,Weekday,1800,2-Car,No injury/unknown,UNSAFE LANE MOVEMENT,E KIRKWOOD & S DUNN,39.16653628,-86.52825027
902561994,2015,11,5,Weekday,1600,2-Car,No injury/unknown,FAILURE TO YIELD RIGHT OF WAY,W DILLMAN,39.092976,-86.545648
902562004,2015,11,6,Weekday,1700,2-Car,No injury/unknown,UNSAFE BACKING,3RD,39.16456,-86.5550845
902562036,2015,11,6,Weekday,1700,2-Car,No injury/unknown,FAILURE TO YIELD RIGHT OF WAY,N JORDAN & WELLS LIBRARY PARKING,0,0
902562135,2015,11,6,Weekend,2200,1-Car,No injury/unknown,OTHER (DRIVER) - EXPLAIN IN NARRATIVE,E 14TH,39.17600327,-86.53063151
902562431,2015,11,6,Weekend,2200,1-Car,No injury/unknown,RAN OFF ROAD RIGHT,SR45E,39.21936967,-86.44920774
902562446,2015,11,6,Weekend,2300,3+ Cars,Non-incapacitating,DRIVER DISTRACTED - EXPLAIN IN NARRATIVE,7TH & INDIANA,39.16864,-86.526944
902562452,2015,11,6,Weekend,2100,1-Car,No injury/unknown,ANIMAL/OBJECT IN ROADWAY,MONROE & SR46W,39.18699904,-86.54785641
902562526,2015,11,6,Weekday,1300,2-Car,No injury/unknown,DRIVER DISTRACTED - EXPLAIN IN NARRATIVE,ACUFF & SR37N,39.20864676,-86.55461996
902562626,2015,11,7,Weekend,1200,3+ Cars,No injury/unknown,FOLLOWING TOO CLOSELY,ARBUTUS & THIRD,39.16427024,-86.51217006
902562665,2015,8,7,Weekend,1300,2-Car,No injury/unknown,FAILURE TO YIELD RIGHT OF WAY,SR46W & UNION VALLEY,39.215152,-86.5928