Master Record Number,Year,Month,Day,Weekend?,Hour,Collision Type,Injury Type,Primary Factor,Reported_Location,Latitude,Longitude
902587696,2015,12,1,Weekend,100,2-Car,No injury/unknown,FAILURE TO YIELD RIGHT OF WAY,BLOOMFIELD & LANDMARK,39.15993981,-86.55384603
902587708,2015,12,7,Weekend,200,1-Car,No injury/unknown,RAN OFF ROAD RIGHT,FAIRFAX & SOUTH WALNUT,0,0
902587710,2015,12,7,Weekend,100,1-Car,No injury/unknown,RAN OFF ROAD RIGHT,SR46E & TRAILWAY,39.16355934,-86.42589328
902587894,2015,12,2,Weekday,700,1-Car,No injury/unknown,RAN OFF ROAD RIGHT,ASSOCIATION & EDGEWOOD,39.235952,-86.629696
902587923,2015,12,5,Weekday,900,2-Car,No injury/unknown,FAILURE TO YIELD RIGHT OF WAY,FAIRWAY & ROGERS,39.1332411,-86.53836812
902587924,2015,12,6,Weekday,1400,2-Car,No injury/unknown,DISREGARD SIGNAL/REG SIGN,RHORER & WALNUT,39.12144,-86.526496
902588045,2015,12,2,Weekday,1100,2-Car,No injury/unknown,FOLLOWING TOO CLOSELY,3RD & SR37N,39.164752,-86.573104
902588086,2015,12,2,Weekday,1200,1-Car,No injury/unknown,RAN OFF ROAD RIGHT,NORTH KINSER & WEST CLUBHOUSE,39.20082003,-86.54285989
902588123,2015,12,2,Weekday,1200,2-Car,No injury/unknown,UNSAFE BACKING,E HOMESTEAD & MEADOWBROOK,39.154544,-86.4872
902588209,2015,12,2,Weekday,1200,2-Car,No injury/unknown,FAILURE TO YIELD RIGHT OF WAY,GRAHAM & HENDERSON,39.13943969,-86.52692019
902588234,2015,12,6,Weekday,1700,2-Car,No injury/unknown,FAILURE TO YIELD RIGHT OF WAY,SR45W & W ELLER,39.12419172,-86.61191905
902588235,2015,12,7,Weekend,1900,1-Car,Non-incapacitating,ANIMAL/OBJECT IN ROADWAY,KETCHEM & S OLD STATE ROAD 37,39.12548805,-86.54444977
902588289,2015,12,2,Weekday,1200,3+ Cars,Incapacitating,UNSAFE SPEED,E 3RD & ST RD 45 46 BYPASS,0,0
902588324,2015,12,2,Weekday,700,2-Car,No injury/unknown,SPEED TOO FAST FOR WEATHER CONDITIONS,OLD SR37,0,0
902588377,2015,12,2,Weekday,1100,2-Car,No injury/unknown,OTHER (VEHICLE) - EXPLAIN IN NARRATIVE,FOX HOLLOW & SR37,39.20286006,-86.51890971
902588570,2015,12,2,Weekday,1900,2-Car,No injury/unknown,OTHER (DRIVER) - EXPLAIN IN NARRATIVE,E KIRKWOOD,39.16664,-86.53211265
902589035,2015,12,3,Weekday,600,1-Car,No injury/unknown,LEFT OF CENTER,E SMITH & S WASHINGTON,39.16283995,-86.53238989
902589156,2015,12,1,Weekend,900,1-Car,No injury/unknown,OVERCORRECTING/OVERSTEERING,PAYNETOWN & SR446S,39.25007815,-86.42302189
902589435,2015,12,2,Weekday,1900,2-Car,No injury/unknown,IMPROPER TURNING,NORTH GATES & WEST JONATHON,39.16876025,-86.57641969
902589436,2015,12,3,Weekday,1100,3+ Cars,No injury/unknown,OTHER (DRIVER) - EXPLAIN IN NARRATIVE,GOURLEY,39.18501779,-86.53806947
902590040,2015,12,3,Weekday,1100,2-Car,No injury/unknown,UNSAFE BACKING,NORTH FEE,39.17245835,-86.51898421
902590395,2015,12,3,Weekday,2200,2-Car,No injury/unknown,ACCELERATOR FAILURE OR DEFECTIVE,SR46W,39.2512,-86.652504
902590454,2015,12,3,Weekday,2100,1-Car,Incapacitating,RAN OFF ROAD RIGHT,ROGERS & STANDS,39.13599975,-86.50407401
902590815,2015,12,4,Weekday,900,2-Car,No injury/unknown,DISREGARD SIGNAL/REG SIGN,FESS & HUNTER,39.16224986,-86.52590967
902590884,2015,12,4,Weekday,900,2-Car,No injury/unknown,UNSAFE LANE MOVEMENT,SR37S & VERNAL,39.17469734,-86.56501204
902590938,2015,12,4,Weekday,900,2-Car,No injury/unknown,VIEW OBSTRUCTED,CORY & THIRD,39.164544,-86.560096
902590980,2015,12,4,Weekday,1100,2-Car,Non-incapacitating,OTHER (DRIVER) - EXPLAIN IN NARRATIVE,GATES & JACOB,39.16562006,-86.57599993
902590999,2015,12,3,Weekday,1900,2-Car,No injury/unknown,FAILURE TO YIELD RIGHT OF WAY,N KINSER PIKE & STATE ROAD 45 46,39.186544,-86.537888
902591166,2015,12,2,Weekday,1900,2-Car,No injury/unknown,OTHER (DRIVER) - EXPLAIN IN NARRATIVE,SOUTH OLD STATE ROAD 37,39.120239,-86.52938
902591170,2015,12,4,Weekday,1500,1-Car,No injury/unknown,UNSAFE BACKING,N UNION,39.171472,-86.509376
902591190,2015,12,4,Weekday,1700,Bus,No injury/unknown,FOLLOWING TOO CLOSELY,FEE & MCNUTT,0,0
902591197,2015,12,4,Weekday,1700,2-Car,No injury/unknown,FOLLOWING TOO CLOSELY,SR45 & SR46,39.22119141,-86.60566711
902591250,2015,12,4,Weekday,1800,2-Car,No injury/unknown,FAILURE TO YIELD RIGHT OF WAY,RAMP 14 & W BLOOMFIELD,0,0
902591253,2015,12,2,Weekday,1700,2-Car,No injury/unknown,UNSAFE BACKING,SR45W,39.125312,-86.610496
902591254,2015,12,4,Weekday,1600,2-Car,No injury/unknown,IMPROPER PASSING,S VICTOR & SR37S,39.105552,-86.551104
902591276,2015,12,4,Weekday,1500,2-Car,Non-incapacitating,FAILURE TO YIELD RIGHT OF WAY,GRIMES & WALNUT,39.15344,-86.5336
902591278,2015,12,4,Weekday,1900,2-Car,No injury/unknown,WRONG WAY ON ONE WAY,BLOOMFIELD & LIBERTY,0,0
902591435,2015,12,5,Weekday,600,1-Car,No injury/unknown,ANIMAL/OBJECT IN ROADWAY,HEDRICK & STINESVILLE,39.28037081,-86.66297393
902591529,2015,12,5,Weekday,700,1-Car,No injury/unknown,RAN OFF ROAD RIGHT,E WINSLOW,39.136144,-86.52418483
902591559,2015,12,4,Weekday,800,1-Car,No injury/unknown,DISREGARD SIGNAL/REG SIGN,I69,0,0
902591560,2015,12,4,Weekday,1200,2-Car,No injury/unknown,SPEED TOO FAST FOR WEATHER CONDITIONS,N GATES & W RUNKLE,39.16635968,-86.57600998
902591747,2015,12,5,Weekday,1100,2-Car,No injury/unknown,FAILURE TO YIELD RIGHT OF WAY,ARCH HAVEN & S LANDMARK,39.14504993,-86.55405007
902591796,2015,12,5,Weekday,800,1-Car,No injury/unknown,DRIVER ASLEEP OR FATIGUED,LAKEVIEW,39.22591782,-86.60546875
902591836,2015,12,3,Weekday,1600,2-Car,No injury/unknown,,N ARLINGTON PARK,39.206944,-86.5996
902591889,2015,12,5,Weekday,1500,2-Car,No injury/unknown,UNSAFE BACKING,S OLD STATE ROAD 37,39.10851331,-86.53132114
902591940,2015,12,5,Weekday,1700,2-Car,No injury/unknown,FAILURE TO YIELD RIGHT OF WAY,ROGERS & SARE,0,0
902591983,2015,12,5,Weekday,1600,2-Car,No injury/unknown,ENGINE FAILURE OR DEFECTIVE,ALLEN & PATTERSON,39.15563017,-86.54330983
902591985,2015,12,5,Weekday,1800,2-Car,No injury/unknown,UNSAFE LANE MOVEMENT,E ATWATER & S MITCHELL,39.16308001,-86.5141797
902592055,2015,12,5,Weekday,2100,2-Car,No injury/unknown,UNSAFE LANE MOVEMENT,JORDAN & THIRD,39.16426018,-86.5163999
902592090,2015,12,5,Weekday,400,1-Car,No injury/unknown,RAN OFF ROAD RIGHT,CATHCART & SARE,39.14882004,-86.49905003
902592134,2015,12,6,Weekend,2300,1-Car,No injury/unknown,TIRE FAILURE OR DEFECTIVE,LAKEVIEW & SR46W,39.22148334,-86.60616326
902592277,2015,12,6,Weekday,800,2-Car,No injury/unknown,OTHER (DRIVER) - EXPLAIN IN NARRATIVE,E BUCKINGHAM & WESTMINSTER,39.134752,-86.521792
902592578,2015,12,6,Weekday,1100,3+ Cars,No injury/unknown,FOLLOWING TOO CLOSELY,3RD & COLLEGE MALL,39.16424,-86.4984
902592670,2015,12,6,Weekday,400,1-Car,No injury/unknown,RAN OFF ROAD RIGHT,SHEFFIELD,39.16975403,-86.4761734
902592782,2015,12,5,Weekday,800,2-Car,No injury/unknown,FOLLOWING TOO CLOSELY,BASSWOOD & SR45,39.15153122,-86.57220605
902592901,2015,12,5,Weekday,1800,2-Car,No injury/unknown,UNSAFE BACKING,S OLD STATE ROAD 37,39.137088,-86.53056
902593200,2015,12,6,Weekday,1200,2-Car,Incapacitating,FAILURE TO YIELD RIGHT OF WAY,HARRELL & SCHACHT,39.10844526,-86.49855535
902593257,2015,12,6,Weekday,1500,2-Car,No injury/unknown,FAILURE TO YIELD RIGHT OF WAY,KMART & W 3RD,39.16461684,-86.57481413
902593318,2015,12,6,Weekday,1300,2-Car,No injury/unknown,IMPROPER LANE USAGE,3RD,39.16470933,-86.57183467
902593319,2015,12,6,Weekday,1800,Pedestrian,Incapacitating,PEDESTRIAN ACTION,S PATTERSON & W 3RD,39.16344009,-86.55128002
902593323,2015,12,6,Weekday,1300,2-Car,No injury/unknown,FOLLOWING TOO CLOSELY,2750 S WALNUT & WINSLOW,39.10165998,-86.532684
902593327,2015,12,5,Weekday,1000,2-Car,No injury/unknown,UNSAFE LANE MOVEMENT,STATE ROAD 45,39.14186,-86.57995163
902593328,2015,12,6,Weekday,1000,2-Car,No injury/unknown,UNSAFE BACKING,SR45W,39.125312,-86.610496
902593355,2015,12,6,Weekday,1600,Pedestrian,Non-incapacitating,FAILURE TO YIELD RIGHT OF WAY,S LIBERTY,39.145264,-86.577616
902593763,2015,12,7,Weekend,100,1-Car,No injury/unknown,RAN OFF ROAD RIGHT,7769 S ZIKES & STATE ROAD 37,0,0
902593916,2015,12,6,Weekday,700,3+ Cars,No injury/unknown,DRIVER DISTRACTED - EXPLAIN IN NARRATIVE,KINSER & SR4546W,39.186544,-86.537888
902593924,2015,12,7,Weekend,1000,2-Car,No injury/unknown,UNSAFE BACKING,SOUTH WALNUT,39.14648987,-86.53246164
902593956,2015,12,7,Weekend,1100,2-Car,No injury/unknown,FAILURE TO YIELD RIGHT OF WAY,E 3RD & SO GRANT,39.16464,-86.529728
902593973,2015,12,7,Weekend,1200,3+ Cars,No injury/unknown,FOLLOWING TOO CLOSELY,3RD & KINGSTON,39.16424,-86.492944
902594019,2015,12,6,Weekday,1400,2-Car,No injury/unknown,FAILURE TO YIELD RIGHT OF WAY,WALNUT & WINSLOW,39.13597025,-86.5311098
902594091,2015,12,6,Weekday,1800,2-Car,Incapacitating,FAILURE TO YIELD RIGHT OF WAY,SMITHVILLE & SR37S,39.16424,-86.480688
902594168,2015,12,4,Weekday,1400,2-Car,No injury/unknown,UNSAFE BACKING,3RD,39.16464,-86.56913891
902594181,2015,12,6,Weekday,1600,2-Car,No injury/unknown,FAILURE TO YIELD RIGHT OF WAY,CONSTITUTION & CURRY,39.15127024,-86.58265059
902594182,2015,12,6,Weekend,1900,2-Car,No injury/unknown,DRIVER DISTRACTED - EXPLAIN IN NARRATIVE,BURMA & SR37N,39.31763107,-86.51064363
902594183,2015,12,7,Weekend,1600,2-Car,No injury/unknown,FOLLOWING TOO CLOSELY,BURMA & SR37N,39.31831096,-86.51055935
902594185,2015,12,7,Weekend,2000,1-Car,Incapacitating,RAN OFF ROAD RIGHT,BLOOMFIELD & SR37S,39.15473522,-86.5731008
902594191,2015,12,7,Weekend,1400,Pedestrian,Incapacitating,FAILURE TO YIELD RIGHT OF WAY,N GATES & W JACOB,39.16562006,-86.57600425
902594210,2015,12,7,Weekend,2200,1-Car,No injury/unknown,RAN OFF ROAD RIGHT,SR 45 & SR37S,39.19928629,-86.57504272
902594574,2015,12,7,Weekend,1100,2-Car,No injury/unknown,FAILURE TO YIELD RIGHT OF WAY,SR37S & W SR 45,39.1464386,-86.57504272
902594814,2015,12,6,Weekday,1300,1-Car,No injury/unknown,IMPROPER TURNING,SR46W,39.245574,-86.635658
902595017,2015,12,1,Weekend,1100,2-Car,No injury/unknown,IMPROPER TURNING,N GATES,39.16781209,-86.57606229
902595078,2015,12,7,Weekend,1600,1-Car,No injury/unknown,ANIMAL/OBJECT IN ROADWAY,1712 S HIGH & ARDEN,39.16385694,-86.508674
902595097,2015,12,5,Weekday,1200,2-Car,No injury/unknown,FAILURE TO YIELD RIGHT OF WAY,ALEXANDER & GATES,39.16876025,-86.57641969
902595098,2015,12,6,Weekday,1100,2-Car,No injury/unknown,OVERSIZE/OVERWEIGHT LOAD,BURMA & SR37N,39.16432,-86.50824
902595162,2015,12,7,Weekend,1900,2-Car,No injury/unknown,FAILURE TO YIELD RIGHT OF WAY,N GATES & W 3RD,39.16458497,-86.57620081
902595296,2015,12,1,Weekend,1400,2-Car,No injury/unknown,FOLLOWING TOO CLOSELY,COLLEGE MALL & E 3RD,39.16424,-86.4984
902595367,2015,12,1,Weekday,2200,2-Car,No injury/unknown,IMPROPER TURNING,E 3RD,39.16423674,-86.49805388
902595537,2015,12,1,Weekend,1300,1-Car,No injury/unknown,OTHER (VEHICLE) - EXPLAIN IN NARRATIVE,S FAIRFAX & SCHACHT,39.10704,-86.523488
902595538,2015,12,6,Weekday,1300,2-Car,No injury/unknown,OTHER (DRIVER) - EXPLAIN IN NARRATIVE,W GORDON,39.121648,-86.539088
902595615,2015,12,2,Weekday,1000,2-Car,No injury/unknown,FOLLOWING TOO CLOSELY,SR46 & UNIONVILLE,0,0
902595654,2015,12,2,Weekday,900,2-Car,No injury/unknown,UNSAFE BACKING,1800 N RANGE RD & RANGE,39.184208,-86.492816
902595676,2015,12,2,Weekday,900,2-Car,Incapacitating,FOLLOWING TOO CLOSELY,CURRY & PROFILE,0,0
902595694,2015,12,2,Weekday,1000,2-Car,No injury/unknown,OTHER (DRIVER) - EXPLAIN IN NARRATIVE,8TH & COLLEGE,39.169552,-86.534784
902595779,2015,12,2,Weekday,1100,2-Car,No injury/unknown,UNSAFE LANE MOVEMENT,14TH & WALNUT,39.175952,-86.53344
902595947,2015,12,2,Weekday,1500,2-Car,Non-incapacitating,FOLLOWING TOO CLOSELY,E 3RD & S SMITH,39.16424,-86.480688
902596073,2015,12,2,Weekday,1700,1-Car,No injury/unknown,OVERCORRECTING/OVERSTEERING,DUNN & SR37N,39.17863846,-86.52835845
902596142,2015,12,2,Weekday,1800,1-Car,No injury/unknown,ANIMAL/OBJECT IN ROADWAY,ARLINGTON & SR46W,39.20891792,-86.58132778
902596143,2015,12,2,Weekday,2200,2-Car,No injury/unknown,FOLLOWING TOO CLOSELY,SR46W & UNIONVALLEY,0,0
902596145,2015,12,2,Weekday,1600,2-Car,No injury/unknown,FOLLOWING TOO CLOSELY,FORREST PARK & SMITH,0,0
902596146,2015,12,2,Weekday,1700,2-Car,No injury/unknown,FOLLOWING TOO CLOSELY,SR4400W & UNIONVALLEY,0,0
902596189,2015,12,2,Weekday,2100,2-Car,Non-incapacitating,FOLLOWING TOO CLOSELY,E HILLSIDE & S OLIVE,39.15056013,-86.51882998
902596533,2015,12,3,Weekday,2000,2-Car,No injury/unknown,UNSAFE BACKING,COOLIDGE & S MADISON,39.13064182,-86.53767988
902596543,2015,12,2,Weekday,1800,2-Car,No injury/unknown,FOLLOWING TOO CLOSELY,EAST 3RD & SOUTH SMITH,39.16424,-86.480688
902596645,2015,12,3,Weekday,1400,2-Car,Incapacitating,FAILURE TO YIELD RIGHT OF WAY,LONGVIEW & PETE ELLIS,39.166944,-86.495056
902596736,2015,12,3,Weekday,1500,2-Car,No injury/unknown,FAILURE TO YIELD RIGHT OF WAY,3RD & LIBERTY,39.12759965,-86.57913006
902596752,2015,12,3,Weekday,1600,2-Car,No injury/unknown,UNSAFE BACKING,3400 INDIAN CREEK & FARINTON,39.13438,-86.57640301
902596777,2015,12,2,Weekday,1800,2-Car,No injury/unknown,VIEW OBSTRUCTED,E 4TH & S WASHINGTON,39.16557983,-86.53235033
902596811,2015,12,3,Weekday,1500,2-Car,No injury/unknown,FOLLOWING TOO CLOSELY,S KEGG & W TAPP,0,0
902596859,2015,12,1,Weekend,1600,1-Car,No injury/unknown,RAN OFF ROAD RIGHT,E GROSS & S FRIENDSHIP,39.139344,-86.401088
902596860,2015,12,2,Weekday,1500,2-Car,No injury/unknown,FAILURE TO YIELD RIGHT OF WAY,N CURRY & W VERNAL,39.179248,-86.5832
902596861,2015,12,3,Weekday,1700,Moped/Motorcycle,No injury/unknown,IMPROPER PASSING,SOUTH GORE & SOUTH OLD SR 37,39.032544,-86.541696
902596862,2015,12,3,Weekday,1900,2-Car,No injury/unknown,FAILURE TO YIELD RIGHT OF WAY,SR45W,39.125312,-86.610496
902597127,2015,12,4,Weekday,100,1-Car,No injury/unknown,RAN OFF ROAD RIGHT,3RD & PETE ELLIS,39.16533862,-86.495088
902597289,2015,12,4,Weekday,700,2-Car,No injury/unknown,UNSAFE LANE MOVEMENT,SR37S,0,0
902597322,2015,12,4,Weekday,900,2-Car,Non-incapacitating,FAILURE TO YIELD RIGHT OF WAY,SR37N & SR45W,39.148144,-86.572992
902597420,2015,12,4,Weekday,1200,2-Car,No injury/unknown,FOLLOWING TOO CLOSELY,E 3RD & PETE ELLIS,39.16424,-86.495088
902597666,2015,12,4,Weekday,1600,2-Car,Incapacitating,FOLLOWING TOO CLOSELY,DUNN & SR 45 46 BYPASS,39.186352,-86.528496
902597708,2015,12,4,Weekday,1600,3+ Cars,No injury/unknown,FOLLOWING TOO CLOSELY,SOUTH LIBERTY & WEST 3RD,39.05886576,-86.57913006
902597724,2015,12,4,Weekday,1900,1-Car,Incapacitating,OBSTRUCTION NOT MARKED,S PATTERSON & W PROSPECT,0,0
902597761,2015,12,4,Weekday,500,2-Car,No injury/unknown,LEFT OF CENTER,HARTSTRAIT & SR46W,39.22766271,-86.61588976
902597801,2015,12,3,Weekday,100,1-Car,Incapacitating,UNSAFE SPEED,W MAY,39.09349863,-86.59996102
902597923,2015,12,5,Weekday,100,2-Car,No injury/unknown,UNSAFE BACKING,E 10TH,39.17149326,-86.51131082
902597938,2015,12,4,Weekday,2100,2-Car,No injury/unknown,FAILURE TO YIELD RIGHT OF WAY,E WINSLOW & S WALNUT STREET,39.1359897,-86.52879975
902598035,2015,12,5,Weekday,600,2-Car,No injury/unknown,DISREGARD SIGNAL/REG SIGN,KIRKWOOD & S WALNUT,39.16658029,-86.53361029
902598036,2015,12,4,Weekday,1200,2-Car,No injury/unknown,UNSAFE SPEED,10TH & SR46E,39.171648,-86.502096
902598177,2015,12,4,Weekday,1200,2-Car,No injury/unknown,FOLLOWING TOO CLOSELY,GORDON & OLD 37,39.12141994,-86.53134986
902598186,2015,12,3,Weekday,1700,2-Car,No injury/unknown,UNSAFE BACKING,E 3RD,39.16423861,-86.49522852
902598986,2015,12,5,Weekday,2300,1-Car,No injury/unknown,RAN OFF ROAD RIGHT,N MAPLE GROVE & W ARLINGTON,39.19968,-86.55968
902599035,2015,12,5,Weekday,1100,2-Car,No injury/unknown,UNSAFE BACKING,OLD 37 S,39.12023926,-86.52938079
902599036,2015,12,4,Weekday,900,1-Car,No injury/unknown,RAN OFF ROAD RIGHT,ANDERSON & DORA,39.2701267,-86.48186315
902599037,2015,12,4,Weekday,1100,1-Car,No injury/unknown,RAN OFF ROAD RIGHT,HAYS & SR446S,39.04660773,-86.40828939
902599038,2015,12,5,Weekday,1200,2-Car,No injury/unknown,FOLLOWING TOO CLOSELY,NORTH & WALNUT,39.144752,-86.531888
902599061,2015,12,5,Weekday,1000,2-Car,No injury/unknown,FAILURE TO YIELD RIGHT OF WAY,GATES,39.16803807,-86.57621853
902599414,2015,12,7,Weekend,200,1-Car,No injury/unknown,ANIMAL/OBJECT IN ROADWAY,S BREEDEN & SR45W,39.08693531,-86.67113914
902599418,2015,12,7,Weekend,0,1-Car,No injury/unknown,ANIMAL/OBJECT IN ROADWAY,E BAYLESS & N SR 37 BUSINESS,0,0
902599854,2015,12,5,Weekday,1000,2-Car,No injury/unknown,OTHER (ENVIRONMENTAL) - EXPLAIN IN NARR,INGRAM & SR37S,38.99476252,-86.53728083
902600315,2015,12,4,Weekday,1700,2-Car,Incapacitating,FAILURE TO YIELD RIGHT OF WAY,DILLMAN & S OLD SR 37,39.092944,-86.544
902600316,2015,12,5,Weekday,2200,2-Car,No injury/unknown,UNSAFE BACKING,W FESTIVE,39.130144,-86.577024
902600457,2015,12,7,Weekend,200,1-Car,No injury/unknown,ANIMAL/OBJECT IN ROADWAY,INGRAM & SR37,38.99366392,-86.5372677
902600577,2015,12,1,Weekend,0,1-Car,No injury/unknown,IMPROPER LANE USAGE,NORTH & WALNUT,39.14555447,-86.53212815
902600608,2015,12,1,Weekend,0,1-Car,No injury/unknown,SPEED TOO FAST FOR WEATHER CONDITIONS,BASSWOOD & BLOOMFIELD,39.20263248,-86.56889006
902600753,2015,12,1,Weekend,1100,2-Car,No injury/unknown,SPEED TOO FAST FOR WEATHER CONDITIONS,10 & SR46E,39.280386,-84.94479
902600774,2015,12,2,Weekday,900,2-Car,No injury/unknown,FAILURE TO YIELD RIGHT OF WAY,OLD STATE ROAD 37 & SR37S,39.28445816,-86.49533081
902600952,2015,12,1,Weekend,600,1-Car,No injury/unknown,ANIMAL/OBJECT IN ROADWAY,SR37 & ZIKES,39.04918134,-86.53588594
902600962,2015,12,1,Weekend,1600,1-Car,Incapacitating,UNSAFE SPEED,I69S,0,0
902601998,2015,12,2,Weekday,700,1-Car,No injury/unknown,ROADWAY SURFACE CONDITION,FARR ROAD & FISH ROAD,39.306768,-86.476816
902602454,2015,12,2,Weekday,1400,2-Car,No injury/unknown,DISREGARD SIGNAL/REG SIGN,ASSOCIATION & SALE,39.233056,-86.6256
902602723,2015,12,2,Weekday,1700,3+ Cars,No injury/unknown,FOLLOWING TOO CLOSELY,E 3RD & WALNUT,39.16464,-86.5336
902602794,2015,12,2,Weekday,1700,2-Car,No injury/unknown,LEFT OF CENTER,RUNKLE & S WELMIR,0,0
902602998,2015,12,2,Weekday,700,2-Car,No injury/unknown,OTHER (DRIVER) - EXPLAIN IN NARRATIVE,FARRINGTON & MARKET,39.136144,-86.580704
902603000,2015,12,7,Weekend,1500,1-Car,Incapacitating,RAN OFF ROAD RIGHT,E MARIE & S FAIRFAX,39.10568006,-86.5224798
902603001,2015,12,1,Weekend,1600,3+ Cars,No injury/unknown,UNSAFE SPEED,W SR 45,39.14186096,-86.5799179
902603468,2015,12,3,Weekday,600,1-Car,No injury/unknown,ANIMAL/OBJECT IN ROADWAY,MONROE DAM & SR37S,39.02059174,-86.53601714
902603616,2015,12,2,Weekday,1200,2-Car,No injury/unknown,SPEED TOO FAST FOR WEATHER CONDITIONS,BASSWOOD & MULLER,39.15858999,-86.56790971
902603734,2015,12,2,Weekday,700,1-Car,No injury/unknown,RAN OFF ROAD RIGHT,FAIRFAX & WALNUT STREET,39.10715819,-86.52650724
902603994,2015,12,2,Weekday,1500,Bus,No injury/unknown,UNSAFE LANE MOVEMENT,S COLLEGE & W KIRKWOOD,39.16664,-86.5348
902604141,2015,12,3,Weekday,1700,1-Car,No injury/unknown,OVERCORRECTING/OVERSTEERING,SR37S & W 3RD,39.16747214,-86.57272682
902604143,2015,12,3,Weekday,1800,2-Car,No injury/unknown,FOLLOWING TOO CLOSELY,BLOOMFIELD & STATE ROAD 37 RAMP 15,0,0
902604324,2015,12,3,Weekday,2100,2-Car,Non-incapacitating,FAILURE TO YIELD RIGHT OF WAY,3RD & LIBERTY,39.16461021,-86.57913006
902604954,2015,10,1,Weekend,1200,2-Car,No injury/unknown,UNSAFE LANE MOVEMENT,ATWATER & MITCHELL,39.16308001,-86.5141797
902605156,2015,12,4,Weekday,1200,3+ Cars,No injury/unknown,IMPROPER TURNING,NORTH CURRY PIKE & PROFILE PARKWAY,39.14023084,-86.5829797
902605514,2015,12,4,Weekday,1800,2-Car,No injury/unknown,FOLLOWING TOO CLOSELY,SOUTH FAIRFAX & SOUTH WALNUT STREET,0,0
902605555,2015,12,2,Weekday,2200,1-Car,Incapacitating,RAN OFF ROAD RIGHT,ALLEN & BLOOMFIELD,39.156144,-86.561296
902605810,2015,12,4,Weekday,1800,1-Car,No injury/unknown,ANIMAL/OBJECT IN ROADWAY,I69,0,0
902605945,2015,12,2,Weekday,1300,2-Car,No injury/unknown,FAILURE TO YIELD RIGHT OF WAY,CURRY & FARMER,0,0
902605946,2015,12,3,Weekday,500,1-Car,No injury/unknown,RAN OFF ROAD RIGHT,MCNEELY,39.238513,-86.613235
902606006,2015,12,5,Weekday,1200,2-Car,No injury/unknown,FAILURE TO YIELD RIGHT OF WAY,LONGVIEW & PETE ELLIS,39.166944,-86.495056
902606026,2015,12,5,Weekday,1100,2-Car,No injury/unknown,FOLLOWING TOO CLOSELY,CONSTITUTION & LIBERTY,39.149552,-86.575936
902606125,2015,12,5,Weekday,1400,2-Car,No injury/unknown,FOLLOWING TOO CLOSELY,E 4TH & WALNUT,39.165648,-86.5336
902606156,2015,12,4,Weekday,1600,2-Car,No injury/unknown,FOLLOWING TOO CLOSELY,CONSTITUTION & LIBERTY,39.25690807,-86.5768703
902607777,2015,12,3,Weekday,1600,1-Car,No injury/unknown,OTHER (DRIVER) - EXPLAIN IN NARRATIVE,N DANIELS,39.16936111,-86.59674835
902609951,2015,12,5,Weekday,1500,2-Car,No injury/unknown,OTHER (VEHICLE) - EXPLAIN IN NARRATIVE,SUMMIT & W 13TH,39.175152,-86.548048
902616058,2015,12,4,Weekday,2100,2-Car,No injury/unknown,UNSAFE BACKING,RAUBS,39.22990074,-86.635728
902623025,2015,12,4,Weekday,900,1-Car,No injury/unknown,ANIMAL/OBJECT IN ROADWAY,BURMA & SR37,39.31359897,-86.51172699
902627122,2015,12,3,Weekday,1400,2-Car,No injury/unknown,ANIMAL/OBJECT IN ROADWAY,INGRAM & SR37S,39.09734018,-86.59564208
902639414,2015,12,2,Weekday,800,1-Car,No injury/unknown,ANIMAL/OBJECT IN ROADWAY,OLD STATE ROAD 37 SOUTH & WEST CHUMLEY,,
902215591,2014,4,5,Weekday,900,3+ Cars,Non-incapacitating,FAILURE TO YIELD RIGHT OF WAY,SR45W & WALMART,40.89924136,-85.51386595
902161572,2014,1,5,Weekday,1700,2-Car,No injury/unknown,UNSAFE BACKING,EAST 7TH ST,40.615528,-87.313484
902314271,2014,10,3,Weekday,1200,1-Car,No injury/unknown,OVERSIZE/OVERWEIGHT LOAD,S 3RD & W 4TH,40.48158309,-85.63315222
902299843,2014,9,6,Weekend,2000,2-Car,No injury/unknown,DRIVER DISTRACTED - EXPLAIN IN NARRATIVE,ADAMS & MONROE ST,40.1918609,-85.38064135
902320172,2014,10,6,Weekday,700,3+ Cars,Incapacitating,FOLLOWING TOO CLOSELY,S WALNUT & SOUTH,40.03117049,-86.12608024
902203415,2014,3,6,Weekday,800,2-Car,No injury/unknown,FOLLOWING TOO CLOSELY,CROSSOVER ROAD & SR37N,39.56472121,-86.51947021
902308970,2014,10,2,Weekday,1300,Moped/Motorcycle,Incapacitating,LEFT OF CENTER,OLD RICHARDSON & SR446S,39.5315596,-86.42645263
902296588,2014,9,2,Weekday,1600,1-Car,Non-incapacitating,RAN OFF ROAD RIGHT,HACKERS CREEK RD & MAIN FOREST,39.51752291,-86.47167988
902293051,2014,9,1,Weekend,300,1-Car,No injury/unknown,RAN OFF ROAD RIGHT,OLD DUTCH CHURCH RD & RED HILL ROAD RD,39.48158564,-86.63486972
902228244,2014,5,3,Weekday,500,1-Car,No injury/unknown,RAN OFF ROAD RIGHT,WOODCREST DR,39.43796158,-86.39395141