Master Record Number,Year,Month,Day,Weekend?,Hour,Collision Type,Injury Type,Primary Factor,Reported_Location,Latitude,Longitude
902204056,2014,3,6,Weekend,2000,1-Car,No injury/unknown,ANIMAL/OBJECT IN ROADWAY,BOTTOM & SR37S,39.43547095,-86.55792236
902321098,2014,10,5,Weekday,0,1-Car,No injury/unknown,UNSAFE SPEED,GOURLEY PK & OLD STATE ROAD 37,39.39678004,-86.53521023
902267840,2014,7,7,Weekend,800,1-Car,No injury/unknown,RAN OFF ROAD RIGHT,E MAIN FORREST & N ROSENBAUM  RD,39.38752459,-86.42219656
902169372,2014,1,6,Weekend,2000,2-Car,No injury/unknown,UNSAFE LANE MOVEMENT,N CROSSOVER & SR37N,39.38283344,-86.51870072
902199452,2014,3,2,Weekday,600,1-Car,Non-incapacitating,ROADWAY SURFACE CONDITION,BOTTOM ROAD & SR37N,39.3824478,-86.55792236
902188373,2014,2,6,Weekday,1500,2-Car,No injury/unknown,LEFT OF CENTER,HWY 37 SOUTH & OLD ST RD 37 SOUTH RD,39.36887546,-86.48436457
902333362,2014,10,2,Weekday,1100,1-Car,No injury/unknown,ANIMAL/OBJECT IN ROADWAY,BUSKIRK & FRY,39.36269731,-86.55248179
902300340,2014,9,1,Weekend,400,1-Car,Incapacitating,RAN OFF ROAD RIGHT,NORTH UNION VALLEY RD & WEST TANGLEWOOD,39.34305607,-86.59276977
902213790,2014,4,7,Weekend,100,1-Car,Fatal,OBSTRUCTION NOT MARKED,MOON RD & W SAND COLLEGE,39.34234251,-86.65127245
902199516,2014,3,7,Weekend,1000,1-Car,Non-incapacitating,ANIMAL/OBJECT IN ROADWAY,BURMA RD & SALEM,39.3392379,-86.54964776
902149950,2014,1,4,Weekday,1800,1-Car,No injury/unknown,ANIMAL/OBJECT IN ROADWAY,OLD ST RD 37S & SR37S,39.33749218,-86.49533081
902311837,2014,10,6,Weekend,2200,1-Car,No injury/unknown,SPEED TOO FAST FOR WEATHER CONDITIONS,BRYANTS CREEK & SR37N,39.33650147,-86.51086393
902195326,2014,3,1,Weekday,2200,1-Car,Non-incapacitating,RAN OFF ROAD RIGHT,BURMA RD & SPRADLING,39.33346643,-86.53310219
902157903,2014,1,7,Weekend,2300,1-Car,No injury/unknown,RAN OFF ROAD RIGHT,OLD STATE RD 37 RD & SAMPLE,39.33281908,-86.50128029
902348388,2014,12,6,Weekday,1500,1-Car,Non-incapacitating,DRIVER ILLNESS,BRYANTS CREEK & SR37N,39.33184541,-86.51438677
902153233,2014,1,1,Weekday,2200,1-Car,No injury/unknown,ANIMAL/OBJECT IN ROADWAY,BRYANTS CREEK & SR37N,39.32998958,-86.51525817
902215858,2014,4,1,Weekend,1400,2-Car,Non-incapacitating,UNSAFE LANE MOVEMENT,BURMA & SR37N,39.32828874,-86.51388174
902154954,2014,1,2,Weekday,1500,1-Car,No injury/unknown,SPEED TOO FAST FOR WEATHER CONDITIONS,BURMA & SR37N,39.31968099,-86.51067443
902213223,2014,4,7,Weekend,200,1-Car,No injury/unknown,RAN OFF ROAD RIGHT,NORTH MOUNT PLEASANT & WEST BURMA RD,39.317216,-86.57976
902187568,2014,2,3,Weekday,700,2-Car,No injury/unknown,SPEED TOO FAST FOR WEATHER CONDITIONS,SR37S,39.31700127,-86.5108666
902361123,2014,12,7,Weekend,300,1-Car,No injury/unknown,SPEED TOO FAST FOR WEATHER CONDITIONS,BURMA & SR37N,39.31614939,-86.51101878
902334062,2014,11,1,Weekday,1900,1-Car,No injury/unknown,ANIMAL/OBJECT IN ROADWAY,BURMA & SR37N,39.31561299,-86.51117113
902188546,2014,2,3,Weekday,800,1-Car,No injury/unknown,SPEED TOO FAST FOR WEATHER CONDITIONS,BURMA & SR37S,39.3148084,-86.51139966
902246884,2014,6,2,Weekday,500,1-Car,No injury/unknown,ANIMAL/OBJECT IN ROADWAY,SR37N & WEST BURMA,39.314272,-86.511552
902323780,2014,10,5,Weekday,700,1-Car,No injury/unknown,ANIMAL/OBJECT IN ROADWAY,SR37,39.31416208,-86.51167738
902268041,2014,7,7,Weekend,2100,1-Car,No injury/unknown,ANIMAL/OBJECT IN ROADWAY,BURMA & SR37N,39.31400279,-86.511622
902223624,2014,4,4,Weekday,600,Pedestrian,Non-incapacitating,PEDESTRIAN ACTION,WEST WOLF MOUNTAIN RD,39.31304932,-86.666893
902197556,2014,3,3,Weekday,1400,1-Car,No injury/unknown,RAN OFF ROAD RIGHT,N COUNTY LINE RD & N WOLF MOUNTAIN,39.310928,-86.685424
902276521,2014,8,3,Weekday,2100,1-Car,No injury/unknown,UNSAFE SPEED,BEAN BLOSSOM & MAIN FOREST RD,39.31077361,-86.42810277
902204957,2014,3,3,Weekday,800,2-Car,No injury/unknown,IMPROPER LANE USAGE,N CROSSOVER & SR37S,39.31006077,-86.51947021
902185739,2014,2,6,Weekday,1500,1-Car,No injury/unknown,RAN OFF ROAD RIGHT,N BUSKIRK & W FRY RD,39.30962931,-86.55243851
902189108,2014,2,4,Weekday,900,Bus,No injury/unknown,UNSAFE BACKING,8223 N BOTTOM RD & W PRATHER,39.308592,-86.602176
902312496,2014,10,1,Weekend,1300,2-Car,No injury/unknown,FOLLOWING TOO CLOSELY,SR37 & SR45W,39.30670166,-86.5161972
902195373,2014,3,1,Weekend,500,2-Car,Non-incapacitating,SPEED TOO FAST FOR WEATHER CONDITIONS,E CHAMBERS & SR37N,39.30565079,-86.51636386
902221952,2014,4,3,Weekday,1500,2-Car,No injury/unknown,FAILURE TO YIELD RIGHT OF WAY,CHAMBERS & SR37N,39.30432,-86.5168
902314598,2014,10,4,Weekday,1300,2-Car,No injury/unknown,OVERCORRECTING/OVERSTEERING,DILLMAN & VICTOR,39.30412235,-86.55929983
902342758,2014,11,3,Weekday,1900,1-Car,No injury/unknown,RAN OFF ROAD RIGHT,CHAMBERS & SR37N,39.30406189,-86.51651001
902164489,2014,1,1,Weekend,1600,1-Car,No injury/unknown,SPEED TOO FAST FOR WEATHER CONDITIONS,CHAMBERS PIKE & SR37,39.30404015,-86.51626295
902352164,2014,12,5,Weekday,1700,3+ Cars,Incapacitating,DRIVER DISTRACTED - EXPLAIN IN NARRATIVE,SR37S & W VERNAL,39.30355273,-86.56252289
902289611,2014,9,2,Weekday,200,1-Car,No injury/unknown,RAN OFF ROAD RIGHT,CHAMBERS & SR37N,39.30218905,-86.51748921
902256441,2014,6,5,Weekday,0,1-Car,No injury/unknown,ANIMAL/OBJECT IN ROADWAY,BURMA & SR37S,39.30152476,-86.51770406
902268638,2014,7,2,Weekday,1100,2-Car,No injury/unknown,TIRE FAILURE OR DEFECTIVE,CROSSOVER & SR37N,39.29944992,-86.51947021
902150501,2014,1,5,Weekday,800,1-Car,No injury/unknown,SPEED TOO FAST FOR WEATHER CONDITIONS,CHAMBERS & SR37N,39.29897788,-86.51843531
902321242,2014,10,7,Weekend,1400,1-Car,No injury/unknown,ANIMAL/OBJECT IN ROADWAY,8600 STINSVILLE RD & MAIN,39.298944,-86.6532
902225731,2014,4,4,Weekday,1700,2-Car,Incapacitating,FAILURE TO YIELD RIGHT OF WAY,N OLD DUTCH CHURCH & N RED HILL RD,39.2986878,-86.63486972
902267000,2014,7,2,Weekday,800,2-Car,Non-incapacitating,FOLLOWING TOO CLOSELY,SMITH PIKE PIKE & WOODYARD ROAD,39.29645443,-86.58308029
902167700,2014,1,5,Weekday,1600,1-Car,No injury/unknown,RAN OFF ROAD RIGHT,N RED HILL & W WALKER LN,39.295952,-86.639808
902196347,2014,3,2,Weekday,1300,1-Car,No injury/unknown,RAN OFF ROAD RIGHT,MOUNT TABOR RD,39.29093552,-86.62451171
902251255,2014,6,4,Weekday,600,2-Car,No injury/unknown,FOLLOWING TOO CLOSELY,NORTH FOX HOLLOW & SR37N,39.29042148,-86.51795556
902151726,2014,1,6,Weekday,900,2-Car,No injury/unknown,IMPROPER LANE USAGE,NORTH BOTTOM & NORTH WOODALL RD,39.290288,-86.576992
902310069,2014,10,4,Weekday,700,1-Car,No injury/unknown,FAILURE TO YIELD RIGHT OF WAY,BOTTOM RDS & DITTEMORE,39.28949104,-86.56278428
902321486,2014,10,7,Weekend,1800,1-Car,No injury/unknown,RAN OFF ROAD RIGHT,N FISH,39.288544,-86.480816
902348387,2014,12,5,Weekday,1700,1-Car,No injury/unknown,DRIVER DISTRACTED - EXPLAIN IN NARRATIVE,STATE ROAD 37 N,39.28844,-86.518728
902235845,2014,5,7,Weekend,1500,1-Car,Non-incapacitating,RAN OFF ROAD RIGHT,BOTTOM RD & WOODALL,39.28492649,-86.57690668
902323071,2014,10,4,Weekday,700,1-Car,No injury/unknown,RAN OFF ROAD RIGHT,HEDRICK & STINESVILLE,39.28449039,-86.66302773
902240541,2014,5,3,Weekday,800,2-Car,No injury/unknown,FOLLOWING TOO CLOSELY,OLD STATE 37 & SR37S,39.28445816,-86.49533081
902171009,2014,1,1,Weekend,900,1-Car,No injury/unknown,RAN OFF ROAD RIGHT,MOUNT TABOR RD & WOODLAND,39.28344,-86.624192
902213700,2014,4,7,Weekend,1600,1-Car,Non-incapacitating,UNSAFE SPEED,MT TABOR RD & WOODLAND,39.28344,-86.624192
902258530,2014,7,3,Weekday,900,1-Car,No injury/unknown,RAN OFF ROAD RIGHT,WOODALL RD & WOODLAND,39.28339463,-86.58291793
902272736,2014,7,4,Weekday,600,1-Car,No injury/unknown,RAN OFF ROAD RIGHT,E ANDERSON RD & N LOW GAP RD RD,39.282576,-86.411808
902326361,2014,11,2,Weekday,500,1-Car,No injury/unknown,ANIMAL/OBJECT IN ROADWAY,SR36N & W VERNAL,39.28239736,-86.56252289
902289609,2014,8,5,Weekday,600,2-Car,No injury/unknown,FOLLOWING TOO CLOSELY,COUNTY LINE & SR46W,39.281744,-86.6848
902356033,2014,12,5,Weekday,0,1-Car,No injury/unknown,RAN OFF ROAD RIGHT,HEDRICK,39.2814064,-86.67684174
902174393,2014,1,5,Weekday,1900,1-Car,No injury/unknown,OVERCORRECTING/OVERSTEERING,N MT GILEAD & SR45E,39.28106985,-86.46720886
902185729,2014,2,1,Weekend,1200,2-Car,Incapacitating,FAILURE TO YIELD RIGHT OF WAY,SR37N & WINERY,39.28076172,-86.52158355
902266074,2014,7,2,Weekday,2000,1-Car,Non-incapacitating,RAN OFF ROAD RIGHT,WOODALL & WOODLAND RD,39.28068012,-86.58320686
902307219,2014,9,7,Weekend,1400,2-Car,No injury/unknown,UNSAFE SPEED,SR37N & WINERY RD,39.28039983,-86.52268029
902307889,2014,10,6,Weekday,1400,3+ Cars,Non-incapacitating,LEFT OF CENTER,MERRITT & SR446S,39.27911703,-86.42514778
902194021,2014,2,5,Weekday,1500,2-Car,No injury/unknown,TIRE FAILURE OR DEFECTIVE,HEDRICK & SR46W,39.27761903,-86.67732778
902325760,2014,11,1,Weekend,1100,1-Car,No injury/unknown,ANIMAL/OBJECT IN ROADWAY,BOTTOM & SR37,39.27640152,-86.55792236
902268391,2014,7,6,Weekday,1300,1-Car,No injury/unknown,ANIMAL/OBJECT IN ROADWAY,BOTTOM & SR37N,39.27640152,-86.55792236
902279520,2014,8,2,Weekday,500,1-Car,Non-incapacitating,RAN OFF ROAD RIGHT,BOTTOM RD,39.27640152,-86.55792236
902247298,2014,6,6,Weekend,2100,2-Car,Non-incapacitating,FAILURE TO YIELD RIGHT OF WAY,SR37N & THAMES,39.27473068,-86.51846313
902260067,2014,7,6,Weekday,500,1-Car,No injury/unknown,RAN OFF ROAD RIGHT,N BARR & N MT TABOR,39.273888,-86.621456
902262707,2014,7,4,Weekday,2200,1-Car,No injury/unknown,RAN OFF ROAD RIGHT,WOODALL RD & WOODLAND,39.27368641,-86.58162091
902171166,2014,1,7,Weekend,2100,1-Car,No injury/unknown,RAN OFF ROAD RIGHT,SR46 & STINESVILLE RD,39.2719099,-86.66333225
902222519,2014,4,1,Weekend,1200,2-Car,No injury/unknown,UNSAFE BACKING,37 HWY,39.27168,-86.522992
902230878,2014,5,7,Weekend,2300,1-Car,No injury/unknown,ANIMAL/OBJECT IN ROADWAY,SR46E & STINESVILLE ROAD,39.27157583,-86.6708465
902327259,2014,11,3,Weekday,1200,1-Car,No injury/unknown,RAN OFF ROAD RIGHT,NORTHSHORE,39.27069855,-86.40746307
902199461,2014,3,7,Weekend,1100,2-Car,No injury/unknown,IMPROPER TURNING,S LIBERTY DR & W 3RD,39.27035465,-86.57913006
902336847,2014,11,2,Weekday,2000,2-Car,No injury/unknown,INSECURE/LEAKY LOAD,N PURCELL & SR37N,39.26973827,-86.52761719
902279925,2014,8,2,Weekday,1700,2-Car,No injury/unknown,FAILURE TO YIELD RIGHT OF WAY,SR37N,39.26891991,-86.52287428
902300385,2014,9,1,Weekend,1400,1-Car,No injury/unknown,ACCELERATOR FAILURE OR DEFECTIVE,SR37N,39.26891991,-86.52287428
902291690,2014,9,5,Weekday,1500,2-Car,No injury/unknown,FOLLOWING TOO CLOSELY,SAMPLE & SR37N,39.26890488,-86.52287361
902203777,2014,3,1,Weekend,300,1-Car,No injury/unknown,RAN OFF ROAD RIGHT,E SAMPLE & SR37N,39.2686304,-86.52286144
902196232,2014,3,2,Weekday,1700,2-Car,No injury/unknown,OTHER (DRIVER) - EXPLAIN IN NARRATIVE,E ANDERSON RD,39.2676891,-86.48645667
902157873,2014,1,7,Weekend,2300,1-Car,Non-incapacitating,ANIMAL/OBJECT IN ROADWAY,SAMPLE & SR37S,39.26766969,-86.52281888
902297521,2014,9,1,Weekend,1500,Moped/Motorcycle,Non-incapacitating,RAN OFF ROAD RIGHT,COYLE & SHILO RD,39.26735305,-86.44578108
902361805,2014,12,4,Weekday,1000,2-Car,No injury/unknown,FOLLOWING TOO CLOSELY,SR46W & STINESVILLE,39.26681667,-86.66570028
902329789,2014,11,7,Weekend,0,1-Car,No injury/unknown,ANIMAL/OBJECT IN ROADWAY,SAMPLE & SR37N,39.26670898,-86.52277632
902285908,2014,8,1,Weekend,1100,1-Car,Non-incapacitating,DRIVER DISTRACTED - EXPLAIN IN NARRATIVE,COWDEN RD & MT TABOR,39.2667052,-86.6212264
902316733,2014,10,7,Weekend,400,1-Car,No injury/unknown,RAN OFF ROAD RIGHT,SR46W & STINESVILLE,39.26631271,-86.66517575
902269477,2014,7,4,Weekday,1100,1-Car,Non-incapacitating,RAN OFF ROAD RIGHT,E ANDERSON RD & N OLD STATE ROAD 37,39.266,-86.501696
902277274,2014,8,6,Weekday,800,1-Car,No injury/unknown,RAN OFF ROAD RIGHT,E ANDERSON RD & N OLD STATE ROAD 37,39.266,-86.501696
902306681,2014,10,5,Weekday,1100,1-Car,No injury/unknown,RAN OFF ROAD RIGHT,E ANDERSON RD & N OLD STATE 37,39.266,-86.501696
902161507,2014,1,4,Weekday,1900,1-Car,No injury/unknown,ANIMAL/OBJECT IN ROADWAY,ANDERSON RD & DORA,39.26592158,-86.49001527
902297294,2014,9,2,Weekday,1200,2-Car,No injury/unknown,FAILURE TO YIELD RIGHT OF WAY,N WAYPORT & SR37S,39.26576946,-86.52273805
902213542,2014,4,1,Weekend,500,2-Car,No injury/unknown,UNSAFE LANE MOVEMENT,45 46 BYPASS & NORTH WALNUT ST,39.26568238,-86.53453968
902286699,2014,8,1,Weekend,1600,1-Car,Non-incapacitating,RAN OFF ROAD RIGHT,NORTH MAPLE GROVE RD & WEST DELAP,39.265456,-86.569392
902212034,2014,3,1,Weekend,1600,1-Car,No injury/unknown,UNSAFE BACKING,DELAP RD,39.26374817,-86.57717895
902162041,2014,1,4,Weekday,1300,2-Car,Non-incapacitating,FAILURE TO YIELD RIGHT OF WAY,SR37 & WAYPORT,39.26307137,-86.52255833
902174178,2014,1,6,Weekday,1400,2-Car,No injury/unknown,UNSAFE SPEED,N WAYPORT & SR37N,39.263024,-86.52264
902277704,2014,8,2,Weekday,2100,2-Car,No injury/unknown,FAILURE TO YIELD RIGHT OF WAY,SR37N & WAYPORT,39.263024,-86.52264
902304076,2014,9,1,Weekend,0,2-Car,No injury/unknown,FAILURE TO YIELD RIGHT OF WAY,SR37N & WAYPORT,39.263024,-86.52264
902305245,2014,9,3,Weekday,500,Moped/Motorcycle,No injury/unknown,UNSAFE LANE MOVEMENT,SR37N & WAYPORT,39.263024,-86.52264
902344238,2014,11,6,Weekday,1800,2-Car,Incapacitating,FAILURE TO YIELD RIGHT OF WAY,SR37N & WAYPORT,39.263024,-86.52264
902331129,2014,11,2,Weekday,1200,2-Car,No injury/unknown,TIRE FAILURE OR DEFECTIVE,SR37 & SR37N,39.26193629,-86.52270895
902363169,2014,12,4,Weekday,1600,2-Car,No injury/unknown,DRIVER DISTRACTED - EXPLAIN IN NARRATIVE,SR37 & WEST FULLERTON,39.26164302,-86.57353973
902351662,2014,12,5,Weekday,700,1-Car,No injury/unknown,RAN OFF ROAD RIGHT,MOUNT TABOR,39.26144131,-86.62067145
902231153,2014,5,6,Weekday,1800,1-Car,Non-incapacitating,UNSAFE LANE MOVEMENT,N WAYPORT & SR37N,39.26135336,-86.52291349
902157718,2014,1,4,Weekday,1600,2-Car,No injury/unknown,ROADWAY SURFACE CONDITION,DELAP & WOODALL RD,39.261296,-86.583248
902225610,2014,4,3,Weekday,300,1-Car,Incapacitating,RAN OFF ROAD RIGHT,N MT GILEAD RD & UPPER BIRDIE GALYAN,39.26059067,-86.42372019
902266134,2014,7,4,Weekday,2200,1-Car,No injury/unknown,RAN OFF ROAD RIGHT,SR37N & WAYPORT,39.26041222,-86.52349167
902274448,2014,8,6,Weekend,1900,1-Car,Non-incapacitating,SPEED TOO FAST FOR WEATHER CONDITIONS,SR37N & WAYPORT,39.2597949,-86.52387837
902331062,2014,11,2,Weekday,800,Bus,Non-incapacitating,LEFT OF CENTER,CHAFIN CHAPEL & SR46W,39.25962636,-86.65763204
902291692,2014,9,5,Weekday,1800,2-Car,No injury/unknown,FOLLOWING TOO CLOSELY,CHAFIN CHAPEL & SR46W,39.25962636,-86.65754537
902156574,2014,1,5,Weekday,100,1-Car,No injury/unknown,RAN OFF ROAD RIGHT,CHAFIN CHAPEL & SR46W,39.25960159,-86.64379365
902314607,2014,10,4,Weekday,800,1-Car,No injury/unknown,RAN OFF ROAD RIGHT,OLD ST RD 37 & S ROGERS,39.25766202,-86.53789982
902323467,2014,10,4,Weekday,1500,1-Car,Non-incapacitating,RAN OFF ROAD RIGHT,MILLER,39.255568,-86.469632
902163278,2014,1,7,Weekend,2000,1-Car,No injury/unknown,ANIMAL/OBJECT IN ROADWAY,EAST SPARKS & SR37N,39.25531635,-86.51507479
902230227,2014,5,2,Weekday,1500,2-Car,Incapacitating,LEFT OF CENTER,SR46W & W FLATWOODS,39.25516621,-86.65524513
902190642,2014,2,7,Weekend,0,2-Car,Fatal,LEFT OF CENTER,FLATWOODS & SR46W,39.25501235,-86.65516921
902292700,2014,8,4,Weekday,700,2-Car,Incapacitating,FAILURE TO YIELD RIGHT OF WAY,COWDEN & DELAP RD,39.254128,-86.592464
902344263,2014,11,7,Weekend,100,1-Car,No injury/unknown,ANIMAL/OBJECT IN ROADWAY,FLATWOODS & STARNES,39.25248,-86.659104
902249691,2014,6,1,Weekend,700,1-Car,No injury/unknown,ANIMAL/OBJECT IN ROADWAY,FLATWOODS & SR46E,39.252448,-86.653904
902252408,2014,6,5,Weekday,900,2-Car,No injury/unknown,FOLLOWING TOO CLOSELY,FLATWOODS & SR46W,39.252448,-86.653904
902169079,2014,1,7,Weekend,1200,2-Car,Fatal,LEFT OF CENTER,FLATWOODS & SR46W,39.25224102,-86.6536718
902293512,2014,9,1,Weekend,0,1-Car,No injury/unknown,RAN OFF ROAD RIGHT,EAST WYLIE RD & SR37N,39.251648,-86.529056
902295609,2014,9,1,Weekend,0,1-Car,Incapacitating,RAN OFF ROAD RIGHT,EAST WYLIE RD & SR37N,39.251648,-86.529056
902324769,2014,10,5,Weekday,1700,2-Car,Non-incapacitating,OTHER (DRIVER) - EXPLAIN IN NARRATIVE,E SOUTHSHORE & N SHUFFLE CREEK,39.25137709,-86.40089632
902169364,2014,1,7,Weekend,1800,1-Car,No injury/unknown,RAN OFF ROAD RIGHT,NORTH RICHARDSON & SOUTH SHORE DR,39.25128,-86.388368
902176838,2014,1,1,Weekday,2000,2-Car,No injury/unknown,UNSAFE BACKING,SR46W RD,39.2512,-86.652504
902201033,2014,3,3,Weekday,1800,2-Car,No injury/unknown,UNSAFE BACKING,W STATE ROAD 46 HWY,39.2512,-86.652504
902208108,2014,3,2,Weekday,1200,2-Car,No injury/unknown,UNSAFE BACKING,SR  46 HWY,39.2512,-86.652504
902229835,2014,4,3,Weekday,0,2-Car,No injury/unknown,UNSAFE BACKING,SR46W,39.2512,-86.652504
902265509,2014,7,3,Weekday,1700,2-Car,No injury/unknown,FAILURE TO YIELD RIGHT OF WAY,W STATE ROAD 46 HWY,39.2512,-86.652504
902274662,2014,7,3,Weekday,1600,2-Car,No injury/unknown,UNSAFE BACKING,W STATE ROAD 46 RD,39.2512,-86.652504
902280872,2014,8,4,Weekday,1000,2-Car,No injury/unknown,UNSAFE BACKING,WEST STATE ROAD 46 RD,39.2512,-86.652504
902312183,2014,10,7,Weekend,2000,Cyclist,Non-incapacitating,HEADLIGHT DEFECTIVE OR NOT ON,SR46W,39.2512,-86.652504
902326781,2014,10,5,Weekday,2300,1-Car,No injury/unknown,RAN OFF ROAD RIGHT,SR46W,39.2512,-86.652504
902341025,2014,11,6,Weekday,1600,2-Car,No injury/unknown,UNSAFE BACKING,SR46W,39.2512,-86.652504
902250042,2014,6,1,Weekend,1100,1-Car,No injury/unknown,RAN OFF ROAD RIGHT,E SOUTHSHORE DR & N RICHARDSON,39.25114131,-86.38886766
902330733,2014,11,1,Weekend,0,1-Car,No injury/unknown,OTHER (DRIVER) - EXPLAIN IN NARRATIVE,SR37N & WALNUT,39.250688,-86.529744
902340552,2014,11,6,Weekday,1500,2-Car,No injury/unknown,FOLLOWING TOO CLOSELY,NORTH WALNUT,39.250688,-86.529744
902156471,2014,1,5,Weekday,2000,1-Car,No injury/unknown,RAN OFF ROAD RIGHT,FLATWOODS RD & SR46W,39.25037815,-86.65158204
902296283,2014,9,5,Weekday,2000,2-Car,Non-incapacitating,FOLLOWING TOO CLOSELY,MATTHEWS & N MOUNT TABOR RD,39.250048,-86.621664
902357927,2014,12,1,Weekend,1000,1-Car,No injury/unknown,ANIMAL/OBJECT IN ROADWAY,E ROBINSON & HUDOFF,39.249248,-86.463888
902320737,2014,10,6,Weekend,2100,2-Car,Non-incapacitating,LEFT OF CENTER,SHUFFLE CREEK & SR45E,39.24893188,-86.40267296
902183264,2014,2,3,Weekday,1800,1-Car,Non-incapacitating,RAN OFF ROAD RIGHT,N UNION VALLEY RD & W MCNEELEY,39.24809403,-86.59277983
902232695,2014,5,5,Weekday,700,2-Car,No injury/unknown,FOLLOWING TOO CLOSELY,N MAPLE GROVE & W MAPLE GROVE RD,39.24744,-86.547792
902241464,2014,5,5,Weekday,2000,1-Car,No injury/unknown,RAN OFF ROAD RIGHT,BOTTOM & W MAPLE GROVE RD,39.24744,-86.547792
902353750,2014,12,1,Weekday,1900,1-Car,No injury/unknown,DRIVER DISTRACTED - EXPLAIN IN NARRATIVE,N BOTTOM & W MAPLE GROVE,39.24744,-86.547792
902328141,2014,10,5,Weekday,1700,1-Car,No injury/unknown,RAN OFF ROAD RIGHT,N MAPLE GROVE & W MAPLE GROVE,39.24744,-86.547792
902335666,2014,11,1,Weekend,1500,2-Car,No injury/unknown,FAILURE TO YIELD RIGHT OF WAY,N BOTTOM & W MAPLE GROVE,39.24744,-86.547792
902187347,2014,2,3,Weekday,900,1-Car,Non-incapacitating,UNSAFE SPEED,E ROBINSON & N OLD SR37 RD,39.24629637,-86.49941683
902171239,2014,1,3,Weekday,500,1-Car,No injury/unknown,RAN OFF ROAD RIGHT,SHILO RD & TUNNEL,39.246208,-86.431904
902165863,2014,1,3,Weekday,1000,1-Car,No injury/unknown,RAN OFF ROAD RIGHT,N RED HILL RD & W STATE 46,39.245744,-86.636896
902221446,2014,4,2,Weekday,1700,2-Car,No injury/unknown,FAILURE TO YIELD RIGHT OF WAY,REDHILL & SR46W,39.24573911,-86.6367148
902211571,2014,4,3,Weekday,1400,2-Car,No injury/unknown,IMPROPER TURNING,RED HILL & SR46W,39.24570968,-86.63679967
902165513,2014,1,5,Weekday,2000,1-Car,No injury/unknown,OVERCORRECTING/OVERSTEERING,N MATTHEWS DR & W MAPLE GROVE,39.245408,-86.6204
902233545,2014,5,7,Weekend,1400,2-Car,No injury/unknown,UNSAFE BACKING,MAPLE GROVE RD,39.244848,-86.60839618
902157433,2014,1,4,Weekday,1600,1-Car,No injury/unknown,RAN OFF ROAD RIGHT,N UNION VALLEY RD & W MAPLE GROVE,39.244752,-86.5928
902285273,2014,8,1,Weekend,600,1-Car,No injury/unknown,RAN OFF ROAD RIGHT,UNION VALLEY RD & W MAPLE GROVE RD,39.244752,-86.5928
902302248,2014,9,2,Weekday,1600,2-Car,No injury/unknown,RAN OFF ROAD RIGHT,MATTEWS & SR46W,39.2437706,-86.6211142
902290748,2014,9,2,Weekday,1200,Moped/Motorcycle,Non-incapacitating,RAN OFF ROAD RIGHT,N PATHWAYS & SR45E,39.24370956,-86.38459777
902303791,2014,9,7,Weekend,700,Moped/Motorcycle,Non-incapacitating,RAN OFF ROAD RIGHT,N PATHWAYS & SR45E,39.24370956,-86.38454594
902307458,2014,10,4,Weekday,2000,2-Car,Incapacitating,LEFT OF CENTER,OLD 37 & ROBINSON RD,39.24355713,-86.49343967
902325166,2014,10,6,Weekend,2300,1-Car,Incapacitating,RAN OFF ROAD RIGHT,MAPLE GROVE & UNION VALLEY,39.24310411,-86.59278706
902200838,2014,3,3,Weekday,1400,2-Car,No injury/unknown,IMPROPER TURNING,N MATHEWS DR,39.242544,-86.622304
902278224,2014,8,7,Weekend,1500,1-Car,No injury/unknown,RAN OFF ROAD RIGHT,COUNTY LINE & WEST REEVES RD,39.24172799,-86.68436718
902337442,2014,11,3,Weekday,1000,2-Car,No injury/unknown,RAN OFF ROAD RIGHT,N TUNNEL,39.24108891,-86.43607295
902192600,2014,2,2,Weekday,1500,2-Car,No injury/unknown,OTHER (DRIVER) - EXPLAIN IN NARRATIVE,1 & TEMPERANCE ST,39.24106979,-86.63207244
902184170,2014,2,5,Weekday,700,1-Car,No injury/unknown,ANIMAL/OBJECT IN ROADWAY,SR37N & WYLIE,39.24082118,-86.5226593
902319846,2014,10,5,Weekday,1300,2-Car,No injury/unknown,OTHER (DRIVER) - EXPLAIN IN NARRATIVE,NEHRT & ROBINSON,39.24065016,-86.4434028
902252986,2014,6,7,Weekend,1200,2-Car,No injury/unknown,BRAKE FAILURE OR DEFECTIVE,NEHRT & ROBINSON RD,39.24065016,-86.44322991
902281910,2014,8,2,Weekday,1100,1-Car,Incapacitating,SPEED TOO FAST FOR WEATHER CONDITIONS,E ROBINSON RD & NEHRT,39.24065016,-86.44321262
902345904,2014,12,3,Weekday,800,1-Car,No injury/unknown,ANIMAL/OBJECT IN ROADWAY,E ROBINSON & N OLD STATE RD 37,39.24028002,-86.49909698
902262743,2014,7,7,Weekend,1100,1-Car,Non-incapacitating,RAN OFF ROAD RIGHT,N RICHARDSON & SR45E,39.23984,-86.387696
902188890,2014,2,4,Weekday,800,1-Car,No injury/unknown,RAN OFF ROAD RIGHT,EAST DOLEN & OLD IN 37 HWY,39.23947404,-86.49948975
902279600,2014,8,3,Weekday,2100,2-Car,No injury/unknown,FOLLOWING TOO CLOSELY,MAIN ST & TEMPERANCE,39.238848,-86.630096
902294069,2014,9,3,Weekday,1200,2-Car,No injury/unknown,LEFT OF CENTER,MCNEELY & RIDGEWAY DR,39.23765011,-86.60691976