Master Record Number,Year,Month,Day,Weekend?,Hour,Collision Type,Injury Type,Primary Factor,Reported_Location,Latitude,Longitude
902228844,2014,5,3,Weekday,1100,Moped/Motorcycle,Incapacitating,OTHER (DRIVER) - EXPLAIN IN NARRATIVE,BETHEL LN & HINKLE,39.21181186,-86.49858633
902163916,2014,1,6,Weekday,1000,2-Car,No injury/unknown,DRIVER DISTRACTED - EXPLAIN IN NARRATIVE,HIGHLAND DR,39.21168518,-86.57872009
902155795,2014,1,5,Weekday,700,1-Car,No injury/unknown,ANIMAL/OBJECT IN ROADWAY,DEER PARK & SR46W,39.21150714,-86.58557742
902344233,2014,11,3,Weekday,1600,2-Car,No injury/unknown,FAILURE TO YIELD RIGHT OF WAY,NORTH DEER PARK & SR46W,39.21150714,-86.58557742
902344643,2014,11,7,Weekend,2200,1-Car,No injury/unknown,ANIMAL/OBJECT IN ROADWAY,SR37S & WINERY,39.21139975,-86.52158356
902183273,2014,2,3,Weekday,1700,2-Car,No injury/unknown,FOLLOWING TOO CLOSELY,N BROOKWOOD DR & W BROOKWOOD,39.211376,-86.598
902183239,2014,2,3,Weekday,1900,2-Car,No injury/unknown,FAILURE TO YIELD RIGHT OF WAY,SMITH PIKE & SR46W,39.2105977,-86.58397619
902264306,2014,7,7,Weekend,1400,Moped/Motorcycle,Non-incapacitating,FAILURE TO YIELD RIGHT OF WAY,FORREST & N SMITH PIKE,39.21033749,-86.58315002
902297522,2014,9,2,Weekday,1500,2-Car,No injury/unknown,FOLLOWING TOO CLOSELY,FOREST PARK & N SMITH PIKE,39.21033749,-86.58315002
902162326,2014,1,5,Weekday,1000,2-Car,Non-incapacitating,DISREGARD SIGNAL/REG SIGN,SMITH & SR46W,39.210144,-86.5832
902182503,2014,2,2,Weekday,2200,2-Car,No injury/unknown,FOLLOWING TOO CLOSELY,N SMITH & SR46W,39.210144,-86.5832
902195073,2014,3,7,Weekend,1500,2-Car,No injury/unknown,FOLLOWING TOO CLOSELY,SMITH & SR46W,39.210144,-86.5832
902243389,2014,5,4,Weekday,1200,2-Car,No injury/unknown,BRAKE FAILURE OR DEFECTIVE,SMITH PIKE & SR46W,39.210144,-86.5832
902262432,2014,7,4,Weekday,1000,3+ Cars,No injury/unknown,FAILURE TO YIELD RIGHT OF WAY,SMITH PIKE & SR46W,39.210144,-86.5832
902279308,2014,8,3,Weekday,1400,3+ Cars,No injury/unknown,BRAKE FAILURE OR DEFECTIVE,SMITH PIKE & SR46W,39.210144,-86.5832
902292153,2014,9,6,Weekday,1700,2-Car,Non-incapacitating,DISREGARD SIGNAL/REG SIGN,N SMITH & SR46W,39.210144,-86.5832
902311808,2014,10,6,Weekday,1700,Bus,No injury/unknown,UNSAFE SPEED,NORTH SMITH PIKE & SR46,39.210144,-86.5832
902171008,2014,1,1,Weekend,200,1-Car,No injury/unknown,RAN OFF ROAD RIGHT,CENTENNIAL DR & STATE ROAD 46,39.20996033,-86.58269003
902206628,2014,3,6,Weekday,1700,2-Car,No injury/unknown,INSECURE/LEAKY LOAD,SMITH PIKE & SR46W,39.20995913,-86.58266093
902171447,2014,1,3,Weekday,800,1-Car,Non-incapacitating,RAN OFF ROAD RIGHT,BETHEL & SR45E,39.209952,-86.463392
902325969,2014,11,7,Weekend,1400,2-Car,No injury/unknown,LEFT OF CENTER,BETHEL & SR45E,39.209952,-86.463392
902310517,2014,10,4,Weekday,1600,2-Car,No injury/unknown,FAILURE TO YIELD RIGHT OF WAY,SMITH PIKE & SR46,39.20986935,-86.5832
902303861,2014,9,6,Weekday,1800,2-Car,No injury/unknown,FOLLOWING TOO CLOSELY,ARLINGTON & SR46W,39.209808,-86.582672
902314603,2014,10,6,Weekday,1700,2-Car,Non-incapacitating,FAILURE TO YIELD RIGHT OF WAY,ARLINGTON & SR46W,39.209808,-86.582672
902287878,2014,8,3,Weekday,1600,2-Car,No injury/unknown,FOLLOWING TOO CLOSELY,ARLINGTON & SR46W,39.20962999,-86.58240315
902157850,2014,1,7,Weekend,1700,2-Car,No injury/unknown,UNSAFE BACKING,WEST STATE ROAD 46 RD,39.20957878,-86.5822535
902191192,2014,2,7,Weekend,1600,2-Car,No injury/unknown,BRAKE FAILURE OR DEFECTIVE,SMITH & W SR 46 RD,39.20946304,-86.58215103
902240542,2014,5,4,Weekday,800,1-Car,No injury/unknown,RAN OFF ROAD RIGHT,N SHELBURNE DR & W FAWKESWAY,39.209344,-86.5736
902308297,2014,10,6,Weekday,1600,2-Car,No injury/unknown,FAILURE TO YIELD RIGHT OF WAY,N SMITH & SR46,39.20932003,-86.5832
902185736,2014,2,7,Weekend,2200,1-Car,Non-incapacitating,RAN OFF ROAD RIGHT,N HAIRTSTRAIT RD & RATLIFF,39.20911007,-86.61138027
902224128,2014,4,6,Weekend,1900,2-Car,No injury/unknown,FOLLOWING TOO CLOSELY,N HARTSTRAIT & W RATLIFF RD,39.20911007,-86.61138027
902297889,2014,9,3,Weekday,1300,1-Car,Non-incapacitating,RAN OFF ROAD RIGHT,N HARTSTRAIT & W WOODYARD RD,39.20858972,-86.61133697
902287585,2014,8,5,Weekday,600,1-Car,No injury/unknown,RAN OFF ROAD RIGHT,N HARTSTRAIT RD & W WOODYARD,39.208544,-86.611504
902190739,2014,2,7,Weekend,1100,2-Car,No injury/unknown,FAILURE TO YIELD RIGHT OF WAY,S LIBERTY DR & W SR 45,39.20843496,-86.57777018
902270528,2014,7,4,Weekday,1700,2-Car,No injury/unknown,FAILURE TO YIELD RIGHT OF WAY,ACUFF & SR37,39.20841001,-86.55361583
902198934,2014,3,6,Weekday,1200,2-Car,No injury/unknown,UNSAFE LANE MOVEMENT,PROW & SR37,39.20840935,-86.55361584
902349062,2014,12,6,Weekend,2100,2-Car,No injury/unknown,IMPROPER LANE USAGE,SR37S & SR46W,39.20824814,-86.58039093
902187129,2014,2,3,Weekday,800,1-Car,No injury/unknown,SPEED TOO FAST FOR WEATHER CONDITIONS,37 & ACUFF RD,39.20824,-86.554704
902207829,2014,3,2,Weekday,1900,2-Car,No injury/unknown,FAILURE TO YIELD RIGHT OF WAY,ACUFF & SR37N,39.20824,-86.554704
902216737,2014,4,7,Weekend,900,3+ Cars,No injury/unknown,FAILURE TO YIELD RIGHT OF WAY,ACUFF & SR37N,39.20824,-86.554704
902302111,2014,9,4,Weekday,800,2-Car,No injury/unknown,FAILURE TO YIELD RIGHT OF WAY,ACUFF & SR37S,39.20824,-86.554704
902315487,2014,10,4,Weekday,1500,1-Car,No injury/unknown,SPEED TOO FAST FOR WEATHER CONDITIONS,ACUFF & PROW,39.20824,-86.552192
902197535,2014,3,2,Weekday,1600,2-Car,No injury/unknown,FAILURE TO YIELD RIGHT OF WAY,FORREST PARK & SMITH PIKE,39.20822031,-86.58314376
902311660,2014,10,6,Weekday,200,3+ Cars,No injury/unknown,ROADWAY SURFACE CONDITION,FORREST PARK & SMITH PIKE PIKE,39.20822031,-86.58314376
902218950,2014,4,2,Weekday,1800,2-Car,No injury/unknown,FOLLOWING TOO CLOSELY,N SMITH PIKE & W FORREST PARK,39.20822024,-86.58315002
902298061,2014,9,2,Weekday,1900,3+ Cars,No injury/unknown,SPEED TOO FAST FOR WEATHER CONDITIONS,FORREST PARK & NORTH SMITH PIKE,39.20822024,-86.58315002
902304046,2014,9,1,Weekend,200,1-Car,No injury/unknown,ANIMAL/OBJECT IN ROADWAY,HILLVIEW & OLD 37 RD,39.20815989,-86.52942001
902298058,2014,9,2,Weekday,1800,2-Car,Non-incapacitating,FOLLOWING TOO CLOSELY,N SMITH PIKE & W FOREST PARK,39.208144,-86.5832
902315481,2014,10,6,Weekday,1400,2-Car,Non-incapacitating,SPEED TOO FAST FOR WEATHER CONDITIONS,N SMITH & W FORREST PARK,39.208144,-86.5832
902360533,2014,12,7,Weekend,900,2-Car,No injury/unknown,SPEED TOO FAST FOR WEATHER CONDITIONS,FORREST PARK & SMITH,39.208144,-86.5832
902350722,2014,12,2,Weekday,1400,3+ Cars,No injury/unknown,FOLLOWING TOO CLOSELY,FOREST PARK & SMITH,39.208144,-86.5832
902288066,2014,8,5,Weekday,1600,2-Car,No injury/unknown,OTHER (DRIVER) - EXPLAIN IN NARRATIVE,46 HWY,39.20811012,-86.57769694
902242321,2014,6,1,Weekday,1900,1-Car,No injury/unknown,SPEED TOO FAST FOR WEATHER CONDITIONS,DUNN & NORTH OLD STATE ROAD 37 RD,39.208048,-86.528704
902282318,2014,8,2,Weekday,700,1-Car,No injury/unknown,RAN OFF ROAD RIGHT,N DUNN & N OLD SR 37 RD,39.208048,-86.528704
902297844,2014,9,3,Weekday,900,2-Car,Non-incapacitating,LEFT OF CENTER,N DUNN & N OLD SR 37 RD,39.208048,-86.528704
902307316,2014,10,6,Weekday,1000,1-Car,Non-incapacitating,SPEED TOO FAST FOR WEATHER CONDITIONS,DUNN & OLD SR 37 HWY,39.208048,-86.528704
902325067,2014,10,6,Weekday,1800,2-Car,Non-incapacitating,SPEED TOO FAST FOR WEATHER CONDITIONS,DUNN & OLD STATE 37,39.208048,-86.528704
902327507,2014,11,3,Weekday,1600,3+ Cars,Incapacitating,LEFT OF CENTER,DUNN & OLD STATE ROAD 37,39.208048,-86.528704
902184865,2014,2,6,Weekday,1500,1-Car,No injury/unknown,SPEED TOO FAST FOR WEATHER CONDITIONS,DUNN & OLD 37 RD,39.20801975,-86.52876323
902190453,2014,2,6,Weekday,1600,3+ Cars,No injury/unknown,FOLLOWING TOO CLOSELY,N DUNN & N OLD ST RD 37 RD,39.20801975,-86.52871996
902290757,2014,8,6,Weekend,2000,1-Car,No injury/unknown,IMPROPER TURNING,446 HWY,39.20785208,-86.57517159
902220140,2014,4,6,Weekday,1700,2-Car,No injury/unknown,FOLLOWING TOO CLOSELY,OLD STATE RD 37 RD & STONE MILL,39.20776,-86.532272
902270437,2014,6,6,Weekday,400,2-Car,No injury/unknown,FOLLOWING TOO CLOSELY,SR46 & SR46W,39.207648,-86.573792
902281945,2014,8,1,Weekend,400,1-Car,Non-incapacitating,RAN OFF ROAD RIGHT,SR46W & W ARLINGTON,39.207648,-86.573792
902325468,2014,11,7,Weekend,100,2-Car,No injury/unknown,DRIVER DISTRACTED - EXPLAIN IN NARRATIVE,46 & SR46W,39.207648,-86.573792
902357348,2014,12,5,Weekday,2000,1-Car,Fatal,RAN OFF ROAD RIGHT,SR46 & W ARLINGTON,39.20764272,-86.57990586
902152165,2014,1,5,Weekday,1800,1-Car,No injury/unknown,SPEED TOO FAST FOR WEATHER CONDITIONS,HENNESSEY & SOUTH ROCKPORT RD,39.20742442,-86.55672021
902175978,2014,2,2,Weekday,1900,Pedestrian,Non-incapacitating,OTHER (VEHICLE) - EXPLAIN IN NARRATIVE,N ROSEWOOD DR,39.20740128,-86.54956054
902166656,2014,1,3,Weekday,1700,1-Car,No injury/unknown,RAN OFF ROAD RIGHT,ARMSTRONG & WOODLAND DR,39.20734541,-86.59995022
902292131,2014,9,5,Weekday,1600,3+ Cars,Non-incapacitating,DRIVER DISTRACTED - EXPLAIN IN NARRATIVE,BUSINESS 37 & OLD STATE ROAD 37 RD,39.20712993,-86.53484009
902273919,2014,8,6,Weekday,1600,2-Car,Non-incapacitating,DISREGARD SIGNAL/REG SIGN,OLD STATE ROAD 37 & WALNUT ST,39.20704,-86.534704
902323677,2014,10,4,Weekday,2200,2-Car,No injury/unknown,FOLLOWING TOO CLOSELY,N OLD SR 37 & N WALNUT,39.20704,-86.534704
902347257,2014,12,4,Weekday,2300,1-Car,Non-incapacitating,OVERCORRECTING/OVERSTEERING,NORTH OLD STATE ROAD 37 & NORTH WALNUT,39.20704,-86.534704
902270290,2014,7,4,Weekday,1800,3+ Cars,No injury/unknown,FOLLOWING TOO CLOSELY,COFFEY & SMITH PIKE,39.20703001,-86.58315002
902198899,2014,3,6,Weekday,1500,Pedestrian,Incapacitating,UNSAFE LANE MOVEMENT,DUNN ST & OLD SR 37,39.20695053,-86.52863944
902212932,2014,4,6,Weekday,1100,2-Car,No injury/unknown,OTHER (DRIVER) - EXPLAIN IN NARRATIVE,N ST RD 46 RD,39.206312,-86.571312
902220142,2014,4,6,Weekday,1700,2-Car,No injury/unknown,IMPROPER TURNING,S STATE RD 46 BYP,39.206312,-86.571312
902292339,2014,9,6,Weekday,0,1-Car,No injury/unknown,IMPROPER TURNING,STATE ROAD 46 HWY,39.206312,-86.571312
902350160,2014,12,2,Weekday,1800,2-Car,No injury/unknown,UNSAFE BACKING,S STATE ROAD 46,39.206312,-86.571312
902218987,2014,4,4,Weekday,1700,2-Car,No injury/unknown,OVERCORRECTING/OVERSTEERING,N HARTSTRAIGHT & SR46W,39.20619965,-86.61134338
902321517,2014,10,1,Weekday,2000,2-Car,No injury/unknown,FAILURE TO YIELD RIGHT OF WAY,HARTSTRAIGHT & SR46W,39.20619965,-86.61134338
902312182,2014,10,6,Weekday,1600,2-Car,No injury/unknown,FAILURE TO YIELD RIGHT OF WAY,CLOVER & MEADOWLANDS DR,39.20617782,-86.61114022
902311077,2014,10,5,Weekday,1600,1-Car,No injury/unknown,RAN OFF ROAD RIGHT,N DUNN ST,39.206144,-86.528592
902222863,2014,4,5,Weekday,1300,Bus,No injury/unknown,IMPROPER PASSING,FISHERS CT & JORDAN,39.20492913,-86.5168599
902335285,2014,11,7,Weekend,400,1-Car,No injury/unknown,ANIMAL/OBJECT IN ROADWAY,E BAYLES & N STATE ROAD 37 BUSINESS,39.20488983,-86.53700725
902337841,2014,11,3,Weekday,1800,1-Car,No injury/unknown,RAN OFF ROAD RIGHT,N SMITH & W CARMOLA,39.204448,-86.583168
902323074,2014,10,3,Weekday,1200,1-Car,No injury/unknown,RAN OFF ROAD RIGHT,E MARTIN & SR45E,39.20432248,-86.46359046
902276077,2014,8,2,Weekday,2100,1-Car,No injury/unknown,RAN OFF ROAD RIGHT,MARTIN & SR45E,39.2041871,-86.46362007
902182606,2014,2,3,Weekday,900,Bus,No injury/unknown,FAILURE TO YIELD RIGHT OF WAY,N KINSER PIKE,39.20304,-86.547392
902200970,2014,3,2,Weekday,1500,2-Car,No injury/unknown,FAILURE TO YIELD RIGHT OF WAY,N KINSER PIKE,39.20304,-86.547392
902213288,2014,4,7,Weekend,1100,Pedestrian,No injury/unknown,PEDESTRIAN ACTION,N KINSER PIKE,39.20304,-86.547392
902219726,2014,4,6,Weekday,700,2-Car,No injury/unknown,UNSAFE BACKING,N KINSER PIKE,39.20304,-86.547392
902230974,2014,5,6,Weekday,700,2-Car,No injury/unknown,OTHER (DRIVER) - EXPLAIN IN NARRATIVE,N KINSER PIKE,39.20304,-86.547392
902354457,2014,12,2,Weekday,1700,2-Car,No injury/unknown,FOLLOWING TOO CLOSELY,N KINSER,39.20304,-86.547392
902328619,2014,11,5,Weekday,900,2-Car,No injury/unknown,OTHER (DRIVER) - EXPLAIN IN NARRATIVE,N KINSER,39.20304,-86.547392
902211672,2014,4,4,Weekday,400,1-Car,Non-incapacitating,SPEED TOO FAST FOR WEATHER CONDITIONS,LAKEWOOD & N DUNN ST,39.201952,-86.5288
902363097,2014,12,7,Weekend,1600,3+ Cars,Non-incapacitating,SPEED TOO FAST FOR WEATHER CONDITIONS,NORWAY & SMITH,39.2018835,-86.5831208
902165864,2014,1,4,Weekday,800,2-Car,Non-incapacitating,FOLLOWING TOO CLOSELY,S ROCKPORT RD & W FULLERTON,39.20140209,-86.56260028
902315486,2014,10,4,Weekday,1500,1-Car,No injury/unknown,OVERCORRECTING/OVERSTEERING,ACUFF & SR37N,39.20137374,-86.55465446
902190854,2014,2,6,Weekday,1500,2-Car,No injury/unknown,FOLLOWING TOO CLOSELY,ACUFF & SR37N,39.20098923,-86.55465169
902304072,2014,9,1,Weekend,100,1-Car,Non-incapacitating,RAN OFF ROAD RIGHT,HINKLE RD,39.200848,-86.512096
902321613,2014,10,2,Weekday,700,2-Car,No injury/unknown,DRIVER DISTRACTED - EXPLAIN IN NARRATIVE,3901 N KINSER PK (MAROON DR) & COUGAR PASS,39.200615,-86.549133
902194014,2014,2,6,Weekday,700,2-Car,No injury/unknown,FAILURE TO YIELD RIGHT OF WAY,KINSER PIKE,39.20061493,-86.5491333
902209735,2014,3,6,Weekday,1500,2-Car,No injury/unknown,UNSAFE BACKING,KINSER PIKE,39.20061493,-86.5491333
902316269,2014,10,6,Weekend,1900,3+ Cars,Non-incapacitating,DRIVER DISTRACTED - EXPLAIN IN NARRATIVE,KINSER & SR45E,39.20059967,-86.54263044
902238920,2014,5,1,Weekday,2000,2-Car,No injury/unknown,FOLLOWING TOO CLOSELY,RUSSELL & SR45E,39.20043945,-86.46796671
902160616,2014,1,2,Weekday,1300,1-Car,No injury/unknown,RAN OFF ROAD RIGHT,N RUSSELL & SR45E,39.200352,-86.468
902190388,2014,2,4,Weekday,1800,2-Car,No injury/unknown,IMPROPER PASSING,N RUSSELL & SR45E,39.200352,-86.468
902189916,2014,2,3,Weekday,700,1-Car,No injury/unknown,RAN OFF ROAD RIGHT,WALCOTT & WOODYARD RD,39.20033623,-86.6010068
902228129,2014,5,2,Weekday,1700,2-Car,No injury/unknown,UNSAFE BACKING,7TH & FORREST AVE,39.20019637,-86.52234971
902325213,2014,10,6,Weekday,500,1-Car,No injury/unknown,ANIMAL/OBJECT IN ROADWAY,SR37S & TAPP,39.19999032,-86.5544281
902290273,2014,9,3,Weekday,1300,2-Car,No injury/unknown,SPEED TOO FAST FOR WEATHER CONDITIONS,MAPLE GROVE & W ARLINGTON RD,39.1999336,-86.55979908
902345312,2014,12,2,Weekday,1000,1-Car,No injury/unknown,ANIMAL/OBJECT IN ROADWAY,RUSSELL & SR45,39.19987161,-86.46798003
902222054,2014,4,4,Weekday,900,2-Car,No injury/unknown,UNSAFE BACKING,RUSSELL & SR45E,39.19952847,-86.46796576
902226422,2014,5,6,Weekday,0,1-Car,No injury/unknown,RAN OFF ROAD RIGHT,DUNN ST & KENWOOD,39.19935131,-86.52866632
902152166,2014,1,6,Weekend,2000,1-Car,No injury/unknown,RAN OFF ROAD RIGHT,WALCOTT & WOODYARD RD,39.19919392,-86.6000299
902177680,2014,2,4,Weekday,900,2-Car,No injury/unknown,UNSAFE LANE MOVEMENT,SR37N & WESTBURY VILLAGE,39.19874969,-86.55432676
902283925,2014,8,5,Weekday,1100,2-Car,No injury/unknown,UNSAFE BACKING,400 BLOCK E BLUE RIDGE DR & KENWOOD,39.198448,-86.529296
902361301,2014,12,7,Weekend,1500,2-Car,No injury/unknown,,N KINGSLEY & WEST WINDING,39.197952,-86.543184
902348774,2014,12,7,Weekend,1700,1-Car,No injury/unknown,ANIMAL/OBJECT IN ROADWAY,ARLINGTON & STOUTS CREEK,39.19789977,-86.55844743
902330566,2014,11,1,Weekday,2000,1-Car,No injury/unknown,ANIMAL/OBJECT IN ROADWAY,ARLINGTON & STOUTES CREEK,39.19789977,-86.55843012
902193814,2014,2,5,Weekday,1700,Bus,No injury/unknown,FAILURE TO YIELD RIGHT OF WAY,N STONEYCREST & W WINDING WAY,39.19768911,-86.5442173
902294068,2014,9,2,Weekday,1400,1-Car,Incapacitating,RAN OFF ROAD RIGHT,RUSSELL & SR45E,39.19760691,-86.46788587
902293636,2014,9,2,Weekday,1700,2-Car,No injury/unknown,DRIVER ASLEEP OR FATIGUED,CONNAUGHT & SR37S,39.19725024,-86.533432
902284677,2014,8,2,Weekday,2100,2-Car,Non-incapacitating,LEFT OF CENTER,WALCOTT & WOODYARD RD,39.19720334,-86.59759782
902180203,2014,2,7,Weekend,900,1-Car,No injury/unknown,RAN OFF ROAD RIGHT,S SR37 RAMP SOUTH BOUND RD & SR46,39.19689046,-86.55462122
902286333,2014,8,3,Weekday,300,1-Car,No injury/unknown,ANIMAL/OBJECT IN ROADWAY,SR37N & SR46,39.19689046,-86.55462122
902304063,2014,9,7,Weekend,1700,2-Car,No injury/unknown,FOLLOWING TOO CLOSELY,BLUE RIDGE & WALNUT ST,39.196848,-86.5344
902312642,2014,10,1,Weekend,1800,2-Car,No injury/unknown,FOLLOWING TOO CLOSELY,BLUE RIDGE & NORTH WALNUT ST,39.196848,-86.5344
902228540,2014,5,3,Weekday,1300,2-Car,No injury/unknown,UNSAFE BACKING,2210 NORTH HEADLEY (DRIVE) RD & HEADLEY,39.196848,-86.513088
902181046,2014,2,2,Weekday,900,1-Car,Non-incapacitating,RAN OFF ROAD RIGHT,NORTH RUSSELL RD,39.19675827,-86.48849487
902157109,2014,1,3,Weekday,800,1-Car,No injury/unknown,RAN OFF ROAD RIGHT,SR37N & SR46W,39.1951508,-86.55579153
902194917,2014,3,1,Weekend,700,1-Car,No injury/unknown,RAN OFF ROAD RIGHT,3140 N RUSSELL RD & E LANAM,39.19504,-86.489488
902345249,2014,11,4,Weekday,1600,2-Car,No injury/unknown,UNSAFE LANE MOVEMENT,ARLINGTON & SR37,39.19496794,-86.55460077
902160044,2014,1,4,Weekday,1100,2-Car,No injury/unknown,FOLLOWING TOO CLOSELY,SR37S & SR46W,39.194144,-86.554592
902207088,2014,3,6,Weekday,600,2-Car,No injury/unknown,FAILURE TO YIELD RIGHT OF WAY,SR37N & SR46W,39.194144,-86.554592
902362551,2014,12,3,Weekday,800,2-Car,Incapacitating,DISREGARD SIGNAL/REG SIGN,SR37 & SR46W,39.194144,-86.554592
902347203,2014,12,4,Weekday,1700,1-Car,No injury/unknown,ANIMAL/OBJECT IN ROADWAY,46 & SR37,39.19407534,-86.554592
902361768,2014,12,1,Weekday,2300,Pedestrian,Incapacitating,PEDESTRIAN ACTION,NORTH WALNUT,39.19396833,-86.53335147
902288547,2014,8,6,Weekday,1500,2-Car,No injury/unknown,UNSAFE BACKING,N WALNUT ST,39.193952,-86.533296
902263504,2014,7,5,Weekday,1500,2-Car,No injury/unknown,FOLLOWING TOO CLOSELY,N CURRY & SR46W,39.19377136,-86.5712053
902306695,2014,9,3,Weekday,1600,2-Car,No injury/unknown,FOLLOWING TOO CLOSELY,N CURRY & SR46W,39.19377136,-86.5711975
902354896,2014,12,3,Weekday,1300,2-Car,No injury/unknown,LEFT OF CENTER,CURRY & SR46W,39.19377136,-86.57115422
902363138,2014,12,4,Weekday,1300,2-Car,No injury/unknown,UNSAFE BACKING,3140 WEST WHITEHALL CROSSING & GATES,39.1937492,-86.571526
902254813,2014,6,4,Weekday,300,1-Car,No injury/unknown,DRIVER ASLEEP OR FATIGUED,4535 WOODYARD RD & LOESCH,39.19361563,-86.59015968
902304468,2014,9,1,Weekend,900,1-Car,No injury/unknown,ROADWAY SURFACE CONDITION,N RUSSELL RD & N TIMBERCREST,39.193408,-86.48584
902277888,2014,8,7,Weekend,1100,3+ Cars,No injury/unknown,FOLLOWING TOO CLOSELY,10TH & 45 46 BYP,39.19268293,-86.50220967
902190096,2014,2,1,Weekend,200,1-Car,No injury/unknown,SPEED TOO FAST FOR WEATHER CONDITIONS,ARLINGTON RD & PROWL,39.19238985,-86.55264422
902228843,2014,5,3,Weekday,800,1-Car,No injury/unknown,RAN OFF ROAD RIGHT,LOESCH RD RD & OLD VERNAL,39.19152029,-86.59263968
902330530,2014,11,1,Weekend,1700,1-Car,No injury/unknown,ANIMAL/OBJECT IN ROADWAY,ARLINGTON & SR37N,39.19139779,-86.55463666
902229582,2014,5,4,Weekday,1800,2-Car,No injury/unknown,FAILURE TO YIELD RIGHT OF WAY,FRITZ & N WALNUT ST,39.191248,-86.532896
902265059,2014,7,2,Weekday,900,2-Car,No injury/unknown,TIRE FAILURE OR DEFECTIVE,CONNAUGHT & SR37N,39.19121056,-86.533432
902288825,2014,8,7,Weekend,1100,1-Car,No injury/unknown,RAN OFF ROAD RIGHT,KINSER PIKE & SKYLINE,39.19109304,-86.53773396
902174449,2014,1,7,Weekend,1600,1-Car,No injury/unknown,RAN OFF ROAD RIGHT,N CURRY PIKE & W WOODYARD,39.190672,-86.582992
902227352,2014,5,7,Weekend,800,1-Car,No injury/unknown,RAN OFF ROAD RIGHT,N CURRY & W WOODYARD RD,39.190672,-86.582992
902232974,2014,5,4,Weekday,1500,2-Car,No injury/unknown,FAILURE TO YIELD RIGHT OF WAY,CURRY PIKE & WOODYARD,39.190672,-86.582992
902269712,2014,7,6,Weekend,1900,2-Car,No injury/unknown,ANIMAL/OBJECT IN ROADWAY,CURRY PIKE & WOODYARD,39.190672,-86.582992
902287658,2014,7,1,Weekend,1200,2-Car,Incapacitating,FAILURE TO YIELD RIGHT OF WAY,N CURRY PIKE & W WOODYARD,39.190672,-86.582992
902281347,2014,8,7,Weekend,1200,2-Car,No injury/unknown,FOLLOWING TOO CLOSELY,S SMITH PIKE & W WOODYARD,39.1906355,-86.58307661
902245500,2014,6,7,Weekend,400,1-Car,No injury/unknown,UNSAFE SPEED,N KINSER PIKE & SKYLINE,39.190544,-86.537712
902302345,2014,9,6,Weekend,2000,Cyclist,No injury/unknown,OTHER (DRIVER) - EXPLAIN IN NARRATIVE,2621 NORTH KINSER PIKE & WEST SKYLINE,39.190544,-86.537712
902303332,2014,9,6,Weekday,700,2-Car,No injury/unknown,FAILURE TO YIELD RIGHT OF WAY,N KINSER PIKE & SKYLINE,39.190544,-86.537712
902218027,2014,4,3,Weekday,100,1-Car,No injury/unknown,RAN OFF ROAD RIGHT,N HEADLEY RD & TREADWELL,39.19008,-86.514288
902342747,2014,11,2,Weekday,1400,1-Car,No injury/unknown,RAN OFF ROAD RIGHT,N HEADLEY & TREADWELL,39.19008,-86.514288
902310538,2014,10,4,Weekday,2100,1-Car,No injury/unknown,ANIMAL/OBJECT IN ROADWAY,SR37 & SR45,39.19003835,-86.55467126
902311775,2014,10,6,Weekday,1800,2-Car,No injury/unknown,UNSAFE LANE MOVEMENT,SR37S & SR45,39.19003835,-86.55467126
902307556,2014,10,6,Weekday,1600,2-Car,No injury/unknown,UNSAFE BACKING,EAST MILO B SAMPSON BLVD,39.18961711,-86.52136065
902184794,2014,2,6,Weekday,1800,2-Car,No injury/unknown,IMPROPER LANE USAGE,MILO B SAMPSON ST,39.18961711,-86.52136065
902301034,2014,9,2,Weekday,1300,2-Car,No injury/unknown,OTHER (DRIVER) - EXPLAIN IN NARRATIVE,ATWATER & HENDERSON ST,39.18957481,-86.52727022
902281253,2014,8,7,Weekend,400,1-Car,Fatal,UNSAFE SPEED,STARNES & WEST HOWARD RD,39.189248,-86.660704
902316258,2014,10,5,Weekday,1900,2-Car,No injury/unknown,UNSAFE BACKING,S LIBERTY,39.189248,-86.531472
902320918,2014,10,7,Weekend,1200,2-Car,No injury/unknown,UNSAFE BACKING,LIBERTY,39.189248,-86.531472
902277089,2014,7,1,Weekend,1500,1-Car,No injury/unknown,RAN OFF ROAD RIGHT,SR37N & SR4546,39.18920098,-86.55469257
902235751,2014,5,1,Weekday,1900,1-Car,No injury/unknown,RAN OFF ROAD RIGHT,LOESCH RD & VERNAL,39.18909465,-86.59270758
902165779,2014,1,1,Weekday,2000,1-Car,No injury/unknown,OTHER (VEHICLE) - EXPLAIN IN NARRATIVE,THOMAS ROAD RD & WEST VERNAL PIKE,39.18904,-86.630096
902207624,2014,3,6,Weekday,900,1-Car,No injury/unknown,DISREGARD SIGNAL/REG SIGN,THOMAS RD & VERNAL,39.18904,-86.630096
902269979,2014,7,5,Weekday,900,2-Car,No injury/unknown,UNSAFE SPEED,N THOMAS RD & W VERNAL PIKE,39.18904,-86.630096
902215860,2014,4,3,Weekday,1100,2-Car,No injury/unknown,UNSAFE BACKING,WOODYARD RD,39.18872327,-86.57688237
902264591,2014,7,2,Weekday,900,2-Car,Non-incapacitating,FAILURE TO YIELD RIGHT OF WAY,45 46 & WALNUT ST,39.18769245,-86.53393365