Master Record Number,Year,Month,Day,Weekend?,Hour,Collision Type,Injury Type,Primary Factor,Reported_Location,Latitude,Longitude
902315307,2014,10,4,Weekday,1300,1-Car,No injury/unknown,RAN OFF ROAD RIGHT,HOWARD & LOUDEN,39.18735473,-86.6406587
902195847,2014,3,2,Weekday,1200,1-Car,Non-incapacitating,UNSAFE SPEED,SR37N,39.18734582,-86.55492783
902159878,2014,1,4,Weekday,500,2-Car,No injury/unknown,FAILURE TO YIELD RIGHT OF WAY,SR37 & SR45W,39.187344,-86.5552
902219727,2014,4,5,Weekday,1200,2-Car,No injury/unknown,FOLLOWING TOO CLOSELY,SR37S & SR45,39.187344,-86.5552
902247160,2014,6,2,Weekday,600,2-Car,No injury/unknown,OTHER (DRIVER) - EXPLAIN IN NARRATIVE,SR37 & SR45W,39.187344,-86.5552
902304161,2014,9,1,Weekend,1100,2-Car,No injury/unknown,FOLLOWING TOO CLOSELY,SR37S & SR45,39.187344,-86.5552
902304181,2014,9,1,Weekend,1100,2-Car,Non-incapacitating,FOLLOWING TOO CLOSELY,SR37S & SR45W,39.187344,-86.5552
902285447,2014,8,6,Weekend,2100,2-Car,No injury/unknown,UNSAFE BACKING,N STONELAKE DR,39.18724,-86.54509551
902269221,2014,7,7,Weekend,1200,2-Car,No injury/unknown,UNSAFE LANE MOVEMENT,SR37S & SR46E,39.18719389,-86.55977469
902197709,2014,3,4,Weekday,1500,2-Car,Non-incapacitating,FAILURE TO YIELD RIGHT OF WAY,SR46W & STONELAKE,39.18717957,-86.54660034
902320040,2014,10,5,Weekday,1600,2-Car,Non-incapacitating,DRIVER DISTRACTED - EXPLAIN IN NARRATIVE,SR45E & STONELAKE,39.18717957,-86.54660034
902228344,2014,5,3,Weekday,800,2-Car,No injury/unknown,FAILURE TO YIELD RIGHT OF WAY,SR45 & WALNUT ST,39.18703023,-86.53416683
902325048,2014,10,6,Weekend,2000,2-Car,Incapacitating,FOLLOWING TOO CLOSELY,NORTH MONROE & SR46E,39.18689179,-86.54574373
902197750,2014,3,4,Weekday,1400,3+ Cars,Non-incapacitating,FOLLOWING TOO CLOSELY,45 46 & KINSER PIKE,39.1868635,-86.53770268
902300398,2014,9,2,Weekday,1600,2-Car,Non-incapacitating,FOLLOWING TOO CLOSELY,45 46 BYP & N MONROE,39.18679792,-86.54657331
902356029,2014,12,5,Weekday,400,1-Car,No injury/unknown,ANIMAL/OBJECT IN ROADWAY,MONROE & SR46W,39.18677635,-86.54327784
902178777,2014,2,5,Weekday,2200,1-Car,No injury/unknown,RAN OFF ROAD RIGHT,HARTSTRAIGHT RD & VERNAL PIKE,39.186752,-86.611504
902335505,2014,11,6,Weekday,1800,1-Car,No injury/unknown,DISREGARD SIGNAL/REG SIGN,HARTSTRAIT & VERNAL,39.186752,-86.611504
902322143,2014,10,2,Weekday,1700,2-Car,No injury/unknown,FOLLOWING TOO CLOSELY,N KINSER & SR46E,39.18662255,-86.53964972
902311814,2014,10,6,Weekday,1800,2-Car,No injury/unknown,FOLLOWING TOO CLOSELY,KINSER & SR46E,39.18662255,-86.53964972
902252806,2014,6,6,Weekday,1700,2-Car,No injury/unknown,FOLLOWING TOO CLOSELY,KINSER & SR46E,39.18657543,-86.53859269
902277916,2014,8,6,Weekday,1500,2-Car,Non-incapacitating,FOLLOWING TOO CLOSELY,45 46 BYP & KINSER,39.1865475,-86.53834105
902225394,2014,4,7,Weekend,1900,2-Car,Non-incapacitating,DISREGARD SIGNAL/REG SIGN,ARLINGTON RD & GOURLEY,39.186544,-86.551168
902274743,2014,8,1,Weekday,1900,1-Car,Non-incapacitating,OTHER (DRIVER) - EXPLAIN IN NARRATIVE,ARLINGTON RD & GOURLEY,39.186544,-86.551168
902301510,2014,9,3,Weekday,1100,2-Car,No injury/unknown,FAILURE TO YIELD RIGHT OF WAY,ARLINGTON RD & GOURLEY,39.186544,-86.551168
902174816,2014,2,1,Weekend,900,2-Car,Non-incapacitating,SPEED TOO FAST FOR WEATHER CONDITIONS,N KINSER & SR4546W,39.186544,-86.537888
902203276,2014,3,6,Weekday,1800,2-Car,No injury/unknown,DISREGARD SIGNAL/REG SIGN,NORTH KINSER & SR46E,39.186544,-86.537888
902217863,2014,4,3,Weekday,800,Bus,No injury/unknown,FOLLOWING TOO CLOSELY,KINSER & SR4546W,39.186544,-86.537888
902219149,2014,4,5,Weekday,700,3+ Cars,No injury/unknown,DRIVER DISTRACTED - EXPLAIN IN NARRATIVE,KINSER & SR4546W,39.186544,-86.537888
902221441,2014,4,2,Weekday,1400,3+ Cars,No injury/unknown,FAILURE TO YIELD RIGHT OF WAY,N KINSER & STATE ROAD 45 46 BYP,39.186544,-86.537888
902230060,2014,5,6,Weekday,900,3+ Cars,Non-incapacitating,FAILURE TO YIELD RIGHT OF WAY,N KINSER & SR4546E,39.186544,-86.537888
902230452,2014,5,6,Weekday,1400,2-Car,Non-incapacitating,FOLLOWING TOO CLOSELY,N KINSER PIKE & SR 45 46,39.186544,-86.537888
902261794,2014,7,3,Weekday,700,2-Car,Non-incapacitating,FOLLOWING TOO CLOSELY,N KINSER & SR4546W,39.186544,-86.537888
902271114,2014,7,7,Weekend,2000,2-Car,No injury/unknown,FOLLOWING TOO CLOSELY,NORTH KINSER & SR46W,39.186544,-86.537888
902272323,2014,7,3,Weekday,1100,2-Car,Non-incapacitating,FOLLOWING TOO CLOSELY,KINSER & SR4546W,39.186544,-86.537888
902277430,2014,8,6,Weekday,1200,3+ Cars,Non-incapacitating,FOLLOWING TOO CLOSELY,KINSER & W ST RD 45 46 BYP,39.186544,-86.537888
902279232,2014,8,3,Weekday,800,3+ Cars,Non-incapacitating,FAILURE TO YIELD RIGHT OF WAY,N KINSER & SR4546E,39.186544,-86.537888
902322661,2014,10,2,Weekday,2000,2-Car,No injury/unknown,FOLLOWING TOO CLOSELY,N KINSER & SR4546E,39.186544,-86.537888
902300426,2014,9,6,Weekday,1500,3+ Cars,No injury/unknown,DRIVER DISTRACTED - EXPLAIN IN NARRATIVE,N KINSER & SR4546W,39.186544,-86.537888
902306107,2014,10,4,Weekday,1100,2-Car,Non-incapacitating,FAILURE TO YIELD RIGHT OF WAY,N KINSER & SR46W,39.186544,-86.537888
902307915,2014,10,6,Weekend,2100,3+ Cars,No injury/unknown,UNSAFE SPEED,KINSER & SR4546E,39.186544,-86.537888
902312970,2014,10,2,Weekday,900,2-Car,Non-incapacitating,SPEED TOO FAST FOR WEATHER CONDITIONS,N KINSER & SR4546W,39.186544,-86.537888
902359048,2014,12,7,Weekend,1800,2-Car,No injury/unknown,FOLLOWING TOO CLOSELY,N KINSER & SR4546W,39.186544,-86.537888
902232327,2014,5,3,Weekday,1200,2-Car,Non-incapacitating,FOLLOWING TOO CLOSELY,SR 45 46 BYPASS & WALNUT ST,39.18652693,-86.53434404
902280100,2014,8,4,Weekday,1600,2-Car,No injury/unknown,FOLLOWING TOO CLOSELY,KINSER & SR46W,39.18651218,-86.5373602
902301190,2014,9,2,Weekday,1800,2-Car,Non-incapacitating,DRIVER DISTRACTED - EXPLAIN IN NARRATIVE,45 46 BYP & KINSER,39.18650592,-86.53774023
902181493,2014,2,2,Weekday,1500,1-Car,Non-incapacitating,OVERCORRECTING/OVERSTEERING,GOURLEY PIKE & MONROE,39.18646406,-86.54787457
902223960,2014,4,1,Weekend,900,2-Car,No injury/unknown,FAILURE TO YIELD RIGHT OF WAY,N MONROE ST & W GOURLEY,39.186448,-86.546816
902268745,2014,7,2,Weekday,1800,2-Car,Non-incapacitating,DISREGARD SIGNAL/REG SIGN,N MONROE ST & W GOURLEY,39.186448,-86.546816
902316208,2014,10,6,Weekend,2000,2-Car,Incapacitating,LEFT OF CENTER,GOURLEY & MONROE,39.186448,-86.546816
902363394,2014,12,4,Weekday,1800,2-Car,No injury/unknown,FAILURE TO YIELD RIGHT OF WAY,GOURLEY & MONROE,39.186448,-86.546816
902223866,2014,4,1,Weekend,300,1-Car,No injury/unknown,RAN OFF ROAD RIGHT,N FRITZ DR,39.1864049,-86.52980767
902175979,2014,2,2,Weekday,1500,2-Car,No injury/unknown,DRIVER DISTRACTED - EXPLAIN IN NARRATIVE,SR46W & WALNUT ST,39.186368,-86.5344
902182068,2014,2,3,Weekday,900,2-Car,No injury/unknown,FAILURE TO YIELD RIGHT OF WAY,4546 BYP & WALNUT,39.186368,-86.5344
902214510,2014,4,3,Weekday,900,2-Car,No injury/unknown,UNSAFE LANE MOVEMENT,SR46E & WALNUT,39.186368,-86.5344
902251243,2014,6,3,Weekday,1200,2-Car,No injury/unknown,FAILURE TO YIELD RIGHT OF WAY,N WALNUT & SR 45 46 BYPASS BYP,39.186368,-86.5344
902261987,2014,7,3,Weekday,1500,2-Car,No injury/unknown,FAILURE TO YIELD RIGHT OF WAY,N WALNUT & SR46E,39.186368,-86.5344
902291703,2014,9,5,Weekday,1400,2-Car,Non-incapacitating,FAILURE TO YIELD RIGHT OF WAY,SR4546E & WALNUT,39.186368,-86.5344
902294270,2014,9,3,Weekday,2100,2-Car,Non-incapacitating,FOLLOWING TOO CLOSELY,SR46W & WALNUT,39.186368,-86.5344
902305029,2014,9,2,Weekday,1400,Moped/Motorcycle,Non-incapacitating,FAILURE TO YIELD RIGHT OF WAY,N WALNUT & SR46W,39.186368,-86.5344
902306043,2014,10,4,Weekday,600,2-Car,No injury/unknown,DISREGARD SIGNAL/REG SIGN,SR4546N & WALNUT,39.186368,-86.5344
902320214,2014,10,6,Weekday,700,2-Car,No injury/unknown,FOLLOWING TOO CLOSELY,WALNUT,39.186368,-86.5344
902328197,2014,11,4,Weekday,1400,Pedestrian,Non-incapacitating,UNSAFE BACKING,WALNUT,39.186368,-86.5344
902315483,2014,10,1,Weekend,1600,2-Car,No injury/unknown,FOLLOWING TOO CLOSELY,W ST RD 45,39.18636,-86.533048
902356208,2014,12,5,Weekday,1100,2-Car,No injury/unknown,FAILURE TO YIELD RIGHT OF WAY,W SR 45,39.18636,-86.533048
902260853,2014,7,2,Weekday,800,2-Car,No injury/unknown,IMPROPER LANE USAGE,N WALNUT & SR46E,39.18635339,-86.53192962
902339931,2014,11,6,Weekday,1300,2-Car,No injury/unknown,DRIVER DISTRACTED - EXPLAIN IN NARRATIVE,DUNN & SR46,39.186352,-86.52884892
902174095,2014,1,6,Weekend,2300,1-Car,No injury/unknown,IMPROPER TURNING,N COLLEGE & OLD STATE RD 37 RD,39.186352,-86.534704
902178613,2014,2,5,Weekday,1300,3+ Cars,Non-incapacitating,FAILURE TO YIELD RIGHT OF WAY,COLLEGE & SR46E,39.186352,-86.534704
902252004,2014,6,5,Weekday,1100,3+ Cars,No injury/unknown,OTHER (DRIVER) - EXPLAIN IN NARRATIVE,COLLEGE & SR45E,39.186352,-86.534704
902287520,2014,8,3,Weekday,1800,1-Car,No injury/unknown,OVERCORRECTING/OVERSTEERING,N COLLEGE & SR 45 46 BYP,39.186352,-86.534704
902288841,2014,8,7,Weekend,1200,2-Car,No injury/unknown,SPEED TOO FAST FOR WEATHER CONDITIONS,N COLLEGE AVE & SR 45 46 BYPASS,39.186352,-86.534704
902291485,2014,9,4,Weekday,2000,Cyclist,No injury/unknown,FAILURE TO YIELD RIGHT OF WAY,COLLEGE AVE & OLD STATE ROAD 37,39.186352,-86.534704
902219549,2014,4,5,Weekday,1600,2-Car,Non-incapacitating,FOLLOWING TOO CLOSELY,MARTHA & SR46E,39.186352,-86.531696
902253391,2014,6,1,Weekend,1300,2-Car,Non-incapacitating,FOLLOWING TOO CLOSELY,MARTHA & SR46W,39.186352,-86.531696
902183361,2014,2,4,Weekday,2000,2-Car,Non-incapacitating,OTHER (DRIVER) - EXPLAIN IN NARRATIVE,DUNN & SR4546W,39.186352,-86.528496
902221573,2014,4,3,Weekday,700,2-Car,No injury/unknown,UNSAFE SPEED,DUNN & SR46W,39.186352,-86.528496
902225318,2014,4,3,Weekday,1900,3+ Cars,No injury/unknown,FOLLOWING TOO CLOSELY,DUNN & SR4546S,39.186352,-86.528496
902240047,2014,5,3,Weekday,1400,2-Car,No injury/unknown,DISREGARD SIGNAL/REG SIGN,DUNN ST & SR46E,39.186352,-86.528496
902248642,2014,6,4,Weekday,2100,2-Car,Non-incapacitating,FAILURE TO YIELD RIGHT OF WAY,DUNN & SR4546E,39.186352,-86.528496
902252833,2014,6,6,Weekend,2100,3+ Cars,Non-incapacitating,OTHER (ENVIRONMENTAL) - EXPLAIN IN NARR,DUNN & SR4546W,39.186352,-86.528496
902304004,2014,9,7,Weekend,1700,2-Car,No injury/unknown,DRIVER DISTRACTED - EXPLAIN IN NARRATIVE,DUNN & SR45W,39.186352,-86.528496
902221386,2014,4,2,Weekday,1700,2-Car,No injury/unknown,FOLLOWING TOO CLOSELY,45 46 BYP & WALNUT,39.18633007,-86.53453968
902253057,2014,6,6,Weekday,1800,2-Car,No injury/unknown,FOLLOWING TOO CLOSELY,45 46 BYP & COLLEGE,39.18633007,-86.53453968
902286863,2014,8,3,Weekday,1500,2-Car,No injury/unknown,FAILURE TO YIELD RIGHT OF WAY,45 46 BYP & N WALNUT,39.18633007,-86.53453968
902296595,2014,9,1,Weekend,1600,Moped/Motorcycle,Non-incapacitating,IMPROPER TURNING,45 46 BYP & N WALNUT,39.18633007,-86.53453968
902278019,2014,8,7,Weekend,2000,1-Car,No injury/unknown,OVERCORRECTING/OVERSTEERING,IN SR 45  46 BYP & N DUNN,39.18632001,-86.52846348
902223541,2014,4,6,Weekend,2300,2-Car,No injury/unknown,FOLLOWING TOO CLOSELY,45 46 BYP & DUNN,39.18632001,-86.52841157
902195212,2014,3,1,Weekday,1900,2-Car,No injury/unknown,SPEED TOO FAST FOR WEATHER CONDITIONS,DUNN ST & SR46,39.18630288,-86.52839688
902214922,2014,4,3,Weekday,700,2-Car,No injury/unknown,FAILURE TO YIELD RIGHT OF WAY,DUNN & SR45 SR46 BYP,39.18630288,-86.52839688
902357573,2014,12,7,Weekend,600,2-Car,No injury/unknown,SPEED TOO FAST FOR WEATHER CONDITIONS,DUNN & SR46,39.18629,-86.52800767
902269234,2014,7,3,Weekday,1700,2-Car,No injury/unknown,FOLLOWING TOO CLOSELY,DUNN & SR46,39.18628433,-86.52781675
902222974,2014,4,5,Weekday,2000,2-Car,No injury/unknown,FOLLOWING TOO CLOSELY,MATLOCK RD & SR46,39.18626742,-86.51950133
902334879,2014,11,6,Weekday,700,1-Car,No injury/unknown,RAN OFF ROAD RIGHT,WEST GOURLEY,39.18625641,-86.5414505
902338671,2014,11,4,Weekday,1800,2-Car,No injury/unknown,FOLLOWING TOO CLOSELY,SR45 & SR46,39.18625498,-86.52402538
902159754,2014,1,3,Weekday,2100,2-Car,No injury/unknown,FOLLOWING TOO CLOSELY,SR45 & SR46,39.18624938,-86.52262594
902307617,2014,10,6,Weekend,1900,2-Car,No injury/unknown,UNSAFE BACKING,EAST MATLOCK RD,39.18624826,-86.52525253
902161643,2014,1,5,Weekday,1500,2-Car,No injury/unknown,LEFT OF CENTER,MATLOCK & N HEADLEY RD,39.18624,-86.514496
902186972,2014,2,3,Weekday,200,1-Car,Non-incapacitating,RAN OFF ROAD RIGHT,W ARLINGTON RD,39.186234,-86.551048
902357497,2014,12,7,Weekend,700,1-Car,No injury/unknown,SPEED TOO FAST FOR WEATHER CONDITIONS,N MILO B SAMPSON & SR46,39.18623159,-86.52209968
902295010,2014,9,5,Weekday,100,3+ Cars,No injury/unknown,OTHER (DRIVER) - EXPLAIN IN NARRATIVE,W HOOSIER CT,39.186048,-86.550976
902348530,2014,12,6,Weekday,1200,1-Car,No injury/unknown,IMPROPER TURNING,HICKORY,39.186048,-86.550976
902210531,2014,3,2,Weekday,200,1-Car,No injury/unknown,ANIMAL/OBJECT IN ROADWAY,FEE & SR4546E,39.186032,-86.51984
902220448,2014,4,1,Weekend,0,Moped/Motorcycle,Non-incapacitating,LEFT OF CENTER,FEE & SR4546,39.186032,-86.51984
902234489,2014,5,7,Weekend,1300,2-Car,No injury/unknown,FAILURE TO YIELD RIGHT OF WAY,EAST MATLOCK & SR46E,39.186032,-86.51984
902344977,2014,12,2,Weekday,0,1-Car,No injury/unknown,RAN OFF ROAD RIGHT,MT GILEAD & SR45E,39.18584824,-86.46729533
902203802,2014,3,7,Weekend,900,Bus,No injury/unknown,,N KINSER PIKE,39.18582916,-86.53721618
902283984,2014,8,5,Weekday,1000,2-Car,No injury/unknown,FAILURE TO YIELD RIGHT OF WAY,KINSER PIKE,39.18582916,-86.53721618
902220464,2014,4,4,Weekday,700,1-Car,No injury/unknown,RAN OFF ROAD RIGHT,E SR 45 RD & MT GILEAD,39.18552004,-86.46938863
902182722,2014,2,4,Weekday,800,2-Car,No injury/unknown,UNSAFE SPEED,GOURLEY & N KINSER PIKE,39.185392,-86.537856
902272968,2014,7,4,Weekday,1700,2-Car,Non-incapacitating,FAILURE TO YIELD RIGHT OF WAY,GOURLEY & KINSER PIKE,39.185392,-86.537856
902280461,2014,8,5,Weekday,1500,2-Car,No injury/unknown,FAILURE TO YIELD RIGHT OF WAY,GOURLEY & N KINSER PIKE,39.185392,-86.537856
902295316,2014,9,5,Weekday,1600,2-Car,No injury/unknown,UNSAFE LANE MOVEMENT,N KINSER PIKE & W GOURLEY,39.185392,-86.537856
902173509,2014,1,6,Weekday,700,Bus,No injury/unknown,OTHER (DRIVER) - EXPLAIN IN NARRATIVE,KINSER PIKE,39.18531418,-86.53827667
902256693,2014,6,7,Weekend,1400,2-Car,No injury/unknown,FAILURE TO YIELD RIGHT OF WAY,NORTH KINSER PIKE,39.185314,-86.538277
902338147,2014,11,3,Weekday,1200,2-Car,No injury/unknown,DRIVER DISTRACTED - EXPLAIN IN NARRATIVE,KINSER,39.185314,-86.538277
902204658,2014,3,2,Weekday,1600,1-Car,No injury/unknown,OTHER (DRIVER) - EXPLAIN IN NARRATIVE,W GOURLEY PIKE,39.185232,-86.54060206
902237979,2014,5,7,Weekend,0,2-Car,No injury/unknown,UNSAFE BACKING,W GOURLEY PIKE,39.185232,-86.54060206
902344203,2014,11,5,Weekday,400,1-Car,No injury/unknown,RAN OFF ROAD RIGHT,CASCADE & GOURLEY,39.1852,-86.541952
902352724,2014,12,7,Weekend,1300,3+ Cars,Non-incapacitating,OTHER (DRIVER) - EXPLAIN IN NARRATIVE,FEE,39.18501616,-86.51881556
902314491,2014,10,3,Weekday,1200,1-Car,No injury/unknown,TRAFFIC CONTROL INOPERATIVE/MISSING/OBSC,NORTH RANGE & RANGE,39.18463335,-86.49326262
902305908,2014,10,4,Weekday,800,1-Car,No injury/unknown,ANIMAL/OBJECT IN ROADWAY,N UNION VALLEY RD & W MCNEELY,39.18452928,-86.59277983
902216521,2014,4,7,Weekend,1100,2-Car,No injury/unknown,UNSAFE BACKING,7TH & SUNRISE DR,39.18439351,-86.51242017
902286217,2014,8,2,Weekday,1600,Bus,No injury/unknown,IMPROPER PASSING,E SMITH & S WASHINGTON ST,39.18398788,-86.53238989
902352045,2014,12,2,Weekday,1200,2-Car,No injury/unknown,OVERCORRECTING/OVERSTEERING,FEE & JORDAN,39.18388916,-86.51814316
902184543,2014,2,6,Weekday,1300,2-Car,No injury/unknown,UNSAFE SPEED,FEE LN & NORTH JORDAN EXTENSION,39.18384,-86.5192
902223632,2014,4,7,Weekend,900,Cyclist,Incapacitating,FAILURE TO YIELD RIGHT OF WAY,FEE & NORTH JORDAN AVE,39.18384,-86.5192
902183975,2014,2,5,Weekday,1700,2-Car,Non-incapacitating,DRIVER DISTRACTED - EXPLAIN IN NARRATIVE,FISHER & NORTH JORDAN AVE,39.1837699,-86.5168599
902208950,2014,3,3,Weekday,1700,Bus,No injury/unknown,IMPROPER TURNING,FISHER & NORTH JORDAN AVE,39.1837699,-86.51687288
902318841,2014,10,4,Weekday,1900,1-Car,No injury/unknown,SPEED TOO FAST FOR WEATHER CONDITIONS,NORTH DUNN & SR37N,39.18363953,-86.5283605
902317939,2014,10,2,Weekday,1500,1-Car,Non-incapacitating,UNSAFE SPEED,DUNN & SR37N,39.18363953,-86.5283432
902287305,2014,8,4,Weekday,1200,2-Car,No injury/unknown,FOLLOWING TOO CLOSELY,N KINSER PIKE & W AMARYLLIS,39.18363533,-86.537765
902190730,2014,2,6,Weekday,1300,2-Car,No injury/unknown,UNSAFE BACKING,SOUTH WALNUT ST,39.18352275,-86.53424711
902350224,2014,12,2,Weekday,1900,2-Car,No injury/unknown,IMPROPER TURNING,AMARYLLIS,39.18345474,-86.53893851
902283718,2014,8,1,Weekend,1200,2-Car,No injury/unknown,UNSAFE BACKING,AMARYLLIS DR,39.18336488,-86.5391048
902288704,2014,8,7,Weekend,100,2-Car,No injury/unknown,UNSAFE BACKING,N WALNUT ST & OLD ST RD 37,39.18336019,-86.53415009
902294937,2014,9,5,Weekday,600,2-Car,No injury/unknown,FOLLOWING TOO CLOSELY,N OLD ST 37 RD & N WALNUT,39.18336019,-86.53415009
902223475,2014,4,6,Weekday,1800,2-Car,No injury/unknown,UNSAFE SPEED,N COLLEGE AVE,39.18335771,-86.53469029
902300351,2014,9,1,Weekend,1200,2-Car,No injury/unknown,UNSAFE BACKING,N COLLEGE AVE,39.18335771,-86.53469029
902293290,2014,9,2,Weekday,0,2-Car,No injury/unknown,OTHER (DRIVER) - EXPLAIN IN NARRATIVE,VARSITY LN,39.183151,-86.531143
902230643,2014,5,7,Weekend,1000,1-Car,No injury/unknown,OTHER (DRIVER) - EXPLAIN IN NARRATIVE,NORTH DUNN ST,39.18313757,-86.52827404
902287841,2014,7,2,Weekday,2100,1-Car,No injury/unknown,DISREGARD SIGNAL/REG SIGN,VARSITY LN,39.182976,-86.528416
902313929,2014,10,3,Weekday,1400,2-Car,No injury/unknown,DISREGARD SIGNAL/REG SIGN,E VARSITY LN,39.182976,-86.528416
902156555,2014,1,5,Weekday,2200,2-Car,No injury/unknown,SPEED TOO FAST FOR WEATHER CONDITIONS,ARLINGTON VALLEY DR & WILLIS,39.1828,-86.544032
902224011,2014,4,1,Weekend,1400,2-Car,No injury/unknown,UNSAFE BACKING,N FEE LN,39.18275385,-86.51915401
902329831,2014,11,7,Weekend,0,1-Car,No injury/unknown,OBSTRUCTION NOT MARKED,N FEE,39.18275385,-86.51915401
902294947,2014,9,5,Weekday,600,3+ Cars,No injury/unknown,OTHER (DRIVER) - EXPLAIN IN NARRATIVE,ARLINGTON VALLEY & THORNTREE DR,39.1826997,-86.54591023
902189036,2014,2,6,Weekday,1600,1-Car,No injury/unknown,IMPROPER TURNING,KINSER & NORTHLANE DR,39.18265007,-86.53776973
902332445,2014,11,3,Weekday,1300,2-Car,No injury/unknown,OTHER (DRIVER) - EXPLAIN IN NARRATIVE,10TH & 1600 E 10TH (PARKING LOT),39.18211668,-86.51313968
902161887,2014,1,5,Weekday,1200,1-Car,No injury/unknown,SPEED TOO FAST FOR WEATHER CONDITIONS,N WALNUT ST,39.18203331,-86.53375804
902248381,2014,6,5,Weekday,1100,2-Car,No injury/unknown,IMPROPER TURNING,N WALNUT ST,39.18203331,-86.53375804
902334863,2014,11,7,Weekend,1100,2-Car,No injury/unknown,UNSAFE BACKING,N WALNUT,39.18203331,-86.53375804
902243138,2014,6,2,Weekday,0,2-Car,No injury/unknown,,N WASHINGTON ST,39.18184,-86.532192
902300282,2014,9,1,Weekend,300,2-Car,No injury/unknown,UNSAFE BACKING,20TH & WASHINGTON ST,39.18184,-86.532192
902229490,2014,5,5,Weekday,100,2-Car,No injury/unknown,RAN OFF ROAD RIGHT,E 20TH ST,39.18184,-86.53176588
902257819,2014,6,2,Weekday,1600,3+ Cars,No injury/unknown,FOLLOWING TOO CLOSELY,20TH & DUNN ST,39.18184,-86.5284
902208721,2014,3,4,Weekday,900,2-Car,No injury/unknown,IMPROPER LANE USAGE,20TH ST & LINCOLN,39.18177866,-86.52948885
902193250,2014,2,4,Weekday,1800,2-Car,No injury/unknown,,N LINCOLN ST,39.181744,-86.530192
902276959,2014,8,3,Weekday,2300,2-Car,No injury/unknown,UNSAFE BACKING,E 20TH ST & N LINCOLN,39.181744,-86.530192
902213210,2014,4,7,Weekend,200,2-Car,No injury/unknown,UNSAFE BACKING,E 20TH ST,39.181744,-86.53017498
902168809,2014,1,7,Weekend,900,1-Car,No injury/unknown,UNSAFE BACKING,NORTH FEE LN,39.18169521,-86.51908077
902194800,2014,3,7,Weekend,0,2-Car,No injury/unknown,UNSAFE BACKING,N COLLEGE AVE,39.18154313,-86.53471036
902277421,2014,8,4,Weekday,900,2-Car,No injury/unknown,UNSAFE BACKING,N RANGE RD,39.1814028,-86.49475391
902195113,2014,3,1,Weekend,200,2-Car,No injury/unknown,,DUNN ST & NINETEENTH,39.18128635,-86.52736216
902286199,2014,8,2,Weekday,1300,2-Car,No injury/unknown,,E 17TH ST & FESS,39.18119115,-86.52583926
902183774,2014,2,5,Weekday,1000,Cyclist,Non-incapacitating,FAILURE TO YIELD RIGHT OF WAY,19TH & DUNN ST,39.18104,-86.5284
902300460,2014,9,1,Weekend,1600,2-Car,No injury/unknown,FAILURE TO YIELD RIGHT OF WAY,19TH & DUNN ST,39.18104,-86.5284
902325153,2014,11,7,Weekend,0,1-Car,No injury/unknown,RAN OFF ROAD RIGHT,19TH & DUNN,39.18104,-86.5284
902273559,2014,7,5,Weekday,1800,2-Car,No injury/unknown,UNSAFE BACKING,N COLLEGE AVE,39.18097484,-86.53471248
902273821,2014,7,5,Weekday,1800,2-Car,No injury/unknown,UNSAFE BACKING,N COLLEGE AVE,39.18097484,-86.53471248
902331135,2014,11,1,Weekend,1200,2-Car,No injury/unknown,UNSAFE BACKING,WILLIS,39.18094254,-86.54261017
902263877,2014,7,6,Weekday,1300,Moped/Motorcycle,Non-incapacitating,IMPROPER TURNING,E 18TH & N LINCOLN ST,39.180448,-86.530832
902223429,2014,4,6,Weekday,1600,2-Car,No injury/unknown,UNSAFE BACKING,NORTH JORDAN AVE,39.18041229,-86.51032257
902283076,2014,8,3,Weekday,1600,2-Car,No injury/unknown,UNSAFE BACKING,E 18TH ST & N GRANT,39.180352,-86.529792
902286810,2014,8,3,Weekday,1800,2-Car,No injury/unknown,,EAST 17TH & FEE LN,39.18035152,-86.52054073
902152625,2014,1,7,Weekend,1600,2-Car,No injury/unknown,IMPROPER TURNING,NORTH DUNN ST,39.18032728,-86.52825392
902323927,2014,10,5,Weekday,1000,2-Car,No injury/unknown,UNSAFE LANE MOVEMENT,17TH & SR46W,39.18011952,-86.50747687
902226426,2014,5,6,Weekday,100,2-Car,No injury/unknown,UNSAFE BACKING,WOODBURN AVE,39.18008041,-86.53558349
902334779,2014,11,6,Weekend,2100,2-Car,No injury/unknown,IMPROPER TURNING,17TH & FEE,39.18002603,-86.51903849
902329066,2014,11,5,Weekday,2000,Moped/Motorcycle,No injury/unknown,UNSAFE SPEED,N LONGFELLOW & W LOWER VALLEY,39.179984,-86.542032
902279052,2014,8,2,Weekday,1900,Pedestrian,Non-incapacitating,PEDESTRIAN ACTION,N ARLINGTON PARK DR,39.17994237,-86.5483693
902173254,2014,1,5,Weekday,1800,2-Car,No injury/unknown,FOLLOWING TOO CLOSELY,17TH & SR4546S,39.17984,-86.507088
902179650,2014,2,7,Weekend,100,1-Car,No injury/unknown,RAN OFF ROAD RIGHT,17TH & SR46S,39.17984,-86.507088