Master Record Number,Year,Month,Day,Weekend?,Hour,Collision Type,Injury Type,Primary Factor,Reported_Location,Latitude,Longitude
902184055,2014,2,5,Weekday,1800,2-Car,No injury/unknown,IMPROPER TURNING,17TH & SR4546S,39.17984,-86.507088
902235000,2014,5,1,Weekend,1700,Moped/Motorcycle,Non-incapacitating,OTHER (DRIVER) - EXPLAIN IN NARRATIVE,17TH & SR4546N,39.17984,-86.507088
902252923,2014,6,6,Weekday,700,2-Car,No injury/unknown,DISREGARD SIGNAL/REG SIGN,E 17TH & SR4546E,39.17984,-86.507088
902300194,2014,9,7,Weekend,2000,2-Car,Non-incapacitating,FAILURE TO YIELD RIGHT OF WAY,17TH & SR46S,39.17984,-86.507088
902306309,2014,10,4,Weekday,1900,2-Car,Incapacitating,DISREGARD SIGNAL/REG SIGN,17TH & SR4546S,39.17984,-86.507088
902359022,2014,12,2,Weekday,1800,2-Car,No injury/unknown,SPEED TOO FAST FOR WEATHER CONDITIONS,17TH & SR4546N,39.17984,-86.507088
902286216,2014,8,2,Weekday,1700,2-Car,Non-incapacitating,FOLLOWING TOO CLOSELY,EAST 17TH & SR46,39.17983864,-86.50726961
902266364,2014,7,5,Weekday,800,3+ Cars,No injury/unknown,FAILURE TO YIELD RIGHT OF WAY,EAST 17TH & SR46,39.17979888,-86.50723113
902347162,2014,12,3,Weekday,1900,3+ Cars,Non-incapacitating,FAILURE TO YIELD RIGHT OF WAY,EAST 17TH & SR46,39.17979888,-86.50723113
902176983,2014,2,3,Weekday,1600,2-Car,No injury/unknown,SPEED TOO FAST FOR WEATHER CONDITIONS,N JORDAN AVE,39.17967426,-86.511088
902293650,2014,9,2,Weekday,800,2-Car,No injury/unknown,IMPROPER TURNING,DUNN ST,39.17966843,-86.52863311
902341917,2014,11,2,Weekday,1200,2-Car,No injury/unknown,IMPROPER TURNING,EAST 17TH & SR46,39.17950507,-86.50700742
902150448,2014,1,5,Weekday,800,1-Car,No injury/unknown,SPEED TOO FAST FOR WEATHER CONDITIONS,17TH & SR46W,39.17949106,-86.50680659
902236955,2014,5,4,Weekday,2000,2-Car,No injury/unknown,OTHER (DRIVER) - EXPLAIN IN NARRATIVE,17TH & LINCOLN ST,39.17945197,-86.53084332
902254183,2014,6,2,Weekday,1800,1-Car,No injury/unknown,FOLLOWING TOO CLOSELY,ARLINGTON RD & MONROE,39.17940627,-86.5473924
902336798,2014,11,2,Weekday,1400,2-Car,No injury/unknown,SPEED TOO FAST FOR WEATHER CONDITIONS,17TH & LINGELBACH,39.1792497,-86.50840022
902297658,2014,9,2,Weekday,700,Cyclist,Incapacitating,FAILURE TO YIELD RIGHT OF WAY,CURRY & VERNAL PIKE,39.179248,-86.58249423
902153229,2014,1,1,Weekday,2200,1-Car,No injury/unknown,RAN OFF ROAD RIGHT,N CURRY & W VERNAL PIKE,39.179248,-86.5832
902186706,2014,2,6,Weekend,2100,2-Car,No injury/unknown,IMPROPER LANE USAGE,CURRY PIKE & VERNAL,39.179248,-86.5832
902194964,2014,3,1,Weekend,1100,1-Car,No injury/unknown,RAN OFF ROAD RIGHT,1800 NORTH CURRY PIKE & W VERNAL,39.179248,-86.5832
902242373,2014,5,4,Weekday,1600,2-Car,Non-incapacitating,FOLLOWING TOO CLOSELY,900 N CURRY PIKE & W VERNAL,39.179248,-86.5832
902268738,2014,7,2,Weekday,1700,2-Car,No injury/unknown,FAILURE TO YIELD RIGHT OF WAY,N CURRY PIKE & VERNAL,39.179248,-86.5832
902295232,2014,9,2,Weekday,500,2-Car,No injury/unknown,FAILURE TO YIELD RIGHT OF WAY,CURRY PIKE & VERNAL,39.179248,-86.5832
902301912,2014,9,4,Weekday,700,Moped/Motorcycle,Non-incapacitating,FAILURE TO YIELD RIGHT OF WAY,N CURRY & W VERNAL PIKE,39.179248,-86.5832
902306374,2014,9,3,Weekday,100,Moped/Motorcycle,Incapacitating,FAILURE TO YIELD RIGHT OF WAY,N CURRY PIKE & W VERNAL,39.179248,-86.5832
902306680,2014,10,5,Weekday,900,2-Car,No injury/unknown,DISREGARD SIGNAL/REG SIGN,N CURRY PIKE & W VERNAL,39.179248,-86.5832
902328264,2014,11,3,Weekday,1600,2-Car,No injury/unknown,UNSAFE SPEED,N CURRY & W VERNAL,39.179248,-86.5832
902331119,2014,11,2,Weekday,1200,2-Car,No injury/unknown,FAILURE TO YIELD RIGHT OF WAY,CURRY & VERNAL,39.179248,-86.5832
902335992,2014,11,2,Weekday,800,2-Car,No injury/unknown,FOLLOWING TOO CLOSELY,N CURRY & W VERNAL,39.179248,-86.5832
902240450,2014,5,4,Weekday,1700,1-Car,No injury/unknown,UNSAFE BACKING,W VERNAL PIKE,39.179248,-86.58292
902179687,2014,2,6,Weekday,900,2-Car,No injury/unknown,ROADWAY SURFACE CONDITION,ENTERPRISE DR & VERNAL,39.17921014,-86.5680398
902173328,2014,1,5,Weekday,2100,2-Car,No injury/unknown,UNSAFE BACKING,NORTH DUNN ST,39.1791687,-86.52874755
902227967,2014,5,2,Weekday,1200,2-Car,No injury/unknown,UNSAFE BACKING,NORTH DUNN ST,39.1791687,-86.52874755
902284701,2014,8,6,Weekday,1500,2-Car,No injury/unknown,OVERCORRECTING/OVERSTEERING,N JORDAN AVE,39.17912342,-86.511088
902211659,2014,4,3,Weekday,2100,Moped/Motorcycle,Incapacitating,OTHER (DRIVER) - EXPLAIN IN NARRATIVE,N WILLIS & W 17TH STREET ST,39.179104,-86.544016
902156705,2014,1,6,Weekday,600,1-Car,No injury/unknown,RAN OFF ROAD RIGHT,1500 BLK W 17TH ST & LINDBERGH,39.17907838,-86.5527072
902158130,2014,1,1,Weekend,1800,2-Car,No injury/unknown,UNSAFE BACKING,EAST 17TH ST,39.17906329,-86.5209221
902169834,2014,1,1,Weekend,1700,2-Car,No injury/unknown,FOLLOWING TOO CLOSELY,EAST 17TH & WOODLAWN AVE,39.17904828,-86.52361627
902309845,2014,10,3,Weekday,2000,2-Car,No injury/unknown,IMPROPER TURNING,N JORDAN AVE,39.17904473,-86.511088
902185284,2014,2,6,Weekday,1600,Bus,No injury/unknown,FOLLOWING TOO CLOSELY,EAST 17TH ST & WALNUT GROVE,39.17904384,-86.52162423
902280488,2014,8,5,Weekday,1600,2-Car,No injury/unknown,OVERCORRECTING/OVERSTEERING,EAST 17TH & FORREST AVE,39.17904367,-86.52249055
902281042,2014,8,6,Weekday,1100,1-Car,No injury/unknown,OTHER (VEHICLE) - EXPLAIN IN NARRATIVE,W 17TH ST,39.17904,-86.54234296
902162613,2014,1,6,Weekday,1500,3+ Cars,Non-incapacitating,FOLLOWING TOO CLOSELY,17TH ST & WASHINGTON,39.17904,-86.532096
902265819,2014,7,4,Weekday,900,2-Car,No injury/unknown,UNSAFE BACKING,WEST 17TH ST,39.17904,-86.532096
902229853,2014,5,5,Weekday,2200,2-Car,No injury/unknown,UNSAFE BACKING,E 17TH ST,39.17904,-86.5320128
902252448,2014,6,6,Weekday,200,2-Car,No injury/unknown,IMPROPER LANE USAGE,17TH & N LINCOLN ST,39.17904,-86.530848
902286851,2014,8,3,Weekday,1800,2-Car,Non-incapacitating,FOLLOWING TOO CLOSELY,E 17TH ST & N LINCOLN,39.17904,-86.530848
902318779,2014,10,4,Weekday,1700,2-Car,No injury/unknown,FAILURE TO YIELD RIGHT OF WAY,17TH & LINCOLN,39.17904,-86.530848
902184440,2014,2,6,Weekday,1300,2-Car,No injury/unknown,FAILURE TO YIELD RIGHT OF WAY,17TH ST & DUNN,39.17904,-86.5284
902214094,2014,4,2,Weekday,1300,2-Car,No injury/unknown,UNSAFE BACKING,17TH ST & DUNN,39.17904,-86.5284
902218503,2014,4,4,Weekday,100,2-Car,No injury/unknown,UNSAFE LANE MOVEMENT,17TH ST & DUNN,39.17904,-86.5284
902290870,2014,9,4,Weekday,1200,2-Car,No injury/unknown,UNSAFE BACKING,17TH ST & DUNN,39.17904,-86.5284
902308864,2014,10,2,Weekday,1200,2-Car,No injury/unknown,FOLLOWING TOO CLOSELY,17TH ST & DUNN,39.17904,-86.5284
902353127,2014,12,6,Weekend,2300,2-Car,No injury/unknown,UNSAFE BACKING,17TH & DUNN,39.17904,-86.5284
902357584,2014,12,7,Weekend,700,1-Car,No injury/unknown,SPEED TOO FAST FOR WEATHER CONDITIONS,17TH & DUNN,39.17904,-86.5284
902176913,2014,2,3,Weekday,1600,3+ Cars,No injury/unknown,SPEED TOO FAST FOR WEATHER CONDITIONS,EAST 17TH ST & FESS,39.17903427,-86.52602866
902229194,2014,5,4,Weekday,1600,Bus,No injury/unknown,IMPROPER TURNING,EAST 17TH ST & INDIANA,39.17903292,-86.52682473
902334540,2014,11,6,Weekday,1600,Cyclist,Non-incapacitating,IMPROPER TURNING,EAST 17TH & INDIANA,39.17903251,-86.52706252
902332874,2014,11,4,Weekday,1700,2-Car,No injury/unknown,FOLLOWING TOO CLOSELY,EAST 17TH & FEE,39.17902912,-86.5189526
902337916,2014,11,3,Weekday,2100,2-Car,No injury/unknown,DRIVER DISTRACTED - EXPLAIN IN NARRATIVE,EAST 17TH & FEE,39.17902912,-86.5189526
902222076,2014,4,4,Weekday,800,2-Car,No injury/unknown,DRIVER DISTRACTED - EXPLAIN IN NARRATIVE,N JACKSON & W 17TH ST,39.179024,-86.539616
902273650,2014,7,5,Weekday,1000,1-Car,No injury/unknown,RAN OFF ROAD RIGHT,17TH ST & JACKSON,39.179024,-86.539616
902284305,2014,8,3,Weekday,2100,2-Car,No injury/unknown,FAILURE TO YIELD RIGHT OF WAY,17TH ST & JACKSON,39.179024,-86.539616
902291752,2014,9,5,Weekday,2100,Cyclist,Non-incapacitating,FAILURE TO YIELD RIGHT OF WAY,17TH ST & JACKSON,39.179024,-86.539616
902212465,2014,4,5,Weekday,1600,2-Car,No injury/unknown,FOLLOWING TOO CLOSELY,17TH ST & INDIANA,39.179024,-86.5272
902284913,2014,8,7,Weekend,600,1-Car,Non-incapacitating,CELL PHONE USAGE,17TH ST & INDIANA,39.179024,-86.5272
902307534,2014,10,6,Weekday,1500,2-Car,No injury/unknown,UNSAFE BACKING,17TH & INDIANA AVE,39.179024,-86.5272
902309116,2014,10,2,Weekday,1700,2-Car,Non-incapacitating,FAILURE TO YIELD RIGHT OF WAY,17TH ST,39.179024,-86.5272
902325136,2014,11,7,Weekend,0,Pedestrian,Incapacitating,PEDESTRIAN ACTION,17TH & INDIANA,39.179024,-86.5272
902245491,2014,6,6,Weekend,2200,2-Car,No injury/unknown,FOLLOWING TOO CLOSELY,17TH & COLLEGE AVE,39.1790197,-86.53471
902200770,2014,3,3,Weekday,1300,2-Car,No injury/unknown,UNSAFE SPEED,17TH ST & INDIANA,39.17901884,-86.52677659
902211328,2014,3,5,Weekday,1000,2-Car,No injury/unknown,UNSAFE BACKING,1001 E 17TH (WHITE LOT) ST & DUNN,39.17900989,-86.52830133
902158193,2014,1,1,Weekday,2000,Bus,No injury/unknown,IMPROPER PASSING,17TH & NORTH FOSTER DR,39.179008,-86.525888
902229257,2014,5,4,Weekday,1400,Bus,Non-incapacitating,DRIVER ILLNESS,E 17TH ST,39.179008,-86.525888
902272013,2014,7,2,Weekday,1500,2-Car,No injury/unknown,FAILURE TO YIELD RIGHT OF WAY,17TH ST & FESS,39.179008,-86.525888
902339126,2014,11,5,Weekday,1000,1-Car,No injury/unknown,UNSAFE BACKING,E 17TH,39.179008,-86.525888
902335198,2014,11,6,Weekday,1800,2-Car,No injury/unknown,UNSAFE BACKING,DUNN & EAST 17TH,39.17900187,-86.52832631
902209457,2014,3,6,Weekday,300,1-Car,No injury/unknown,UNSAFE SPEED,N KINSER & W 17TH ST,39.178992,-86.537792
902220294,2014,4,6,Weekday,1500,2-Car,No injury/unknown,DISREGARD SIGNAL/REG SIGN,17TH ST & NORTH MADISON,39.178992,-86.537792
902240027,2014,5,3,Weekday,1200,2-Car,No injury/unknown,OTHER (DRIVER) - EXPLAIN IN NARRATIVE,17TH & MADISON ST,39.178992,-86.537792
902254059,2014,6,2,Weekday,1400,Pedestrian,Non-incapacitating,IMPROPER LANE USAGE,17TH & MADISON ST,39.178992,-86.537792
902263238,2014,7,5,Weekday,1600,2-Car,No injury/unknown,OTHER (DRIVER) - EXPLAIN IN NARRATIVE,N MADISON ST & W 17TH,39.178992,-86.537792
902296357,2014,9,1,Weekend,0,2-Car,No injury/unknown,CELL PHONE USAGE,N KINSER PIKE & W 17TH,39.178992,-86.537792
902308819,2014,10,2,Weekday,1200,2-Car,No injury/unknown,DISREGARD SIGNAL/REG SIGN,17 TH ST & KINSER,39.178992,-86.537792
902311825,2014,10,6,Weekday,900,2-Car,No injury/unknown,FAILURE TO YIELD RIGHT OF WAY,N MADISON ST & W 17TH,39.178992,-86.537792
902313649,2014,10,3,Weekday,800,2-Car,No injury/unknown,DISREGARD SIGNAL/REG SIGN,17TH ST & MADISON,39.178992,-86.537792
902189115,2014,2,2,Weekday,1400,2-Car,No injury/unknown,SPEED TOO FAST FOR WEATHER CONDITIONS,17TH ST & WOODLAWN,39.178992,-86.523504
902316581,2014,10,7,Weekend,1900,2-Car,Non-incapacitating,FAILURE TO YIELD RIGHT OF WAY,17TH & WOODLAWN,39.178992,-86.523504
902158963,2014,1,2,Weekday,1300,2-Car,No injury/unknown,FAILURE TO YIELD RIGHT OF WAY,17TH ST & WOODBURN,39.178976,-86.536032
902170102,2014,1,7,Weekend,700,2-Car,No injury/unknown,UNSAFE LANE MOVEMENT,17TH & COLLEGE AVE,39.17896,-86.53472
902179171,2014,2,6,Weekday,1200,2-Car,No injury/unknown,FOLLOWING TOO CLOSELY,N COLLEGE & W 17TH ST,39.17896,-86.53472
902196245,2014,3,2,Weekday,2200,2-Car,No injury/unknown,FOLLOWING TOO CLOSELY,S COLLEGE & W 17TH ST,39.17896,-86.53472
902228320,2014,5,3,Weekday,700,2-Car,No injury/unknown,OTHER (VEHICLE) - EXPLAIN IN NARRATIVE,17TH & COLLEGE AVE,39.17896,-86.53472
902257882,2014,6,2,Weekday,1200,2-Car,Non-incapacitating,FOLLOWING TOO CLOSELY,17TH ST & COLLEGE,39.17896,-86.53472
902277980,2014,8,7,Weekend,1700,2-Car,No injury/unknown,FOLLOWING TOO CLOSELY,17TH & COLLEGE AVE,39.17896,-86.53472
902280311,2014,8,5,Weekday,1000,1-Car,No injury/unknown,OTHER (VEHICLE) - EXPLAIN IN NARRATIVE,17TH & COLLEGE,39.17896,-86.53472
902304330,2014,9,1,Weekend,1600,2-Car,No injury/unknown,FOLLOWING TOO CLOSELY,17TH & COLLEGE AVE,39.17896,-86.53472
902329750,2014,11,6,Weekend,2100,2-Car,No injury/unknown,FAILURE TO YIELD RIGHT OF WAY,N COLLEGE & W 17TH,39.17896,-86.53472
902173259,2014,1,5,Weekday,1700,2-Car,No injury/unknown,UNSAFE BACKING,EAST 17TH ST,39.17896,-86.521088
902209326,2014,3,5,Weekday,1400,2-Car,No injury/unknown,FAILURE TO YIELD RIGHT OF WAY,EAST 17TH ST,39.17896,-86.521088
902215661,2014,4,5,Weekday,1400,2-Car,No injury/unknown,FOLLOWING TOO CLOSELY,SEVENTEENTH ST & WALNUT,39.17896,-86.521088
902230652,2014,5,7,Weekend,1200,2-Car,No injury/unknown,IMPROPER LANE USAGE,EAST 17TH ST,39.17896,-86.521088
902284250,2014,8,5,Weekday,800,2-Car,No injury/unknown,UNSAFE BACKING,EAST 17TH ST,39.17896,-86.521088
902292143,2014,9,6,Weekday,1600,2-Car,No injury/unknown,UNSAFE BACKING,E 17TH ST,39.17896,-86.521088
902307133,2014,10,5,Weekday,1200,2-Car,No injury/unknown,FAILURE TO YIELD RIGHT OF WAY,17TH ST & WALNUT GROVE,39.17896,-86.521088
902335013,2014,11,7,Weekend,1600,2-Car,No injury/unknown,FAILURE TO YIELD RIGHT OF WAY,17TH & WALNUT GROVE,39.17896,-86.521088
902346583,2014,12,3,Weekday,2100,2-Car,No injury/unknown,OTHER (DRIVER) - EXPLAIN IN NARRATIVE,E 17TH,39.17896,-86.521088
902165976,2014,1,4,Weekday,800,2-Car,No injury/unknown,FAILURE TO YIELD RIGHT OF WAY,17TH ST & WALNUT,39.17895701,-86.53321635
902290850,2014,9,4,Weekday,1200,1-Car,No injury/unknown,OTHER (DRIVER) - EXPLAIN IN NARRATIVE,E 17TH ST,39.17895065,-86.52955121
902162582,2014,1,6,Weekday,1500,2-Car,No injury/unknown,UNSAFE LANE MOVEMENT,17TH & N WALNUT ST,39.178944,-86.533392
902211639,2014,4,3,Weekday,2300,1-Car,No injury/unknown,RAN OFF ROAD RIGHT,17TH & WALNUT ST,39.178944,-86.533392
902322212,2014,10,2,Weekday,2200,2-Car,No injury/unknown,DISREGARD SIGNAL/REG SIGN,17TH & N WALNUT,39.178944,-86.533392
902283527,2014,8,4,Weekday,1500,2-Car,No injury/unknown,FOLLOWING TOO CLOSELY,17TH ST & N WALNUT,39.178944,-86.533392
902307624,2014,10,6,Weekend,1900,2-Car,No injury/unknown,LEFT OF CENTER,17TH ST & WALNUT,39.178944,-86.533392
902311826,2014,10,6,Weekday,1700,2-Car,No injury/unknown,FAILURE TO YIELD RIGHT OF WAY,E 17TH & N WALNUT ST,39.178944,-86.533392
902314811,2014,10,4,Weekday,1500,2-Car,Non-incapacitating,SPEED TOO FAST FOR WEATHER CONDITIONS,17TH & WALNUT,39.178944,-86.533392
902314837,2014,10,4,Weekday,2100,1-Car,No injury/unknown,SPEED TOO FAST FOR WEATHER CONDITIONS,E 17TH & N WALNUT,39.178944,-86.533392
902321237,2014,10,1,Weekend,1200,Bus,No injury/unknown,IMPROPER TURNING,N WALNUT & W 17TH,39.178944,-86.533392
902336900,2014,11,2,Weekday,1500,2-Car,Non-incapacitating,IMPROPER TURNING,17TH & WALNUT,39.178944,-86.533392
902348169,2014,12,6,Weekday,1400,2-Car,No injury/unknown,FAILURE TO YIELD RIGHT OF WAY,N CURRY & W JONATHAN,39.17893539,-86.58297971
902234837,2014,5,1,Weekend,1100,2-Car,No injury/unknown,UNSAFE BACKING,EAST 17TH ST,39.17893387,-86.51529148
902200829,2014,3,1,Weekend,200,2-Car,No injury/unknown,DISREGARD SIGNAL/REG SIGN,17TH & FEE LN,39.178928,-86.518992
902225568,2014,4,3,Weekday,900,2-Car,No injury/unknown,UNSAFE BACKING,LAW & NORTH FOSTER DR,39.17887868,-86.51666007
902241064,2014,5,5,Weekday,2200,1-Car,No injury/unknown,OBSTRUCTION NOT MARKED,E 17TH ST,39.17887431,-86.51463227
902230479,2014,5,6,Weekend,2100,2-Car,No injury/unknown,UNSAFE BACKING,17TH ST,39.178848,-86.51144
902158639,2014,1,7,Weekend,2100,2-Car,No injury/unknown,UNSAFE BACKING,1414 N JORDAN (PARKING) AVE & N JORDAN,39.178848,-86.511088
902159043,2014,1,6,Weekday,1100,Bus,No injury/unknown,OTHER (DRIVER) - EXPLAIN IN NARRATIVE,17TH & N JORDAN (EXTENSION) AVE,39.178848,-86.511088
902175970,2014,2,2,Weekday,1900,2-Car,No injury/unknown,FAILURE TO YIELD RIGHT OF WAY,17TH ST & JORDAN,39.178848,-86.511088
902207394,2014,3,2,Weekday,700,Pedestrian,Non-incapacitating,PEDESTRIAN ACTION,17TH & NORTH JORDAN (EXTENSION) AVE,39.178848,-86.511088
902224088,2014,4,6,Weekend,2100,2-Car,No injury/unknown,FOLLOWING TOO CLOSELY,17TH ST & JORDAN,39.178848,-86.511088
902224448,2014,4,2,Weekday,1000,1-Car,No injury/unknown,SPEED TOO FAST FOR WEATHER CONDITIONS,17TH ST & JORDAN,39.178848,-86.511088
902283500,2014,8,4,Weekday,1400,2-Car,No injury/unknown,UNSAFE SPEED,17TH & JORDAN AVE,39.178848,-86.511088
902288518,2014,8,6,Weekday,1500,Cyclist,Non-incapacitating,FAILURE TO YIELD RIGHT OF WAY,1640 NORTH JORDAN & NORTH JORDAN AVE,39.178848,-86.511088
902302399,2014,9,4,Weekday,2100,2-Car,No injury/unknown,IMPROPER PASSING,17TH ST & JORDAN,39.178848,-86.511088
902303933,2014,9,7,Weekend,1600,2-Car,Non-incapacitating,UNSAFE SPEED,E 17TH ST & N JORDAN AVE,39.178848,-86.511088
902338418,2014,11,4,Weekday,900,1-Car,No injury/unknown,OTHER (DRIVER) - EXPLAIN IN NARRATIVE,101 N JORDAN (MAC CIRCLE) & JORDAN,39.178848,-86.511088
902310430,2014,10,4,Weekday,1600,2-Car,No injury/unknown,FOLLOWING TOO CLOSELY,EAST 17TH ST & JORDAN,39.17884774,-86.51092342
902214258,2014,4,2,Weekday,2000,2-Car,No injury/unknown,FAILURE TO YIELD RIGHT OF WAY,EAST 17TH & JORDAN AVE,39.17883778,-86.51245301
902161519,2014,1,5,Weekday,1600,2-Car,Non-incapacitating,LEFT OF CENTER,OAKDALE & PECAN LN,39.17873876,-86.57032974
902237899,2014,5,6,Weekday,1500,1-Car,No injury/unknown,ANIMAL/OBJECT IN ROADWAY,CURRY PIKE & VERNAL,39.17869919,-86.58316993
902166297,2014,1,4,Weekday,1400,2-Car,No injury/unknown,UNSAFE BACKING,NORTH MADISON & WEST KENWOOD DR,39.178464,-86.537776
902228913,2014,5,4,Weekday,900,2-Car,No injury/unknown,UNSAFE BACKING,KENWOOD DR & MADISON,39.178464,-86.537776
902244293,2014,6,3,Weekday,1900,2-Car,No injury/unknown,UNSAFE BACKING,KENWOOD & MADISON ST,39.178464,-86.537776
902307580,2014,10,6,Weekday,1700,Moped/Motorcycle,Non-incapacitating,FOLLOWING TOO CLOSELY,KENWOOD & MADISON AVE,39.178464,-86.537776
902289294,2014,8,1,Weekday,1900,2-Car,No injury/unknown,FOLLOWING TOO CLOSELY,BURKS & WALNUT STREET PIKE,39.1783895,-86.5267197
902228360,2014,5,3,Weekday,800,2-Car,No injury/unknown,UNSAFE BACKING,HOWE & MAPLE ST,39.1782709,-86.5422403
902194504,2014,2,6,Weekday,1400,Pedestrian,Incapacitating,PEDESTRIAN ACTION,EAST 17TH & FEE LN,39.17818781,-86.51884063
902240277,2014,5,4,Weekday,1500,2-Car,No injury/unknown,UNSAFE BACKING,JORDAN AVE,39.17811584,-86.51296234
902334741,2014,11,6,Weekend,2200,2-Car,No injury/unknown,UNSAFE BACKING,SOUTH COLLEGE MALL,39.1779549,-86.53472773
902264923,2014,7,4,Weekday,1300,Pedestrian,Non-incapacitating,FAILURE TO YIELD RIGHT OF WAY,1ST & WALNUT ST,39.17784,-86.533408
902245435,2014,6,6,Weekday,1500,2-Car,Non-incapacitating,DISREGARD SIGNAL/REG SIGN,EAST 1ST & SOUTH WALNUT ST,39.17784,-86.533408
902293340,2014,9,2,Weekday,1000,2-Car,No injury/unknown,OTHER (DRIVER) - EXPLAIN IN NARRATIVE,1ST & WALNUT AVE,39.17784,-86.533408
902324562,2014,10,6,Weekday,900,Pedestrian,Incapacitating,FAILURE TO YIELD RIGHT OF WAY,1ST & WALNUT,39.17784,-86.533408
902328092,2014,11,4,Weekday,1400,2-Car,No injury/unknown,IMPROPER TURNING,16TH & N WALNUT,39.17784,-86.533408
902290241,2014,9,3,Weekday,1200,Bus,No injury/unknown,IMPROPER TURNING,E LINGELBACH LN,39.17783417,-86.50846123
902174120,2014,1,6,Weekend,2200,2-Car,No injury/unknown,IMPROPER TURNING,15 & WALNUT ST,39.17774963,-86.53352355
902172644,2014,1,4,Weekday,1600,2-Car,Non-incapacitating,DRIVER DISTRACTED - EXPLAIN IN NARRATIVE,16TH & MADISON ST,39.177744,-86.53776
902312769,2014,10,2,Weekday,100,3+ Cars,Non-incapacitating,RAN OFF ROAD RIGHT,N DUNN ST,39.177744,-86.52832
902279542,2014,8,3,Weekday,1500,2-Car,No injury/unknown,OVERCORRECTING/OVERSTEERING,17TH & MAPLE ST,39.17766672,-86.542096
902229818,2014,5,5,Weekday,1600,2-Car,No injury/unknown,UNSAFE BACKING,W HENSONBURG RD & W VERNAL,39.177648,-86.562
902203157,2014,3,6,Weekday,1700,Bus,No injury/unknown,UNSAFE LANE MOVEMENT,EAST LINGELBACH LN,39.17763522,-86.50797999
902284807,2014,8,6,Weekday,1400,2-Car,No injury/unknown,FOLLOWING TOO CLOSELY,SR37 & VERNAL,39.17755293,-86.561248
902169035,2014,1,7,Weekend,1300,1-Car,No injury/unknown,OVERCORRECTING/OVERSTEERING,W 15TH ST,39.177552,-86.547104
902348378,2014,12,6,Weekday,1700,2-Car,No injury/unknown,UNSAFE BACKING,VERNAL,39.17750168,-86.58057404
902166244,2014,1,3,Weekday,1100,1-Car,No injury/unknown,SPEED TOO FAST FOR WEATHER CONDITIONS,VERNAL PIKE,39.17750168,-86.58057403
902294297,2014,8,6,Weekend,2300,2-Car,No injury/unknown,UNSAFE LANE MOVEMENT,VERNAL PIKE,39.17750168,-86.58057403
902204742,2014,3,2,Weekday,1000,1-Car,No injury/unknown,IMPROPER TURNING,W INDUSTRIAL PARK DR & W VERNAL,39.17740084,-86.5621375
902349009,2014,12,7,Weekend,1500,2-Car,No injury/unknown,OTHER (VEHICLE) - EXPLAIN IN NARRATIVE,S COLLEGE MALL,39.17739651,-86.53473203
902257391,2014,6,7,Weekend,1000,2-Car,Non-incapacitating,SPEED TOO FAST FOR WEATHER CONDITIONS,SR37N & W VERNAL,39.17735176,-86.56144328
902202952,2014,3,6,Weekday,1200,2-Car,No injury/unknown,OTHER (DRIVER) - EXPLAIN IN NARRATIVE,N FEE LN,39.17729391,-86.5189799
902285408,2014,8,1,Weekend,100,2-Car,No injury/unknown,IMPROPER TURNING,N FEE LN,39.17729391,-86.5189799
902334628,2014,11,6,Weekend,1900,2-Car,No injury/unknown,UNSAFE BACKING,N FEE,39.17729391,-86.5189799
902355806,2014,12,1,Weekend,1700,2-Car,No injury/unknown,UNSAFE LANE MOVEMENT,JORDAN & LINGELBACH,39.1771502,-86.51253015
902208838,2014,3,4,Weekday,1000,2-Car,Non-incapacitating,UNSAFE BACKING,SR37N & VERNAL PIKE,39.1770668,-86.56258822
902247242,2014,6,3,Weekday,1500,1-Car,No injury/unknown,RAN OFF ROAD RIGHT,LEMON & VERNAL PIKE,39.17705744,-86.55882726
902272999,2014,7,4,Weekday,1900,1-Car,No injury/unknown,ANIMAL/OBJECT IN ROADWAY,LEMON & W VERNAL PIKE,39.17704,-86.5588
902187774,2014,2,5,Weekday,1500,2-Car,No injury/unknown,UNSAFE LANE MOVEMENT,1ST & COLLEGE AVE,39.17701733,-86.53473494
902171035,2014,1,6,Weekend,2100,2-Car,No injury/unknown,UNSAFE SPEED,SR37 & VERNAL,39.17701553,-86.5615451
902338296,2014,11,4,Weekday,1000,1-Car,No injury/unknown,IMPROPER TURNING,S WALNUT,39.17698971,-86.53342171
902189743,2014,2,5,Weekday,1300,2-Car,Non-incapacitating,UNSAFE LANE MOVEMENT,SR37N & VERNAL,39.17694788,-86.56192165
902221908,2014,4,3,Weekday,1700,2-Car,No injury/unknown,FAILURE TO YIELD RIGHT OF WAY,15TH & N DUNN ST,39.176944,-86.528272
902324384,2014,10,6,Weekday,100,2-Car,No injury/unknown,OTHER (DRIVER) - EXPLAIN IN NARRATIVE,15TH & DUNN,39.176944,-86.528272
902300201,2014,9,7,Weekend,200,2-Car,No injury/unknown,OTHER (DRIVER) - EXPLAIN IN NARRATIVE,15TH ST & DUNN,39.176944,-86.528272