Master Record Number,Year,Month,Day,Weekend?,Hour,Collision Type,Injury Type,Primary Factor,Reported_Location,Latitude,Longitude
902227006,2014,5,7,Weekend,100,3+ Cars,No injury/unknown,OTHER (DRIVER) - EXPLAIN IN NARRATIVE,15TH ST,39.17693225,-86.52924767
902299237,2014,9,5,Weekday,900,2-Car,Non-incapacitating,FOLLOWING TOO CLOSELY,SR37S & VERNAL,39.17691917,-86.56167982
902207803,2014,3,2,Weekday,1500,Moped/Motorcycle,Non-incapacitating,RAN OFF ROAD RIGHT,37 & VERNAL PIKE,39.17691584,-86.5626279
902171441,2014,1,3,Weekday,900,2-Car,No injury/unknown,FAILURE TO YIELD RIGHT OF WAY,N WOODBURN & W 15TH ST,39.176912,-86.536064
902176984,2014,2,3,Weekday,1700,2-Car,No injury/unknown,SPEED TOO FAST FOR WEATHER CONDITIONS,S COLLEGE & W 1ST ST,39.17688,-86.534736
902222774,2014,4,5,Weekday,1000,2-Car,No injury/unknown,FAILURE TO YIELD RIGHT OF WAY,N COLLEGE AVE & W 15TH,39.17688,-86.534736
902258961,2014,7,4,Weekday,1500,2-Car,Non-incapacitating,DISREGARD SIGNAL/REG SIGN,1ST & COLLEGE AVE,39.17688,-86.534736
902270053,2014,7,5,Weekday,1100,Pedestrian,Non-incapacitating,PEDESTRIAN ACTION,1ST & COLLEGE AVE,39.17688,-86.534736
902277998,2014,8,7,Weekend,1500,2-Car,No injury/unknown,FOLLOWING TOO CLOSELY,S COLLEGE AVE & W 1ST,39.17688,-86.534736
902359047,2014,12,2,Weekday,1700,2-Car,No injury/unknown,BRAKE FAILURE OR DEFECTIVE,S COLLEGE & W 1ST,39.17688,-86.534736
902201091,2014,3,4,Weekday,200,1-Car,No injury/unknown,RAN OFF ROAD RIGHT,N LINDBERGH DR & W 15TH,39.176848,-86.552592
902201111,2014,3,4,Weekday,200,2-Car,No injury/unknown,UNSAFE BACKING,1100 N LINDBERGH ST & W 15TH,39.176848,-86.552592
902262296,2014,7,4,Weekday,800,Moped/Motorcycle,Non-incapacitating,FAILURE TO YIELD RIGHT OF WAY,15TH & LINDBERGH DR,39.176848,-86.552592
902154980,2014,1,4,Weekday,700,1-Car,No injury/unknown,RAN OFF ROAD RIGHT,N WALNUT ST & W 15TH,39.176848,-86.533424
902170917,2014,1,2,Weekday,1400,Pedestrian,Non-incapacitating,FAILURE TO YIELD RIGHT OF WAY,15TH ST & N WALNUT,39.176848,-86.533424
902177280,2014,2,4,Weekday,800,2-Car,Non-incapacitating,FAILURE TO YIELD RIGHT OF WAY,E 15TH & N WALNUT ST,39.176848,-86.533424
902237974,2014,5,7,Weekend,300,Pedestrian,No injury/unknown,FAILURE TO YIELD RIGHT OF WAY,15TH & WALNUT ST,39.176848,-86.533424
902292591,2014,9,7,Weekend,1400,2-Car,No injury/unknown,FAILURE TO YIELD RIGHT OF WAY,E 15TH ST & N WALNUT,39.176848,-86.533424
902283692,2014,8,4,Weekday,2200,2-Car,No injury/unknown,IMPROPER TURNING,N WALNUT ST & W 15TH,39.176848,-86.533424
902350975,2014,12,4,Weekday,200,2-Car,No injury/unknown,FAILURE TO YIELD RIGHT OF WAY,15TH & WALNUT,39.176848,-86.533424
902185434,2014,2,7,Weekend,1800,2-Car,No injury/unknown,IMPROPER TURNING,E 10TH ST & SR45,39.176848,-86.478192
902211075,2014,3,2,Weekday,2100,2-Car,No injury/unknown,FOLLOWING TOO CLOSELY,10TH & SR4546N,39.176848,-86.478192
902270524,2014,7,6,Weekday,1000,2-Car,No injury/unknown,UNSAFE LANE MOVEMENT,10TH & SR4546N,39.176848,-86.478192
902277552,2014,8,6,Weekday,1500,2-Car,No injury/unknown,IMPROPER LANE USAGE,10TH & SR45S,39.176848,-86.478192
902306899,2014,10,5,Weekday,1700,1-Car,No injury/unknown,OTHER (VEHICLE) - EXPLAIN IN NARRATIVE,10TH & SR45E,39.176848,-86.478192
902314123,2014,10,3,Weekday,1800,2-Car,No injury/unknown,FOLLOWING TOO CLOSELY,10TH & SR4546S,39.176848,-86.478192
902348226,2014,12,6,Weekday,1500,2-Car,No injury/unknown,FOLLOWING TOO CLOSELY,10TH & SR4546S,39.176848,-86.478192
902168408,2014,1,6,Weekday,1500,2-Car,No injury/unknown,FOLLOWING TOO CLOSELY,E 10TH ST & E SR 45,39.17680018,-86.47848017
902288210,2014,8,6,Weekday,800,2-Car,Non-incapacitating,FOLLOWING TOO CLOSELY,N OLD SR 37 & W VERNAL PIKE,39.17674072,-86.5623951
902318981,2014,10,4,Weekday,800,2-Car,No injury/unknown,FAILURE TO YIELD RIGHT OF WAY,15TH & JACKSON,39.17664,-86.539712
902241548,2014,5,6,Weekday,1500,2-Car,No injury/unknown,UNSAFE LANE MOVEMENT,1ST & S ROGERS ST,39.17664,-86.538496
902322585,2014,10,3,Weekday,1200,2-Car,No injury/unknown,FOLLOWING TOO CLOSELY,1ST & ROGERS,39.17664,-86.538496
902215567,2014,4,5,Weekday,1000,2-Car,No injury/unknown,UNSAFE BACKING,E LINGELBACH LN,39.17662449,-86.50977887
902181953,2014,2,3,Weekday,800,2-Car,No injury/unknown,UNSAFE BACKING,EAST LINGELBACH LN,39.17662449,-86.50977887
902312852,2014,10,2,Weekday,700,2-Car,No injury/unknown,FOLLOWING TOO CLOSELY,SR37N & VERNAL,39.17662048,-86.56252289
902188026,2014,2,3,Weekday,1400,2-Car,No injury/unknown,FOLLOWING TOO CLOSELY,SR37S & VERNAL,39.17662048,-86.56252288
902198528,2014,3,6,Weekday,500,3+ Cars,Non-incapacitating,DRIVER ASLEEP OR FATIGUED,SR37S & VERNAL,39.17662048,-86.56252288
902207721,2014,3,2,Weekday,1400,2-Car,No injury/unknown,DISREGARD SIGNAL/REG SIGN,SR37N & VERNAL,39.17662048,-86.56252288
902252344,2014,6,6,Weekday,100,2-Car,Non-incapacitating,DISREGARD SIGNAL/REG SIGN,SR37S & VERNAL,39.17662048,-86.56252288
902262918,2014,7,5,Weekday,800,2-Car,No injury/unknown,FAILURE TO YIELD RIGHT OF WAY,SR37N & W VERNAL,39.17662048,-86.56252288
902323560,2014,10,3,Weekday,1700,2-Car,Non-incapacitating,,SR37S & W VERNAL,39.17662048,-86.56252288
902281813,2014,8,1,Weekend,1500,2-Car,No injury/unknown,FOLLOWING TOO CLOSELY,SR37N & VERNAL,39.17662048,-86.56252288
902308033,2014,10,7,Weekend,1400,2-Car,No injury/unknown,FOLLOWING TOO CLOSELY,SR37S & VERNAL,39.17662048,-86.56252288
902363192,2014,12,4,Weekday,1800,2-Car,Incapacitating,FOLLOWING TOO CLOSELY,SR37S & W VERNAL,39.17662048,-86.56252289
902361178,2014,12,6,Weekday,1200,1-Car,No injury/unknown,ANIMAL/OBJECT IN ROADWAY,SR48 & VERNAL,39.17662048,-86.56243633
902227786,2014,5,2,Weekday,800,3+ Cars,Non-incapacitating,FOLLOWING TOO CLOSELY,2ND & PATTERSON ST,39.17660994,-86.54850997
902159144,2014,1,2,Weekday,700,2-Car,No injury/unknown,,SR37S & VERNAL,39.176544,-86.5624
902192426,2014,2,3,Weekday,1000,2-Car,No injury/unknown,FAILURE TO YIELD RIGHT OF WAY,SR37N & W VERNAL,39.176544,-86.5624
902198533,2014,3,7,Weekend,1300,2-Car,No injury/unknown,BRAKE FAILURE OR DEFECTIVE,SR37N & VERNAL,39.176544,-86.5624
902211999,2014,4,4,Weekday,1400,2-Car,No injury/unknown,DISREGARD SIGNAL/REG SIGN,US37N & W VERNAL PIKE,39.176544,-86.5624
902241681,2014,5,7,Weekend,0,1-Car,No injury/unknown,ANIMAL/OBJECT IN ROADWAY,SR37N & W VERNAL,39.176544,-86.5624
902247308,2014,6,3,Weekday,1400,2-Car,Non-incapacitating,FOLLOWING TOO CLOSELY,SR37S & VERNAL,39.176544,-86.5624
902257808,2014,6,2,Weekday,1600,2-Car,No injury/unknown,UNSAFE LANE MOVEMENT,SR37N & VERNAL,39.176544,-86.5624
902273642,2014,7,5,Weekday,1200,2-Car,No injury/unknown,FOLLOWING TOO CLOSELY,SR37S & VERNAL,39.176544,-86.5624
902298788,2014,9,5,Weekday,700,2-Car,No injury/unknown,FOLLOWING TOO CLOSELY,SR37N & VERNAL,39.176544,-86.5624
902357372,2014,12,6,Weekend,2000,2-Car,No injury/unknown,IMPROPER LANE USAGE,WEST VERNAL,39.176544,-86.5624
902230211,2014,4,4,Weekday,400,2-Car,No injury/unknown,FOLLOWING TOO CLOSELY,CURRY PIKE & VERNAL,39.17650909,-86.58312857
902225217,2014,4,3,Weekday,1500,2-Car,No injury/unknown,DRIVER DISTRACTED - EXPLAIN IN NARRATIVE,N SMITH PIKE & W FORREST PARK,39.17646159,-86.58315002
902158173,2014,1,1,Weekend,1500,2-Car,No injury/unknown,IMPROPER TURNING,FEE & NORTH FOSTER DR,39.17645015,-86.51891207
902349414,2014,12,2,Weekday,800,2-Car,Non-incapacitating,FOLLOWING TOO CLOSELY,FEE & FOSTER,39.17645015,-86.51886016
902306910,2014,10,5,Weekday,1700,2-Car,No injury/unknown,FOLLOWING TOO CLOSELY,E 10TH ST & SR4546,39.17644386,-86.47890519
902173701,2014,1,6,Weekday,1100,2-Car,Non-incapacitating,FOLLOWING TOO CLOSELY,SR37N & VERNAL,39.17635934,-86.56266121
902197563,2014,3,4,Weekday,100,3+ Cars,No injury/unknown,FOLLOWING TOO CLOSELY,SR37N & VERNAL PIKE,39.17635934,-86.56266121
902255335,2014,6,4,Weekday,2100,2-Car,No injury/unknown,FAILURE TO YIELD RIGHT OF WAY,SR37N & W VERNAL,39.17635934,-86.56266121
902303228,2014,9,5,Weekday,1300,2-Car,No injury/unknown,OTHER TELEMATICS IN USE,SR37N & VERNAL,39.17635934,-86.56266121
902201096,2014,3,4,Weekday,200,2-Car,No injury/unknown,UNSAFE SPEED,15TH & LINDBERGH DR,39.17629869,-86.552592
902196539,2014,3,3,Weekday,1000,1-Car,No injury/unknown,UNSAFE BACKING,NORTH RANGE RD,39.17625234,-86.49542234
902177497,2014,2,4,Weekday,400,1-Car,No injury/unknown,OTHER (ENVIRONMENTAL) - EXPLAIN IN NARR,PETE ELLIS & RANGE RD,39.17622354,-86.49545275
902175026,2014,2,7,Weekend,2100,3+ Cars,No injury/unknown,FAILURE TO YIELD RIGHT OF WAY,14TH ST & INDIANA,39.176192,-86.52712
902193732,2014,2,5,Weekday,1700,2-Car,No injury/unknown,FOLLOWING TOO CLOSELY,14TH & INDIANA AVE,39.176192,-86.52712
902217614,2014,4,2,Weekday,1400,3+ Cars,No injury/unknown,FAILURE TO YIELD RIGHT OF WAY,14TH & INDIANA AVE,39.176192,-86.52712
902340141,2014,11,6,Weekday,1500,2-Car,No injury/unknown,FAILURE TO YIELD RIGHT OF WAY,14TH & N INDIANA,39.176192,-86.52712
902216382,2014,3,6,Weekday,0,2-Car,No injury/unknown,,EAST 14TH ST & N DUNN,39.17616,-86.528224
902236226,2014,5,3,Weekday,1600,1-Car,No injury/unknown,RAN OFF ROAD RIGHT,E 14TH & N DUNN ST,39.17616,-86.528224
902183780,2014,2,7,Weekend,0,2-Car,No injury/unknown,OTHER (VEHICLE) - EXPLAIN IN NARRATIVE,N FEE LN,39.17612549,-86.51898236
902344898,2014,11,1,Weekday,2000,2-Car,No injury/unknown,UNSAFE BACKING,N FEE,39.17612549,-86.51898236
902340573,2014,11,3,Weekday,2200,2-Car,No injury/unknown,FAILURE TO YIELD RIGHT OF WAY,S CURRY,39.17606857,-86.58310629
902214770,2014,4,3,Weekday,1700,2-Car,No injury/unknown,UNSAFE BACKING,N JORDAN AVE,39.17606521,-86.51339983
902293615,2014,9,7,Weekend,1400,1-Car,No injury/unknown,UNSAFE BACKING,N ROGERS ST,39.17605029,-86.53850971
902195183,2014,3,1,Weekend,1700,2-Car,No injury/unknown,SPEED TOO FAST FOR WEATHER CONDITIONS,LINDBERG DR & W14TH,39.176048,-86.552592
902173052,2014,1,5,Weekday,1100,3+ Cars,Non-incapacitating,FAILURE TO YIELD RIGHT OF WAY,14TH & INDIANA AVE,39.17602723,-86.52711617
902283671,2014,8,4,Weekday,1400,2-Car,No injury/unknown,DISREGARD SIGNAL/REG SIGN,N WOODBURN & W 14 ST,39.176016,-86.53608
902169695,2014,1,1,Weekend,400,Moped/Motorcycle,No injury/unknown,IMPROPER TURNING,14TH ST,39.17600327,-86.53063151
902214181,2014,4,2,Weekday,1500,2-Car,No injury/unknown,FAILURE TO YIELD RIGHT OF WAY,14TH ST & LINCOLN,39.17600218,-86.53071959
902348419,2014,12,6,Weekday,1600,2-Car,No injury/unknown,IMPROPER LANE USAGE,E 14TH & N LINCOLN,39.176,-86.530896
902362748,2014,12,3,Weekday,200,2-Car,No injury/unknown,OTHER (DRIVER) - EXPLAIN IN NARRATIVE,14TH & LINCOLN,39.176,-86.530896
902264920,2014,7,2,Weekday,1700,2-Car,No injury/unknown,SPEED TOO FAST FOR WEATHER CONDITIONS,SR37N & VERNAL,39.17599001,-86.56318363
902360312,2014,12,4,Weekday,1200,2-Car,No injury/unknown,FOLLOWING TOO CLOSELY,SR37N & VERNAL,39.17599001,-86.56318363
902163220,2014,1,7,Weekend,1700,2-Car,No injury/unknown,FAILURE TO YIELD RIGHT OF WAY,14TH ST & N COLLEGE,39.175984,-86.534736
902183977,2014,2,5,Weekday,1600,2-Car,No injury/unknown,FAILURE TO YIELD RIGHT OF WAY,14TH & COLLEGE AVE,39.175984,-86.534736
902185872,2014,2,1,Weekend,1600,2-Car,No injury/unknown,UNSAFE BACKING,N COLLEGE AVE,39.175984,-86.534736
902194401,2014,2,6,Weekday,1500,2-Car,No injury/unknown,FAILURE TO YIELD RIGHT OF WAY,14TH ST & NORTH COLLEGE,39.175984,-86.534736
902198624,2014,3,6,Weekday,900,2-Car,No injury/unknown,UNSAFE BACKING,N COLLEGE AVE,39.175984,-86.534736
902212679,2014,4,5,Weekday,1300,2-Car,No injury/unknown,OTHER (DRIVER) - EXPLAIN IN NARRATIVE,N COLLEGE AVE,39.175984,-86.534736
902165080,2014,1,3,Weekday,800,2-Car,No injury/unknown,SPEED TOO FAST FOR WEATHER CONDITIONS,14TH & WALNUT ST,39.175952,-86.53344
902168344,2014,1,6,Weekday,1500,2-Car,No injury/unknown,UNSAFE LANE MOVEMENT,14TH & N WALNUT ST,39.175952,-86.53344
902185002,2014,2,7,Weekend,0,2-Car,Non-incapacitating,FAILURE TO YIELD RIGHT OF WAY,14TH & N WALNUT ST,39.175952,-86.53344
902190887,2014,2,7,Weekend,1800,2-Car,No injury/unknown,FAILURE TO YIELD RIGHT OF WAY,N WALNUT ST & W 14TH,39.175952,-86.53344
902228158,2014,5,2,Weekday,700,Cyclist,Non-incapacitating,FAILURE TO YIELD RIGHT OF WAY,14TH & WALNUT ST,39.175952,-86.53344
902223371,2014,4,6,Weekday,1400,2-Car,Non-incapacitating,UNSAFE LANE MOVEMENT,14TH & WALNUT ST,39.175952,-86.53344
902266980,2014,7,6,Weekday,800,2-Car,No injury/unknown,IMPROPER TURNING,N WALNUT ST & W 14TH,39.175952,-86.53344
902319216,2014,10,4,Weekday,1200,2-Car,Non-incapacitating,IMPROPER LANE USAGE,14TH & WALNUT,39.175952,-86.53344
902321216,2014,10,1,Weekend,1000,2-Car,No injury/unknown,IMPROPER TURNING,N WALNUT & W 14TH,39.175952,-86.53344
902334382,2014,11,6,Weekday,1100,2-Car,Non-incapacitating,IMPROPER TURNING,14TH & WALNUT,39.175952,-86.53344
902360732,2014,12,6,Weekday,1100,2-Car,No injury/unknown,UNSAFE BACKING,14TH & WALNUT,39.175952,-86.53344
902195668,2014,3,2,Weekday,800,2-Car,No injury/unknown,,14TH & LINBERGH AVE,39.1759003,-86.55255004
902213321,2014,4,7,Weekend,300,3+ Cars,No injury/unknown,OTHER (DRIVER) - EXPLAIN IN NARRATIVE,N UNION & N UNION ST,39.17579639,-86.5099962
902357500,2014,12,7,Weekend,800,2-Car,No injury/unknown,ROADWAY SURFACE CONDITION,14TH & MADISON,39.17577334,-86.537696
902176522,2014,2,3,Weekday,1000,2-Car,No injury/unknown,IMPROPER TURNING,N SUNRISE GREETING CT,39.17567062,-86.57728577
902220211,2014,4,5,Weekday,2300,1-Car,No injury/unknown,UNSAFE BACKING,INDUSTRIAL PARK DR,39.17562866,-86.56706237
902342765,2014,11,2,Weekday,1800,2-Car,No injury/unknown,UNSAFE SPEED,SR37 & VERNAL,39.17562068,-86.56370604
902180898,2014,2,2,Weekday,700,2-Car,No injury/unknown,FOLLOWING TOO CLOSELY,EAST UNIVERSITY & SR45N,39.17557144,-86.50099182
902194079,2014,2,6,Weekday,900,2-Car,No injury/unknown,,E BROWNSTONE DR,39.17555237,-86.53058624
902199315,2014,3,7,Weekend,400,2-Car,No injury/unknown,,EAST BROWNSTONE DR,39.17555237,-86.53058624
902344022,2014,11,6,Weekday,1300,2-Car,No injury/unknown,LEFT OF CENTER,13TH & DUNN,39.175552,-86.528192
902190655,2014,2,7,Weekend,800,2-Car,No injury/unknown,FAILURE TO YIELD RIGHT OF WAY,100 N DANIELS WAY & SR48W,39.17551264,-86.59904479
902163079,2014,1,7,Weekend,1400,2-Car,No injury/unknown,FAILURE TO YIELD RIGHT OF WAY,13TH & INDIANA AVE,39.175504,-86.527104
902203199,2014,3,6,Weekday,500,2-Car,No injury/unknown,,13TH & NORTH INDIANA AVE,39.175504,-86.527104
902346866,2014,12,4,Weekday,900,2-Car,No injury/unknown,FAILURE TO YIELD RIGHT OF WAY,E 13TH & N INDIANA,39.175504,-86.527104
902212359,2014,4,5,Weekday,1200,2-Car,No injury/unknown,OTHER (DRIVER) - EXPLAIN IN NARRATIVE,13TH ST & FESS,39.17542019,-86.52540133
902172334,2014,1,4,Weekday,1000,1-Car,Non-incapacitating,RAN OFF ROAD RIGHT,N WALNUT ST,39.17541322,-86.53345078
902158681,2014,1,1,Weekend,1700,1-Car,No injury/unknown,RAN OFF ROAD RIGHT,BUSINESS 37 N HWY & OLD STATE  37 N,39.17537215,-86.53484009
902213408,2014,4,7,Weekend,1700,2-Car,No injury/unknown,IMPROPER TURNING,FEE LN & FOSTER CIRCLE,39.17535614,-86.5190317
902191975,2014,2,2,Weekday,1400,2-Car,No injury/unknown,UNSAFE BACKING,THIRTEENTH & WOODLAWN AVE,39.17535349,-86.52355953
902339150,2014,11,5,Weekday,1200,2-Car,No injury/unknown,LEFT OF CENTER,EAST 13TH & WOODLAWN,39.175344,-86.523488
902199176,2014,3,7,Weekend,300,2-Car,No injury/unknown,IMPROPER TURNING,E 13TH ST,39.175296,-86.522416
902235909,2014,5,3,Weekday,800,2-Car,No injury/unknown,FAILURE TO YIELD RIGHT OF WAY,RUSSELL RD,39.17527603,-86.48120966
902321864,2014,10,2,Weekday,1200,2-Car,No injury/unknown,UNSAFE BACKING,S COLLEGE MALL,39.17525388,-86.53475004
902175027,2014,2,1,Weekend,1500,2-Car,Non-incapacitating,TRAFFIC CONTROL INOPERATIVE/MISSING/OBSC,INDIANA AVE & THIRTEENTH,39.17524746,-86.52701896
902273192,2014,7,5,Weekday,800,2-Car,No injury/unknown,UNSAFE BACKING,NORTH FEE LN,39.17524114,-86.51896409
902279088,2014,8,2,Weekday,2300,2-Car,No injury/unknown,OTHER (DRIVER) - EXPLAIN IN NARRATIVE,NORTH FEE LN,39.17524114,-86.51896409
902228350,2014,5,3,Weekday,1000,2-Car,No injury/unknown,IMPROPER TURNING,13TH & WALNUT GRV,39.175232,-86.520976
902331720,2014,11,3,Weekday,600,2-Car,No injury/unknown,FAILURE TO YIELD RIGHT OF WAY,13TH & WALNUT GROVE,39.175232,-86.520976
902192668,2014,2,3,Weekday,1600,Bus,No injury/unknown,UNSAFE LANE MOVEMENT,NORTH ILLINOIS ST & WEST 13TH,39.175152,-86.55152
902312040,2014,10,6,Weekday,1800,2-Car,No injury/unknown,UNSAFE BACKING,N ILLINOIS ST & W 13TH,39.175152,-86.55152
902290475,2014,9,3,Weekday,1400,2-Car,No injury/unknown,IMPROPER TURNING,13TH & JACKSON ST,39.175152,-86.53976
902255634,2014,6,5,Weekday,1300,2-Car,No injury/unknown,UNSAFE BACKING,N FEE LN,39.175152,-86.518992
902288500,2014,8,5,Weekday,1500,2-Car,No injury/unknown,UNSAFE BACKING,N FEE LN,39.175152,-86.518992
902346914,2014,12,2,Weekday,300,1-Car,No injury/unknown,RAN OFF ROAD RIGHT,E 10TH,39.175152,-86.4812
902282624,2014,8,2,Weekday,1100,1-Car,No injury/unknown,DRIVER DISTRACTED - EXPLAIN IN NARRATIVE,INDIANA AVE & THIRTEENTH,39.17507496,-86.52701385
902285442,2014,8,7,Weekend,1500,3+ Cars,No injury/unknown,UNSAFE SPEED,SR37N & VERNAL,39.17506668,-86.56448965
902279533,2014,8,3,Weekday,1500,2-Car,No injury/unknown,FOLLOWING TOO CLOSELY,N CRESCENT & W VERNAL PIKE,39.17504,-86.556496
902211721,2014,4,4,Weekday,800,Bus,No injury/unknown,FOLLOWING TOO CLOSELY,N BLAIR & W 14TH ST,39.17504,-86.543792
902188784,2014,2,3,Weekday,1600,2-Car,No injury/unknown,FOLLOWING TOO CLOSELY,SR37 & SR45,39.17492206,-86.56444722
902285395,2014,8,1,Weekend,1400,3+ Cars,Non-incapacitating,FAILURE TO YIELD RIGHT OF WAY,JORDAN AVE & LAW,39.17476808,-86.51466999
902165977,2014,1,4,Weekday,1000,2-Car,Non-incapacitating,IMPROPER LANE USAGE,14TH & COLLEGE AVE,39.17461081,-86.534752
902199621,2014,3,5,Weekday,1400,3+ Cars,No injury/unknown,UNSAFE SPEED,SR37N & VERNAL,39.17458591,-86.56491925
902289468,2014,9,2,Weekday,1200,2-Car,No injury/unknown,UNSAFE BACKING,E 12TH ST & N WASHINGTO,39.17438015,-86.53229138
902214517,2014,4,3,Weekday,900,2-Car,No injury/unknown,FAILURE TO YIELD RIGHT OF WAY,E 12TH ST & WASHINGTON,39.174368,-86.5324
902232447,2014,5,3,Weekday,1800,Cyclist,Non-incapacitating,FAILURE TO YIELD RIGHT OF WAY,E 12TH ST & N INDIANA,39.174368,-86.527088
902332661,2014,11,4,Weekday,1100,Moped/Motorcycle,Non-incapacitating,FAILURE TO YIELD RIGHT OF WAY,12TH & INDIANA,39.174368,-86.527088
902338208,2014,11,4,Weekday,900,2-Car,No injury/unknown,FAILURE TO YIELD RIGHT OF WAY,12TH & INDIANA,39.174368,-86.527088
902288015,2014,8,5,Weekday,1600,2-Car,No injury/unknown,UNSAFE BACKING,INDIANA & TWELVETH ST,39.17436283,-86.52699273
902207900,2014,3,6,Weekday,1800,Moped/Motorcycle,Incapacitating,RAN OFF ROAD RIGHT,12TH & NORTH OOLITIC DR,39.174352,-86.5536
902194827,2014,3,1,Weekend,300,1-Car,No injury/unknown,ROADWAY SURFACE CONDITION,N LINDBERGH & W 12TH ST,39.174352,-86.552592
902286869,2014,8,3,Weekday,1800,Moped/Motorcycle,Non-incapacitating,DISREGARD SIGNAL/REG SIGN,N LINDBERGH DR & W 12TH,39.174352,-86.552592
902326929,2014,11,2,Weekday,2100,2-Car,No injury/unknown,UNSAFE BACKING,W 12TH,39.174352,-86.552592
902154513,2014,1,1,Weekend,800,2-Car,No injury/unknown,UNSAFE BACKING,N SUMMIT ST & W 12TH,39.174352,-86.548
902195190,2014,3,1,Weekend,1700,2-Car,No injury/unknown,FAILURE TO YIELD RIGHT OF WAY,N MONROE ST & W 12TH,39.174352,-86.547104
902182119,2014,2,3,Weekday,1000,2-Car,No injury/unknown,WRONG WAY ON ONE WAY,E 12TH & N WALNUT ST,39.174352,-86.533472
902229871,2014,5,6,Weekday,300,Cyclist,Non-incapacitating,FAILURE TO YIELD RIGHT OF WAY,12TH & N WALNUT ST,39.174352,-86.533472
902352709,2014,12,6,Weekday,1200,2-Car,No injury/unknown,FOLLOWING TOO CLOSELY,JORDAN & LAW,39.17428336,-86.51500043
902357190,2014,12,6,Weekday,1400,2-Car,No injury/unknown,,MAPLE & WEST 12TH,39.17416,-86.542032
902298819,2014,9,5,Weekday,800,Cyclist,Non-incapacitating,FAILURE TO YIELD RIGHT OF WAY,FEE LN & LAW,39.174048,-86.518896
902356841,2014,12,5,Weekday,1400,Bus,No injury/unknown,OTHER (DRIVER) - EXPLAIN IN NARRATIVE,FEE & LAW,39.174048,-86.518896
902230430,2014,5,6,Weekday,1700,2-Car,No injury/unknown,SPEED TOO FAST FOR WEATHER CONDITIONS,FEE & LAW LN,39.1739436,-86.51820314
902324224,2014,10,4,Weekday,1200,2-Car,No injury/unknown,,E 14TH & SR46,39.17379261,-86.5007414
902258359,2014,7,3,Weekday,1700,2-Car,No injury/unknown,FOLLOWING TOO CLOSELY,SR37N & VERNAL,39.17377399,-86.56631801
902312811,2014,9,4,Weekday,1900,2-Car,No injury/unknown,OTHER (DRIVER) - EXPLAIN IN NARRATIVE,E LAW LN & N FOSTER,39.17374496,-86.5174614
902258532,2014,7,4,Weekday,700,2-Car,No injury/unknown,UNSAFE BACKING,NORTH WALNUT GRV,39.17363048,-86.52095496
902159600,2014,1,3,Weekday,1500,Pedestrian,Non-incapacitating,PEDESTRIAN ACTION,E LAW LN & FEE,39.17360135,-86.51666031
902203487,2014,3,7,Weekend,100,2-Car,No injury/unknown,,N WASHINGTON ST,39.17357257,-86.5324
902174693,2014,1,6,Weekday,100,2-Car,No injury/unknown,VIEW OBSTRUCTED,JORDAN AVE & LAW,39.173552,-86.515488
902212438,2014,4,5,Weekday,1400,2-Car,No injury/unknown,FAILURE TO YIELD RIGHT OF WAY,JORDAN AVE & LAW,39.173552,-86.515488
902314887,2014,10,5,Weekday,100,2-Car,No injury/unknown,UNSAFE BACKING,E LAW & N JORDAN,39.173552,-86.515488
902283559,2014,8,4,Weekday,1500,2-Car,No injury/unknown,SPEED TOO FAST FOR WEATHER CONDITIONS,SR45 & SR46,39.17344351,-86.5032716
902304798,2014,9,2,Weekday,900,2-Car,No injury/unknown,UNSAFE BACKING,E 11TH & N WASHINGTON ST,39.17344,-86.5324
902209453,2014,3,6,Weekday,200,2-Car,No injury/unknown,OTHER (DRIVER) - EXPLAIN IN NARRATIVE,11TH ST & LINCOLN,39.17344,-86.530992
902202551,2014,3,4,Weekday,2300,2-Car,No injury/unknown,OTHER (DRIVER) - EXPLAIN IN NARRATIVE,N GRANT ST,39.17344,-86.529696
902330957,2014,11,2,Weekday,800,2-Car,No injury/unknown,FAILURE TO YIELD RIGHT OF WAY,DUNN & E 11TH,39.17344,-86.528288
902278689,2014,8,2,Weekday,1000,2-Car,Non-incapacitating,WRONG WAY ON ONE WAY,11TH & INDIANA AVE,39.17344,-86.527056
902201521,2014,3,4,Weekday,1200,2-Car,No injury/unknown,FAILURE TO YIELD RIGHT OF WAY,11TH ST & PARK,39.17344,-86.524672
902226920,2014,5,6,Weekday,1700,2-Car,No injury/unknown,FOLLOWING TOO CLOSELY,S COLLEGE AVE & SMITH,39.17342398,-86.53494
902185557,2014,2,1,Weekend,0,2-Car,No injury/unknown,SPEED TOO FAST FOR WEATHER CONDITIONS,JORDAN AVE & LAW,39.17341527,-86.51550441
902332654,2014,11,4,Weekday,1100,1-Car,No injury/unknown,,N MAPLE & W 11TH,39.173408,-86.542