Master Record Number,Year,Month,Day,Weekend?,Hour,Collision Type,Injury Type,Primary Factor,Reported_Location,Latitude,Longitude
902196151,2014,3,2,Weekday,1500,Pedestrian,Non-incapacitating,DRIVER DISTRACTED - EXPLAIN IN NARRATIVE,1200 BLK W 11TH ST & ADAMS,39.173344,-86.54802772
902257141,2014,6,1,Weekday,2000,2-Car,No injury/unknown,FAILURE TO YIELD RIGHT OF WAY,11TH ST & MONROE,39.173344,-86.54745686
902194890,2014,3,1,Weekend,800,1-Car,No injury/unknown,UNSAFE SPEED,11TH & VERNAL PIKE,39.173344,-86.555104
902275344,2014,8,2,Weekday,1500,Cyclist,Non-incapacitating,FOLLOWING TOO CLOSELY,N LINDBERGH & W 11TH ST,39.173344,-86.552592
902265539,2014,7,3,Weekday,1000,2-Car,No injury/unknown,UNSAFE BACKING,NORTH ALEXANDER & WEST 11TH ST,39.173344,-86.549296
902281222,2014,8,6,Weekend,2100,2-Car,No injury/unknown,UNSAFE BACKING,W 11TH ST,39.173344,-86.54734825
902356727,2014,12,5,Weekday,1800,Bus,No injury/unknown,FAILURE TO YIELD RIGHT OF WAY,ELEVENTH & WOODLAWN,39.1732988,-86.52353958
902322798,2014,10,3,Weekday,1500,2-Car,Non-incapacitating,FOLLOWING TOO CLOSELY,11TH & FEE,39.1732908,-86.51898623
902234218,2014,5,6,Weekday,1700,2-Car,Non-incapacitating,FAILURE TO YIELD RIGHT OF WAY,11TH ST & N MORTON,39.17326972,-86.53605982
902273580,2014,7,5,Weekday,1400,2-Car,No injury/unknown,IMPROPER TURNING,11TH & N WALNUT ST,39.173248,-86.533488
902322796,2014,10,3,Weekday,1300,Bus,No injury/unknown,FOLLOWING TOO CLOSELY,N WALNUT & W 11TH,39.173248,-86.533488
902359065,2014,12,2,Weekday,1900,1-Car,No injury/unknown,IMPROPER LANE USAGE,11TH & WALNUT,39.173248,-86.533488
902229555,2014,5,4,Weekday,1300,2-Car,No injury/unknown,UNSAFE BACKING,11TH ST & WALNUT,39.17324465,-86.53375261
902167664,2014,1,5,Weekday,1800,Pedestrian,Non-incapacitating,FAILURE TO YIELD RIGHT OF WAY,11TH & COLLEGE AVE,39.173232,-86.534752
902254693,2014,6,3,Weekday,1500,2-Car,No injury/unknown,DISREGARD SIGNAL/REG SIGN,N COLLEGE AVE & W 11TH,39.173232,-86.534752
902277628,2014,8,6,Weekday,1600,3+ Cars,No injury/unknown,FOLLOWING TOO CLOSELY,S COLLEGE AVE & W 11TH,39.173232,-86.534752
902292178,2014,9,6,Weekday,1500,2-Car,No injury/unknown,VIEW OBSTRUCTED,11TH & COLLEGE AVE,39.173232,-86.534752
902313455,2014,10,3,Weekday,2200,3+ Cars,No injury/unknown,SPEED TOO FAST FOR WEATHER CONDITIONS,N COLLEGE AVE & W 11TH,39.173232,-86.534752
902361694,2014,12,1,Weekday,2100,2-Car,No injury/unknown,OTHER (DRIVER) - EXPLAIN IN NARRATIVE,N COLLEGE,39.173232,-86.534752
902291107,2014,9,4,Weekday,1400,Bus,Non-incapacitating,DISREGARD SIGNAL/REG SIGN,11TH ST & MORTON,39.173216,-86.536
902303650,2014,9,6,Weekend,2000,2-Car,No injury/unknown,FAILURE TO YIELD RIGHT OF WAY,11TH ST & MORTON,39.173216,-86.536
902307655,2014,10,6,Weekend,2100,2-Car,No injury/unknown,FAILURE TO YIELD RIGHT OF WAY,N MORTON & W 11TH ST,39.173216,-86.536
902316534,2014,10,7,Weekend,1600,2-Car,No injury/unknown,FAILURE TO YIELD RIGHT OF WAY,11TH & MORTON,39.173216,-86.536
902235788,2014,5,2,Weekday,2100,3+ Cars,No injury/unknown,OTHER (DRIVER) - EXPLAIN IN NARRATIVE,N WOODBRIDGE DR,39.17319998,-86.49275287
902265271,2014,7,3,Weekday,1200,Cyclist,No injury/unknown,DISREGARD SIGNAL/REG SIGN,11TH & ROGERS ST,39.173184,-86.538528
902272747,2014,7,4,Weekday,1100,Cyclist,Non-incapacitating,RAN OFF ROAD RIGHT,N ROGERS ST & W 11TH,39.173184,-86.538528
902332206,2014,11,3,Weekday,1500,Bus,No injury/unknown,LEFT OF CENTER,11TH & ROGERS,39.173184,-86.538528
902333245,2014,11,5,Weekday,700,2-Car,Non-incapacitating,FAILURE TO YIELD RIGHT OF WAY,N ROGERS & W 11TH,39.173184,-86.538528
902337874,2014,11,3,Weekday,1900,2-Car,Incapacitating,IMPROPER TURNING,11TH & ROGERS,39.173184,-86.538528
902174591,2014,2,7,Weekend,1600,1-Car,Non-incapacitating,RAN OFF ROAD RIGHT,N FAIRVIEW ST ST & W 11TH,39.173152,-86.5408
902175669,2014,2,7,Weekend,1600,1-Car,Non-incapacitating,RAN OFF ROAD RIGHT,N FAIRVIEW & W 11TH ST,39.173152,-86.5408
902175670,2014,2,7,Weekend,1600,2-Car,Non-incapacitating,RAN OFF ROAD RIGHT,N FAIRVIEW & W 11TH ST,39.173152,-86.5408
902319600,2014,10,3,Weekday,900,Bus,No injury/unknown,FAILURE TO YIELD RIGHT OF WAY,N FAIRVIEW & W 11TH,39.173152,-86.5408
902295888,2014,9,6,Weekday,1600,3+ Cars,Non-incapacitating,FOLLOWING TOO CLOSELY,10TH & SR46S,39.17314781,-86.50297321
902198348,2014,3,5,Weekday,1600,2-Car,No injury/unknown,UNSAFE BACKING,EAST LAW LN,39.17302832,-86.51339918
902265112,2014,7,2,Weekday,1000,2-Car,No injury/unknown,UNSAFE BACKING,LAW LN,39.17302832,-86.51339918
902305753,2014,9,3,Weekday,1400,2-Car,No injury/unknown,UNSAFE BACKING,LAW LN,39.17302832,-86.51339918
902240662,2014,5,5,Weekday,1100,Cyclist,No injury/unknown,FAILURE TO YIELD RIGHT OF WAY,11TH & COLLEGE AVE,39.17302602,-86.53475422
902153146,2014,1,1,Weekday,1900,1-Car,No injury/unknown,RAN OFF ROAD RIGHT,11TH & WALNUT ST,39.1729734,-86.53349523
902283644,2014,8,4,Weekday,2000,2-Car,No injury/unknown,UNSAFE BACKING,NORTH FORREST AVE,39.17291755,-86.5224431
902323596,2014,10,3,Weekday,1700,2-Car,No injury/unknown,UNSAFE SPEED,SR37 & VERNAL,39.17286022,-86.56731864
902292473,2014,9,6,Weekday,1600,2-Car,No injury/unknown,FOLLOWING TOO CLOSELY,SR37N & VERNAL,39.17285105,-86.56762445
902270329,2014,7,5,Weekday,0,2-Car,No injury/unknown,UNSAFE BACKING,N FEE LN,39.17281455,-86.51879273
902282937,2014,8,1,Weekend,1500,2-Car,No injury/unknown,UNSAFE BACKING,N FEE LN,39.17281455,-86.51879273
902301881,2014,9,3,Weekday,1800,2-Car,No injury/unknown,UNSAFE BACKING,N FEE LN,39.17281455,-86.51879273
902185294,2014,2,6,Weekday,1500,2-Car,No injury/unknown,FAILURE TO YIELD RIGHT OF WAY,10TH ST & SMITH,39.172752,-86.482288
902186791,2014,2,2,Weekday,1500,2-Car,No injury/unknown,FOLLOWING TOO CLOSELY,10TH & SMITH RD,39.172752,-86.482288
902227235,2014,5,7,Weekend,1700,2-Car,No injury/unknown,FAILURE TO YIELD RIGHT OF WAY,10TH ST & SMITH,39.172752,-86.482288
902248574,2014,6,5,Weekday,1700,2-Car,Non-incapacitating,FOLLOWING TOO CLOSELY,E 10TH & N SMITH RD,39.172752,-86.482288
902294714,2014,9,4,Weekday,1800,2-Car,No injury/unknown,FOLLOWING TOO CLOSELY,10TH & SMITH RD,39.172752,-86.482288
902305827,2014,10,4,Weekday,300,1-Car,No injury/unknown,DISREGARD SIGNAL/REG SIGN,10TH ST & SMITH,39.172752,-86.482288
902333762,2014,11,5,Weekday,2000,2-Car,No injury/unknown,FAILURE TO YIELD RIGHT OF WAY,E 10TH & SMITH,39.172752,-86.482288
902206326,2014,3,1,Weekend,300,1-Car,No injury/unknown,RAN OFF ROAD RIGHT,W VERNAL PIKE,39.172704,-86.655888
902311835,2014,10,5,Weekday,900,1-Car,No injury/unknown,RAN OFF ROAD RIGHT,W VERNAL PIKE,39.172704,-86.655888
902268438,2014,7,4,Weekday,1300,1-Car,No injury/unknown,OTHER (VEHICLE) - EXPLAIN IN NARRATIVE,NORTH WALNUT GROVE AVE,39.17265013,-86.52094356
902288840,2014,8,5,Weekday,1500,2-Car,No injury/unknown,,NORTH WALNUT GRV,39.17265013,-86.52094356
902290984,2014,9,4,Weekday,1300,2-Car,Non-incapacitating,UNSAFE SPEED,10TH & SR46E,39.17264788,-86.5026808
902296083,2014,9,6,Weekday,1200,2-Car,No injury/unknown,WRONG WAY ON ONE WAY,COTTAGE GROVE AVE & GRANT,39.17264,-86.529696
902290518,2014,9,3,Weekday,1600,2-Car,No injury/unknown,FAILURE TO YIELD RIGHT OF WAY,COTTAGE GROVE & DUNN ST,39.17264,-86.528272
902180100,2014,2,7,Weekend,2200,2-Car,No injury/unknown,,E COTTAGE GROVE AVE & N INDIANA,39.17264,-86.52704
902346981,2014,12,4,Weekday,1200,2-Car,No injury/unknown,FAILURE TO YIELD RIGHT OF WAY,E COTTAGE GROVE & N INDIANA,39.17264,-86.52704
902214207,2014,4,2,Weekday,1700,1-Car,No injury/unknown,RAN OFF ROAD RIGHT,COTTAGE GROVE AVE & PARK,39.17264,-86.52464
902306319,2014,10,4,Weekday,1800,2-Car,No injury/unknown,FAILURE TO YIELD RIGHT OF WAY,COTTAGE GROVE & PARK AVE,39.17264,-86.52464
902162727,2014,1,6,Weekday,1500,2-Car,No injury/unknown,FAILURE TO YIELD RIGHT OF WAY,COTTAGE GROVE & WOODLAWN AVE,39.17264,-86.523584
902188971,2014,2,4,Weekday,1800,2-Car,No injury/unknown,FAILURE TO YIELD RIGHT OF WAY,COTTAGE GROVE & WOODLAWN AVE,39.17264,-86.523584
902331091,2014,11,2,Weekday,900,2-Car,No injury/unknown,DISREGARD SIGNAL/REG SIGN,E COTTAGE GROVE & N WOODLAWN,39.17264,-86.523584
902288844,2014,8,7,Weekend,1300,2-Car,No injury/unknown,SPEED TOO FAST FOR WEATHER CONDITIONS,SR46 & UNIONVILLE,39.17259918,-86.50282808
902352425,2014,12,5,Weekday,1000,2-Car,No injury/unknown,UNSAFE BACKING,WHITEHALL CROSSING,39.17259598,-86.57152557
902302865,2014,9,5,Weekday,1400,2-Car,No injury/unknown,IMPROPER TURNING,W WHITEHALL CROSSING DR,39.17259598,-86.57152557
902229737,2014,5,5,Weekday,1700,2-Car,No injury/unknown,FAILURE TO YIELD RIGHT OF WAY,COTTAGE GROVE ST & PARK,39.17253545,-86.52467126
902335534,2014,11,1,Weekend,1600,2-Car,No injury/unknown,UNSAFE BACKING,NORTH FEE,39.17250261,-86.51898354
902173275,2014,1,5,Weekday,1800,2-Car,No injury/unknown,IMPROPER LANE USAGE,NORTH FEE LN,39.17250261,-86.51898354
902190772,2014,2,6,Weekday,1200,1-Car,No injury/unknown,UNSAFE LANE MOVEMENT,NORTH FEE LN,39.17250261,-86.51898354
902203208,2014,3,6,Weekday,1700,2-Car,No injury/unknown,UNSAFE BACKING,NORTH UNION ST,39.17247444,-86.50959178
902185409,2014,2,6,Weekday,1600,2-Car,No injury/unknown,SPEED TOO FAST FOR WEATHER CONDITIONS,11TH & COLLEGE AVE,39.17240806,-86.53476086
902290437,2014,9,3,Weekday,1600,2-Car,No injury/unknown,UNSAFE BACKING,RANGE & SR45,39.17239897,-86.4967649
902319199,2014,10,4,Weekday,1200,2-Car,No injury/unknown,UNSAFE SPEED,10TH & SR46S,39.17239791,-86.5025346
902185283,2014,2,6,Weekday,1600,2-Car,No injury/unknown,LEFT OF CENTER,10TH ST & SMITH,39.17237698,-86.48280365
902223196,2014,4,5,Weekday,1300,Pedestrian,Non-incapacitating,OTHER (DRIVER) - EXPLAIN IN NARRATIVE,COTTAGE GROVE AVE & SUMMIT,39.172336,-86.548192
902185472,2014,2,7,Weekend,200,2-Car,No injury/unknown,LEFT OF CENTER,BARRINGTON DR,39.17226188,-86.48843452
902178579,2014,2,5,Weekday,1700,1-Car,No injury/unknown,VIEW OBSTRUCTED,NORTH UNION ST,39.172144,-86.509392
902265979,2014,7,4,Weekday,1500,2-Car,No injury/unknown,UNSAFE BACKING,N UNION CT,39.172144,-86.509392
902347701,2014,12,4,Weekday,1800,1-Car,No injury/unknown,UNSAFE BACKING,N UNION,39.172144,-86.509392
902351387,2014,12,4,Weekday,1400,2-Car,No injury/unknown,UNSAFE BACKING,N UNION,39.172144,-86.509392
902209606,2014,3,6,Weekday,1000,1-Car,No injury/unknown,UNSAFE BACKING,NORTH RANGE RD,39.17209692,-86.4954552
902299862,2014,9,6,Weekend,2200,2-Car,No injury/unknown,UNSAFE BACKING,SMITH RD,39.172048,-86.4816
902213571,2014,4,1,Weekend,300,1-Car,No injury/unknown,ANIMAL/OBJECT IN ROADWAY,PARK RIDGE RD & WILTSHIRE,39.172048,-86.4732
902222492,2014,4,4,Weekday,2100,Cyclist,No injury/unknown,HEADLIGHT DEFECTIVE OR NOT ON,SMITH & SR45,39.17203189,-86.48503696
902254719,2014,6,3,Weekday,1800,2-Car,No injury/unknown,UNSAFE LANE MOVEMENT,E 10TH & SR46E,39.17202295,-86.5023153
902348108,2014,12,6,Weekday,1200,2-Car,No injury/unknown,OTHER (DRIVER) - EXPLAIN IN NARRATIVE,10TH & SR46W,39.17202295,-86.5023153
902169374,2014,1,7,Weekend,200,2-Car,No injury/unknown,UNSAFE SPEED,10TH & COLLEGE AVE,39.17201865,-86.53476505
902173946,2014,1,5,Weekday,1300,2-Car,No injury/unknown,UNSAFE BACKING,S ROGERS ST,39.17200261,-86.53854563
902201839,2014,3,4,Weekday,1700,2-Car,No injury/unknown,UNSAFE BACKING,S ROGERS ST,39.17200261,-86.53854563
902250240,2014,6,2,Weekday,900,2-Car,No injury/unknown,OTHER (DRIVER) - EXPLAIN IN NARRATIVE,S ROGERS ST,39.17200261,-86.53854563
902216723,2014,4,7,Weekend,400,1-Car,No injury/unknown,RAN OFF ROAD RIGHT,SR37S & W WHITEHALL CROSSING,39.17198944,-86.5701065
902288980,2014,8,5,Weekday,1600,2-Car,Non-incapacitating,DISREGARD SIGNAL/REG SIGN,CURRY PIKE & PROFILE,39.17196013,-86.5829797
902186945,2014,2,6,Weekday,100,1-Car,No injury/unknown,RAN OFF ROAD RIGHT,10TH & MORTON ST,39.17193626,-86.536
902217860,2014,4,2,Weekday,1300,3+ Cars,No injury/unknown,UNSAFE SPEED,10TH & SR46S,39.17189797,-86.5022422
902328920,2014,11,5,Weekday,1800,2-Car,No injury/unknown,UNSAFE LANE MOVEMENT,10TH & FEE,39.17185806,-86.51871132
902256969,2014,6,1,Weekend,900,2-Car,No injury/unknown,FOLLOWING TOO CLOSELY,10TH ST & GRANDVIEW,39.17184,-86.487488
902225552,2014,4,4,Weekday,900,2-Car,No injury/unknown,OTHER (DRIVER) - EXPLAIN IN NARRATIVE,10TH & SR46E,39.17182298,-86.50219834
902355950,2014,12,3,Weekday,1800,2-Car,No injury/unknown,UNSAFE LANE MOVEMENT,DANIELS & SR48W,39.17177963,-86.59832764
902168645,2014,1,7,Weekend,0,1-Car,No injury/unknown,IMPROPER TURNING,N WALNUT ST,39.17176229,-86.53351967
902167129,2014,1,5,Weekday,1100,2-Car,No injury/unknown,FAILURE TO YIELD RIGHT OF WAY,10TH & N MORTON ST,39.171744,-86.536
902279778,2014,8,3,Weekday,1200,2-Car,No injury/unknown,DRIVER ILLNESS,W 10TH ST,39.171744,-86.536
902279850,2014,8,3,Weekday,1200,2-Car,No injury/unknown,DRIVER ILLNESS,W 10TH ST,39.171744,-86.536
902184841,2014,2,6,Weekday,1700,2-Car,No injury/unknown,SPEED TOO FAST FOR WEATHER CONDITIONS,10TH & COLLEGE AVE,39.171744,-86.534768
902191238,2014,2,2,Weekday,0,2-Car,No injury/unknown,DISREGARD SIGNAL/REG SIGN,10TH ST & COLLEGE,39.171744,-86.534768
902213421,2014,4,7,Weekend,1800,2-Car,No injury/unknown,DISREGARD SIGNAL/REG SIGN,10TH ST & COLLEGE,39.171744,-86.534768
902230011,2014,5,6,Weekday,100,2-Car,No injury/unknown,IMPROPER TURNING,N COLLEGE AVE,39.171744,-86.534768
902292266,2014,9,6,Weekday,1700,2-Car,No injury/unknown,UNSAFE LANE MOVEMENT,N COLLEGE AVE & W 10TH,39.171744,-86.534768
902312328,2014,10,1,Weekend,900,2-Car,No injury/unknown,FAILURE TO YIELD RIGHT OF WAY,10TH ST & COLLEGE,39.171744,-86.534768
902314157,2014,10,3,Weekday,2100,2-Car,No injury/unknown,IMPROPER TURNING,10TH & S COLLEGE,39.171744,-86.534768
902359119,2014,12,2,Weekday,2300,2-Car,No injury/unknown,UNSAFE LANE MOVEMENT,10TH & COLLEGE,39.171744,-86.534768
902350899,2014,12,3,Weekday,1300,2-Car,No injury/unknown,FAILURE TO YIELD RIGHT OF WAY,10TH & COLLEGE,39.171744,-86.534768
902201691,2014,3,4,Weekday,1600,2-Car,No injury/unknown,FOLLOWING TOO CLOSELY,10TH & N WALNUT ST,39.171744,-86.53352
902202759,2014,3,6,Weekday,600,2-Car,No injury/unknown,DISREGARD SIGNAL/REG SIGN,N WALNUT ST & W 10TH,39.171744,-86.53352
902261988,2014,7,3,Weekday,1500,2-Car,No injury/unknown,IMPROPER TURNING,E 10TH & N WALNUT ST,39.171744,-86.53352
902316013,2014,10,6,Weekday,1600,2-Car,No injury/unknown,IMPROPER LANE USAGE,N WALNUT & W 10TH,39.171744,-86.53352
902357055,2014,12,6,Weekday,1100,2-Car,No injury/unknown,DISREGARD SIGNAL/REG SIGN,E 10TH & N WALNUT,39.171744,-86.53352
902161111,2014,1,5,Weekday,1200,2-Car,No injury/unknown,UNSAFE BACKING,E 10TH ST,39.171728,-86.5324
902273113,2014,7,4,Weekday,900,2-Car,Non-incapacitating,FOLLOWING TOO CLOSELY,10TH ST & WASHINGTON,39.171728,-86.5324
902213138,2014,4,6,Weekend,2100,2-Car,No injury/unknown,UNSAFE SPEED,TENTH & UNIONVILLE RD,39.17172643,-86.50641986
902332033,2014,11,2,Weekday,2200,2-Car,No injury/unknown,UNSAFE LANE MOVEMENT,10TH & JORDAN,39.17171608,-86.51570831
902157872,2014,1,7,Weekend,2300,2-Car,No injury/unknown,FAILURE TO YIELD RIGHT OF WAY,10TH ST & LINCOLN,39.171712,-86.530992
902192530,2014,2,2,Weekday,1600,2-Car,No injury/unknown,FAILURE TO YIELD RIGHT OF WAY,10TH ST & LINCOLN,39.171712,-86.530992
902264917,2014,7,2,Weekday,1300,2-Car,No injury/unknown,UNSAFE BACKING,10TH & LINCOLN ST,39.171712,-86.530992
902299475,2014,9,6,Weekday,800,Moped/Motorcycle,Incapacitating,FAILURE TO YIELD RIGHT OF WAY,10TH ST & LINCOLN,39.171712,-86.530992
902355226,2014,12,3,Weekday,1600,2-Car,No injury/unknown,FAILURE TO YIELD RIGHT OF WAY,10TH & LINCOLN,39.171712,-86.530992
902201110,2014,3,3,Weekday,100,2-Car,No injury/unknown,IMPROPER LANE USAGE,E 10TH ST,39.17170808,-86.53067461
902355509,2014,12,4,Weekday,1000,1-Car,No injury/unknown,DRIVER ASLEEP OR FATIGUED,BUSINEESS 37 N STATE & WISNAND,39.17170688,-86.53976999
902157827,2014,1,7,Weekend,2100,1-Car,Non-incapacitating,VIEW OBSTRUCTED,N WALNUT GROVE ST,39.17170612,-86.52089927
902190858,2014,2,7,Weekend,1700,2-Car,No injury/unknown,FOLLOWING TOO CLOSELY,E 10TH ST & GRANT,39.171696,-86.529696
902206806,2014,3,7,Weekend,1200,2-Car,Non-incapacitating,FAILURE TO YIELD RIGHT OF WAY,E 10TH ST & N GRANT,39.171696,-86.529696
902231037,2014,5,6,Weekday,1400,Cyclist,Non-incapacitating,FAILURE TO YIELD RIGHT OF WAY,E 10TH ST & N GRANT,39.171696,-86.529696
902302337,2014,9,4,Weekday,1800,2-Car,No injury/unknown,FAILURE TO YIELD RIGHT OF WAY,10TH ST & GRANT AVE,39.171696,-86.529696
902306140,2014,10,4,Weekday,1300,2-Car,No injury/unknown,FAILURE TO YIELD RIGHT OF WAY,10TH & GRANT ST,39.171696,-86.529696
902307879,2014,10,6,Weekend,1900,2-Car,No injury/unknown,FAILURE TO YIELD RIGHT OF WAY,EAST 10TH ST & NORTH GRANT,39.171696,-86.529696
902191194,2014,2,1,Weekend,1800,1-Car,No injury/unknown,DRIVER DISTRACTED - EXPLAIN IN NARRATIVE,10TH ST & PROW,39.171696,-86.528896
902291569,2014,9,5,Weekday,1500,Bus,No injury/unknown,UNSAFE BACKING,TENTH ST & WOODLAWN,39.17169367,-86.52351692
902213882,2014,4,2,Weekday,600,2-Car,No injury/unknown,IMPROPER TURNING,SR46N & TENTH,39.17169189,-86.53102874
902269901,2014,7,5,Weekday,600,1-Car,No injury/unknown,WRONG WAY ON ONE WAY,COLLEGE AVE & TENTH,39.17168832,-86.53483448
902193050,2014,2,4,Weekday,1200,2-Car,No injury/unknown,UNSAFE BACKING,EAST TENTH ST,39.17168118,-86.50658033
902270311,2014,7,5,Weekday,1400,2-Car,No injury/unknown,FOLLOWING TOO CLOSELY,E 10TH ST & N DUNN,39.17168,-86.528256
902348232,2014,12,6,Weekday,1500,2-Car,No injury/unknown,FAILURE TO YIELD RIGHT OF WAY,10TH & DUNN,39.17168,-86.528256
902228718,2014,5,3,Weekday,2100,1-Car,No injury/unknown,IMPROPER TURNING,10TH ST & INDIANA,39.17168,-86.527024
902236133,2014,5,3,Weekday,1300,3+ Cars,Non-incapacitating,UNSAFE SPEED,10TH ST & INDIANA,39.17168,-86.527024
902308032,2014,10,7,Weekend,1700,2-Car,No injury/unknown,FOLLOWING TOO CLOSELY,10TH & INDIANA AVE,39.17168,-86.527024
902320916,2014,10,7,Weekend,1200,2-Car,No injury/unknown,DRIVER DISTRACTED - EXPLAIN IN NARRATIVE,10TH & INDIANA,39.17168,-86.527024
902352321,2014,12,5,Weekday,2300,2-Car,No injury/unknown,UNSAFE LANE MOVEMENT,10TH & INDIANA,39.17168,-86.527024
902336724,2014,11,2,Weekday,1800,1-Car,No injury/unknown,ANIMAL/OBJECT IN ROADWAY,SR37N & WILLIAMS,39.17167917,-86.54695129
902324718,2014,10,6,Weekday,1200,2-Car,No injury/unknown,SPEED TOO FAST FOR WEATHER CONDITIONS,10TH & INDIANA,39.1716733,-86.5264948
902318706,2014,10,3,Weekday,1500,2-Car,No injury/unknown,FOLLOWING TOO CLOSELY,INDIANA & TENTH,39.17166866,-86.52698015
902183619,2014,2,5,Weekday,900,2-Car,No injury/unknown,FOLLOWING TOO CLOSELY,E 10TH ST & N FESS,39.171664,-86.52576
902208975,2014,3,4,Weekday,1700,3+ Cars,No injury/unknown,FOLLOWING TOO CLOSELY,10TH ST & FESS,39.171664,-86.52576
902223428,2014,4,6,Weekday,1700,2-Car,No injury/unknown,IMPROPER TURNING,10TH & FESS AVE,39.171664,-86.52576
902160473,2014,1,4,Weekday,1800,Bus,No injury/unknown,OVERCORRECTING/OVERSTEERING,10TH ST & JEFFERSON,39.17164801,-86.50682337
902284378,2014,8,5,Weekday,1300,1-Car,No injury/unknown,OTHER (DRIVER) - EXPLAIN IN NARRATIVE,10TH ST & JEFFERSON,39.17164801,-86.50682337
902314784,2014,10,4,Weekday,1800,2-Car,No injury/unknown,FAILURE TO YIELD RIGHT OF WAY,10TH & PARK,39.171648,-86.524608
902253234,2014,6,1,Weekend,200,1-Car,No injury/unknown,,JEFFERSON & TENTH ST,39.171648,-86.507088
902264494,2014,7,2,Weekday,600,1-Car,No injury/unknown,OTHER (DRIVER) - EXPLAIN IN NARRATIVE,EAST 10TH ST,39.171648,-86.50643212
902190363,2014,2,6,Weekday,1500,2-Car,No injury/unknown,UNSAFE BACKING,E 10TH ST,39.171648,-86.50435515
902295708,2014,9,6,Weekday,1000,1-Car,No injury/unknown,OVERCORRECTING/OVERSTEERING,EAST 10TH ST,39.171648,-86.50287942
902183736,2014,2,5,Weekday,900,2-Car,No injury/unknown,FOLLOWING TOO CLOSELY,10TH ST & 46,39.171648,-86.502096
902191809,2014,2,2,Weekday,1100,2-Car,Non-incapacitating,FOLLOWING TOO CLOSELY,EAST 10TH & SR46N,39.171648,-86.502096
902205683,2014,3,4,Weekday,1600,2-Car,Non-incapacitating,FOLLOWING TOO CLOSELY,SR45E & SR46N,39.171648,-86.502096
902209942,2014,3,7,Weekend,400,2-Car,No injury/unknown,UNSAFE LANE MOVEMENT,10TH & SR46E,39.171648,-86.502096
902215585,2014,4,5,Weekday,800,2-Car,No injury/unknown,UNSAFE SPEED,SR45W & SR46W,39.171648,-86.502096
902219942,2014,4,6,Weekday,1200,2-Car,No injury/unknown,FOLLOWING TOO CLOSELY,10TH ST & SR46,39.171648,-86.502096
902324728,2014,10,6,Weekday,1100,2-Car,No injury/unknown,DISREGARD SIGNAL/REG SIGN,10TH & SR46E,39.171648,-86.502096
902283398,2014,8,4,Weekday,1100,2-Car,No injury/unknown,FOLLOWING TOO CLOSELY,10TH & SR46E,39.171648,-86.502096
902295819,2014,9,6,Weekday,1500,2-Car,No injury/unknown,FOLLOWING TOO CLOSELY,10TH & SR46S,39.171648,-86.502096
902347561,2014,12,5,Weekday,1200,2-Car,No injury/unknown,UNSAFE SPEED,10TH & SR46E,39.171648,-86.502096
902233644,2014,5,5,Weekday,1400,2-Car,No injury/unknown,IMPROPER TURNING,E 10TH ST,39.17164571,-86.52445486
902328114,2014,11,1,Weekday,2200,2-Car,No injury/unknown,IMPROPER TURNING,TENTH & WALNUT GROVE,39.17163228,-86.52099237
902162466,2014,1,6,Weekday,1200,3+ Cars,No injury/unknown,FOLLOWING TOO CLOSELY,FORREST & TENTH ST,39.17163214,-86.52183641
902211975,2014,4,4,Weekday,1700,3+ Cars,Non-incapacitating,SPEED TOO FAST FOR WEATHER CONDITIONS,FORREST & TENTH ST,39.17163204,-86.522386
902350147,2014,12,2,Weekday,2000,2-Car,No injury/unknown,UNSAFE BACKING,FORREST & TENTH,39.17163204,-86.522386
902212467,2014,4,5,Weekday,1500,2-Car,No injury/unknown,FAILURE TO YIELD RIGHT OF WAY,10TH & WOODLAWN AVE,39.171632,-86.523536
902266703,2014,7,5,Weekday,1700,2-Car,No injury/unknown,FOLLOWING TOO CLOSELY,10TH ST & WOODLAWN,39.171632,-86.523536
902303983,2014,9,5,Weekday,2100,2-Car,No injury/unknown,UNSAFE BACKING,10TH ST & WOODLAWN,39.171632,-86.523536
902319727,2014,10,5,Weekday,1000,2-Car,No injury/unknown,UNSAFE BACKING,10TH & WOODLAWN,39.171632,-86.523536
902284778,2014,8,6,Weekday,1500,3+ Cars,No injury/unknown,FOLLOWING TOO CLOSELY,10TH ST & FORREST,39.17163022,-86.52237989
902305516,2014,9,3,Weekday,1300,2-Car,No injury/unknown,DRIVER DISTRACTED - EXPLAIN IN NARRATIVE,10TH ST & NORTH FORREST,39.17163022,-86.52237989
902337888,2014,11,3,Weekday,2000,2-Car,No injury/unknown,FOLLOWING TOO CLOSELY,FEE & TENTH,39.17163013,-86.51902446
902305232,2014,9,2,Weekday,2300,2-Car,No injury/unknown,UNSAFE LANE MOVEMENT,FEE & TENTH ST,39.17163011,-86.51901956