Master Record Number,Year,Month,Day,Weekend?,Hour,Collision Type,Injury Type,Primary Factor,Reported_Location,Latitude,Longitude
902297991,2014,9,3,Weekday,1700,2-Car,No injury/unknown,FOLLOWING TOO CLOSELY,TENTH ST & WOODLAWN,39.17162998,-86.52351778
902290612,2014,9,4,Weekday,500,2-Car,No injury/unknown,IMPROPER LANE USAGE,10TH & MORTON ST,39.17160667,-86.536
902177034,2014,2,3,Weekday,1800,2-Car,No injury/unknown,SPEED TOO FAST FOR WEATHER CONDITIONS,FEE & TENTH ST,39.17159924,-86.51588278
902219279,2014,4,5,Weekday,900,2-Car,No injury/unknown,FOLLOWING TOO CLOSELY,JORDAN AVE & TENTH,39.17158999,-86.51566028
902179192,2014,2,6,Weekday,1000,2-Car,No injury/unknown,OTHER (DRIVER) - EXPLAIN IN NARRATIVE,10TH ST & CAMPBELL,39.17158999,-86.51394031
902299155,2014,9,5,Weekday,1700,3+ Cars,Non-incapacitating,FOLLOWING TOO CLOSELY,10TH ST & CAMPBELL,39.17158999,-86.51394031
902302391,2014,9,4,Weekday,2100,2-Car,No injury/unknown,FOLLOWING TOO CLOSELY,E 10TH ST & N CAMPBELL,39.17158999,-86.51394031
902185741,2014,1,4,Weekday,2100,2-Car,No injury/unknown,UNSAFE BACKING,TENTH ST & UNION,39.1715876,-86.51132451
902346557,2014,12,3,Weekday,1900,Pedestrian,Incapacitating,PEDESTRIAN ACTION,10TH & FEE,39.17158656,-86.51904083
902160888,2014,1,5,Weekday,1000,2-Car,No injury/unknown,SPEED TOO FAST FOR WEATHER CONDITIONS,10TH ST & FEE,39.171584,-86.518688
902286600,2014,8,3,Weekday,1200,2-Car,No injury/unknown,IMPROPER PASSING,11TH ST & FEE,39.171584,-86.518688
902230438,2014,5,6,Weekday,1800,2-Car,No injury/unknown,SPEED TOO FAST FOR WEATHER CONDITIONS,E 10TH ST & N SUNRISE,39.17157993,-86.51252311
902203810,2014,3,6,Weekday,1300,2-Car,No injury/unknown,UNSAFE SPEED,10TH ST & SUNRISE,39.17157993,-86.51249023
902176890,2014,2,3,Weekday,1600,2-Car,No injury/unknown,SPEED TOO FAST FOR WEATHER CONDITIONS,10TH ST & SUNRISE,39.17157993,-86.51247985
902202595,2014,3,5,Weekday,1800,2-Car,No injury/unknown,FAILURE TO YIELD RIGHT OF WAY,10TH ST & SUNRISE,39.17157993,-86.51247985
902266654,2014,7,1,Weekend,1400,1-Car,No injury/unknown,UNSAFE BACKING,E 10TH ST,39.17157943,-86.51826514
902267005,2014,7,1,Weekend,1400,1-Car,No injury/unknown,UNSAFE BACKING,E 10TH ST,39.17157943,-86.51826514
902354954,2014,12,3,Weekday,1300,2-Car,No injury/unknown,UNSAFE BACKING,EAST 10TH,39.17157943,-86.51826514
902201681,2014,3,4,Weekday,1200,2-Car,No injury/unknown,OVERCORRECTING/OVERSTEERING,10TH & PARK AVE,39.17157938,-86.52460502
902298997,2014,9,5,Weekday,800,2-Car,No injury/unknown,VIEW OBSTRUCTED,EAST 10TH ST,39.17157747,-86.51808392
902347059,2014,12,3,Weekday,2200,2-Car,No injury/unknown,UNSAFE BACKING,E 10TH,39.17157747,-86.51808392
902347068,2014,12,2,Weekday,2200,2-Car,No injury/unknown,UNSAFE BACKING,E 10TH,39.17157747,-86.51808392
902201080,2014,3,4,Weekday,0,1-Car,No injury/unknown,LEFT OF CENTER,10TH ST & FEE,39.17157257,-86.51762956
902292332,2014,9,6,Weekend,2300,2-Car,Non-incapacitating,FAILURE TO YIELD RIGHT OF WAY,TENTH & UNION ST,39.17157235,-86.50945322
902167259,2014,1,5,Weekday,900,1-Car,No injury/unknown,OTHER (DRIVER) - EXPLAIN IN NARRATIVE,SR46 & UNIONVILLE RD,39.17156787,-86.5027705
902166707,2014,1,4,Weekday,2200,2-Car,No injury/unknown,SPEED TOO FAST FOR WEATHER CONDITIONS,SR46 & UNIONVILLE,39.1715658,-86.50228603
902183217,2014,2,4,Weekday,1700,2-Car,No injury/unknown,FOLLOWING TOO CLOSELY,SR46 & UNIONVILLE,39.1715658,-86.50228603
902237336,2014,5,5,Weekday,2000,2-Car,No injury/unknown,FOLLOWING TOO CLOSELY,SR46 & UNIONVILLE,39.1715658,-86.50228603
902278235,2014,8,1,Weekend,1400,2-Car,No injury/unknown,SPEED TOO FAST FOR WEATHER CONDITIONS,SR46 & UNIONVILLE,39.1715658,-86.50228603
902286783,2014,8,3,Weekday,1800,2-Car,No injury/unknown,FOLLOWING TOO CLOSELY,SR46 & UNIONVILLE,39.1715658,-86.50228603
902292171,2014,9,6,Weekday,1400,Bus,No injury/unknown,UNSAFE LANE MOVEMENT,SR46 & UNIONVILLE,39.1715658,-86.50228603
902325049,2014,10,6,Weekend,2000,2-Car,Incapacitating,FOLLOWING TOO CLOSELY,SR46 & UNIONVILLE,39.1715658,-86.50228603
902350550,2014,12,3,Weekday,800,2-Car,No injury/unknown,FOLLOWING TOO CLOSELY,SR46 & UNIONVILLE,39.1715658,-86.50228603
902362151,2014,12,2,Weekday,800,1-Car,No injury/unknown,VIEW OBSTRUCTED,SR46 & UNIONVILLE,39.1715658,-86.50228603
902185050,2014,2,7,Weekend,100,1-Car,No injury/unknown,OTHER (VEHICLE) - EXPLAIN IN NARRATIVE,10TH ST & JORDAN,39.17155773,-86.51625722
902330483,2014,11,1,Weekend,1500,2-Car,No injury/unknown,FOLLOWING TOO CLOSELY,E 10TH & N HILLTOP GARDEN,39.17155619,-86.50484901
902288850,2014,8,6,Weekday,1100,2-Car,No injury/unknown,OTHER (DRIVER) - EXPLAIN IN NARRATIVE,SR45 & SR46,39.1715541,-86.49989653
902303822,2014,9,7,Weekend,1300,Moped/Motorcycle,Non-incapacitating,IMPROPER TURNING,10TH ST & TULIP TREE,39.17155244,-86.50475979
902177179,2014,2,4,Weekday,2200,2-Car,No injury/unknown,UNSAFE BACKING,N JORDAN AVE,39.171552,-86.515728
902184766,2014,2,6,Weekday,1700,2-Car,No injury/unknown,SPEED TOO FAST FOR WEATHER CONDITIONS,10TH & JORDAN AVE,39.171552,-86.515728
902291105,2014,9,4,Weekday,1200,2-Car,No injury/unknown,UNSAFE BACKING,N JORDAN AVE,39.171552,-86.515728
902309154,2014,10,2,Weekday,1900,2-Car,No injury/unknown,FOLLOWING TOO CLOSELY,10TH ST & JORDAN,39.171552,-86.515728
902290669,2014,9,4,Weekday,800,2-Car,No injury/unknown,DRIVER DISTRACTED - EXPLAIN IN NARRATIVE,45 46 & E 10TH ST,39.17153031,-86.50220967
902314799,2014,10,4,Weekday,1800,3+ Cars,Non-incapacitating,SPEED TOO FAST FOR WEATHER CONDITIONS,10TH & PETE ELLIS,39.17152424,-86.4960172
902173937,2014,1,6,Weekday,1700,2-Car,Non-incapacitating,FOLLOWING TOO CLOSELY,10TH ST & UNION,39.1715126,-86.51290408
902190452,2014,2,6,Weekday,1700,2-Car,No injury/unknown,FOLLOWING TOO CLOSELY,10TH ST & UNION,39.1715126,-86.51290408
902216845,2014,4,1,Weekend,1400,2-Car,No injury/unknown,UNSAFE BACKING,E TENTH ST,39.17150684,-86.5092726
902352927,2014,12,3,Weekday,1700,2-Car,No injury/unknown,UNSAFE BACKING,E 10TH,39.171504,-86.512288
902203740,2014,3,1,Weekend,200,1-Car,No injury/unknown,UNSAFE LANE MOVEMENT,10TH & RANGE RD,39.171504,-86.495312
902219523,2014,4,5,Weekday,1600,3+ Cars,No injury/unknown,FOLLOWING TOO CLOSELY,RANGE & SR46E,39.171504,-86.495312
902229332,2014,5,4,Weekday,2200,2-Car,No injury/unknown,FAILURE TO YIELD RIGHT OF WAY,E 10TH ST & PETE ELLIS,39.171504,-86.495312
902239682,2014,5,3,Weekday,1700,3+ Cars,No injury/unknown,FOLLOWING TOO CLOSELY,E 10TH ST & N PETE ELLIS,39.171504,-86.495312
902277679,2014,8,6,Weekend,2100,1-Car,No injury/unknown,BRAKE FAILURE OR DEFECTIVE,10TH & RANGE RD,39.171504,-86.495312
902295296,2014,9,5,Weekday,1500,2-Car,No injury/unknown,FOLLOWING TOO CLOSELY,RANGE & SR45S,39.171504,-86.495312
902303555,2014,9,6,Weekday,1600,2-Car,No injury/unknown,FOLLOWING TOO CLOSELY,RANGE & SR4546E,39.171504,-86.495312
902312878,2014,10,2,Weekday,800,2-Car,No injury/unknown,FOLLOWING TOO CLOSELY,E 10TH ST & N PETE ELLIS,39.171504,-86.495312
902324833,2014,10,5,Weekday,1800,2-Car,No injury/unknown,FAILURE TO YIELD RIGHT OF WAY,10TH & PETE ELLIS,39.171504,-86.495312
902326736,2014,11,2,Weekday,1400,3+ Cars,Non-incapacitating,FOLLOWING TOO CLOSELY,RANGE & SR4546N,39.171504,-86.495312
902334654,2014,11,6,Weekend,2000,2-Car,Non-incapacitating,FOLLOWING TOO CLOSELY,RANGE & SR46S,39.171504,-86.495312
902185204,2014,2,7,Weekend,900,3+ Cars,No injury/unknown,SPEED TOO FAST FOR WEATHER CONDITIONS,E 10TH ST,39.171504,-86.49509867
902268959,2014,7,3,Weekday,1000,2-Car,Non-incapacitating,IMPROPER LANE USAGE,JOHN HINKLE & SR45E,39.171504,-86.49296
902238682,2014,5,1,Weekend,1500,2-Car,No injury/unknown,DRIVER DISTRACTED - EXPLAIN IN NARRATIVE,EAST 10TH ST,39.1715008,-86.50133728
902190839,2014,2,7,Weekend,1500,2-Car,No injury/unknown,IMPROPER TURNING,E 10TH ST,39.17149326,-86.51131082
902357243,2014,12,6,Weekday,1500,2-Car,No injury/unknown,DRIVER ASLEEP OR FATIGUED,EAST 10TH,39.17149326,-86.51131082
902287870,2014,8,5,Weekday,500,2-Car,No injury/unknown,OTHER (DRIVER) - EXPLAIN IN NARRATIVE,2931 EAST 10TH (PARKING LOT) ST & RANGE,39.17148598,-86.49535871
902318346,2014,10,3,Weekday,700,1-Car,No injury/unknown,UNSAFE BACKING,2931 E 10TH (PARKING LOT) & RANGE,39.17148598,-86.49535006
902217718,2014,4,2,Weekday,2100,3+ Cars,No injury/unknown,FOLLOWING TOO CLOSELY,10TH ST & UNION,39.17148364,-86.51043443
902228670,2014,5,3,Weekday,1700,Cyclist,Non-incapacitating,UNSAFE LANE MOVEMENT,10TH ST & UNION,39.17148364,-86.51043443
902252549,2014,6,6,Weekday,1200,2-Car,No injury/unknown,DRIVER DISTRACTED - EXPLAIN IN NARRATIVE,E 10TH ST,39.17148231,-86.51031409
902259605,2014,7,5,Weekday,1800,2-Car,No injury/unknown,UNSAFE BACKING,E 10TH ST,39.17148166,-86.51025546
902188916,2014,2,3,Weekday,1400,2-Car,No injury/unknown,UNSAFE BACKING,E 10TH ST,39.17148145,-86.51023592
902230078,2014,5,6,Weekday,1200,2-Car,No injury/unknown,IMPROPER TURNING,E 10TH ST,39.17148145,-86.51023592
902303517,2014,9,6,Weekday,1400,1-Car,No injury/unknown,OTHER (DRIVER) - EXPLAIN IN NARRATIVE,E 10TH ST,39.17148145,-86.51023592
902320682,2014,10,6,Weekend,1900,2-Car,No injury/unknown,FOLLOWING TOO CLOSELY,10TH & UNION,39.17147588,-86.50972881
902158018,2014,1,1,Weekend,100,2-Car,No injury/unknown,,E 10TH ST,39.171472,-86.509376
902257556,2014,6,2,Weekday,1100,2-Car,No injury/unknown,FAILURE TO YIELD RIGHT OF WAY,10TH & UNION ST,39.171472,-86.509376
902293621,2014,9,2,Weekday,1600,3+ Cars,No injury/unknown,FOLLOWING TOO CLOSELY,10TH ST & UNION,39.171472,-86.509376
902349034,2014,12,1,Weekend,1600,2-Car,No injury/unknown,IMPROPER TURNING,10TH & UNION,39.171472,-86.509376
902352712,2014,12,6,Weekday,1500,2-Car,No injury/unknown,UNSAFE BACKING,E 10TH,39.171472,-86.509376
902309087,2014,10,2,Weekday,1800,2-Car,No injury/unknown,SPEED TOO FAST FOR WEATHER CONDITIONS,RANGE & SR45,39.17146144,-86.49541336
902316936,2014,10,1,Weekend,1600,3+ Cars,No injury/unknown,FOLLOWING TOO CLOSELY,PETE ELLIS & SR45,39.17146144,-86.49541336
902192389,2014,2,3,Weekday,1000,2-Car,No injury/unknown,FOLLOWING TOO CLOSELY,10TH & WOODLAWN AVE,39.17142613,-86.52352692
902344924,2014,11,1,Weekday,2100,1-Car,No injury/unknown,SPEED TOO FAST FOR WEATHER CONDITIONS,JEFFERSON & UNIONVILLE,39.17142573,-86.50719535
902267238,2014,7,5,Weekday,1500,2-Car,Non-incapacitating,DRIVER ASLEEP OR FATIGUED,10TH & ROGERS ST,39.17140022,-86.53859987
902266492,2014,7,5,Weekday,1200,2-Car,No injury/unknown,UNSAFE BACKING,W 11TH ST,39.1714,-86.548507
902331422,2014,11,2,Weekday,700,2-Car,No injury/unknown,FOLLOWING TOO CLOSELY,TENTH & WOODLAWN,39.1713975,-86.52351337
902306331,2014,10,4,Weekday,1500,2-Car,No injury/unknown,UNSAFE BACKING,E JOHN HINKLE PL,39.171344,-86.49296
902239227,2014,5,2,Weekday,1200,2-Car,No injury/unknown,UNSAFE BACKING,EAST 10TH ST,39.171312,-86.5492
902346074,2014,12,3,Weekday,700,1-Car,No injury/unknown,IMPROPER TURNING,EAST 10TH,39.171312,-86.5492
902354569,2014,12,3,Weekday,100,2-Car,No injury/unknown,UNSAFE SPEED,N SMITH,39.171248,-86.481328
902355486,2014,12,3,Weekday,100,2-Car,No injury/unknown,UNSAFE BACKING,N SMITH,39.171248,-86.481328
902355642,2014,12,4,Weekday,0,1-Car,No injury/unknown,RAN OFF ROAD RIGHT,N SMITH,39.171248,-86.481328
902272584,2014,7,4,Weekday,0,1-Car,No injury/unknown,RAN OFF ROAD RIGHT,EVERGREEN DR & KIMBLE,39.171152,-86.567904
902335440,2014,11,7,Weekend,1300,2-Car,No injury/unknown,FAILURE TO YIELD RIGHT OF WAY,TENTH & UNION,39.1711399,-86.50944835
902281221,2014,8,7,Weekend,400,1-Car,No injury/unknown,DRIVER DISTRACTED - EXPLAIN IN NARRATIVE,9TH & WALNUT ST,39.17109328,-86.53352868
902318789,2014,10,3,Weekday,1800,2-Car,No injury/unknown,IMPROPER TURNING,10TH & DUNN,39.1709934,-86.52824633
902184819,2014,2,6,Weekday,1500,2-Car,No injury/unknown,SPEED TOO FAST FOR WEATHER CONDITIONS,BASSWOOD DR & BLOOMFIELD,39.17092115,-86.56889006
902339701,2014,11,6,Weekday,1000,2-Car,No injury/unknown,UNSAFE BACKING,N WALNUT,39.17091135,-86.5335311
902217821,2014,4,3,Weekday,700,1-Car,No injury/unknown,IMPROPER TURNING,S COLLEGE AVE,39.17088686,-86.534768
902302375,2014,9,4,Weekday,1600,2-Car,Non-incapacitating,FOLLOWING TOO CLOSELY,S COLLEGE AVE,39.17088686,-86.534768
902332110,2014,11,3,Weekday,1700,2-Car,No injury/unknown,UNSAFE BACKING,S COLLEGE,39.17088686,-86.534768
902295503,2014,9,6,Weekday,600,Pedestrian,Non-incapacitating,FAILURE TO YIELD RIGHT OF WAY,S WALNUT ST,39.1707889,-86.53353274
902210090,2014,3,7,Weekend,1400,2-Car,No injury/unknown,LEFT OF CENTER,10TH & JORDAN AVE,39.17073106,-86.51581866
902210352,2014,3,1,Weekend,1400,2-Car,No injury/unknown,FAILURE TO YIELD RIGHT OF WAY,JOHN HINKLE & PETE ELLIS DR,39.17072,-86.4956
902214238,2014,4,2,Weekday,1900,Bus,No injury/unknown,FOLLOWING TOO CLOSELY,JOHN HINKLE & N PETE ELLIS DR,39.17072,-86.4956
902221032,2014,4,2,Weekday,1000,2-Car,No injury/unknown,FAILURE TO YIELD RIGHT OF WAY,JOHN HINKLE & PETE ELLIS DR,39.17072,-86.4956
902233883,2014,5,5,Weekday,900,Bus,No injury/unknown,UNSAFE BACKING,PETE ELLIS DR,39.17072,-86.4956
902279858,2014,8,4,Weekday,1200,1-Car,No injury/unknown,UNSAFE BACKING,SOUTH WALNUT ST,39.17071543,-86.53353371
902277763,2014,8,3,Weekday,200,2-Car,No injury/unknown,UNSAFE BACKING,N WASHINGTON ST,39.17071314,-86.5324
902286585,2014,8,2,Weekday,1500,1-Car,No injury/unknown,DRIVER DISTRACTED - EXPLAIN IN NARRATIVE,E JOHN HINKLE PL,39.17069457,-86.49478104
902199010,2014,3,6,Weekend,1900,Moped/Motorcycle,Non-incapacitating,UNSAFE LANE MOVEMENT,9TH & COLLEGE AVE,39.17068133,-86.534768
902222759,2014,4,4,Weekday,1500,Cyclist,Non-incapacitating,UNSAFE SPEED,10TH & UNION ST,39.17064813,-86.50936
902228356,2014,5,3,Weekday,800,2-Car,No injury/unknown,FAILURE TO YIELD RIGHT OF WAY,E JOHN HINKLE PL,39.17064462,-86.4931729
902228481,2014,5,3,Weekday,800,2-Car,No injury/unknown,FAILURE TO YIELD RIGHT OF WAY,E JOHN HINKLE PL,39.17064462,-86.4931729
902263214,2014,7,5,Weekday,1400,1-Car,No injury/unknown,OTHER (DRIVER) - EXPLAIN IN NARRATIVE,N COLLEGE AVE,39.17059298,-86.534768
902189740,2014,2,5,Weekday,1500,2-Car,No injury/unknown,UNSAFE LANE MOVEMENT,NORTH COLLEGE AVE & WEST 9TH,39.170544,-86.534768
902216081,2014,4,6,Weekday,900,2-Car,No injury/unknown,IMPROPER LANE USAGE,9TH & COLLEGE AVE,39.170544,-86.534768
902222706,2014,4,4,Weekday,1300,2-Car,No injury/unknown,UNSAFE LANE MOVEMENT,9TH & COLLEGE AVE,39.170544,-86.534768
902236245,2014,5,3,Weekday,1900,1-Car,No injury/unknown,OVERSIZE/OVERWEIGHT LOAD,COLLEGE AVE,39.170544,-86.534768
902315636,2014,10,5,Weekday,900,2-Car,No injury/unknown,IMPROPER LANE USAGE,N COLLEGE & W 9TH,39.170544,-86.534768
902169548,2014,1,7,Weekend,300,2-Car,No injury/unknown,ROADWAY SURFACE CONDITION,100 WEST 9TH ST & NORTH WALNUT,39.170544,-86.533536
902183959,2014,2,4,Weekday,1800,3+ Cars,No injury/unknown,FOLLOWING TOO CLOSELY,9TH & WALNUT ST,39.170544,-86.533536
902198365,2014,3,5,Weekday,2000,2-Car,No injury/unknown,FAILURE TO YIELD RIGHT OF WAY,9TH & NORTH WALNUT ST,39.170544,-86.533536
902216702,2014,4,7,Weekend,2300,2-Car,No injury/unknown,IMPROPER PASSING,9TH ST & WALNUT,39.170544,-86.533536
902277671,2014,8,6,Weekday,1500,2-Car,Non-incapacitating,FOLLOWING TOO CLOSELY,N WALNUT ST & W 9TH,39.170544,-86.533536
902287886,2014,8,5,Weekday,1300,2-Car,No injury/unknown,UNSAFE BACKING,E 9TH ST & N WALNUT,39.170544,-86.533536
902307911,2014,10,7,Weekend,1200,1-Car,No injury/unknown,RAN OFF ROAD RIGHT,9TH ST & WALNUT,39.170544,-86.533536
902171758,2014,1,3,Weekday,1300,2-Car,Non-incapacitating,FAILURE TO YIELD RIGHT OF WAY,EAST 9TH & NORTH WASHINGTON ST,39.170544,-86.5324
902199529,2014,3,1,Weekend,1200,2-Car,No injury/unknown,FAILURE TO YIELD RIGHT OF WAY,E 9TH & N WASHINGTON ST,39.170544,-86.5324
902231855,2014,5,2,Weekday,1600,2-Car,No injury/unknown,FAILURE TO YIELD RIGHT OF WAY,9TH & GRANT ST,39.170544,-86.529696
902284766,2014,8,6,Weekday,1500,2-Car,No injury/unknown,IMPROPER TURNING,9TH ST & DUNN,39.170544,-86.52843406
902213066,2014,4,6,Weekday,1500,1-Car,No injury/unknown,RAN OFF ROAD RIGHT,EAST 9TH ST,39.170544,-86.52394743
902166422,2014,1,4,Weekday,1400,2-Car,No injury/unknown,FOLLOWING TOO CLOSELY,9TH & WOODLAWN AVE,39.170544,-86.523488
902306627,2014,10,5,Weekday,1100,2-Car,No injury/unknown,UNSAFE SPEED,9TH & WOODLAWN AVE,39.170544,-86.523488
902317137,2014,10,1,Weekday,2200,2-Car,No injury/unknown,IMPROPER TURNING,9TH & WOODLAWN,39.170544,-86.523488
902322908,2014,10,3,Weekday,1700,2-Car,No injury/unknown,FAILURE TO YIELD RIGHT OF WAY,BLOOMFIELD & LANDMARK,39.17051299,-86.55382007
902296096,2014,9,7,Weekend,1100,2-Car,No injury/unknown,UNSAFE BACKING,E JAMES RD,39.17047882,-86.44799041
902303583,2014,9,6,Weekday,1300,3+ Cars,No injury/unknown,FOLLOWING TOO CLOSELY,9TH & COLLEGE AVE,39.1704601,-86.53485015
902283550,2014,8,4,Weekday,1500,2-Car,No injury/unknown,UNSAFE SPEED,10TH & JORDAN AVE,39.17045742,-86.51584888
902296298,2014,9,7,Weekend,1600,2-Car,No injury/unknown,UNSAFE BACKING,FESS AVE & NINTH,39.1704472,-86.52579994
902350306,2014,12,2,Weekday,2300,2-Car,No injury/unknown,OTHER (DRIVER) - EXPLAIN IN NARRATIVE,9TH & LINCOLN,39.17043414,-86.530992
902235652,2014,5,2,Weekday,1600,2-Car,No injury/unknown,UNSAFE BACKING,7TH & JORDAN AVE,39.17037688,-86.51690505
902296646,2014,9,7,Weekend,1000,2-Car,No injury/unknown,UNSAFE BACKING,8TH & ROOSEVELT ST,39.17034372,-86.50599374
902156913,2014,1,6,Weekday,900,1-Car,No injury/unknown,UNSAFE BACKING,N CABOT CT,39.17028767,-86.47615282
902266722,2014,7,5,Weekday,1300,Moped/Motorcycle,Non-incapacitating,DISREGARD SIGNAL/REG SIGN,JACOB DR & SUSAN,39.17026028,-86.57266996
902220030,2014,4,6,Weekday,1100,2-Car,No injury/unknown,,EAST EASTGATE LN,39.17024,-86.501392
902357808,2014,12,7,Weekend,800,2-Car,No injury/unknown,FOLLOWING TOO CLOSELY,5190 EAST STATE ROAD 45 & SR45E,39.17024,-86.501392
902331402,2014,11,2,Weekday,1800,3+ Cars,Non-incapacitating,FOLLOWING TOO CLOSELY,EASTGATE & SR46N,39.17024,-86.501392
902347744,2014,12,5,Weekday,1700,2-Car,No injury/unknown,SPEED TOO FAST FOR WEATHER CONDITIONS,EASTGATE & SR46N,39.17024,-86.501392
902217798,2014,4,2,Weekday,1200,2-Car,No injury/unknown,FAILURE TO YIELD RIGHT OF WAY,DANIELS WAY & ZENITH,39.17015031,-86.59829981
902303648,2014,9,6,Weekday,1700,1-Car,No injury/unknown,RAN OFF ROAD RIGHT,PARK RIDGE & SHEFFIELD DR,39.170144,-86.474896
902330096,2014,11,7,Weekend,1300,2-Car,No injury/unknown,,NORTH COLLEGE,39.17009861,-86.53477518
902220266,2014,4,7,Weekend,900,2-Car,No injury/unknown,,N GATES DR,39.1698761,-86.57495117
902225291,2014,4,3,Weekday,1800,2-Car,No injury/unknown,IMPROPER TURNING,N GATES DR,39.1698761,-86.57495117
902225875,2014,4,4,Weekday,1100,2-Car,No injury/unknown,UNSAFE BACKING,N GATES DR,39.1698761,-86.57495117
902234420,2014,5,7,Weekend,1000,2-Car,No injury/unknown,OTHER (DRIVER) - EXPLAIN IN NARRATIVE,NORTH GATES DR,39.1698761,-86.57495117
902319220,2014,10,3,Weekday,1700,2-Car,No injury/unknown,FAILURE TO YIELD RIGHT OF WAY,N GATES,39.1698761,-86.57495117
902277995,2014,8,7,Weekend,1800,2-Car,No injury/unknown,,NORTH GATES DR,39.169876,-86.574951
902182339,2014,2,3,Weekday,1400,1-Car,No injury/unknown,OTHER (DRIVER) - EXPLAIN IN NARRATIVE,ADAMS ST & W VERNAL,39.16984,-86.549696
902211529,2014,4,3,Weekday,1300,1-Car,No injury/unknown,OTHER (DRIVER) - EXPLAIN IN NARRATIVE,ADAMS ST & VERNAL,39.16984,-86.549696
902218022,2014,4,4,Weekday,1200,1-Car,No injury/unknown,DISREGARD SIGNAL/REG SIGN,N ADAMS ST & VERNAL,39.16984,-86.549696
902220124,2014,4,6,Weekday,1500,3+ Cars,No injury/unknown,FOLLOWING TOO CLOSELY,ADAMS ST & VERNAL,39.16984,-86.549696
902280060,2014,8,4,Weekday,1500,1-Car,No injury/unknown,OVERSIZE/OVERWEIGHT LOAD,ADAMS ST & VERNAL,39.16984,-86.549696
902252165,2014,6,5,Weekday,0,2-Car,No injury/unknown,,N FESS AVE,39.16979265,-86.52571527
902292967,2014,9,1,Weekend,1600,1-Car,No injury/unknown,OVERCORRECTING/OVERSTEERING,N INDIANA AVE,39.16976751,-86.52696522
902299817,2014,9,6,Weekend,1900,2-Car,No injury/unknown,,S GRANT ST,39.16975445,-86.529696
902204249,2014,3,2,Weekday,1000,2-Car,No injury/unknown,IMPROPER TURNING,N COLLEGE AVE,39.1697342,-86.53478106
902163108,2014,1,6,Weekend,2200,2-Car,No injury/unknown,OTHER (DRIVER) - EXPLAIN IN NARRATIVE,W 8TH ST,39.16972931,-86.55493061
902338176,2014,11,4,Weekday,900,1-Car,No injury/unknown,UNSAFE BACKING,SPRING & W 8TH,39.169728,-86.5548
902294235,2014,9,3,Weekday,2000,3+ Cars,No injury/unknown,DRIVER DISTRACTED - EXPLAIN IN NARRATIVE,8TH & LINCOLN ST,39.16968933,-86.530992
902276645,2014,8,5,Weekday,600,1-Car,No injury/unknown,ANIMAL/OBJECT IN ROADWAY,BILL MALLORY & ST RD 446 RD,39.16968263,-86.47156007
902235946,2014,5,3,Weekday,900,2-Car,No injury/unknown,UNSAFE BACKING,400 N HOPEWELL ST & W 8TH,39.16968,-86.552192
902298126,2014,9,3,Weekday,2100,2-Car,No injury/unknown,UNSAFE BACKING,500 N ADAMS ST & W 8TH,39.169648,-86.54968
902270308,2014,7,5,Weekday,2000,Pedestrian,Non-incapacitating,FAILURE TO YIELD RIGHT OF WAY,E 8TH & N INDIANA AVE,39.169616,-86.52696
902352641,2014,12,6,Weekday,1000,2-Car,No injury/unknown,FAILURE TO YIELD RIGHT OF WAY,8TH & INDIANA,39.169616,-86.52696
902326605,2014,11,2,Weekday,800,2-Car,No injury/unknown,UNSAFE BACKING,8TH & INDIANA,39.16960922,-86.52643082
902347681,2014,12,5,Weekday,1600,2-Car,No injury/unknown,UNSAFE BACKING,8TH & FESS,39.1696,-86.525712
902336015,2014,11,2,Weekday,700,1-Car,No injury/unknown,ROADWAY SURFACE CONDITION,CAMBRIDGE & SHEFFIELD,39.1696,-86.478336
902238489,2014,5,1,Weekend,1500,2-Car,No injury/unknown,UNSAFE BACKING,N PETE ELLIS DR,39.169584,-86.495904
902252737,2014,6,6,Weekday,1300,2-Car,No injury/unknown,OTHER (DRIVER) - EXPLAIN IN NARRATIVE,N SUNRISE AVE,39.16958034,-86.51238732
902160911,2014,1,5,Weekday,1100,1-Car,No injury/unknown,OTHER (ENVIRONMENTAL) - EXPLAIN IN NARR,S MORTON AVE,39.169568,-86.536
902166054,2014,1,3,Weekday,1900,2-Car,No injury/unknown,IMPROPER TURNING,8TH & COLLEGE AVE,39.169552,-86.534784
902180519,2014,2,7,Weekend,200,2-Car,No injury/unknown,UNSAFE LANE MOVEMENT,NORTH COLLEGE AVE & WEST 8TH,39.169552,-86.534784
902218015,2014,4,3,Weekday,1000,Bus,No injury/unknown,OTHER (DRIVER) - EXPLAIN IN NARRATIVE,8TH & COLLEGE AVE,39.169552,-86.534784
902221348,2014,4,2,Weekday,1500,2-Car,No injury/unknown,IMPROPER TURNING,8TH & COLLEGE AVE,39.169552,-86.534784
902222427,2014,4,4,Weekday,1800,2-Car,No injury/unknown,IMPROPER TURNING,8TH & S COLLEGE AVE,39.169552,-86.534784