Master Record Number,Year,Month,Day,Weekend?,Hour,Collision Type,Injury Type,Primary Factor,Reported_Location,Latitude,Longitude
902224093,2014,4,1,Weekend,1800,2-Car,No injury/unknown,IMPROPER TURNING,8TH & N COLLEGE AVE AVE,39.169552,-86.534784
902243934,2014,6,4,Weekday,700,2-Car,No injury/unknown,IMPROPER TURNING,N COLLEGE ST & W 8TH,39.169552,-86.534784
902247233,2014,6,3,Weekday,1200,2-Car,No injury/unknown,IMPROPER TURNING,N COLLEGE AVE & W 8TH,39.169552,-86.534784
902302874,2014,9,5,Weekday,1500,2-Car,No injury/unknown,UNSAFE LANE MOVEMENT,8TH & COLLEGE AVE,39.169552,-86.534784
902303396,2014,9,6,Weekday,1200,2-Car,No injury/unknown,IMPROPER TURNING,8TH & N COLLEGE AVE,39.169552,-86.534784
902329393,2014,11,6,Weekday,1100,2-Car,No injury/unknown,UNSAFE LANE MOVEMENT,N COLLEGE & W 8TH,39.169552,-86.534784
902229402,2014,5,5,Weekday,700,2-Car,No injury/unknown,FAILURE TO YIELD RIGHT OF WAY,E 8TH & N WALNUT ST,39.169552,-86.533552
902296600,2014,9,1,Weekend,1600,2-Car,No injury/unknown,UNSAFE BACKING,N WALNUT ST,39.169552,-86.533552
902335346,2014,11,1,Weekend,300,2-Car,No injury/unknown,RAN OFF ROAD RIGHT,8TH & N WALNUT,39.169552,-86.533552
902212594,2014,4,5,Weekday,2100,2-Car,No injury/unknown,FAILURE TO YIELD RIGHT OF WAY,8TH & WASHINGTON ST,39.169552,-86.5324
902180537,2014,2,1,Weekend,1400,2-Car,No injury/unknown,FAILURE TO YIELD RIGHT OF WAY,EAST 8TH & NORTH LINCOLN ST,39.169552,-86.530992
902225711,2014,4,4,Weekday,1400,2-Car,No injury/unknown,FAILURE TO YIELD RIGHT OF WAY,8TH & LINCOLN ST,39.169552,-86.530992
902167670,2014,1,5,Weekday,1900,2-Car,No injury/unknown,FAILURE TO YIELD RIGHT OF WAY,8TH ST & WOODLAWN,39.169552,-86.52344
902179913,2014,2,6,Weekend,2000,1-Car,No injury/unknown,RAN OFF ROAD RIGHT,BUSKIRK RD & FRY,39.16952979,-86.55248179
902253530,2014,6,7,Weekend,1700,2-Car,No injury/unknown,FAILURE TO YIELD RIGHT OF WAY,COLLEGE AVE & EIGHTH,39.16950572,-86.53484886
902334729,2014,11,7,Weekend,100,2-Car,No injury/unknown,UNSAFE BACKING,8TH & NORTH CLARK,39.169472,-86.504864
902192644,2014,2,3,Weekday,1700,2-Car,No injury/unknown,UNSAFE BACKING,E 8TH ST & N FORREST,39.16946503,-86.52243684
902290027,2014,9,3,Weekday,700,Pedestrian,No injury/unknown,UNSAFE SPEED,E 8TH & N FORREST AVE,39.16945928,-86.52238299
902249308,2014,6,7,Weekend,0,Moped/Motorcycle,Non-incapacitating,ROADWAY SURFACE CONDITION,8TH & WASHINGTON ST,39.16934601,-86.5324
902308168,2014,10,1,Weekend,400,1-Car,No injury/unknown,OVERCORRECTING/OVERSTEERING,E AMY & N PETE ELLIS DR,39.169312,-86.495888
902301855,2014,9,3,Weekday,2100,2-Car,No injury/unknown,OTHER (DRIVER) - EXPLAIN IN NARRATIVE,NORTH JACOBS DR,39.16931152,-86.57286834
902252766,2014,6,6,Weekday,1300,2-Car,No injury/unknown,,WEST SEVENTH ST,39.169277,-86.537766
902209400,2014,3,5,Weekday,1400,2-Car,No injury/unknown,UNSAFE BACKING,6 TH & MORTON ST,39.16916637,-86.53611011
902265545,2014,7,3,Weekday,1600,2-Car,No injury/unknown,UNSAFE BACKING,E 7TH & N FORREST AVE,39.16897137,-86.52233031
902228757,2014,4,4,Weekday,1400,2-Car,No injury/unknown,DISREGARD SIGNAL/REG SIGN,7TH & JORDAN AVE,39.168944,-86.516016
902293610,2014,9,2,Weekday,1600,Cyclist,No injury/unknown,DISREGARD SIGNAL/REG SIGN,E 7TH & N JORDAN AVE,39.168944,-86.516016
902304351,2014,9,6,Weekend,2300,2-Car,No injury/unknown,UNSAFE BACKING,E 7TH ST & N JORDAN,39.168944,-86.516016
902354674,2014,12,3,Weekday,700,Pedestrian,Non-incapacitating,VIEW OBSTRUCTED,7TH & JORDAN,39.168944,-86.516016
902311719,2014,10,6,Weekday,1700,2-Car,No injury/unknown,UNSAFE LANE MOVEMENT,45 & SOUTH CURRY PIKE,39.16893228,-86.58264923
902265816,2014,7,4,Weekday,1000,2-Car,No injury/unknown,FOLLOWING TOO CLOSELY,7TH & COLLEGE AVE,39.16893066,-86.534784
902216738,2014,4,7,Weekend,1100,3+ Cars,No injury/unknown,UNSAFE BACKING,N GATES DR,39.16889705,-86.57647803
902255959,2014,6,5,Weekday,700,2-Car,No injury/unknown,LEFT OF CENTER,400 BLK S GRANT ST & SMITH,39.168848,-86.481296
902189307,2014,2,4,Weekday,1300,2-Car,No injury/unknown,FOLLOWING TOO CLOSELY,N GATES & W ALEXANDER DR,39.16877288,-86.57629272
902300869,2014,9,2,Weekday,800,Bus,Non-incapacitating,LEFT OF CENTER,ALEXANDER & JACOB DR,39.16877031,-86.57355979
902152119,2014,1,6,Weekday,1800,2-Car,Non-incapacitating,FOLLOWING TOO CLOSELY,ALEXANDER DR & GATES,39.16876025,-86.57642835
902173758,2014,1,6,Weekend,2200,1-Car,No injury/unknown,DRIVER DISTRACTED - EXPLAIN IN NARRATIVE,E 7TH ST,39.168752,-86.5436
902182083,2014,2,6,Weekday,1200,2-Car,No injury/unknown,UNSAFE BACKING,7TH ST,39.168752,-86.5436
902182238,2014,2,3,Weekday,1100,2-Car,No injury/unknown,,EAST 7TH ST,39.168752,-86.5436
902202992,2014,3,5,Weekday,0,2-Car,No injury/unknown,OTHER (DRIVER) - EXPLAIN IN NARRATIVE,E 7TH ST,39.168752,-86.5436
902247089,2014,5,1,Weekend,1600,2-Car,No injury/unknown,DRIVER DISTRACTED - EXPLAIN IN NARRATIVE,EAST 7TH ST,39.168752,-86.5436
902263431,2014,7,5,Weekday,1200,2-Car,No injury/unknown,FAILURE TO YIELD RIGHT OF WAY,E 7TH ST,39.168752,-86.5436
902293441,2014,9,2,Weekday,1200,2-Car,No injury/unknown,UNSAFE BACKING,EAST 7TH ST,39.168752,-86.5436
902324170,2014,10,5,Weekday,1500,2-Car,No injury/unknown,UNSAFE BACKING,EAST 7TH,39.168752,-86.5436
902220258,2014,4,7,Weekend,300,2-Car,No injury/unknown,OTHER (DRIVER) - EXPLAIN IN NARRATIVE,COLLEGE AVE,39.16874743,-86.534784
902345639,2014,12,2,Weekday,300,2-Car,No injury/unknown,OTHER (VEHICLE) - EXPLAIN IN NARRATIVE,E 7TH & N CAMPBELL,39.16873199,-86.51390544
902221923,2014,4,3,Weekday,1700,2-Car,No injury/unknown,RAN OFF ROAD RIGHT,7TH & DUNN ST,39.16872239,-86.52822531
902302875,2014,9,5,Weekday,1600,2-Car,No injury/unknown,UNSAFE BACKING,EAST 7TH ST,39.16872163,-86.54461225
902199113,2014,3,6,Weekday,200,Pedestrian,No injury/unknown,FAILURE TO YIELD RIGHT OF WAY,N WALNUT ST,39.16871445,-86.53356669
902289068,2014,8,1,Weekend,200,1-Car,Non-incapacitating,FAILURE TO YIELD RIGHT OF WAY,N WALNUT ST,39.16871445,-86.53356669
902184709,2014,2,6,Weekday,1500,2-Car,No injury/unknown,SPEED TOO FAST FOR WEATHER CONDITIONS,7TH ST & CAMPBELL,39.16870996,-86.51390009
902194325,2014,2,6,Weekday,1700,1-Car,No injury/unknown,UNSAFE BACKING,W 7TH ST,39.168704,-86.538576
902200081,2014,3,2,Weekday,1100,1-Car,Non-incapacitating,OTHER (VEHICLE) - EXPLAIN IN NARRATIVE,W 7TH ST,39.168704,-86.538576
902248089,2014,6,4,Weekday,1900,2-Car,No injury/unknown,OTHER (DRIVER) - EXPLAIN IN NARRATIVE,7TH ST & ROGERS,39.168704,-86.538576
902155320,2014,1,4,Weekday,1200,2-Car,No injury/unknown,FOLLOWING TOO CLOSELY,7TH ST & MORTON,39.168672,-86.536
902200923,2014,3,3,Weekday,1500,2-Car,No injury/unknown,UNSAFE BACKING,7TH ST & MORTON,39.168672,-86.536
902244996,2014,6,5,Weekday,900,2-Car,No injury/unknown,LEFT OF CENTER,N MORTON ST,39.168672,-86.536
902350203,2014,12,2,Weekday,1900,2-Car,No injury/unknown,UNSAFE BACKING,N MORTON,39.168672,-86.536
902254764,2014,6,3,Weekday,700,2-Car,No injury/unknown,IMPROPER TURNING,W 7TH ST,39.16866318,-86.53532996
902158805,2014,1,5,Weekday,1200,2-Car,No injury/unknown,UNSAFE BACKING,N WALNUT ST,39.16865861,-86.53356767
902188841,2014,2,6,Weekday,200,1-Car,No injury/unknown,OTHER (ENVIRONMENTAL) - EXPLAIN IN NARR,COLLEGE AVE,39.168656,-86.534784
902200090,2014,3,2,Weekday,1100,Pedestrian,Non-incapacitating,FAILURE TO YIELD RIGHT OF WAY,7TH & COLLEGE AVE,39.168656,-86.534784
902212682,2014,4,5,Weekday,1300,2-Car,No injury/unknown,FAILURE TO YIELD RIGHT OF WAY,COLLEGE & WEST 7TH ST,39.168656,-86.534784
902270597,2014,7,6,Weekday,800,1-Car,No injury/unknown,OTHER (DRIVER) - EXPLAIN IN NARRATIVE,N COLLEGE AVE AVE,39.168656,-86.534784
902310789,2014,10,5,Weekday,900,Pedestrian,Non-incapacitating,PEDESTRIAN ACTION,7TH & N COLLEGE AVE,39.168656,-86.534784
902316335,2014,10,7,Weekend,100,2-Car,No injury/unknown,UNSAFE LANE MOVEMENT,7TH & COLLEGE,39.168656,-86.534784
902316551,2014,10,7,Weekend,1600,Bus,No injury/unknown,IMPROPER LANE USAGE,N COLLEGE & W 7TH,39.168656,-86.534784
902339127,2014,11,5,Weekday,1200,2-Car,No injury/unknown,FAILURE TO YIELD RIGHT OF WAY,7TH & WASHINGTON,39.16864,-86.53204717
902349069,2014,12,1,Weekend,1600,2-Car,No injury/unknown,FAILURE TO YIELD RIGHT OF WAY,7TH & LINCOLN,39.16864,-86.53152125
902322972,2014,10,3,Weekday,2300,2-Car,No injury/unknown,FAILURE TO YIELD RIGHT OF WAY,7TH & WASHINGTON,39.16864,-86.53151792
902287469,2014,8,3,Weekday,1400,2-Car,No injury/unknown,FAILURE TO YIELD RIGHT OF WAY,7TH ST & GRANT,39.16864,-86.52983713
902312331,2014,10,6,Weekday,1300,Bus,No injury/unknown,IMPROPER LANE USAGE,7TH ST & GRANT,39.16864,-86.52943138
902234262,2014,5,6,Weekday,1600,Bus,No injury/unknown,OTHER (DRIVER) - EXPLAIN IN NARRATIVE,7TH & NORTH WALNUT ST,39.16864,-86.533568
902266855,2014,7,6,Weekday,100,2-Car,No injury/unknown,UNSAFE LANE MOVEMENT,7TH & WALNUT ST,39.16864,-86.533568
902357048,2014,12,6,Weekday,1100,2-Car,No injury/unknown,OTHER (DRIVER) - EXPLAIN IN NARRATIVE,E 7TH & N WASHINGTON,39.16864,-86.5324
902212489,2014,3,6,Weekday,1600,2-Car,No injury/unknown,UNSAFE BACKING,WEST 7TH ST,39.16864,-86.53176784
902284904,2014,8,6,Weekday,1200,2-Car,No injury/unknown,OTHER (DRIVER) - EXPLAIN IN NARRATIVE,WEST 7TH ST,39.16864,-86.53176784
902165423,2014,1,3,Weekday,1200,1-Car,No injury/unknown,UNSAFE BACKING,314 E 7TH ST & LINCOLN,39.16864,-86.530992
902187971,2014,2,3,Weekday,1400,Bus,No injury/unknown,OVERCORRECTING/OVERSTEERING,7TH ST & GRANT,39.16864,-86.529696
902272762,2014,7,4,Weekday,700,Bus,No injury/unknown,OTHER (VEHICLE) - EXPLAIN IN NARRATIVE,E 7TH ST & N GRANT,39.16864,-86.529696
902347535,2014,12,5,Weekday,1000,2-Car,No injury/unknown,FAILURE TO YIELD RIGHT OF WAY,E 7TH & N GRANT,39.16864,-86.529696
902172985,2014,1,5,Weekday,1000,2-Car,No injury/unknown,FOLLOWING TOO CLOSELY,E 7TH ST & N DUNN,39.16864,-86.528224
902230808,2014,5,5,Weekday,1500,2-Car,No injury/unknown,OVERCORRECTING/OVERSTEERING,DUNN & E 7TH ST,39.16864,-86.528224
902325893,2014,11,1,Weekend,1700,2-Car,Non-incapacitating,DISREGARD SIGNAL/REG SIGN,EAST 7TH & NORTH DUNN,39.16864,-86.528224
902339371,2014,11,5,Weekday,1800,Cyclist,Incapacitating,FAILURE TO YIELD RIGHT OF WAY,7TH & INDIANA,39.16864,-86.526944
902303113,2014,9,5,Weekday,1200,2-Car,No injury/unknown,OTHER (VEHICLE) - EXPLAIN IN NARRATIVE,811 E 7TH ST ALY & WOODLAWN,39.16864,-86.523392
902325364,2014,11,7,Weekend,1700,2-Car,No injury/unknown,FAILURE TO YIELD RIGHT OF WAY,E 7TH,39.16863635,-86.51915565
902225690,2014,4,4,Weekday,1400,2-Car,No injury/unknown,UNSAFE BACKING,E 7TH ST,39.16862958,-86.52294205
902247945,2014,6,4,Weekday,1400,2-Car,No injury/unknown,UNSAFE BACKING,E 7TH ST,39.16862958,-86.52294205
902201623,2014,3,4,Weekday,1400,2-Car,No injury/unknown,UNSAFE BACKING,E 7TH ST,39.16861781,-86.52243407
902303218,2014,9,6,Weekday,800,3+ Cars,No injury/unknown,ANIMAL/OBJECT IN ROADWAY,N PINE & W 7TH ST,39.168608,-86.548384
902179961,2014,2,7,Weekend,1600,2-Car,No injury/unknown,FAILURE TO YIELD RIGHT OF WAY,ROGERS ST & SEVENTH,39.16858993,-86.53867028
902354525,2014,12,2,Weekday,1900,2-Car,No injury/unknown,UNSAFE BACKING,EAST 7TH,39.16858267,-86.52091725
902186717,2014,2,2,Weekday,1100,1-Car,No injury/unknown,OTHER (DRIVER) - EXPLAIN IN NARRATIVE,N ADAMS ST & W 7TH,39.168576,-86.5496
902285439,2014,8,7,Weekend,1800,3+ Cars,No injury/unknown,CELL PHONE USAGE,NORTH COLLEGE AVE & SEVENTH,39.16855976,-86.5348602
902231303,2014,5,6,Weekday,1600,2-Car,No injury/unknown,UNSAFE BACKING,E 7TH ST,39.16854879,-86.5194549
902349573,2014,12,2,Weekday,1200,2-Car,No injury/unknown,LEFT OF CENTER,NORTH JACOBS,39.16852154,-86.57362014
902323969,2014,10,2,Weekday,800,2-Car,No injury/unknown,UNSAFE BACKING,N JACOB,39.16852154,-86.57362014
902305751,2014,9,3,Weekday,1700,2-Car,No injury/unknown,UNSAFE BACKING,INDIANA & SEVENTH ST,39.16851475,-86.52695381
902183135,2014,2,3,Weekday,1600,2-Car,No injury/unknown,PEDESTRIAN ACTION,7TH ST & DUNN,39.16851014,-86.52824125
902238454,2014,5,1,Weekend,1400,2-Car,No injury/unknown,FAILURE TO YIELD RIGHT OF WAY,7TH ST & DUNN,39.16851014,-86.5282499
902284552,2014,8,6,Weekday,1200,2-Car,No injury/unknown,IMPROPER TURNING,7TH ST & DUNN,39.16851014,-86.52823692
902307558,2014,10,6,Weekday,1600,Bus,No injury/unknown,IMPROPER TURNING,SEVENTH & WOODLAWN AVE,39.16849361,-86.5234778
902316625,2014,10,7,Weekend,1900,Bus,Non-incapacitating,IMPROPER PASSING,SEVENTH & WOODLAWN,39.16849361,-86.5234778
902173979,2014,1,6,Weekend,1900,2-Car,No injury/unknown,OTHER (DRIVER) - EXPLAIN IN NARRATIVE,7TH & COLLEGE AVE,39.16849121,-86.534784
902306732,2014,10,4,Weekday,1000,2-Car,No injury/unknown,WRONG WAY ON ONE WAY,900 E 7TH ST & FORREST,39.1684804,-86.52110363
902305524,2014,9,3,Weekday,1100,2-Car,No injury/unknown,UNSAFE BACKING,900 E 7TH (PAYLOT 1) ST & FORREST,39.1684804,-86.52109931
902223576,2014,4,6,Weekend,2200,1-Car,No injury/unknown,LEFT OF CENTER,7TH ST & FORREST,39.16846991,-86.52236701
902278752,2014,8,2,Weekday,600,2-Car,No injury/unknown,FAILURE TO YIELD RIGHT OF WAY,7TH & NORTH FORREST AVE,39.16846991,-86.52234971
902269700,2014,7,4,Weekday,1500,2-Car,No injury/unknown,UNSAFE BACKING,JACOB DR,39.16846848,-86.5732727
902176384,2014,2,3,Weekday,900,2-Car,No injury/unknown,UNSAFE BACKING,E SEVENTH ST,39.1684337,-86.52330391
902178309,2014,2,5,Weekday,1200,2-Car,No injury/unknown,OTHER (DRIVER) - EXPLAIN IN NARRATIVE,E SEVENTH ST,39.1684337,-86.52330391
902307258,2014,10,6,Weekday,1000,1-Car,No injury/unknown,OVERCORRECTING/OVERSTEERING,BRAESIDE & PETE ELLIS DR,39.16838961,-86.49528504
902211483,2014,4,3,Weekday,1400,2-Car,No injury/unknown,FOLLOWING TOO CLOSELY,7TH & WALNUT ST,39.16836537,-86.53357243
902158100,2014,1,7,Weekend,2100,2-Car,No injury/unknown,LEFT OF CENTER,N CURRY & W JONATHAN DR,39.16835994,-86.58303165
902312077,2014,10,3,Weekday,1700,2-Car,No injury/unknown,DISREGARD SIGNAL/REG SIGN,CURRY PIKE & JONATHAN,39.16835994,-86.58297971
902216719,2014,4,1,Weekend,400,1-Car,No injury/unknown,RAN OFF ROAD RIGHT,FRANKLIN RD,39.16832733,-86.57041931
902161441,2014,1,5,Weekday,1400,2-Car,No injury/unknown,IMPROPER TURNING,BRAESIDE DR,39.16829333,-86.49450438
902298959,2014,9,5,Weekday,900,Bus,No injury/unknown,IMPROPER PASSING,7TH & JORDAN AVE,39.16826022,-86.51609645
902304254,2014,9,7,Weekend,2100,2-Car,No injury/unknown,UNSAFE BACKING,SEVENTH ST & UNION,39.16825999,-86.50943682
902189659,2014,1,3,Weekday,1400,1-Car,No injury/unknown,SPEED TOO FAST FOR WEATHER CONDITIONS,E BRAESIDE DR,39.16819967,-86.49439707
902151151,2014,1,5,Weekday,1600,1-Car,No injury/unknown,ROADWAY SURFACE CONDITION,BRAESIDE & PETE ELLIS DR,39.168192,-86.49504
902160585,2014,1,5,Weekday,200,1-Car,Non-incapacitating,RAN OFF ROAD RIGHT,BRAESIDE & PETE ELLIS DR,39.168192,-86.49504
902353563,2014,12,1,Weekend,400,3+ Cars,No injury/unknown,DRIVER ASLEEP OR FATIGUED,E BRAESIDE,39.168192,-86.49504
902362883,2014,12,3,Weekday,2300,Pedestrian,Incapacitating,PEDESTRIAN ACTION,S ROGERS & W CHEROKEE,39.16810935,-86.53883994
902355858,2014,12,4,Weekday,1600,2-Car,No injury/unknown,UNSAFE BACKING,E 7TH & N FORREST,39.16810441,-86.52246745
902199451,2014,3,3,Weekday,800,1-Car,No injury/unknown,DRIVER ASLEEP OR FATIGUED,DANIELS WAY WAY,39.16809082,-86.60018157
902152419,2014,1,7,Weekend,1000,2-Car,No injury/unknown,UNSAFE BACKING,N GATES DR,39.16803807,-86.57621853
902158386,2014,1,1,Weekend,1200,2-Car,No injury/unknown,DRIVER DISTRACTED - EXPLAIN IN NARRATIVE,N GATES DR,39.16803807,-86.57621853
902233657,2014,5,5,Weekday,1500,Cyclist,Non-incapacitating,DRIVER DISTRACTED - EXPLAIN IN NARRATIVE,MORTON ST,39.16797257,-86.536
902249522,2014,6,7,Weekend,1600,2-Car,No injury/unknown,OTHER (DRIVER) - EXPLAIN IN NARRATIVE,N GATES DR,39.16792542,-86.57614074
902212801,2014,4,6,Weekday,900,2-Car,No injury/unknown,OTHER (DRIVER) - EXPLAIN IN NARRATIVE,E BRAESIDE DR,39.16791287,-86.49140341
902158117,2014,1,7,Weekend,2200,1-Car,No injury/unknown,RAN OFF ROAD RIGHT,HARBSION LANE & HARTSTRAIT RD RDS,39.16790195,-86.61216013
902274543,2014,8,6,Weekend,2000,2-Car,No injury/unknown,UNSAFE BACKING,FRANKLIN RD,39.16789246,-86.57160186
902221375,2014,4,1,Weekend,900,2-Car,No injury/unknown,IMPROPER TURNING,GRANT & SIXTH ST,39.16782592,-86.5292404
902183857,2014,2,4,Weekday,1800,2-Car,No injury/unknown,,6TH & WALNUT ST,39.16778532,-86.53358179
902331292,2014,11,2,Weekday,1500,Cyclist,Non-incapacitating,PEDESTRIAN ACTION,E 6TH & INDIANA,39.167744,-86.526928
902308623,2014,10,2,Weekday,900,2-Car,No injury/unknown,FOLLOWING TOO CLOSELY,6TH ST & ADAMS,39.167728,-86.5496
902340555,2014,11,6,Weekend,2200,2-Car,No injury/unknown,FAILURE TO YIELD RIGHT OF WAY,S FRANKLIN & W HOLIDAY,39.16772023,-86.57104991
902229062,2014,5,4,Weekday,1200,2-Car,No injury/unknown,UNSAFE BACKING,E 6TH ST,39.16771592,-86.52933159
902168739,2014,1,7,Weekend,700,2-Car,No injury/unknown,IMPROPER LANE USAGE,6TH & ELM ST,39.167712,-86.5452
902305736,2014,9,3,Weekday,1700,1-Car,No injury/unknown,RAN OFF ROAD RIGHT,6TH ST & ELM,39.167712,-86.5452
902166616,2014,1,4,Weekday,1700,2-Car,No injury/unknown,SPEED TOO FAST FOR WEATHER CONDITIONS,E 6TH ST,39.167712,-86.529696
902200980,2014,3,3,Weekday,1900,2-Car,No injury/unknown,FAILURE TO YIELD RIGHT OF WAY,E 6TH ST & GRANT,39.167712,-86.529696
902334730,2014,8,6,Weekday,200,1-Car,No injury/unknown,RAN OFF ROAD RIGHT,6TH & GRANT,39.167712,-86.529696
902206207,2014,3,5,Weekday,300,2-Car,No injury/unknown,IMPROPER LANE USAGE,N ROGERS & W 6TH ST,39.16768,-86.538592
902340365,2014,11,6,Weekday,1300,2-Car,No injury/unknown,FAILURE TO YIELD RIGHT OF WAY,N ROGERS & W 6TH,39.16768,-86.538592
902285364,2014,8,1,Weekend,1400,2-Car,No injury/unknown,OTHER (DRIVER) - EXPLAIN IN NARRATIVE,E 7TH ST,39.16767543,-86.50108343
902352919,2014,12,5,Weekday,1300,Cyclist,Non-incapacitating,IMPROPER PASSING,6TH & MADISON,39.167664,-86.537296
902289193,2014,8,1,Weekend,1400,2-Car,No injury/unknown,UNSAFE LANE MOVEMENT,NORTH MORTON & WEST 6TH ST,39.167664,-86.536
902322171,2014,10,2,Weekday,1600,2-Car,Non-incapacitating,DRIVER DISTRACTED - EXPLAIN IN NARRATIVE,E 6TH & N WASHINGTON,39.167664,-86.5324
902254558,2014,6,2,Weekday,1800,2-Car,No injury/unknown,UNSAFE BACKING,E 7TH ST,39.16766041,-86.50054269
902258089,2014,7,3,Weekday,1000,2-Car,No injury/unknown,UNSAFE BACKING,6TH ST & WASHINGTON,39.16765923,-86.53275278
902269513,2014,7,4,Weekday,1200,2-Car,No injury/unknown,OTHER (DRIVER) - EXPLAIN IN NARRATIVE,E 7TH ST,39.16765649,-86.50040163
902258120,2014,6,2,Weekday,1700,2-Car,No injury/unknown,UNSAFE BACKING,E 6TH ST,39.16764996,-86.53343902
902203613,2014,3,7,Weekend,1800,Bus,No injury/unknown,UNSAFE BACKING,6TH ST & COLLEGE,39.16764939,-86.53488983
902222767,2014,4,5,Weekday,1100,2-Car,No injury/unknown,IMPROPER TURNING,N COLLEGE AVE & W 6TH,39.167648,-86.534784
902236882,2014,5,4,Weekday,1300,2-Car,Non-incapacitating,DISREGARD SIGNAL/REG SIGN,6TH & COLLEGE AVE,39.167648,-86.534784
902262394,2014,7,4,Weekday,1100,2-Car,Incapacitating,IMPROPER TURNING,6TH & COLLEGE AVE,39.167648,-86.534784
902288652,2014,8,6,Weekday,1500,2-Car,No injury/unknown,FOLLOWING TOO CLOSELY,S COLLEGE AVE & W 6TH,39.167648,-86.534784
902305341,2014,9,3,Weekday,800,2-Car,No injury/unknown,UNSAFE BACKING,COLLEGE & W 6TH ST,39.167648,-86.534784
902360845,2014,12,6,Weekday,1300,2-Car,No injury/unknown,UNSAFE BACKING,6TH & COLLEGE,39.167648,-86.534784
902375752,2014,12,4,Weekday,300,1-Car,No injury/unknown,RAN OFF ROAD RIGHT,6TH & COLLEGE,39.167648,-86.534784
902213562,2014,4,7,Weekend,1200,1-Car,No injury/unknown,UNSAFE BACKING,E 6TH ST & WALNUT,39.167648,-86.533584
902277749,2014,8,7,Weekend,100,2-Car,No injury/unknown,UNSAFE BACKING,E 6TH ST & WALNUT,39.167648,-86.533584
902291832,2014,8,3,Weekday,1100,2-Car,No injury/unknown,UNSAFE LANE MOVEMENT,EAST 6TH & NORTH WALNUT ST,39.167648,-86.533584
902311164,2014,10,5,Weekday,1400,2-Car,No injury/unknown,UNSAFE BACKING,SIXTH ST & WALNUT,39.167648,-86.533584
902181347,2014,2,1,Weekend,1800,2-Car,No injury/unknown,FOLLOWING TOO CLOSELY,E 7TH & SR46N,39.167648,-86.500096
902239842,2014,5,3,Weekday,1500,2-Car,Non-incapacitating,FOLLOWING TOO CLOSELY,E 7TH & SR46S,39.167648,-86.500096
902285355,2014,8,1,Weekend,1100,3+ Cars,No injury/unknown,FOLLOWING TOO CLOSELY,7TH & SR46E,39.167648,-86.500096
902320714,2014,10,6,Weekday,1400,3+ Cars,Incapacitating,FOLLOWING TOO CLOSELY,7TH & SR46E,39.167648,-86.500096
902325357,2014,11,7,Weekend,1300,3+ Cars,No injury/unknown,FAILURE TO YIELD RIGHT OF WAY,7TH & STATE  46,39.167648,-86.500096
902232455,2014,5,3,Weekday,1600,1-Car,No injury/unknown,OTHER (DRIVER) - EXPLAIN IN NARRATIVE,N JORDAN AVE,39.1676,-86.516168
902232983,2014,5,4,Weekday,1400,1-Car,No injury/unknown,OTHER (DRIVER) - EXPLAIN IN NARRATIVE,N JORDAN AVE,39.1676,-86.516168
902183019,2014,2,4,Weekday,900,2-Car,No injury/unknown,FAILURE TO YIELD RIGHT OF WAY,N JORDAN AVE,39.16756058,-86.51656342
902183044,2014,2,4,Weekday,1200,2-Car,No injury/unknown,FOLLOWING TOO CLOSELY,N JORDAN AVE,39.16756058,-86.51656342
902159442,2014,1,2,Weekday,1600,2-Car,No injury/unknown,UNSAFE BACKING,N JORDAN AVE,39.16756058,-86.51656341
902298131,2014,9,4,Weekday,200,3+ Cars,No injury/unknown,UNSAFE LANE MOVEMENT,6TH ST & DUNN,39.16752979,-86.52825996
902213942,2014,4,2,Weekday,900,3+ Cars,No injury/unknown,UNSAFE LANE MOVEMENT,6TH & COLLEGE AVE,39.16748322,-86.53478662
902223790,2014,4,6,Weekday,1700,3+ Cars,No injury/unknown,UNSAFE SPEED,PROFILE & SR48W,39.16744995,-86.59239629
902170604,2014,1,2,Weekday,900,2-Car,No injury/unknown,FOLLOWING TOO CLOSELY,PROFILE & SR48W,39.16744995,-86.59239196
902299616,2014,9,7,Weekend,1800,2-Car,No injury/unknown,DRIVER DISTRACTED - EXPLAIN IN NARRATIVE,PROFILE & SR48W,39.16744995,-86.59239196
902193519,2014,2,5,Weekday,1000,2-Car,No injury/unknown,FAILURE TO YIELD RIGHT OF WAY,PROFILE & SR48E,39.16744995,-86.59230537
902285074,2014,8,7,Weekend,1500,3+ Cars,No injury/unknown,FOLLOWING TOO CLOSELY,EAST 7TH & SR46E,39.16739189,-86.49996854
902348684,2014,12,6,Weekend,1900,1-Car,No injury/unknown,IMPROPER TURNING,NORTH JORDAN,39.16733692,-86.51619253
902195497,2014,3,1,Weekend,1200,Bus,No injury/unknown,ROADWAY SURFACE CONDITION,JORDAN AVE & UNIVERSITY,39.16718982,-86.51598013
902319354,2014,10,4,Weekday,1400,2-Car,No injury/unknown,IMPROPER TURNING,DUNN & KIRKWOOD,39.16718928,-86.52820008