Master Record Number,Year,Month,Day,Weekend?,Hour,Collision Type,Injury Type,Primary Factor,Reported_Location,Latitude,Longitude
902297479,2014,9,2,Weekday,1700,2-Car,No injury/unknown,FAILURE TO YIELD RIGHT OF WAY,INDIANA AVE & KIRKWOOD,39.16718917,-86.52691192
902237575,2014,5,3,Weekday,1400,1-Car,No injury/unknown,UNSAFE BACKING,JOHNSON AVE,39.16708441,-86.564992
902232326,2014,5,3,Weekday,1100,2-Car,Non-incapacitating,FOLLOWING TOO CLOSELY,KIRKWOOD & ROGERS ST,39.16694664,-86.53860364
902269011,2014,7,3,Weekday,0,2-Car,Non-incapacitating,FAILURE TO YIELD RIGHT OF WAY,LONGVIEW & PETE ELLIS DR,39.166944,-86.495056
902321871,2014,10,7,Weekend,1100,2-Car,No injury/unknown,FAILURE TO YIELD RIGHT OF WAY,LONGVIEW & PETE ELLIS,39.166944,-86.495056
902286140,2014,8,2,Weekday,1400,Moped/Motorcycle,Incapacitating,FAILURE TO YIELD RIGHT OF WAY,LONGVIEW & PETE ELLIS DR,39.166944,-86.495056
902315584,2014,10,5,Weekday,1700,2-Car,No injury/unknown,DISREGARD SIGNAL/REG SIGN,LONGVIEW & PETE ELLIS,39.166944,-86.495056
902209876,2014,3,6,Weekday,1500,2-Car,No injury/unknown,FAILURE TO YIELD RIGHT OF WAY,DUNN ST & KIRKWOOD,39.16691464,-86.52819604
902209743,2014,3,3,Weekday,2100,2-Car,No injury/unknown,UNSAFE BACKING,N UNION ST,39.1669022,-86.50929665
902315988,2014,10,6,Weekday,1300,3+ Cars,Non-incapacitating,FOLLOWING TOO CLOSELY,7TH & SR46N,39.16687968,-86.49971363
902238467,2014,5,1,Weekend,1400,2-Car,No injury/unknown,OTHER (DRIVER) - EXPLAIN IN NARRATIVE,EAST KIRKWOOD AVE,39.16687012,-86.53253173
902300280,2014,9,7,Weekend,0,1-Car,No injury/unknown,UNSAFE SPEED,WEST KIRKWOOD AVE,39.166862,-86.552734
902288585,2014,8,6,Weekday,1400,1-Car,No injury/unknown,VIEW OBSTRUCTED,EAST KIRKWOOD AVE & N FORREST,39.16684985,-86.5215266
902202858,2014,3,6,Weekday,1000,2-Car,No injury/unknown,IMPROPER TURNING,800 N UNION (PARKING LOT) ST & UNION,39.166848,-86.509296
902220454,2014,4,7,Weekend,400,3+ Cars,No injury/unknown,IMPROPER LANE USAGE,UNION & UNION ST,39.166848,-86.509296
902218318,2014,4,3,Weekday,1500,2-Car,Non-incapacitating,DISREGARD SIGNAL/REG SIGN,E 5TH & N JEFFERSON ST,39.166848,-86.506992
902314493,2014,10,4,Weekday,1000,2-Car,No injury/unknown,FAILURE TO YIELD RIGHT OF WAY,FORREST & KIRKWOOD,39.16684656,-86.52156857
902233768,2014,5,5,Weekday,1100,2-Car,No injury/unknown,UNSAFE LANE MOVEMENT,DUNN ST & KIRKWOOD,39.16684598,-86.52819503
902284767,2014,8,6,Weekday,1400,2-Car,No injury/unknown,UNSAFE BACKING,KIRKWOOD AVE & RITTER,39.166832,-86.550992
902172946,2014,1,5,Weekday,1000,2-Car,No injury/unknown,UNSAFE BACKING,EAST KIRKWOOD AVE,39.16681671,-86.52758789
902272672,2014,7,4,Weekday,900,2-Car,No injury/unknown,IMPROPER LANE USAGE,ADAMS ST & KIRKWOOD,39.166816,-86.549488
902300215,2014,9,7,Weekend,2000,1-Car,No injury/unknown,RAN OFF ROAD RIGHT,ADAMS ST & KIRKWOOD,39.166816,-86.549488
902229767,2014,4,1,Weekday,2300,2-Car,No injury/unknown,UNSAFE BACKING,N PARK RIDGE RD,39.1668,-86.475248
902184429,2014,2,6,Weekday,1300,2-Car,No injury/unknown,UNSAFE BACKING,E KIRKWOOD AVE,39.16678078,-86.52203053
902159379,2014,1,2,Weekday,1900,2-Car,Non-incapacitating,FAILURE TO YIELD RIGHT OF WAY,ELM & WEST KIRKWOOD AVE,39.166768,-86.5452
902222862,2014,4,5,Weekday,1300,2-Car,No injury/unknown,FAILURE TO YIELD RIGHT OF WAY,ELM & KIRKWOOD AVE,39.166768,-86.5452
902334744,2014,11,7,Weekend,200,1-Car,No injury/unknown,IMPROPER LANE USAGE,ELM & KIRKWOOD,39.166768,-86.5452
902165260,2014,1,3,Weekday,1400,2-Car,No injury/unknown,IMPROPER LANE USAGE,KIRKWOOD AVE & WALDRON,39.16674129,-86.54386453
902358144,2014,12,1,Weekend,1400,2-Car,No injury/unknown,,820 W KIRKWOOD & N WALDRON,39.166736,-86.5436
902348356,2014,12,6,Weekday,1800,2-Car,No injury/unknown,FOLLOWING TOO CLOSELY,SR46 & SR46E,39.16673556,-86.46073617
902195217,2014,3,1,Weekend,1600,2-Car,No injury/unknown,UNSAFE LANE MOVEMENT,KIRKWOOD AVE & WALDRON,39.16672662,-86.54271802
902319972,2014,10,5,Weekday,1700,1-Car,No injury/unknown,OTHER (DRIVER) - EXPLAIN IN NARRATIVE,KIRKWOOD & MAPLE,39.16672225,-86.54230767
902236731,2014,5,4,Weekday,1500,2-Car,Non-incapacitating,FAILURE TO YIELD RIGHT OF WAY,MAPLE & W KIRKWOOD AVE,39.16672,-86.542096
902334965,2014,11,7,Weekend,1500,2-Car,No injury/unknown,DISREGARD SIGNAL/REG SIGN,KIRKWOOD & MAPLE,39.16672,-86.542096
902169371,2014,1,5,Weekday,1700,2-Car,No injury/unknown,LEFT OF CENTER,N DANIELS WAY,39.16671172,-86.59908838
902217125,2014,4,5,Weekday,1300,2-Car,No injury/unknown,OTHER (DRIVER) - EXPLAIN IN NARRATIVE,DANIELS WAY,39.16671172,-86.59908838
902288537,2014,8,6,Weekday,1600,2-Car,No injury/unknown,UNSAFE BACKING,N DANIELS WAY,39.16671172,-86.59908838
902295941,2014,9,5,Weekday,1600,2-Car,No injury/unknown,UNSAFE LANE MOVEMENT,DANIELS WAY,39.16671172,-86.59908838
902312074,2014,10,5,Weekday,1400,1-Car,No injury/unknown,BRAKE FAILURE OR DEFECTIVE,N CURRY PIKE,39.166704,-86.58298726
902213132,2014,4,6,Weekend,2000,2-Car,No injury/unknown,FAILURE TO YIELD RIGHT OF WAY,FAIRVIEW & KIRKWOOD AVE,39.166704,-86.5408
902168497,2014,1,6,Weekday,1500,2-Car,No injury/unknown,FAILURE TO YIELD RIGHT OF WAY,FAIRVIEW & KIRKWOOD AVE,39.16669262,-86.54009451
902321314,2014,10,1,Weekend,1400,2-Car,No injury/unknown,FAILURE TO YIELD RIGHT OF WAY,KIRKWOOD & ROGERS,39.16667553,-86.53887258
902182777,2014,2,4,Weekday,900,2-Car,No injury/unknown,IMPROPER LANE USAGE,KIRKWOOD & ROGERS ST,39.166672,-86.538608
902284909,2014,8,5,Weekday,900,2-Car,Non-incapacitating,IMPROPER LANE USAGE,N ROGERS & W KIRKWOOD AVE,39.166672,-86.538608
902299200,2014,9,5,Weekday,1400,2-Car,No injury/unknown,FAILURE TO YIELD RIGHT OF WAY,N ROGERS & W KIRKWOOD AVE,39.166672,-86.538608
902303374,2014,9,6,Weekday,1000,2-Car,Non-incapacitating,FOLLOWING TOO CLOSELY,S ROGERS & W KIRKWOOD AVE,39.166672,-86.538608
902291712,2014,9,5,Weekday,1600,2-Car,No injury/unknown,FAILURE TO YIELD RIGHT OF WAY,N ELM & W KIRKWOOD AVE,39.16666376,-86.54527512
902285856,2014,8,2,Weekday,900,2-Car,No injury/unknown,FAILURE TO YIELD RIGHT OF WAY,S ELM & W KIRKWOOD AVE,39.16666009,-86.54527992
902226137,2014,5,5,Weekday,1300,2-Car,No injury/unknown,FAILURE TO YIELD RIGHT OF WAY,KIRKWOOD AVE & MADISON,39.166656,-86.537296
902259805,2014,7,6,Weekday,800,2-Car,Non-incapacitating,FAILURE TO YIELD RIGHT OF WAY,KIRKWOOD & MADISON ST,39.166656,-86.537296
902293934,2014,9,3,Weekday,900,2-Car,No injury/unknown,FAILURE TO YIELD RIGHT OF WAY,S MADISON & W KIRKWOOD AVE,39.166656,-86.537296
902355246,2014,12,3,Weekday,1700,2-Car,No injury/unknown,FAILURE TO YIELD RIGHT OF WAY,KIRKWOOD & MADISON,39.166656,-86.537296
902314239,2014,10,3,Weekday,1300,2-Car,No injury/unknown,UNSAFE BACKING,W KIRKWOOD,39.16664229,-86.53626743
902275539,2014,7,7,Weekend,400,1-Car,No injury/unknown,OTHER (DRIVER) - EXPLAIN IN NARRATIVE,DUNN & KIRKWOOD AVE,39.16664,-86.52854482
902210239,2014,3,1,Weekend,300,2-Car,No injury/unknown,FOLLOWING TOO CLOSELY,KIRKWOOD ST & WALNUT,39.16664,-86.53374113
902356525,2014,12,5,Weekday,1500,2-Car,No injury/unknown,OTHER (DRIVER) - EXPLAIN IN NARRATIVE,100 BLK E KIRKWOOD & WASHINGTON,39.16664,-86.53257641
902282341,2014,8,2,Weekday,1300,Bus,Non-incapacitating,FOLLOWING TOO CLOSELY,DUNN & KIRKWOOD AVE,39.16664,-86.52836841
902289181,2014,8,7,Weekend,1100,2-Car,No injury/unknown,FAILURE TO YIELD RIGHT OF WAY,GRAND & N CURRY PIKE,39.16664,-86.582992
902163852,2014,1,2,Weekday,100,2-Car,No injury/unknown,UNSAFE BACKING,COLLEGE AVE & KIRKWOOD,39.16664,-86.5348
902184842,2014,2,6,Weekday,1800,2-Car,No injury/unknown,OTHER (DRIVER) - EXPLAIN IN NARRATIVE,COLLEGE & KIRKWOOD AVE,39.16664,-86.5348
902185700,2014,2,7,Weekend,2000,Pedestrian,Non-incapacitating,FAILURE TO YIELD RIGHT OF WAY,N COLLEGE & W KIRKWOOD AVE,39.16664,-86.5348
902192615,2014,2,3,Weekday,1300,2-Car,No injury/unknown,UNSAFE BACKING,COLLEGE & KIRKWOOD AVE,39.16664,-86.5348
902199126,2014,3,7,Weekend,700,2-Car,No injury/unknown,DISREGARD SIGNAL/REG SIGN,COLLEGE & KIRKWOOD AVE,39.16664,-86.5348
902209459,2014,3,6,Weekday,200,2-Car,Non-incapacitating,DISREGARD SIGNAL/REG SIGN,COLLEGE AVE & KIRKWOOD,39.16664,-86.5348
902269375,2014,7,3,Weekday,1300,2-Car,No injury/unknown,FOLLOWING TOO CLOSELY,COLLEGE AVE & KIRKWOOD,39.16664,-86.5348
902323238,2014,10,4,Weekday,1000,Pedestrian,Non-incapacitating,FAILURE TO YIELD RIGHT OF WAY,COLLEGE & KIRKWOOD,39.16664,-86.5348
902284989,2014,8,7,Weekend,1300,2-Car,No injury/unknown,UNSAFE BACKING,COLLEGE AVE & KIRKWOOD,39.16664,-86.5348
902288651,2014,8,6,Weekday,1700,Bus,No injury/unknown,IMPROPER TURNING,S COLLEGE & W KIRKWOOD AVE,39.16664,-86.5348
902311962,2014,10,5,Weekday,1000,Bus,No injury/unknown,UNSAFE BACKING,COLLEGE AVE & KIRKWOOD,39.16664,-86.5348
902349421,2014,12,2,Weekday,900,2-Car,No injury/unknown,UNSAFE BACKING,COLLEGE & WEST KIRKWOOD,39.16664,-86.5348
902212053,2014,4,4,Weekday,1700,2-Car,Non-incapacitating,FOLLOWING TOO CLOSELY,KIRKWOOD & NORTH WALNUT ST,39.16664,-86.5336
902216216,2014,4,6,Weekday,1100,2-Car,No injury/unknown,DISREGARD SIGNAL/REG SIGN,KIRKWOOD & WALNUT ST,39.16664,-86.5336
902223027,2014,4,4,Weekday,2300,2-Car,No injury/unknown,DISREGARD SIGNAL/REG SIGN,KIRKWOOD & WALNUT ST,39.16664,-86.5336
902230807,2014,5,7,Weekend,2000,2-Car,No injury/unknown,UNSAFE BACKING,N WALNUT & W KIRKWOOD AVE,39.16664,-86.5336
902238821,2014,5,1,Weekend,900,3+ Cars,Non-incapacitating,FOLLOWING TOO CLOSELY,KIRKWOOD AVE & WALNUT,39.16664,-86.5336
902251938,2014,6,5,Weekday,1200,Cyclist,Non-incapacitating,FAILURE TO YIELD RIGHT OF WAY,KIRKWOOD AVE & WALNUT,39.16664,-86.5336
902258474,2014,7,4,Weekday,0,2-Car,No injury/unknown,OTHER (DRIVER) - EXPLAIN IN NARRATIVE,KIRKWOOD & WALNUT ST,39.16664,-86.5336
902263629,2014,7,6,Weekday,1700,2-Car,No injury/unknown,FAILURE TO YIELD RIGHT OF WAY,KIRKWOOD & WALNUT ST,39.16664,-86.5336
902267792,2014,7,1,Weekend,200,2-Car,Non-incapacitating,OTHER (DRIVER) - EXPLAIN IN NARRATIVE,KIRKWOOD AVE & WALNUT,39.16664,-86.5336
902319287,2014,9,2,Weekday,1400,2-Car,No injury/unknown,DISREGARD SIGNAL/REG SIGN,KIRKWOOD & WALNUT,39.16664,-86.5336
902334118,2014,11,6,Weekday,900,2-Car,Non-incapacitating,FAILURE TO YIELD RIGHT OF WAY,KIRKWOOD & WALNUT,39.16664,-86.5336
902175041,2014,2,7,Weekend,2000,2-Car,No injury/unknown,OTHER (DRIVER) - EXPLAIN IN NARRATIVE,KIRKWOOD & WASHINGTON ST,39.16664,-86.5324
902174136,2014,1,6,Weekend,2300,Pedestrian,Non-incapacitating,FAILURE TO YIELD RIGHT OF WAY,KIRKWOOD & S LINCOLN,39.16664,-86.530992
902293354,2014,9,2,Weekday,1100,2-Car,No injury/unknown,DISREGARD SIGNAL/REG SIGN,E KIRKWOOD AVE & LINCOLN,39.16664,-86.530992
902290149,2014,9,3,Weekday,1100,2-Car,No injury/unknown,DISREGARD SIGNAL/REG SIGN,E KIRKWOOD AVE & LINCOLN,39.16664,-86.530992
902190429,2014,2,6,Weekday,1500,2-Car,No injury/unknown,DRIVER DISTRACTED - EXPLAIN IN NARRATIVE,E KIRKWOOD AVE,39.16664,-86.53096555
902260466,2014,7,1,Weekend,1400,2-Car,No injury/unknown,UNSAFE BACKING,E KIRKWOOD AVE,39.16664,-86.53096555
902213604,2014,4,1,Weekend,1200,2-Car,Non-incapacitating,OTHER (DRIVER) - EXPLAIN IN NARRATIVE,GRANT & KIRKWOOD AVE,39.16664,-86.529696
902205903,2014,3,6,Weekday,1300,2-Car,No injury/unknown,IMPROPER TURNING,E KIRKWOOD AVE,39.16664,-86.52923559
902349041,2014,12,6,Weekday,0,2-Car,No injury/unknown,,E KIRKWOOD,39.16664,-86.52923559
902206627,2014,3,6,Weekday,1700,Cyclist,No injury/unknown,FAILURE TO YIELD RIGHT OF WAY,DUNN & KIRKWOOD AVE,39.16664,-86.528192
902219332,2014,4,5,Weekday,1300,Pedestrian,Non-incapacitating,PEDESTRIAN ACTION,DUNN ST & KIRKWOOD,39.16664,-86.528192
902220431,2014,4,7,Weekend,2300,2-Car,No injury/unknown,UNSAFE BACKING,DUNN & KIRKWOOD AVE,39.16664,-86.528192
902274410,2014,8,7,Weekend,1300,2-Car,No injury/unknown,UNSAFE BACKING,S DUNN ST,39.16664,-86.528192
902305427,2014,9,2,Weekday,1900,2-Car,No injury/unknown,OTHER (DRIVER) - EXPLAIN IN NARRATIVE,DUNN ST & KIRKWOOD,39.16664,-86.528192
902310877,2014,10,5,Weekday,1200,2-Car,No injury/unknown,IMPROPER LANE USAGE,S DUNN ST,39.16664,-86.528192
902259982,2014,7,6,Weekday,1700,2-Car,No injury/unknown,IMPROPER TURNING,E KIRKWOOD AVE,39.16664,-86.52798041
902215278,2014,4,4,Weekday,1700,2-Car,No injury/unknown,UNSAFE BACKING,N INDIANA AVE,39.16664,-86.526896
902258945,2014,7,4,Weekday,1700,2-Car,No injury/unknown,UNSAFE BACKING,N INDIANA AVE,39.16664,-86.526896
902284728,2014,8,6,Weekday,1600,Cyclist,Non-incapacitating,DISREGARD SIGNAL/REG SIGN,INDIANA AVE & KIRKWOOD,39.16664,-86.526896
902301601,2014,9,5,Weekday,1800,2-Car,No injury/unknown,FOLLOWING TOO CLOSELY,KERR CREEK & SR46E,39.16664,-86.462496
902369473,2014,12,4,Weekday,1500,2-Car,No injury/unknown,FOLLOWING TOO CLOSELY,E KERR CREEK & SR46E,39.16664,-86.462496
902225704,2014,4,4,Weekday,1600,Cyclist,Non-incapacitating,IMPROPER LANE USAGE,SOUTH JORDAN AVE,39.1666165,-86.51632212
902344428,2014,11,7,Weekend,1300,2-Car,No injury/unknown,FAILURE TO YIELD RIGHT OF WAY,KIRKWOOD & MADISON,39.16660979,-86.53741971
902256424,2014,6,6,Weekday,1500,2-Car,No injury/unknown,FAILURE TO YIELD RIGHT OF WAY,SOUTH ROGERS ST & WEST KIRKWOOD,39.16660979,-86.53868973
902224700,2014,4,2,Weekday,1300,2-Car,No injury/unknown,UNSAFE BACKING,KIRKWOOD AVE,39.16660376,-86.53088383
902315467,2014,10,3,Weekday,1600,2-Car,No injury/unknown,FOLLOWING TOO CLOSELY,KERR CREEK & SR46E,39.16660144,-86.4631999
902348443,2014,12,6,Weekend,2200,Pedestrian,Non-incapacitating,FAILURE TO YIELD RIGHT OF WAY,COLLEGE & KIRKWOOD,39.16659974,-86.53488033
902184838,2014,2,6,Weekday,1500,Bus,No injury/unknown,OTHER (ENVIRONMENTAL) - EXPLAIN IN NARR,KIRKWOOD AVE & MORTON,39.16658968,-86.53604977
902302381,2014,9,4,Weekday,1800,2-Car,Incapacitating,DRIVER DISTRACTED - EXPLAIN IN NARRATIVE,KIRKWOOD AVE & MORTON,39.16658968,-86.53604544
902230529,2014,5,7,Weekend,100,2-Car,No injury/unknown,UNSAFE BACKING,KIRKWOOD AVE,39.16658498,-86.52805276
902219139,2014,4,5,Weekday,800,Bus,No injury/unknown,OTHER (DRIVER) - EXPLAIN IN NARRATIVE,KIRKWOOD & S WALNUT ST,39.16658029,-86.53361029
902186278,2014,2,2,Weekday,1100,2-Car,No injury/unknown,UNSAFE BACKING,S KINGSTON DR,39.16655822,-86.492816
902321412,2014,10,1,Weekday,1900,2-Car,No injury/unknown,UNSAFE BACKING,KINGSTON,39.16655822,-86.492816
902175803,2014,2,2,Weekday,1400,2-Car,No injury/unknown,IMPROPER PASSING,INDIANA AVE & KIRKWOOD,39.16655366,-86.52692866
902311986,2014,10,7,Weekend,1000,1-Car,No injury/unknown,IMPROPER TURNING,GRANT ST,39.16647804,-86.52969861
902282270,2014,8,2,Weekday,1300,2-Car,No injury/unknown,UNSAFE BACKING,SOUTH INDIANA AVE,39.16647804,-86.52688816
902159997,2014,1,2,Weekday,800,1-Car,Non-incapacitating,RAN OFF ROAD RIGHT,SR48E & VERNAL,39.16645885,-86.65646929
902205921,2014,3,5,Weekday,1000,2-Car,No injury/unknown,UNSAFE BACKING,UNION & UNION ST,39.16643602,-86.509296
902166807,2014,1,5,Weekday,700,2-Car,No injury/unknown,OTHER (DRIVER) - EXPLAIN IN NARRATIVE,INDIANA AVE & KIRKWOOD,39.16643415,-86.52688604
902277438,2014,8,6,Weekday,1400,2-Car,No injury/unknown,IMPROPER LANE USAGE,INDIANA AVE & KIRKWOOD,39.16643415,-86.52688604
902258462,2014,7,4,Weekday,0,1-Car,Non-incapacitating,OTHER (DRIVER) - EXPLAIN IN NARRATIVE,KIRKWOOD & WALNUT ST,39.16643401,-86.5336
902309807,2014,10,3,Weekday,1600,1-Car,No injury/unknown,RAN OFF ROAD RIGHT,E MORNINGSIDE & N SMITH RD,39.166432,-86.4812
902253540,2014,6,1,Weekday,1900,2-Car,No injury/unknown,OTHER (VEHICLE) - EXPLAIN IN NARRATIVE,E MORNINGSIDE DR,39.166416,-86.482592
902270006,2014,7,3,Weekday,1600,2-Car,No injury/unknown,DRIVER DISTRACTED - EXPLAIN IN NARRATIVE,LORI LANE & SR46E,39.16637966,-86.46634172
902161883,2014,1,6,Weekday,300,1-Car,No injury/unknown,OTHER (DRIVER) - EXPLAIN IN NARRATIVE,KIRKWOOD AVE,39.16635132,-86.54004669
902300371,2014,9,7,Weekend,1400,2-Car,No injury/unknown,LEFT OF CENTER,KINGS & SR46E,39.1662982,-86.45443961
902346973,2014,12,4,Weekday,1200,2-Car,No injury/unknown,UNSAFE BACKING,N SMITH,39.16627701,-86.4812
902217959,2014,4,3,Weekday,700,2-Car,No injury/unknown,FAILURE TO YIELD RIGHT OF WAY,S ADAMS ST,39.16621786,-86.54973883
902152900,2014,1,1,Weekend,900,1-Car,No injury/unknown,SPEED TOO FAST FOR WEATHER CONDITIONS,ALLEN & PATTERSON DR,39.16620219,-86.54330983
902265246,2014,7,3,Weekday,1200,2-Car,Non-incapacitating,FAILURE TO YIELD RIGHT OF WAY,LANDMARK AVE & WEST ARCH HAVEN,39.16619682,-86.55405007
902325081,2014,10,6,Weekend,2000,Pedestrian,Non-incapacitating,UNSAFE BACKING,KIMBLE & MARLENE,39.166144,-86.568
902310070,2014,10,4,Weekday,1000,1-Car,No injury/unknown,ANIMAL/OBJECT IN ROADWAY,KINGS & SR46E,39.1661273,-86.45416341
902214028,2014,4,2,Weekday,1100,2-Car,No injury/unknown,UNSAFE LANE MOVEMENT,3RD & SR37N,39.16612236,-86.57302593
902195019,2014,3,1,Weekend,1100,2-Car,No injury/unknown,SPEED TOO FAST FOR WEATHER CONDITIONS,SR37S & VERNAL,39.16604076,-86.57303249
902168196,2014,1,6,Weekday,1000,2-Car,No injury/unknown,FOLLOWING TOO CLOSELY,JORDAN AVE & THIRD,39.16602635,-86.5164198
902282247,2014,8,2,Weekday,1200,2-Car,No injury/unknown,IMPROPER TURNING,S DUNN ST,39.16597192,-86.52815967
902160555,2014,1,4,Weekday,2200,1-Car,No injury/unknown,RAN OFF ROAD RIGHT,BEAUMONT & N JOHNSON AVE,39.165968,-86.564992
902323895,2014,10,5,Weekday,1100,2-Car,No injury/unknown,FAILURE TO YIELD RIGHT OF WAY,BROADWAY & CURRY,39.16584,-86.582992
902277703,2014,8,3,Weekday,1900,1-Car,No injury/unknown,ANIMAL/OBJECT IN ROADWAY,KINGS & SR46E,39.16578549,-86.45361103
902157579,2014,1,7,Weekend,700,1-Car,No injury/unknown,ANIMAL/OBJECT IN ROADWAY,NORTH LOWER BIRDIE GALYAN & SR46E,39.16574097,-86.41192626
902246828,2014,6,5,Weekday,1600,2-Car,No injury/unknown,FOLLOWING TOO CLOSELY,LOWER BIRDIE GALYAN & SR46E,39.16574097,-86.41192626
902361475,2014,12,1,Weekend,300,1-Car,No injury/unknown,ANIMAL/OBJECT IN ROADWAY,BROADWAY & PROFILE,39.16571997,-86.59259006
902159689,2014,1,3,Weekday,1700,2-Car,No injury/unknown,FAILURE TO YIELD RIGHT OF WAY,4TH & ROGERS ST,39.165696,-86.538592
902296052,2014,9,7,Weekend,700,2-Car,No injury/unknown,IMPROPER TURNING,S ROGERS ST & W 4TH,39.165696,-86.538592
902207521,2014,3,2,Weekday,1100,2-Car,No injury/unknown,IMPROPER LANE USAGE,4TH ST & S MADISON,39.16567129,-86.53659045
902195828,2014,3,2,Weekday,900,1-Car,No injury/unknown,RAN OFF ROAD RIGHT,N COLLEGE AVE & W 4TH,39.165664,-86.5348
902206387,2014,3,6,Weekday,1100,2-Car,No injury/unknown,FOLLOWING TOO CLOSELY,4TH ST & COLLEGE,39.165664,-86.5348
902231344,2014,5,2,Weekday,700,Cyclist,Non-incapacitating,FAILURE TO YIELD RIGHT OF WAY,4TH & COLLEGE AVE,39.165664,-86.5348
902232600,2014,5,3,Weekday,1300,Bus,No injury/unknown,FAILURE TO YIELD RIGHT OF WAY,4TH ST & COLLEGE,39.165664,-86.5348
902300287,2014,9,7,Weekend,2200,Moped/Motorcycle,Non-incapacitating,IMPROPER TURNING,4TH & COLLEGE AVE,39.165664,-86.5348
902331424,2014,11,2,Weekday,1700,3+ Cars,No injury/unknown,FOLLOWING TOO CLOSELY,SOUTH COLLEGE & WEST 4TH,39.165664,-86.5348
902356846,2014,12,5,Weekday,1600,1-Car,No injury/unknown,OTHER (DRIVER) - EXPLAIN IN NARRATIVE,W 4TH,39.16564865,-86.53364898
902222938,2014,4,5,Weekday,1500,2-Car,No injury/unknown,UNSAFE LANE MOVEMENT,4TH ST & INDIANA,39.165648,-86.52755364
902212003,2014,4,4,Weekday,1600,2-Car,No injury/unknown,OTHER (DRIVER) - EXPLAIN IN NARRATIVE,4TH ST & DUNN,39.165648,-86.52840861
902314111,2014,10,3,Weekday,1600,2-Car,No injury/unknown,SPEED TOO FAST FOR WEATHER CONDITIONS,4TH & DUNN,39.165648,-86.52828513
902252356,2014,6,5,Weekday,0,2-Car,No injury/unknown,,4TH ST & DUNN,39.165648,-86.52796759
902252358,2014,6,6,Weekday,0,2-Car,No injury/unknown,,4TH ST & DUNN,39.165648,-86.52793231
902190360,2014,2,6,Weekday,1400,2-Car,No injury/unknown,DISREGARD SIGNAL/REG SIGN,4TH & WALNUT ST,39.165648,-86.5336
902230079,2014,5,5,Weekday,1000,2-Car,No injury/unknown,UNSAFE BACKING,S WALNUT ST,39.165648,-86.5336
902249520,2014,6,5,Weekday,1700,Moped/Motorcycle,No injury/unknown,OTHER (DRIVER) - EXPLAIN IN NARRATIVE,W 4TH ST,39.165648,-86.5336
902251103,2014,6,3,Weekday,1800,2-Car,No injury/unknown,UNSAFE BACKING,S WALNUT STREET PIKE,39.165648,-86.5336
902255805,2014,6,5,Weekday,1400,2-Car,No injury/unknown,DISREGARD SIGNAL/REG SIGN,4TH & WALNUT ST,39.165648,-86.5336
902272427,2014,7,3,Weekday,1600,Bus,No injury/unknown,IMPROPER TURNING,SOUTH WALNUT STREET PIKE,39.165648,-86.5336
902273807,2014,7,5,Weekday,2100,2-Car,No injury/unknown,DISREGARD SIGNAL/REG SIGN,4TH & WALNUT ST,39.165648,-86.5336
902284945,2014,8,6,Weekday,1300,3+ Cars,No injury/unknown,FOLLOWING TOO CLOSELY,4TH & N WALNTUT ST,39.165648,-86.5336
902288767,2014,8,6,Weekday,1000,2-Car,No injury/unknown,UNSAFE BACKING,WALNUT ST,39.165648,-86.5336
902300342,2014,9,1,Weekend,900,Pedestrian,Non-incapacitating,PEDESTRIAN ACTION,WALNUT ST,39.165648,-86.5336
902357732,2014,12,7,Weekend,1300,2-Car,No injury/unknown,FAILURE TO YIELD RIGHT OF WAY,4TH & WALNUT,39.165648,-86.5336
902346505,2014,12,3,Weekday,1700,2-Car,No injury/unknown,FAILURE TO YIELD RIGHT OF WAY,S WALNUT & W 4TH,39.165648,-86.5336
902198993,2014,3,6,Weekday,1500,3+ Cars,No injury/unknown,UNSAFE BACKING,SOUTH WASHINGTON ST,39.165648,-86.5324
902241336,2014,5,6,Weekday,1000,Bus,Non-incapacitating,DISREGARD SIGNAL/REG SIGN,4TH ST & WASHINGTON,39.165648,-86.5324
902260134,2014,7,7,Weekend,900,Cyclist,Non-incapacitating,LEFT OF CENTER,4TH ST & WASHINGTON,39.165648,-86.5324
902267762,2014,7,7,Weekend,2100,2-Car,No injury/unknown,IMPROPER TURNING,4TH ST & GRANT,39.165648,-86.529712
902156283,2014,1,5,Weekday,1600,2-Car,Non-incapacitating,FOLLOWING TOO CLOSELY,4TH & DUNN ST,39.165648,-86.528144
902334742,2014,11,7,Weekend,200,2-Car,No injury/unknown,UNSAFE BACKING,E 4TH,39.165648,-86.528144
902225230,2014,4,3,Weekday,1600,2-Car,No injury/unknown,UNSAFE BACKING,SOUTH INDIANA AVE,39.165648,-86.526848
902308659,2014,10,2,Weekday,900,Pedestrian,Non-incapacitating,FAILURE TO YIELD RIGHT OF WAY,4TH & INDIANA AVE,39.165648,-86.526848
902205105,2014,3,3,Weekday,1800,2-Car,No injury/unknown,UNSAFE SPEED,4TH ST & ROGERS,39.16563012,-86.53869979
902326528,2014,11,2,Weekday,1100,2-Car,No injury/unknown,FAILURE TO YIELD RIGHT OF WAY,GATES & JACOB,39.16562006,-86.57599993
902192570,2014,2,3,Weekday,1400,2-Car,Incapacitating,FAILURE TO YIELD RIGHT OF WAY,GATES DR & JACOB,39.16562006,-86.57599993
902254732,2014,6,3,Weekday,1700,2-Car,Non-incapacitating,FAILURE TO YIELD RIGHT OF WAY,GATES DR & JACOB,39.16562006,-86.57599993