Master Record Number,Year,Month,Day,Weekend?,Hour,Collision Type,Injury Type,Primary Factor,Reported_Location,Latitude,Longitude
902277899,2014,8,7,Weekend,1300,2-Car,No injury/unknown,IMPROPER LANE USAGE,FOURTH & SOUTH MADISON ST,39.16561,-86.53742976
902252773,2014,6,6,Weekday,1600,1-Car,No injury/unknown,,SOUTH WALNUT ST,39.16560686,-86.5336
902158534,2014,1,2,Weekday,600,Pedestrian,Non-incapacitating,,4TH & WASHINGTON ST,39.16557983,-86.53235033
902194864,2014,3,1,Weekend,500,1-Car,No injury/unknown,OTHER (ENVIRONMENTAL) - EXPLAIN IN NARR,E 4TH ST & SO WASHINGTON,39.16557983,-86.53234773
902310546,2014,10,4,Weekday,2200,2-Car,No injury/unknown,UNSAFE BACKING,S JORDAN,39.165576,-86.516312
902173284,2014,1,5,Weekday,1900,2-Car,No injury/unknown,FAILURE TO YIELD RIGHT OF WAY,FOURTH & INDIANA AVE,39.16555228,-86.52692005
902178063,2014,2,5,Weekday,900,2-Car,No injury/unknown,SPEED TOO FAST FOR WEATHER CONDITIONS,FOURTH & INDIANA AVE,39.16555032,-86.52691014
902209593,2014,3,6,Weekday,900,2-Car,No injury/unknown,UNSAFE LANE MOVEMENT,4TH & INDIANA AVE,39.16551074,-86.52684251
902286004,2014,8,2,Weekday,1100,2-Car,No injury/unknown,IMPROPER TURNING,E JONES AVE & JORDAN,39.16542246,-86.51535094
902337195,2014,11,2,Weekday,1300,2-Car,No injury/unknown,ANIMAL/OBJECT IN ROADWAY,JONES & JORDAN,39.16540012,-86.51640996
902171754,2014,1,3,Weekday,1600,2-Car,No injury/unknown,FOLLOWING TOO CLOSELY,JONES & JORDAN AVE,39.16540012,-86.51640996
902180282,2014,2,1,Weekend,900,2-Car,No injury/unknown,FAILURE TO YIELD RIGHT OF WAY,4TH & DUNN ST,39.16530485,-86.52813027
902150612,2014,1,5,Weekday,1000,2-Car,No injury/unknown,IMPROPER TURNING,E THIRD ST,39.16529846,-86.49598693
902184370,2014,2,6,Weekday,1200,2-Car,No injury/unknown,UNSAFE BACKING,JACOB DR,39.1652565,-86.57450104
902183769,2014,2,5,Weekday,1200,2-Car,No injury/unknown,OVERCORRECTING/OVERSTEERING,500 S LANDMARK AVE & BLOOMFIELD,39.16523342,-86.55378823
902194788,2014,3,1,Weekend,300,2-Car,No injury/unknown,LEFT OF CENTER,HILLSDALE & HILLSDALE DR,39.165152,-86.50296
902339720,2014,11,6,Weekday,1100,2-Car,No injury/unknown,FOLLOWING TOO CLOSELY,CURRY,39.16512266,-86.582896
902286820,2014,8,3,Weekday,1600,2-Car,No injury/unknown,FOLLOWING TOO CLOSELY,EAST TRAILWAY & SR46E,39.16510298,-86.42990248
902310523,2014,10,4,Weekday,1700,2-Car,No injury/unknown,FAILURE TO YIELD RIGHT OF WAY,3RD & FRANKLIN RD,39.16509999,-86.5712
902303621,2014,9,6,Weekday,1400,1-Car,Non-incapacitating,DRIVER ILLNESS,3RD ST OFF RAMP & SR37S,39.16502602,-86.5730914
902329019,2014,10,6,Weekend,2200,2-Car,No injury/unknown,OTHER (DRIVER) - EXPLAIN IN NARRATIVE,3RD & INDIANA,39.16499705,-86.52682196
902209473,2014,3,6,Weekday,600,1-Car,No injury/unknown,ANIMAL/OBJECT IN ROADWAY,SOUTH KIRBY & SR48W,39.16495598,-86.6112221
902356684,2014,12,4,Weekday,300,1-Car,No injury/unknown,RAN OFF ROAD RIGHT,SR46E & TRAILWAY,39.16495428,-86.43129477
902251872,2014,6,2,Weekday,1300,2-Car,No injury/unknown,FAILURE TO YIELD RIGHT OF WAY,SR46 & THIRD,39.16494857,-86.49874735
902177512,2014,2,3,Weekday,200,1-Car,Non-incapacitating,RAN OFF ROAD RIGHT,HARTSTRAIT RD & SR48W,39.164944,-86.611296
902186705,2014,2,6,Weekday,1600,2-Car,No injury/unknown,LEFT OF CENTER,600 BLOCK OF HARTSTRAIT RD & SR48,39.164944,-86.611296
902187539,2014,2,3,Weekday,1100,2-Car,No injury/unknown,UNSAFE BACKING,EAST THIRD ST,39.16493607,-86.49115753
902229610,2014,5,3,Weekday,2200,1-Car,No injury/unknown,ANIMAL/OBJECT IN ROADWAY,KINGS & SR46E,39.16493097,-86.45223008
902215864,2014,4,1,Weekend,1800,1-Car,Non-incapacitating,RAN OFF ROAD RIGHT,KIRBY & SR48,39.16491475,-86.61097062
902241463,2014,5,5,Weekday,1700,1-Car,No injury/unknown,RAN OFF ROAD RIGHT,GARRISON CHAPEL & SR48W,39.16489325,-86.65277466
902277090,2014,7,2,Weekday,1800,2-Car,No injury/unknown,IMPROPER TURNING,WEST THIRD ST,39.164875,-86.568306
902270268,2014,7,5,Weekday,1700,3+ Cars,No injury/unknown,FAILURE TO YIELD RIGHT OF WAY,CURRY & SR48E,39.164848,-86.58324882
902160507,2014,1,3,Weekday,1800,1-Car,No injury/unknown,ANIMAL/OBJECT IN ROADWAY,SR48W & W FIELDSTONE,39.164848,-86.602112
902189515,2014,2,5,Weekday,1100,2-Car,No injury/unknown,UNSAFE SPEED,CURRY & SR48W,39.164848,-86.582896
902245515,2014,6,6,Weekday,900,2-Car,No injury/unknown,OTHER (DRIVER) - EXPLAIN IN NARRATIVE,CURRY PIKE & SR48,39.164848,-86.582896
902265167,2014,7,3,Weekday,900,2-Car,No injury/unknown,UNSAFE BACKING,WEST 3RD ST,39.164848,-86.581504
902235745,2014,5,2,Weekday,1800,2-Car,No injury/unknown,UNSAFE BACKING,W 3RD ST,39.164848,-86.581504
902334708,2014,11,6,Weekday,1400,2-Car,No injury/unknown,FAILURE TO YIELD RIGHT OF WAY,W 3RD,39.164848,-86.581504
902168358,2014,1,6,Weekday,1400,2-Car,No injury/unknown,,W 3RD ST,39.164848,-86.57961274
902348693,2014,12,7,Weekend,1700,2-Car,No injury/unknown,UNSAFE BACKING,W 3RD,39.164848,-86.57961274
902229771,2014,5,5,Weekday,1600,2-Car,No injury/unknown,UNSAFE BACKING,W 3RD ST,39.164848,-86.5768472
902178031,2014,2,4,Weekday,700,1-Car,No injury/unknown,UNSAFE BACKING,W 3RD ST,39.164848,-86.5761011
902294198,2014,9,3,Weekday,1500,2-Car,Non-incapacitating,FAILURE TO YIELD RIGHT OF WAY,W 3RD ST,39.164848,-86.5761011
902314553,2014,10,4,Weekday,1200,2-Car,No injury/unknown,FAILURE TO YIELD RIGHT OF WAY,WEST 3RD,39.164848,-86.57487674
902310817,2014,10,5,Weekday,1200,2-Car,No injury/unknown,UNSAFE BACKING,WEST 3RD ST,39.16484767,-86.58010841
902253311,2014,6,1,Weekend,1100,1-Car,No injury/unknown,OTHER (DRIVER) - EXPLAIN IN NARRATIVE,W 3RD ST,39.16484379,-86.58164716
902299743,2014,9,6,Weekday,1600,2-Car,No injury/unknown,UNSAFE BACKING,W 3RD ST,39.16484379,-86.58164716
902327424,2014,11,3,Weekday,1300,2-Car,No injury/unknown,UNSAFE BACKING,W 3RD,39.16484379,-86.58164716
902158468,2014,1,2,Weekday,1000,Bus,No injury/unknown,IMPROPER TURNING,W 3RD ST,39.16484267,-86.57939467
902186261,2014,2,2,Weekday,1100,2-Car,No injury/unknown,UNSAFE BACKING,WEST 3RD ST,39.16483984,-86.5804062
902254216,2014,6,2,Weekday,1600,Pedestrian,Non-incapacitating,UNSAFE BACKING,W 3RD ST,39.16482122,-86.5789551
902173965,2014,1,6,Weekday,1600,2-Car,No injury/unknown,DISREGARD SIGNAL/REG SIGN,W 3RD ST,39.164816,-86.573888
902234457,2014,5,6,Weekday,1200,2-Car,No injury/unknown,BRAKE FAILURE OR DEFECTIVE,W 3RD FROM S BOUND 37 & W 3RD ST,39.1648,-86.573792
902273016,2014,7,3,Weekday,1700,2-Car,No injury/unknown,INSECURE/LEAKY LOAD,SR37N & W 3RD,39.1648,-86.573792
902350940,2014,12,3,Weekday,2100,1-Car,No injury/unknown,UNSAFE SPEED,SR37N & W 3RD,39.1648,-86.573792
902341494,2014,11,2,Weekday,800,2-Car,No injury/unknown,UNSAFE BACKING,DANEILS WAY & STATE ROAD 48 WEST,39.16479997,-86.59909979
902358097,2014,12,1,Weekend,1000,1-Car,No injury/unknown,UNSAFE SPEED,SR46E & TRAILWAY,39.16478633,-86.43231295
902229760,2014,5,5,Weekday,1800,2-Car,No injury/unknown,FOLLOWING TOO CLOSELY,3RD ST & SR37N,39.16477652,-86.57345541
902249417,2014,6,7,Weekend,1100,2-Car,No injury/unknown,UNSAFE BACKING,S CURRY PIKE,39.16476444,-86.582896
902182176,2014,2,3,Weekday,900,2-Car,No injury/unknown,DISREGARD SIGNAL/REG SIGN,3RD ST & SR37,39.164752,-86.573104
902185194,2014,2,7,Weekend,800,2-Car,No injury/unknown,OTHER (ENVIRONMENTAL) - EXPLAIN IN NARR,SR37S & W 48,39.164752,-86.573104
902228063,2014,5,2,Weekday,1100,3+ Cars,No injury/unknown,DRIVER DISTRACTED - EXPLAIN IN NARRATIVE,SR37N & W 3RD,39.164752,-86.573104
902236787,2014,5,4,Weekday,1600,3+ Cars,No injury/unknown,FOLLOWING TOO CLOSELY,3RD ST & SR37,39.164752,-86.573104
902270040,2014,7,5,Weekday,1000,2-Car,No injury/unknown,FAILURE TO YIELD RIGHT OF WAY,3RD & SR 37 N ENT RAMP,39.164752,-86.573104
902287442,2014,8,4,Weekday,1500,2-Car,Non-incapacitating,DISREGARD SIGNAL/REG SIGN,3RD ST & SR37N,39.164752,-86.573104
902303322,2014,9,6,Weekday,1000,2-Car,No injury/unknown,FOLLOWING TOO CLOSELY,SR37N & WEST 3RD,39.164752,-86.573104
902303629,2014,9,6,Weekday,1300,Pedestrian,Non-incapacitating,OTHER (DRIVER) - EXPLAIN IN NARRATIVE,3RD & SR37N,39.164752,-86.573104
902312420,2014,10,1,Weekend,1200,3+ Cars,No injury/unknown,FOLLOWING TOO CLOSELY,3RD & SR37S,39.164752,-86.573104
902332172,2014,11,3,Weekday,1400,2-Car,No injury/unknown,FAILURE TO YIELD RIGHT OF WAY,STATE HIGHWAY 37 & W 3RD,39.164752,-86.573104
902336172,2014,11,2,Weekday,900,2-Car,No injury/unknown,ROADWAY SURFACE CONDITION,SR37S & W 3RD,39.164752,-86.573104
902363176,2014,12,4,Weekday,1600,2-Car,Non-incapacitating,DISREGARD SIGNAL/REG SIGN,W 3RD,39.164752,-86.573104
902183986,2014,2,4,Weekday,1400,1-Car,No injury/unknown,OTHER (DRIVER) - EXPLAIN IN NARRATIVE,3RD ST & JACKSON,39.164752,-86.53984
902337384,2014,11,3,Weekday,1200,2-Car,No injury/unknown,FAILURE TO YIELD RIGHT OF WAY,S STONE CHASE & W STATE ROAD 48,39.16474968,-86.59523003
902220395,2014,4,7,Weekend,1900,2-Car,No injury/unknown,,EAST 3RD ST,39.16472678,-86.5723537
902225073,2014,4,3,Weekday,1100,2-Car,No injury/unknown,UNSAFE LANE MOVEMENT,3RD & ROGERS ST,39.16472,-86.538592
902301202,2014,9,2,Weekday,1600,2-Car,No injury/unknown,FOLLOWING TOO CLOSELY,S ROGERS ST & W 3RD,39.16472,-86.538592
902189035,2014,2,6,Weekday,1800,2-Car,No injury/unknown,UNSAFE BACKING,EAST 3RD ST,39.16471241,-86.5719261
902213693,2014,4,1,Weekend,1500,2-Car,No injury/unknown,DISREGARD SIGNAL/REG SIGN,S MADISON & W 3RD ST,39.164704,-86.537296
902299693,2014,9,6,Weekday,1400,2-Car,No injury/unknown,UNSAFE BACKING,MADISON ST & W 3RD,39.164704,-86.537296
902357854,2014,12,6,Weekday,900,2-Car,No injury/unknown,UNSAFE BACKING,S MADISON & W 3RD,39.164704,-86.537296
902357861,2014,12,7,Weekend,1300,2-Car,No injury/unknown,UNSAFE BACKING,W 3RD,39.16469993,-86.57155498
902223251,2014,4,6,Weekday,1000,2-Car,Non-incapacitating,IMPROPER LANE USAGE,3RD ST & FRANKLIN,39.16469985,-86.57155249
902207326,2014,3,2,Weekday,700,2-Car,Non-incapacitating,FOLLOWING TOO CLOSELY,S CURRY & W WHITEHALL DR,39.16469007,-86.58361673
902153667,2014,1,2,Weekday,1600,2-Car,No injury/unknown,SPEED TOO FAST FOR WEATHER CONDITIONS,FRANKLIN & W THIRD ST,39.164688,-86.5712
902182979,2014,2,3,Weekday,1800,2-Car,No injury/unknown,FOLLOWING TOO CLOSELY,SOUTH FRANKLIN & WEST 3RD ST,39.164688,-86.5712
902223373,2014,4,6,Weekday,1300,3+ Cars,Non-incapacitating,FOLLOWING TOO CLOSELY,FRANKLIN & W 3RD ST,39.164688,-86.5712
902273346,2014,7,5,Weekday,1100,2-Car,Non-incapacitating,FAILURE TO YIELD RIGHT OF WAY,S FRANKLIN & W 3RD ST,39.164688,-86.5712
902290914,2014,9,4,Weekday,900,3+ Cars,No injury/unknown,DISREGARD SIGNAL/REG SIGN,FRANKLIN & WEST THIRD ST,39.164688,-86.5712
902295087,2014,9,4,Weekday,1100,2-Car,No injury/unknown,FAILURE TO YIELD RIGHT OF WAY,FRANKLIN & W 3RD ST,39.164688,-86.5712
902319396,2014,10,4,Weekday,1800,Moped/Motorcycle,Non-incapacitating,FOLLOWING TOO CLOSELY,SOUTH FRANKLIN & WEST 3RD,39.164688,-86.5712
902356367,2014,12,5,Weekday,1100,3+ Cars,Non-incapacitating,OTHER (DRIVER) - EXPLAIN IN NARRATIVE,FRANKLIN & THIRD,39.164688,-86.5712
902327703,2014,11,4,Weekday,700,2-Car,No injury/unknown,UNSAFE LANE MOVEMENT,3RD & FRANKLIN,39.164688,-86.5712
902175869,2014,2,2,Weekday,1600,2-Car,Non-incapacitating,DRIVER DISTRACTED - EXPLAIN IN NARRATIVE,3RD ST & HICKORY,39.16467994,-86.5858885
902220513,2014,4,1,Weekend,1000,2-Car,No injury/unknown,UNSAFE BACKING,W 3RD ST,39.16467533,-86.570478
902227098,2014,5,7,Weekend,1200,Moped/Motorcycle,No injury/unknown,UNSAFE BACKING,W 3RD ST,39.16467533,-86.570478
902173192,2014,1,5,Weekday,1300,2-Car,Non-incapacitating,IMPROPER TURNING,3RD ST,39.16466933,-86.57021333
902347086,2014,12,4,Weekday,1300,2-Car,No injury/unknown,BRAKE FAILURE OR DEFECTIVE,EAST 3RD,39.16466933,-86.57021333
902240915,2014,5,4,Weekday,1300,2-Car,No injury/unknown,IMPROPER TURNING,W THIRD ST,39.1646605,-86.57929301
902194397,2014,2,6,Weekday,1800,2-Car,No injury/unknown,UNSAFE BACKING,EAST 3RD ST,39.16464,-86.5693217
902263132,2014,7,5,Weekday,1500,2-Car,No injury/unknown,UNSAFE BACKING,E 3RD ST,39.16464,-86.56913891
902263595,2014,7,6,Weekday,1300,2-Car,No injury/unknown,WRONG WAY ON ONE WAY,E 3RD ST,39.16464,-86.56913891
902296243,2014,9,7,Weekend,1500,2-Car,No injury/unknown,UNSAFE BACKING,E 3RD ST,39.16464,-86.56913891
902296796,2014,9,7,Weekend,1500,2-Car,No injury/unknown,UNSAFE BACKING,E 3RD ST,39.16464,-86.56913891
902334198,2014,11,6,Weekday,1000,2-Car,No injury/unknown,OVERCORRECTING/OVERSTEERING,E 3RD,39.16464,-86.56913891
902216840,2014,4,1,Weekend,1400,2-Car,No injury/unknown,,E 3RD ST,39.16464,-86.56905455
902222757,2014,4,5,Weekday,1100,2-Car,No injury/unknown,FOLLOWING TOO CLOSELY,3RD ST & KIMBLE,39.16464,-86.56826461
902230645,2014,5,7,Weekend,1200,2-Car,No injury/unknown,DRIVER DISTRACTED - EXPLAIN IN NARRATIVE,KIMBLE & W 3RD ST,39.16464,-86.568
902245514,2014,6,6,Weekday,1300,2-Car,No injury/unknown,FOLLOWING TOO CLOSELY,3RD ST & KIMBLE,39.16464,-86.568
902269291,2014,7,3,Weekday,1400,2-Car,Non-incapacitating,FOLLOWING TOO CLOSELY,KIMBLE & W 3RD ST,39.16464,-86.568
902352643,2014,12,4,Weekday,1400,3+ Cars,No injury/unknown,FOLLOWING TOO CLOSELY,KIMBLE & W 3RD,39.16464,-86.568
902218511,2014,4,4,Weekday,1300,1-Car,No injury/unknown,ANIMAL/OBJECT IN ROADWAY,3RD ST & JOHNSON,39.16464,-86.564992
902319621,2014,10,4,Weekday,1100,2-Car,No injury/unknown,UNSAFE BACKING,W 3RD,39.16464,-86.56408294
902151565,2014,1,6,Weekday,1000,2-Car,No injury/unknown,DISREGARD SIGNAL/REG SIGN,3RD & COLLEGE AVE,39.16464,-86.534816
902193258,2014,2,4,Weekday,2000,2-Car,Non-incapacitating,DISREGARD SIGNAL/REG SIGN,E 3RD & S COLLEGE AVE,39.16464,-86.534816
902263797,2014,7,7,Weekend,400,2-Car,No injury/unknown,UNSAFE SPEED,COLLEGE & SR37N,39.16464,-86.534816
902264066,2014,7,7,Weekend,2300,2-Car,No injury/unknown,IMPROPER LANE USAGE,3RD & COLLEGE AVE,39.16464,-86.534816
902257220,2014,6,1,Weekend,1200,1-Car,No injury/unknown,OTHER (DRIVER) - EXPLAIN IN NARRATIVE,3RD ST & COLLEGE,39.16464,-86.534816
902259252,2014,7,5,Weekday,900,2-Car,No injury/unknown,UNSAFE LANE MOVEMENT,3RD & S COLLEGE AVE,39.16464,-86.534816
902266642,2014,7,5,Weekday,1400,2-Car,Incapacitating,FAILURE TO YIELD RIGHT OF WAY,3RD ST & COLLEGE,39.16464,-86.534816
902274295,2014,8,7,Weekend,1500,Moped/Motorcycle,No injury/unknown,FAILURE TO YIELD RIGHT OF WAY,3RD ST & COLLEGE,39.16464,-86.534816
902323907,2014,10,4,Weekday,1600,2-Car,Incapacitating,DISREGARD SIGNAL/REG SIGN,COLLEGE & THIRD,39.16464,-86.534816
902306004,2014,10,4,Weekday,1000,2-Car,No injury/unknown,UNSAFE LANE MOVEMENT,S COLLEGE AVE & W 3RD,39.16464,-86.534816
902330397,2014,11,1,Weekend,1100,2-Car,No injury/unknown,DISREGARD SIGNAL/REG SIGN,S COLLEGE & W 3RD,39.16464,-86.534816
902339110,2014,11,5,Weekday,1200,2-Car,Non-incapacitating,DISREGARD SIGNAL/REG SIGN,3RD & COLLEGE,39.16464,-86.534816
902339850,2014,11,6,Weekday,1200,3+ Cars,Incapacitating,DRIVER DISTRACTED - EXPLAIN IN NARRATIVE,S COLLEGE & W 3RD,39.16464,-86.534816
902157979,2014,1,1,Weekend,1200,Cyclist,Non-incapacitating,DISREGARD SIGNAL/REG SIGN,3RD & WALNUT ST,39.16464,-86.5336
902177560,2014,2,4,Weekday,1500,1-Car,No injury/unknown,OVERCORRECTING/OVERSTEERING,E 3RD ST & S WALNUT,39.16464,-86.5336
902199095,2014,3,7,Weekend,300,2-Car,No injury/unknown,FOLLOWING TOO CLOSELY,3RD ST & WALNUT,39.16464,-86.5336
902209573,2014,3,6,Weekday,900,2-Car,No injury/unknown,DISREGARD SIGNAL/REG SIGN,3RD ST & WALNUT,39.16464,-86.5336
902226971,2014,5,6,Weekend,2000,2-Car,No injury/unknown,OTHER (DRIVER) - EXPLAIN IN NARRATIVE,S WALNUT ST,39.16464,-86.5336
902237427,2014,5,5,Weekday,300,2-Car,No injury/unknown,UNSAFE BACKING,S WALNUT ST,39.16464,-86.5336
902238113,2014,5,7,Weekend,1200,2-Car,No injury/unknown,DISREGARD SIGNAL/REG SIGN,E 3RD ST & S WALNUT,39.16464,-86.5336
902256890,2014,6,7,Weekend,2300,3+ Cars,No injury/unknown,DISREGARD SIGNAL/REG SIGN,3RD & WALNUT ST,39.16464,-86.5336
902281083,2014,8,6,Weekday,400,1-Car,No injury/unknown,,NORTH WALNUT ST,39.16464,-86.5336
902167792,2014,1,6,Weekday,200,2-Car,No injury/unknown,FAILURE TO YIELD RIGHT OF WAY,E 3 RD ST & S WASHINGTON,39.16464,-86.5324
902179962,2014,1,4,Weekday,1300,2-Car,No injury/unknown,FAILURE TO YIELD RIGHT OF WAY,THIRD ST & WASHINGTON,39.16464,-86.5324
902180141,2014,2,1,Weekend,100,2-Car,No injury/unknown,FAILURE TO YIELD RIGHT OF WAY,3RD ST & WASHINGTON,39.16464,-86.5324
902207180,2014,3,1,Weekday,1900,2-Car,Non-incapacitating,DISREGARD SIGNAL/REG SIGN,3RD ST & WASHINGTON,39.16464,-86.5324
902272274,2014,7,7,Weekend,1300,2-Car,No injury/unknown,OTHER (DRIVER) - EXPLAIN IN NARRATIVE,E 3RD ST,39.16464,-86.5324
902274231,2014,8,6,Weekday,1800,2-Car,No injury/unknown,DISREGARD SIGNAL/REG SIGN,3RD ST & WASHINGTON,39.16464,-86.5324
902278925,2014,8,4,Weekday,2000,2-Car,No injury/unknown,UNSAFE BACKING,E 3RD ST,39.16464,-86.5324
902288823,2014,8,7,Weekend,1000,2-Car,No injury/unknown,DISREGARD SIGNAL/REG SIGN,EAST 3RD ST & WASHINGTON,39.16464,-86.5324
902290866,2014,9,4,Weekday,1100,2-Car,No injury/unknown,DISREGARD SIGNAL/REG SIGN,3RD ST & WASHINGTON,39.16464,-86.5324
902299360,2014,9,6,Weekday,600,1-Car,Non-incapacitating,FAILURE TO YIELD RIGHT OF WAY,3RD & WASHINGTON ST,39.16464,-86.5324
902265720,2014,7,2,Weekday,1000,2-Car,No injury/unknown,UNSAFE BACKING,EAST 3RD ST,39.16464,-86.53211918
902277793,2014,8,6,Weekday,1100,2-Car,No injury/unknown,OTHER (DRIVER) - EXPLAIN IN NARRATIVE,E 3RD ST & LINCOLN,39.16464,-86.531024
902336845,2014,11,2,Weekday,1800,2-Car,No injury/unknown,FOLLOWING TOO CLOSELY,3RD & LINCOLN,39.16464,-86.531024
902196871,2014,3,3,Weekday,1700,2-Car,No injury/unknown,UNSAFE BACKING,EAST 3RD ST,39.16464,-86.53086531
902198923,2014,3,6,Weekday,1600,2-Car,No injury/unknown,FAILURE TO YIELD RIGHT OF WAY,EAST 3RD ST & GRANT,39.16464,-86.529728
902236063,2014,5,3,Weekday,1200,2-Car,Non-incapacitating,FAILURE TO YIELD RIGHT OF WAY,3RD ST & GRANT,39.16464,-86.529728
902293229,2014,9,2,Weekday,800,2-Car,No injury/unknown,FOLLOWING TOO CLOSELY,3RD ST & GRANT,39.16464,-86.529728
902286931,2014,8,3,Weekday,2100,Cyclist,Non-incapacitating,HEADLIGHT DEFECTIVE OR NOT ON,3RD ST & GRANT,39.16464,-86.529728
902342963,2014,11,2,Weekday,1900,2-Car,No injury/unknown,UNSAFE LANE MOVEMENT,GRANT & THIRD,39.16464,-86.529728
902351980,2014,12,5,Weekday,1100,2-Car,No injury/unknown,UNSAFE LANE MOVEMENT,3RD & GRANT,39.16464,-86.529728
902288639,2014,8,6,Weekday,1500,3+ Cars,Non-incapacitating,FAILURE TO YIELD RIGHT OF WAY,3RD ST & CURRY,39.16463971,-86.582946
902333401,2014,11,5,Weekday,1100,2-Car,No injury/unknown,FAILURE TO YIELD RIGHT OF WAY,S CURRY & W 3RD,39.16463971,-86.58292003
902156116,2014,1,4,Weekday,1500,2-Car,No injury/unknown,FOLLOWING TOO CLOSELY,CURRY PIKE & W 3RD,39.16463971,-86.58292002
902206778,2014,3,7,Weekend,900,2-Car,Non-incapacitating,OTHER (DRIVER) - EXPLAIN IN NARRATIVE,CURRY & W 3RD ST,39.16463971,-86.58292002
902208570,2014,3,3,Weekday,2000,2-Car,Non-incapacitating,FAILURE TO YIELD RIGHT OF WAY,3RD ST & CURRY,39.16463971,-86.58292002
902229465,2014,5,5,Weekday,700,2-Car,Non-incapacitating,FAILURE TO YIELD RIGHT OF WAY,3RD & CURRY PIKE,39.16463971,-86.58292002
902231074,2014,5,1,Weekend,1600,2-Car,No injury/unknown,UNSAFE LANE MOVEMENT,CURRY & W THIRD ST,39.16463971,-86.58292002
902236798,2014,5,4,Weekday,1600,3+ Cars,No injury/unknown,FOLLOWING TOO CLOSELY,3RD & CURRY PIKE,39.16463971,-86.58292002
902256385,2014,6,6,Weekday,1800,2-Car,Incapacitating,SPEED TOO FAST FOR WEATHER CONDITIONS,3RD & CURRY PIKE,39.16463971,-86.58292002
902291331,2014,9,5,Weekday,800,2-Car,No injury/unknown,OTHER (DRIVER) - EXPLAIN IN NARRATIVE,CURRY & W 3RD ST,39.16463971,-86.58292002
902351924,2014,12,5,Weekday,800,2-Car,Non-incapacitating,FAILURE TO YIELD RIGHT OF WAY,S CURRY & W 3RD,39.16463971,-86.58291137
902296097,2014,9,5,Weekday,1300,2-Car,No injury/unknown,FOLLOWING TOO CLOSELY,CURRY & W 3RD ST,39.16463971,-86.58291137
902363182,2014,12,4,Weekday,1600,2-Car,Non-incapacitating,FAILURE TO YIELD RIGHT OF WAY,3RD & LIBERTY,39.16461021,-86.57912141
902356726,2014,12,5,Weekday,1700,2-Car,No injury/unknown,FAILURE TO YIELD RIGHT OF WAY,LIBERTY & W 3RD,39.16461021,-86.57911708
902310779,2014,10,5,Weekday,800,1-Car,Non-incapacitating,OTHER (DRIVER) - EXPLAIN IN NARRATIVE,LIBERTY & W 3RD ST,39.16461021,-86.57914305
902300078,2014,9,6,Weekday,1600,2-Car,No injury/unknown,FOLLOWING TOO CLOSELY,LIBERTY & W 3RD ST,39.16461021,-86.57913872
902347244,2014,12,4,Weekday,1300,2-Car,Non-incapacitating,FOLLOWING TOO CLOSELY,S LIBERTY & W 3RD,39.16461021,-86.57913007
902176802,2014,2,3,Weekday,1400,2-Car,No injury/unknown,FOLLOWING TOO CLOSELY,LIBERTY & W 3RD ST,39.16461021,-86.57913006
902232976,2014,5,4,Weekday,1600,Bus,No injury/unknown,DISREGARD SIGNAL/REG SIGN,3RD ST & LIBERTY,39.16461021,-86.57913006
902275790,2014,8,3,Weekday,900,2-Car,No injury/unknown,FAILURE TO YIELD RIGHT OF WAY,S LIBERTY & W 3RD ST,39.16461021,-86.57913006
902173551,2014,1,5,Weekday,1200,2-Car,No injury/unknown,UNSAFE BACKING,WEST THIRD ST,39.16460887,-86.58336326
902173966,2014,1,6,Weekday,1300,Pedestrian,Non-incapacitating,UNSAFE BACKING,WEST 3RD ST,39.16460015,-86.58302865
902279873,2014,8,4,Weekday,1200,3+ Cars,Non-incapacitating,FOLLOWING TOO CLOSELY,RAMP 10 & W 3RD ST,39.16459025,-86.57207251
902340673,2014,11,7,Weekend,1600,2-Car,No injury/unknown,UNSAFE BACKING,S GATES & W 3RD,39.16459009,-86.57619976
902217683,2014,4,2,Weekday,1700,3+ Cars,Non-incapacitating,FOLLOWING TOO CLOSELY,GATES & W THIRD ST,39.16459009,-86.57624304
902311455,2014,10,5,Weekday,1900,2-Car,No injury/unknown,IMPROPER LANE USAGE,GATES & WEST THIRD ST,39.16459009,-86.57624304
902222906,2014,4,5,Weekday,1600,3+ Cars,No injury/unknown,FOLLOWING TOO CLOSELY,3RD ST & GATES,39.16459009,-86.57620841
902184820,2014,2,6,Weekday,1600,2-Car,No injury/unknown,SPEED TOO FAST FOR WEATHER CONDITIONS,GATES & THIRD ST,39.16459009,-86.57619976
902353947,2014,12,7,Weekend,1400,2-Car,No injury/unknown,FAILURE TO YIELD RIGHT OF WAY,3RD & GATES,39.16459009,-86.57619976
902362056,2014,12,2,Weekday,1200,2-Car,No injury/unknown,FOLLOWING TOO CLOSELY,GATES & W 3RD,39.16459009,-86.57619976
902157242,2014,1,6,Weekday,1400,2-Car,Non-incapacitating,DISREGARD SIGNAL/REG SIGN,GATES & W 3RD ST,39.16459009,-86.57619975
902178032,2014,2,4,Weekday,1000,2-Car,No injury/unknown,FOLLOWING TOO CLOSELY,GATES & W 3RD ST,39.16459009,-86.57619975
902215938,2014,4,5,Weekday,2200,2-Car,No injury/unknown,BRAKE FAILURE OR DEFECTIVE,3RD ST & GATES,39.16459009,-86.57619975