Master Record Number,Year,Month,Day,Weekend?,Hour,Collision Type,Injury Type,Primary Factor,Reported_Location,Latitude,Longitude
902287461,2014,8,4,Weekday,1100,2-Car,No injury/unknown,IMPROPER TURNING,E ATWATER AVE,39.16362511,-86.51479412
902194654,2014,3,7,Weekend,1800,2-Car,No injury/unknown,,SOUTH KINGSTON DR,39.16362305,-86.47182991
902358390,2014,12,1,Weekend,300,1-Car,No injury/unknown,SPEED TOO FAST FOR WEATHER CONDITIONS,EAST TRAILWAY & SR46E,39.16355934,-86.42589328
902216876,2014,4,4,Weekday,2000,1-Car,No injury/unknown,RAN OFF ROAD RIGHT,BELLE & S VILLAGE CT,39.163552,-86.583792
902179355,2014,1,4,Weekday,1400,2-Car,No injury/unknown,IMPROPER PASSING,GARRISON CHAPEL & SR48W,39.16346711,-86.64775861
902355936,2014,12,2,Weekday,1800,1-Car,No injury/unknown,ANIMAL/OBJECT IN ROADWAY,S CAVE & SR48W,39.16345193,-86.63082546
902348489,2014,12,6,Weekend,2300,Pedestrian,Incapacitating,PEDESTRIAN ACTION,3RD & PATTERSON,39.16344009,-86.55128002
902194148,2014,2,6,Weekday,1200,2-Car,No injury/unknown,DISREGARD SIGNAL/REG SIGN,SO PATTERSON & W 3RD ST,39.16344009,-86.55128002
902218132,2014,4,3,Weekday,1000,2-Car,Non-incapacitating,OTHER TELEMATICS IN USE,PATTERSON & W 3RD ST,39.16344009,-86.55128002
902265719,2014,7,2,Weekday,1000,2-Car,No injury/unknown,FOLLOWING TOO CLOSELY,PATTERSON & WEST 3RD ST,39.16344009,-86.55128002
902261264,2014,7,2,Weekday,1600,Moped/Motorcycle,No injury/unknown,FAILURE TO YIELD RIGHT OF WAY,3RD ST & PATTERSON,39.16344009,-86.55128002
902274048,2014,8,6,Weekend,1900,2-Car,No injury/unknown,FOLLOWING TOO CLOSELY,S PATTERSON & W 3RD ST,39.16344009,-86.55128002
902303371,2014,9,6,Weekday,800,2-Car,No injury/unknown,FOLLOWING TOO CLOSELY,3RD ST & PATTERSON,39.16344009,-86.55128002
902300746,2014,9,2,Weekday,700,1-Car,No injury/unknown,OTHER (VEHICLE) - EXPLAIN IN NARRATIVE,PARKWAY & W BELLE AVE,39.16344,-86.5888
902187768,2014,2,6,Weekday,1500,2-Car,No injury/unknown,LEFT OF CENTER,S GARRISON CHAPEL & SR48W,39.16342852,-86.64687798
902281804,2014,8,1,Weekend,1700,1-Car,No injury/unknown,DRIVER ASLEEP OR FATIGUED,SR37S & W 3RD,39.16337885,-86.5731243
902355843,2014,12,4,Weekday,1200,2-Car,No injury/unknown,UNSAFE BACKING,LANDMARK,39.16334534,-86.55659485
902296294,2014,9,7,Weekend,1900,2-Car,No injury/unknown,DISREGARD SIGNAL/REG SIGN,ATWATER & HENDERSON ST,39.163344,-86.5272
902350937,2014,12,3,Weekday,1700,2-Car,Non-incapacitating,DRIVER DISTRACTED - EXPLAIN IN NARRATIVE,E ATWATER & S PARK,39.163296,-86.524
902315065,2014,10,5,Weekday,100,2-Car,No injury/unknown,OTHER (DRIVER) - EXPLAIN IN NARRATIVE,E ATWATER & S WOODLAWN,39.16328,-86.522592
902264424,2014,7,6,Weekday,800,Moped/Motorcycle,Non-incapacitating,UNSAFE SPEED,BENDER & SR46E,39.1632563,-86.44167007
902257990,2014,7,3,Weekday,900,2-Car,No injury/unknown,WRONG WAY ON ONE WAY,E ATWATER AVE & S HAWTHORNE,39.163232,-86.520176
902272036,2014,7,2,Weekday,2000,2-Car,No injury/unknown,FAILURE TO YIELD RIGHT OF WAY,E ATWATER AVE & S HAWTHORNE,39.163232,-86.520176
902157894,2014,1,1,Weekend,100,2-Car,Non-incapacitating,UNSAFE SPEED,ATWATER AVE & BALLANTINE,39.163216,-86.519024
902312178,2014,10,7,Weekend,2000,2-Car,Non-incapacitating,FAILURE TO YIELD RIGHT OF WAY,ATWATER AVE & BALLANTINE,39.163216,-86.519024
902335292,2014,11,7,Weekend,2200,2-Car,No injury/unknown,FAILURE TO YIELD RIGHT OF WAY,MARKET & MAYBURY,39.16320294,-86.58092915
902191037,2014,2,1,Weekend,800,2-Car,No injury/unknown,IMPROPER TURNING,ATWATER AVE & HIGHLAND,39.1632,-86.517584
902307729,2014,10,6,Weekend,2300,2-Car,No injury/unknown,DISREGARD SIGNAL/REG SIGN,ATWATER AVE & JORDAN,39.163168,-86.516384
902184464,2014,2,6,Weekday,1200,2-Car,No injury/unknown,FAILURE TO YIELD RIGHT OF WAY,EAST ATWATER AVE,39.16315913,-86.52214653
902150783,2014,1,5,Weekday,700,1-Car,No injury/unknown,UNSAFE BACKING,EAST ATWATER AVE,39.16315645,-86.52385376
902256783,2014,6,7,Weekend,1700,2-Car,No injury/unknown,UNSAFE LANE MOVEMENT,EAST ATWATER AVE & SOUTH SWAIN,39.163152,-86.515168
902352485,2014,12,6,Weekday,900,2-Car,No injury/unknown,UNSAFE BACKING,S LANDMARK,39.1631484,-86.55621596
902313727,2014,10,3,Weekday,900,2-Car,No injury/unknown,DISREGARD SIGNAL/REG SIGN,ATWATER AVE & HENDERSON,39.16313969,-86.52727023
902222132,2014,4,4,Weekday,900,2-Car,No injury/unknown,FAILURE TO YIELD RIGHT OF WAY,ATWATER AVE & HENDERSON,39.16313969,-86.52727022
902300152,2014,9,7,Weekend,1300,2-Car,No injury/unknown,DISREGARD SIGNAL/REG SIGN,ATWATER AVE & HENDERSON,39.16313969,-86.52727022
902186548,2014,2,1,Weekday,2000,Pedestrian,Non-incapacitating,FAILURE TO YIELD RIGHT OF WAY,ATWATER AVE & THIRD,39.16313936,-86.52589516
902157530,2014,1,5,Weekday,400,1-Car,No injury/unknown,RAN OFF ROAD RIGHT,ATWATER AVE & HENDERSON,39.16313303,-86.52727337
902280487,2014,8,4,Weekday,1500,2-Car,No injury/unknown,DISREGARD SIGNAL/REG SIGN,ATWATER & HENDERSON ST,39.16313303,-86.52727337
902299178,2014,9,5,Weekday,800,2-Car,No injury/unknown,FOLLOWING TOO CLOSELY,CAVE & SR48,39.16312617,-86.62817764
902230127,2014,5,6,Weekday,1200,Moped/Motorcycle,Non-incapacitating,IMPROPER PASSING,SMITH & WALNUT ST,39.16312266,-86.5336
902174691,2014,2,1,Weekend,200,2-Car,No injury/unknown,FAILURE TO YIELD RIGHT OF WAY,ATWATER AVE & WOODLAWN,39.16312024,-86.52261994
902320103,2014,10,6,Weekday,200,2-Car,No injury/unknown,FAILURE TO YIELD RIGHT OF WAY,E ATWATER & S WOODLAWN,39.16312024,-86.52261994
902183969,2014,2,5,Weekday,1700,2-Car,Non-incapacitating,FAILURE TO YIELD RIGHT OF WAY,ATWATER AVE & PARK,39.16311018,-86.52403012
902171619,2014,1,3,Weekday,900,2-Car,No injury/unknown,UNSAFE BACKING,ATWATER GARAGE 3RD FLOOR DR & FACULTY,39.16309925,-86.52104471
902226148,2014,5,5,Weekday,1300,2-Car,Non-incapacitating,FAILURE TO YIELD RIGHT OF WAY,ATWATER & HIGHLAND AVE,39.16309394,-86.51773376
902284486,2014,8,6,Weekday,200,2-Car,Incapacitating,DISREGARD SIGNAL/REG SIGN,ATWATER & HIGHLAND,39.16309394,-86.51773376
902234169,2014,5,6,Weekday,1500,2-Car,No injury/unknown,FAILURE TO YIELD RIGHT OF WAY,ATWATER AVE & BALLANTINE,39.16309377,-86.51913489
902348312,2014,12,6,Weekday,1600,2-Car,No injury/unknown,UNSAFE SPEED,ATWATER & MITCHELL,39.16308001,-86.51417971
902274220,2014,8,7,Weekend,1200,2-Car,No injury/unknown,FAILURE TO YIELD RIGHT OF WAY,ATWATER & HIGH ST,39.16308001,-86.50846995
902316333,2014,10,7,Weekend,100,2-Car,Non-incapacitating,DISREGARD SIGNAL/REG SIGN,E ATWATER & S JORDAN,39.16307627,-86.51638985
902211547,2014,4,3,Weekday,1700,2-Car,No injury/unknown,FAILURE TO YIELD RIGHT OF WAY,ATWATER AVE & JORDAN,39.16307054,-86.51639895
902347938,2014,12,5,Weekday,1200,2-Car,Non-incapacitating,FAILURE TO YIELD RIGHT OF WAY,ATWATER & BALLANTINE,39.16306995,-86.51912972
902190593,2014,2,5,Weekday,2300,2-Car,No injury/unknown,IMPROPER TURNING,ATWATER AVE & BALLANTINE,39.16306995,-86.51912972
902348353,2014,12,6,Weekend,1900,2-Car,No injury/unknown,FOLLOWING TOO CLOSELY,ATWATER & HIGHLAND,39.16305989,-86.51773028
902182781,2014,2,4,Weekday,800,2-Car,No injury/unknown,FAILURE TO YIELD RIGHT OF WAY,ATWATER AVE & HIGHLAND,39.16305989,-86.51773028
902341423,2014,11,2,Weekday,700,2-Car,No injury/unknown,DISREGARD SIGNAL/REG SIGN,ATWATER & JORDAN,39.16304983,-86.51638985
902186659,2014,2,2,Weekday,1500,Bus,Non-incapacitating,DISREGARD SIGNAL/REG SIGN,ATWATER AVE & JORDAN,39.16304983,-86.51638984
902241715,2014,5,6,Weekday,1200,Pedestrian,Non-incapacitating,FAILURE TO YIELD RIGHT OF WAY,ATWATER AVE & JORDAN,39.16304983,-86.51638984
902296802,2014,9,2,Weekday,800,2-Car,Non-incapacitating,FAILURE TO YIELD RIGHT OF WAY,E ATWATER AVE & JORDAN,39.16304983,-86.51638984
902306233,2014,10,4,Weekday,1200,2-Car,No injury/unknown,,S PATTERSON ST,39.16294187,-86.55070133
902150399,2014,1,5,Weekday,900,2-Car,No injury/unknown,ROADWAY SURFACE CONDITION,S COLLEGE MALL RD,39.162928,-86.498112
902157311,2014,1,6,Weekday,1400,1-Car,Non-incapacitating,OTHER (DRIVER) - EXPLAIN IN NARRATIVE,S COLLEGE MALL RD,39.162928,-86.498112
902194153,2014,2,6,Weekday,1200,3+ Cars,No injury/unknown,FOLLOWING TOO CLOSELY,300 S WALNUT ST & SMITH,39.162848,-86.5336
902216513,2014,4,7,Weekend,1100,Moped/Motorcycle,No injury/unknown,UNSAFE LANE MOVEMENT,SMITH & WALNUT ST,39.162848,-86.5336
902259691,2014,7,5,Weekday,1800,2-Car,No injury/unknown,FOLLOWING TOO CLOSELY,E SMITH & S WALNUT ST,39.162848,-86.5336
902263764,2014,7,6,Weekend,2100,2-Car,No injury/unknown,OTHER (DRIVER) - EXPLAIN IN NARRATIVE,SMITH & WALNUT ST,39.162848,-86.5336
902305633,2014,9,3,Weekday,1200,2-Car,No injury/unknown,,E SMITH & S DUNN ST,39.162848,-86.5284
902259383,2014,7,5,Weekday,1000,2-Car,No injury/unknown,OVERCORRECTING/OVERSTEERING,S HENDERSON ST,39.162848,-86.527184
902199501,2014,3,1,Weekend,900,2-Car,No injury/unknown,FAILURE TO YIELD RIGHT OF WAY,HENDERSON ST & SMITH,39.16280977,-86.52725011
902215208,2014,4,3,Weekday,1700,2-Car,No injury/unknown,UNSAFE BACKING,S WOODLAWN AVE,39.16280044,-86.52299675
902226511,2014,5,5,Weekday,900,2-Car,No injury/unknown,UNSAFE BACKING,BELLE & VILLAGE CT,39.16272811,-86.58380645
902200116,2014,3,2,Weekday,1200,2-Car,No injury/unknown,OTHER (DRIVER) - EXPLAIN IN NARRATIVE,LANDMARK AVE,39.16271456,-86.55612878
902185464,2014,2,7,Weekend,1300,2-Car,No injury/unknown,FAILURE TO YIELD RIGHT OF WAY,ADAMS & PATTERSON DR,39.1626703,-86.55050017
902354110,2014,12,2,Weekday,1100,2-Car,No injury/unknown,FAILURE TO YIELD RIGHT OF WAY,ADAMS & PATTERSON,39.1626703,-86.55050017
902316270,2014,10,6,Weekday,1600,1-Car,Incapacitating,IMPROPER TURNING,ADAMS & PATTERSON,39.1626703,-86.55050017
902333682,2014,11,5,Weekday,1900,Pedestrian,Incapacitating,FAILURE TO YIELD RIGHT OF WAY,ADAMS & PATTERSON,39.1626703,-86.55050017
902317854,2014,10,1,Weekday,2100,1-Car,No injury/unknown,LEFT OF CENTER,S ADAMS & S PATTERSON,39.1626703,-86.55050016
902312434,2014,10,1,Weekend,1200,2-Car,No injury/unknown,FAILURE TO YIELD RIGHT OF WAY,3RD & WOODCREST DR,39.16262408,-86.50240808
902176625,2014,2,3,Weekday,1200,3+ Cars,No injury/unknown,OTHER (DRIVER) - EXPLAIN IN NARRATIVE,SO COLLEGE MALL RD,39.16262403,-86.49803884
902171513,2014,1,3,Weekday,1000,2-Car,No injury/unknown,DRIVER DISTRACTED - EXPLAIN IN NARRATIVE,LANDMARK AVE,39.16261666,-86.55608452
902234762,2014,5,7,Weekend,1300,1-Car,No injury/unknown,OTHER (DRIVER) - EXPLAIN IN NARRATIVE,S WHITE TAIL RUN & WYLIE FARM,39.16259645,-86.52353994
902322829,2014,10,2,Weekday,600,2-Car,No injury/unknown,UNSAFE BACKING,S HENDERSON,39.162468,-86.527174
902303486,2014,9,6,Weekday,1100,2-Car,No injury/unknown,UNSAFE BACKING,DUNN ST,39.16244571,-86.528368
902283751,2014,8,5,Weekday,700,1-Car,No injury/unknown,RAN OFF ROAD RIGHT,S REISNER RD,39.162441,-86.486969
902334087,2014,11,6,Weekday,900,2-Car,No injury/unknown,FOLLOWING TOO CLOSELY,HOWE & ROGERS,39.16240007,-86.53868973
902301772,2014,9,3,Weekday,1700,2-Car,No injury/unknown,FOLLOWING TOO CLOSELY,HOWE & ROGERS ST,39.1624,-86.538592
902261793,2014,7,3,Weekday,800,3+ Cars,No injury/unknown,UNSAFE LANE MOVEMENT,S LANDMARK AVE,39.16237861,-86.5559256
902159262,2014,1,3,Weekday,1100,2-Car,No injury/unknown,OTHER (DRIVER) - EXPLAIN IN NARRATIVE,SOUTH HENDERSON ST,39.16226959,-86.52758026
902168498,2014,1,5,Weekday,2300,2-Car,No injury/unknown,SPEED TOO FAST FOR WEATHER CONDITIONS,HIGHLAND & HUNTER AVE,39.16224,-86.5183056
902178466,2014,2,5,Weekday,1500,2-Car,No injury/unknown,DISREGARD SIGNAL/REG SIGN,E HUNTER & S WOODLAWN AVE,39.16224,-86.522576
902194451,2014,3,7,Weekend,100,3+ Cars,No injury/unknown,UNSAFE SPEED,HUNTER AVE & WOODLAWN,39.16224,-86.522576
902352057,2014,12,5,Weekday,1400,3+ Cars,No injury/unknown,,919 E HUNTER & S FACULTY,39.16224,-86.520992
902225086,2014,4,3,Weekday,700,2-Car,Non-incapacitating,FAILURE TO YIELD RIGHT OF WAY,HIGHLAND AVE & HUNTER,39.16224,-86.5176
902281223,2014,8,7,Weekend,0,2-Car,Non-incapacitating,DISREGARD SIGNAL/REG SIGN,HUNTER & JORDAN AVE,39.16224,-86.516368
902309187,2014,10,2,Weekday,1800,2-Car,No injury/unknown,UNSAFE BACKING,S COLLEGE MALL RD,39.162201,-86.498665
902229773,2014,5,5,Weekday,1600,1-Car,Non-incapacitating,OVERCORRECTING/OVERSTEERING,SR37S & W 3RD,39.16200597,-86.57316611
902335713,2014,11,7,Weekend,2100,2-Car,No injury/unknown,OTHER (DRIVER) - EXPLAIN IN NARRATIVE,2ND & GRANT,39.16198929,-86.52975376
902319994,2014,10,5,Weekday,1900,Bus,No injury/unknown,UNSAFE BACKING,S MULLER,39.16180998,-86.56743228
902298027,2014,9,3,Weekday,1600,2-Car,No injury/unknown,UNSAFE BACKING,S MULLER PKWY,39.16177176,-86.567327
902253955,2014,6,2,Weekday,1200,2-Car,No injury/unknown,FAILURE TO YIELD RIGHT OF WAY,S MULLER PKWY,39.1617503,-86.56746782
902353334,2014,12,6,Weekday,300,2-Car,No injury/unknown,UNSAFE SPEED,MULLER,39.16171275,-86.56736255
902237691,2014,5,6,Weekday,0,2-Car,No injury/unknown,OTHER (DRIVER) - EXPLAIN IN NARRATIVE,SO PARKRIDGE RD,39.16169357,-86.4751358
902313844,2014,10,3,Weekday,1200,2-Car,No injury/unknown,FOLLOWING TOO CLOSELY,2ND & WALKER ST,39.161648,-86.546128
902336930,2014,11,2,Weekday,2000,Bus,No injury/unknown,IMPROPER LANE USAGE,S WALKER & W 2ND,39.161648,-86.546128
902345195,2014,12,2,Weekday,900,1-Car,Incapacitating,ROADWAY SURFACE CONDITION,W 2ND & WALKER,39.161648,-86.546128
902162944,2014,1,7,Weekend,200,2-Car,No injury/unknown,SPEED TOO FAST FOR WEATHER CONDITIONS,MULLER PKWY,39.16163228,-86.5675389
902163107,2014,1,7,Weekend,1400,2-Car,No injury/unknown,SPEED TOO FAST FOR WEATHER CONDITIONS,S MUELLER PKWY,39.16163228,-86.5675389
902265493,2014,7,2,Weekday,1600,2-Car,No injury/unknown,IMPROPER TURNING,W 2ND ST,39.16162667,-86.54486933
902319912,2014,10,5,Weekday,1200,2-Car,No injury/unknown,,W 2ND,39.16162667,-86.54486933
902284667,2014,8,6,Weekday,1300,3+ Cars,Non-incapacitating,FOLLOWING TOO CLOSELY,2ND ST & EUCLID,39.1616,-86.543296
902200607,2014,3,2,Weekday,900,1-Car,No injury/unknown,RAN OFF ROAD RIGHT,BIRDIE GALYAN & SR46E,39.16158391,-86.41219366
902359378,2014,12,3,Weekday,1100,2-Car,No injury/unknown,FOLLOWING TOO CLOSELY,S MAPLE & W 2ND,39.161568,-86.542096
902352028,2014,12,5,Weekday,1400,2-Car,No injury/unknown,FOLLOWING TOO CLOSELY,MAPLE & SECOND,39.161568,-86.542096
902235997,2014,5,3,Weekday,1000,1-Car,No injury/unknown,OTHER (DRIVER) - EXPLAIN IN NARRATIVE,W 2ND ST,39.16153675,-86.53981487
902173985,2014,1,6,Weekend,1900,2-Car,No injury/unknown,UNSAFE BACKING,W 2ND ST,39.16153611,-86.53976784
902212076,2014,4,4,Weekday,2200,2-Car,No injury/unknown,IMPROPER TURNING,W 2ND ST,39.16153611,-86.53976784
902288084,2014,8,5,Weekday,1300,2-Car,No injury/unknown,UNSAFE BACKING,W 2ND ST,39.16153611,-86.53976784
902305231,2014,9,3,Weekday,200,2-Car,No injury/unknown,UNSAFE BACKING,W 2ND ST,39.16153611,-86.53976784
902345606,2014,12,2,Weekday,1700,2-Car,No injury/unknown,IMPROPER TURNING,W 2ND,39.16153611,-86.53976784
902362010,2014,12,2,Weekday,1200,1-Car,No injury/unknown,IMPROPER TURNING,W 2ND,39.16153611,-86.53976784
902252243,2014,6,5,Weekday,1700,2-Car,Non-incapacitating,FOLLOWING TOO CLOSELY,2ND ST & ROGERS,39.16152484,-86.53894474
902191912,2014,2,2,Weekday,1300,2-Car,No injury/unknown,FOLLOWING TOO CLOSELY,S ROGERS & W 2ND ST,39.16152,-86.538592
902231103,2014,5,1,Weekend,1700,2-Car,No injury/unknown,FAILURE TO YIELD RIGHT OF WAY,2ND ST & S ROGERS,39.16152,-86.538592
902235395,2014,5,2,Weekday,1200,2-Car,No injury/unknown,OTHER (DRIVER) - EXPLAIN IN NARRATIVE,S ROGERS & WEST SECOND ST,39.16152,-86.538592
902256391,2014,6,6,Weekday,1800,2-Car,No injury/unknown,FOLLOWING TOO CLOSELY,S ROGERS ST & W 2ND,39.16152,-86.538592
902262795,2014,7,5,Weekday,700,3+ Cars,Non-incapacitating,DRIVER ASLEEP OR FATIGUED,S ROGERS ST & W 2ND,39.16152,-86.538592
902301508,2014,9,2,Weekday,1100,2-Car,Non-incapacitating,FAILURE TO YIELD RIGHT OF WAY,SO ROGERS & W 2ND ST,39.16152,-86.538592
902229587,2014,5,4,Weekday,1500,2-Car,No injury/unknown,FOLLOWING TOO CLOSELY,MADISON & W 2ND ST,39.161488,-86.537296
902257609,2014,6,2,Weekday,1300,3+ Cars,No injury/unknown,FOLLOWING TOO CLOSELY,2ND ST & MADISON,39.161488,-86.537296
902316250,2014,10,6,Weekday,1400,2-Car,No injury/unknown,FOLLOWING TOO CLOSELY,2ND & MADISON,39.161488,-86.537296
902322840,2014,10,3,Weekday,1600,2-Car,No injury/unknown,FOLLOWING TOO CLOSELY,2ND & MORTON,39.161472,-86.53624
902258507,2014,7,3,Weekday,1200,2-Car,No injury/unknown,FOLLOWING TOO CLOSELY,2ND ST & MORTON,39.161472,-86.5360636
902319153,2014,10,4,Weekday,900,1-Car,No injury/unknown,OTHER (VEHICLE) - EXPLAIN IN NARRATIVE,LIBERTY,39.16147068,-86.57919779
902180637,2014,2,1,Weekend,1700,2-Car,No injury/unknown,DRIVER DISTRACTED - EXPLAIN IN NARRATIVE,2ND ST & COLLEGE,39.16144735,-86.53511243
902316454,2014,10,7,Weekend,1300,3+ Cars,Non-incapacitating,FOLLOWING TOO CLOSELY,MADISON & SECOND,39.1614458,-86.53733254
902315416,2014,10,4,Weekday,1200,2-Car,No injury/unknown,,400 BLK E 2ND & DUNN,39.16144,-86.5279352
902207146,2014,3,1,Weekend,1300,2-Car,Non-incapacitating,DISREGARD SIGNAL/REG SIGN,2ND ST & COLLEGE,39.16144,-86.534848
902293389,2014,9,2,Weekday,1200,2-Car,No injury/unknown,FAILURE TO YIELD RIGHT OF WAY,2ND & COLLEGE AVE,39.16144,-86.534848
902320689,2014,10,6,Weekday,1500,Pedestrian,Incapacitating,PEDESTRIAN ACTION,COLLEGE & SECOND,39.16144,-86.534848
902239439,2014,5,3,Weekday,1200,3+ Cars,No injury/unknown,FOLLOWING TOO CLOSELY,2ND & WALNUT ST,39.16144,-86.5336
902278258,2014,8,1,Weekend,1500,2-Car,No injury/unknown,FOLLOWING TOO CLOSELY,2ND & WALNUT ST,39.16144,-86.5336
902282460,2014,8,2,Weekday,1500,Moped/Motorcycle,Non-incapacitating,IMPROPER TURNING,2ND & WALNUT ST,39.16144,-86.5336
902355274,2014,12,3,Weekday,1700,2-Car,No injury/unknown,LEFT OF CENTER,E 2ND & S WALNUT,39.16144,-86.5336
902336065,2014,11,2,Weekday,800,2-Car,No injury/unknown,FOLLOWING TOO CLOSELY,E 2ND,39.16144,-86.5324
902207987,2014,3,3,Weekday,700,2-Car,Non-incapacitating,FOLLOWING TOO CLOSELY,E 2ND & S LINCOLN ST,39.16144,-86.531056
902235762,2014,5,2,Weekday,2300,2-Car,No injury/unknown,IMPROPER LANE USAGE,2ND ST & GRANT,39.16144,-86.52976
902214425,2014,4,2,Weekday,1200,2-Car,No injury/unknown,UNSAFE BACKING,WEST 2ND ST,39.16144,-86.527152
902322516,2014,10,3,Weekday,800,2-Car,No injury/unknown,IMPROPER TURNING,WEST 2ND,39.16144,-86.527152
902290175,2014,9,3,Weekday,1100,1-Car,No injury/unknown,IMPROPER TURNING,E 2ND & S HENDERSON ST,39.16144,-86.527152
902316867,2014,10,1,Weekend,1300,2-Car,No injury/unknown,UNSAFE BACKING,E 2ND,39.16144,-86.52696457
902243973,2014,6,4,Weekday,600,2-Car,No injury/unknown,FOLLOWING TOO CLOSELY,2ND ST & WALKER,39.16142978,-86.54614023
902279662,2014,8,4,Weekday,700,2-Car,No injury/unknown,DISREGARD SIGNAL/REG SIGN,2ND ST & WALKER,39.16142978,-86.54614023
902294229,2014,9,3,Weekday,1700,3+ Cars,No injury/unknown,DISREGARD SIGNAL/REG SIGN,2ND ST & WALKER,39.16142978,-86.54614023
902307049,2014,10,5,Weekday,2200,2-Car,No injury/unknown,FOLLOWING TOO CLOSELY,2ND ST & WALKER,39.16142978,-86.54614023
902228592,2014,5,3,Weekday,1400,3+ Cars,Non-incapacitating,FOLLOWING TOO CLOSELY,S EUCLID & W 2ND ST,39.16141972,-86.54337018
902273492,2014,7,4,Weekday,1800,3+ Cars,No injury/unknown,DRIVER DISTRACTED - EXPLAIN IN NARRATIVE,2ND ST & EUCLID,39.16141972,-86.54337018
902250298,2014,6,2,Weekday,1000,1-Car,No injury/unknown,RAN OFF ROAD RIGHT,SR37N & W 2ND,39.16141129,-86.53729248
902277672,2014,8,6,Weekday,1400,2-Car,No injury/unknown,FOLLOWING TOO CLOSELY,S MADISON & W 2ND ST,39.16141033,-86.53743982
902311088,2014,10,5,Weekday,1700,2-Car,No injury/unknown,DRIVER DISTRACTED - EXPLAIN IN NARRATIVE,2ND ST & MADISON,39.16141033,-86.53743982
902357363,2014,12,6,Weekday,1400,2-Car,No injury/unknown,FAILURE TO YIELD RIGHT OF WAY,2ND & MADISON,39.16141033,-86.53743982
902338838,2014,11,4,Weekday,1300,2-Car,Non-incapacitating,FAILURE TO YIELD RIGHT OF WAY,S ROGERS & W 2ND,39.16140027,-86.53867029
902230330,2014,5,6,Weekday,1400,2-Car,Non-incapacitating,FOLLOWING TOO CLOSELY,SOUTH ROGERS & WEST 2ND ST,39.16140027,-86.53867028
902270026,2014,7,5,Weekday,1200,2-Car,No injury/unknown,FOLLOWING TOO CLOSELY,2ND & ROGERS ST,39.16140027,-86.53867028
902322963,2014,10,3,Weekday,200,1-Car,No injury/unknown,RAN OFF ROAD RIGHT,S ROGERS & W 2ND,39.16140027,-86.53867028
902283456,2014,8,3,Weekday,1300,2-Car,No injury/unknown,DRIVER DISTRACTED - EXPLAIN IN NARRATIVE,2ND ST & ROGERS,39.16140027,-86.53867028
902188891,2014,2,4,Weekday,1400,2-Car,No injury/unknown,FOLLOWING TOO CLOSELY,2ND & WALNUT ST,39.16140027,-86.53362974
902206805,2014,3,7,Weekend,0,Cyclist,Non-incapacitating,DISREGARD SIGNAL/REG SIGN,2ND ST & WALNUT,39.16140027,-86.53362974
902218120,2014,4,3,Weekday,1200,2-Car,No injury/unknown,FAILURE TO YIELD RIGHT OF WAY,2ND ST & WALNUT,39.16140027,-86.53362974
902229249,2014,5,4,Weekday,1700,Cyclist,Non-incapacitating,FAILURE TO YIELD RIGHT OF WAY,2ND & SOUTH WALNUT ST,39.16140027,-86.53362974
902213449,2014,4,7,Weekend,1400,2-Car,No injury/unknown,UNSAFE BACKING,E 2ND ST,39.16139984,-86.53363037
902233437,2014,5,5,Weekday,1200,Pedestrian,Incapacitating,PEDESTRIAN ACTION,2ND ST & MORTON,39.16139022,-86.53631426
902256165,2014,6,6,Weekday,1200,2-Car,No injury/unknown,DRIVER DISTRACTED - EXPLAIN IN NARRATIVE,2ND ST & MORTON,39.16139022,-86.53630994
902168980,2014,1,7,Weekend,1200,Pedestrian,Non-incapacitating,DISREGARD SIGNAL/REG SIGN,2ND ST & COLLEGE,39.16138016,-86.53492994
902209992,2014,3,7,Weekend,1000,2-Car,No injury/unknown,FAILURE TO YIELD RIGHT OF WAY,2ND ST & WASHINGTON,39.16136004,-86.53242731
902265811,2014,7,4,Weekday,1000,2-Car,No injury/unknown,IMPROPER LANE USAGE,EAST 2ND ST & WASHINGTON,39.16136004,-86.53241001
902345014,2014,11,1,Weekend,1200,2-Car,No injury/unknown,OTHER (DRIVER) - EXPLAIN IN NARRATIVE,S HENDERSON,39.16134857,-86.52715069
902200714,2014,3,3,Weekday,1200,2-Car,No injury/unknown,OTHER (DRIVER) - EXPLAIN IN NARRATIVE,W 2ND ST,39.16133858,-86.53531685
902291639,2014,9,5,Weekday,1500,1-Car,No injury/unknown,RAN OFF ROAD RIGHT,EAST 2ND ST & S PARK,39.16131981,-86.52399994
902303982,2014,9,7,Weekend,1800,Cyclist,Incapacitating,FAILURE TO YIELD RIGHT OF WAY,EAST 2ND ST & WOODLAWN,39.161312,-86.522576
902225092,2014,4,3,Weekday,800,2-Car,No injury/unknown,UNSAFE BACKING,E 2ND ST,39.16131152,-86.52255127
902174893,2014,1,4,Weekday,1500,2-Car,No injury/unknown,,WEST SR 45 RD,39.161296,-86.589792
902231035,2014,5,7,Weekend,1900,2-Car,No injury/unknown,UNSAFE LANE MOVEMENT,2ND ST & HAWTHORNE,39.16126919,-86.52039251