Master Record Number,Year,Month,Day,Weekend?,Hour,Collision Type,Injury Type,Primary Factor,Reported_Location,Latitude,Longitude
902303435,2014,9,6,Weekday,900,2-Car,Non-incapacitating,DISREGARD SIGNAL/REG SIGN,2ND ST & HIGHLAND,39.1612,-86.517584
902307140,2014,10,6,Weekday,700,2-Car,Non-incapacitating,DISREGARD SIGNAL/REG SIGN,2ND & JORDAN AVE,39.161168,-86.516352
902339779,2014,11,6,Weekday,1100,2-Car,No injury/unknown,DISREGARD SIGNAL/REG SIGN,2ND & JORDAN,39.161168,-86.516352
902152103,2014,1,6,Weekday,1600,2-Car,No injury/unknown,UNSAFE BACKING,S COLLEGE AVE,39.16115717,-86.53485253
902163434,2014,1,1,Weekend,900,1-Car,No injury/unknown,OTHER (DRIVER) - EXPLAIN IN NARRATIVE,S COLLEGE AVE,39.16115717,-86.53485253
902212060,2014,4,4,Weekday,1900,1-Car,No injury/unknown,OVERCORRECTING/OVERSTEERING,S COLLEGE AVE,39.16115717,-86.53485253
902224172,2014,4,6,Weekday,1800,2-Car,No injury/unknown,,S COLLEGE AVE,39.16115717,-86.53485253
902275542,2014,8,3,Weekday,300,1-Car,No injury/unknown,OTHER (DRIVER) - EXPLAIN IN NARRATIVE,S COLLEGE AVE,39.16115717,-86.53485253
902298540,2014,9,4,Weekday,1800,2-Car,No injury/unknown,UNSAFE BACKING,S COLLEGE AVE,39.16115717,-86.53485253
902320996,2014,10,6,Weekday,1600,2-Car,No injury/unknown,UNSAFE BACKING,S COLLEGE,39.16115717,-86.53485253
902330091,2014,11,7,Weekend,1400,2-Car,No injury/unknown,UNSAFE BACKING,S COLLEGE,39.16115717,-86.53485253
902332921,2014,11,4,Weekday,1300,2-Car,No injury/unknown,OTHER (DRIVER) - EXPLAIN IN NARRATIVE,COLLEGE,39.16115717,-86.53485253
902346561,2014,12,3,Weekday,1900,2-Car,No injury/unknown,,E 2ND & S SWAIN,39.161136,-86.51512
902162728,2014,1,6,Weekday,1500,2-Car,No injury/unknown,FAILURE TO YIELD RIGHT OF WAY,ADAMS ST & ARCH HAVEN,39.16106969,-86.55082002
902268346,2014,7,2,Weekday,1100,2-Car,No injury/unknown,LEFT OF CENTER,ADAMS & ARCH HAVEN BLVD,39.16106969,-86.55082002
902270016,2014,7,5,Weekday,800,Cyclist,Non-incapacitating,DISREGARD SIGNAL/REG SIGN,E 2ND & S WOODLAWN AVE,39.16106969,-86.52264006
902292968,2014,9,1,Weekend,1800,2-Car,Non-incapacitating,DISREGARD SIGNAL/REG SIGN,2ND ST & WOODLAWN,39.16106969,-86.52264006
902287503,2014,8,4,Weekday,1500,2-Car,No injury/unknown,DISREGARD SIGNAL/REG SIGN,E 2ND ST & S WOODLAWN,39.16106969,-86.52264006
902166860,2014,1,4,Weekday,1100,2-Car,No injury/unknown,DISREGARD SIGNAL/REG SIGN,2ND ST & BALLANTINE,39.1610603,-86.51913978
902328620,2014,11,4,Weekday,1200,2-Car,No injury/unknown,OTHER (DRIVER) - EXPLAIN IN NARRATIVE,S LANDMARK,39.16104889,-86.55483246
902351179,2014,12,2,Weekday,1400,2-Car,No injury/unknown,FAILURE TO YIELD RIGHT OF WAY,2ND & ROSE,39.16102007,-86.51095972
902229046,2014,5,3,Weekday,1600,Pedestrian,Non-incapacitating,UNSAFE BACKING,SOUTH WALNUT ST,39.16101225,-86.5336
902272007,2014,7,2,Weekday,1500,Moped/Motorcycle,Non-incapacitating,FAILURE TO YIELD RIGHT OF WAY,SOUTH WALNUT ST,39.16101225,-86.5336
902337228,2014,11,3,Weekday,800,Pedestrian,Non-incapacitating,OTHER (DRIVER) - EXPLAIN IN NARRATIVE,E 2ND,39.16099258,-86.50557049
902236244,2014,5,3,Weekday,1000,2-Car,No injury/unknown,OTHER (DRIVER) - EXPLAIN IN NARRATIVE,E 2ND ST,39.16099258,-86.50557048
902341625,2014,11,2,Weekday,900,2-Car,No injury/unknown,DISREGARD SIGNAL/REG SIGN,E 2ND & SO COLLEGE MALL,39.160944,-86.497696
902334525,2014,11,6,Weekday,1300,2-Car,Non-incapacitating,FAILURE TO YIELD RIGHT OF WAY,2ND & COLLEGE MALL,39.16094028,-86.49772033
902185885,2014,2,1,Weekend,1700,2-Car,No injury/unknown,FAILURE TO YIELD RIGHT OF WAY,2ND & COLLEGE MALL RD,39.16094027,-86.49772033
902277858,2014,8,7,Weekend,1000,2-Car,No injury/unknown,FAILURE TO YIELD RIGHT OF WAY,COLLEGE MALL & EAST 2ND ST,39.16094027,-86.49769438
902168732,2014,1,6,Weekday,1300,2-Car,No injury/unknown,FOLLOWING TOO CLOSELY,2ND ST & SOUTH WOODSCREST,39.16092016,-86.50248433
902186172,2014,2,6,Weekday,1500,2-Car,No injury/unknown,FOLLOWING TOO CLOSELY,SECOND ST & WOODSCREST,39.16092016,-86.50236323
902152389,2014,1,7,Weekend,1000,2-Car,No injury/unknown,FAILURE TO YIELD RIGHT OF WAY,3RD & LIBERTY DR,39.16090915,-86.57913006
902152313,2014,1,6,Weekday,1300,2-Car,No injury/unknown,ROADWAY SURFACE CONDITION,EAST SECOND ST,39.16087657,-86.50200717
902343400,2014,11,4,Weekday,1600,2-Car,No injury/unknown,FAILURE TO YIELD RIGHT OF WAY,IN SR 45 & S LIBERTY,39.16087376,-86.57777019
902229294,2014,5,4,Weekday,1600,2-Car,No injury/unknown,UNSAFE BACKING,SOUTH FESS AVE,39.1607666,-86.52623748
902185710,2014,2,7,Weekend,1400,2-Car,Non-incapacitating,FAILURE TO YIELD RIGHT OF WAY,2ND ST & PATTERSON,39.16074984,-86.54850997
902348210,2014,12,6,Weekday,1500,2-Car,No injury/unknown,FOLLOWING TOO CLOSELY,2ND & PATTERSON,39.16074984,-86.54850997
902295663,2014,9,6,Weekday,1100,2-Car,No injury/unknown,FAILURE TO YIELD RIGHT OF WAY,S PATTERSON & W 2ND ST,39.16074984,-86.54851775
902150217,2014,1,5,Weekday,700,2-Car,No injury/unknown,ROADWAY SURFACE CONDITION,2ND & PATTERSON DR,39.16074984,-86.54850997
902152417,2014,1,7,Weekend,1000,2-Car,No injury/unknown,FAILURE TO YIELD RIGHT OF WAY,SO PATTERSON & W 2ND ST,39.16074984,-86.54850997
902154840,2014,1,3,Weekday,700,2-Car,No injury/unknown,SPEED TOO FAST FOR WEATHER CONDITIONS,2ND & PATTERSON ST,39.16074984,-86.54850997
902160486,2014,1,4,Weekday,1900,2-Car,No injury/unknown,FOLLOWING TOO CLOSELY,2ND ST & PATTERSON,39.16074984,-86.54850997
902167815,2014,1,6,Weekday,400,1-Car,No injury/unknown,RAN OFF ROAD RIGHT,2ND ST & PATTERSON,39.16074984,-86.54850997
902178417,2014,2,5,Weekday,1100,2-Car,No injury/unknown,FOLLOWING TOO CLOSELY,PATTERSON DR & W 2ND,39.16074984,-86.54850997
902202985,2014,3,6,Weekday,1000,2-Car,No injury/unknown,FOLLOWING TOO CLOSELY,2ND & PATTERSON DR,39.16074984,-86.54850997
902209927,2014,3,7,Weekend,100,1-Car,No injury/unknown,RAN OFF ROAD RIGHT,S PATTERSON & W 2ND ST,39.16074984,-86.54850997
902227774,2014,4,3,Weekday,800,2-Car,No injury/unknown,FAILURE TO YIELD RIGHT OF WAY,S PATTERSON & W 2ND ST,39.16074984,-86.54850997
902245878,2014,6,1,Weekend,0,2-Car,No injury/unknown,SPEED TOO FAST FOR WEATHER CONDITIONS,2ND ST & PATTERSON,39.16074984,-86.54850997
902275067,2014,8,2,Weekday,1000,2-Car,Non-incapacitating,FOLLOWING TOO CLOSELY,2ND & PATTERSON DR,39.16074984,-86.54850997
902276626,2014,8,5,Weekday,200,1-Car,No injury/unknown,ANIMAL/OBJECT IN ROADWAY,BLOOMFIED & PATTERSON,39.16074984,-86.54850131
902325042,2014,10,6,Weekday,1600,2-Car,No injury/unknown,IMPROPER PASSING,S PATTERSON & W 2ND,39.16074984,-86.54849698
902319352,2014,10,4,Weekday,1200,2-Car,Non-incapacitating,FOLLOWING TOO CLOSELY,PATTERSON & SECOND,39.16074702,-86.54853344
902221684,2014,4,2,Weekday,1100,2-Car,No injury/unknown,UNSAFE BACKING,S CLARIZZ BLVD,39.16067505,-86.49024963
902251740,2014,6,4,Weekday,2200,2-Car,No injury/unknown,OTHER (DRIVER) - EXPLAIN IN NARRATIVE,2ND & COLLEGE MALL RD,39.16066944,-86.49770547
902298955,2014,9,5,Weekday,1100,2-Car,No injury/unknown,UNSAFE BACKING,2ND & LINCOLN ST,39.16061609,-86.53106812
902209202,2014,3,5,Weekday,700,2-Car,Non-incapacitating,FAILURE TO YIELD RIGHT OF WAY,2ND ST & ADAMS,39.160544,-86.5508
902215057,2014,4,4,Weekday,900,2-Car,No injury/unknown,DISREGARD SIGNAL/REG SIGN,2ND ST & ADAMS,39.160544,-86.5508
902220210,2014,4,7,Weekend,200,Moped/Motorcycle,Incapacitating,RAN OFF ROAD RIGHT,S ADAMS & W BLOOMFIELD,39.160544,-86.5508
902309188,2014,10,2,Weekday,1500,2-Car,No injury/unknown,UNSAFE BACKING,S LANDMARK AVE,39.16051246,-86.55401453
902193882,2014,2,6,Weekday,0,3+ Cars,No injury/unknown,LEFT OF CENTER,1ST & WOODLAWN AVE,39.16044261,-86.5225622
902354849,2014,12,3,Weekday,1000,3+ Cars,No injury/unknown,FOLLOWING TOO CLOSELY,LIBERTY & SR48W,39.16043091,-86.57905703
902289712,2014,8,1,Weekend,0,2-Car,No injury/unknown,OTHER (DRIVER) - EXPLAIN IN NARRATIVE,BLOOMFIELD RD,39.16042462,-86.55086025
902234963,2014,5,1,Weekend,1700,2-Car,No injury/unknown,FAILURE TO YIELD RIGHT OF WAY,SOUTH HENDERSON ST & UNIVERSITY,39.16038975,-86.52718976
902221624,2014,4,3,Weekday,400,2-Car,No injury/unknown,UNSAFE BACKING,HENDERSON & UNIVERSITY ST,39.16038975,-86.5271811
902211606,2014,4,3,Weekday,1500,2-Car,Non-incapacitating,FAILURE TO YIELD RIGHT OF WAY,3RD & LIBERTY DR,39.16038043,-86.57913006
902226914,2014,5,5,Weekday,1800,2-Car,No injury/unknown,UNSAFE BACKING,S WALNUT ST,39.16037061,-86.5336
902179058,2014,2,6,Weekday,900,2-Car,No injury/unknown,FAILURE TO YIELD RIGHT OF WAY,E UNIVESRITY ST & S HENDERSON,39.16032,-86.527136
902274771,2014,8,1,Weekend,1500,2-Car,No injury/unknown,UNSAFE BACKING,E UNIVERSITY ST & S HENDERSON,39.16032,-86.527136
902154424,2014,1,3,Weekday,1600,2-Car,No injury/unknown,SPEED TOO FAST FOR WEATHER CONDITIONS,W 2ND ST,39.16025543,-86.54006195
902194663,2014,3,7,Weekend,1800,2-Car,No injury/unknown,UNSAFE BACKING,W 2ND ST,39.16025543,-86.54006195
902242003,2014,5,7,Weekend,2200,1-Car,No injury/unknown,RAN OFF ROAD RIGHT,W 2ND ST,39.16025543,-86.54006195
902256841,2014,6,5,Weekday,2300,2-Car,No injury/unknown,UNSAFE BACKING,W 2ND ST,39.160255,-86.540062
902188472,2014,2,4,Weekday,900,2-Car,No injury/unknown,FOLLOWING TOO CLOSELY,E 10 TH & N SMITH RD,39.15998836,-86.48266978
902226868,2014,5,6,Weekday,1700,2-Car,No injury/unknown,UNSAFE BACKING,W 2ND ST,39.15997314,-86.54981231
902338353,2014,11,4,Weekday,1100,2-Car,Non-incapacitating,FOLLOWING TOO CLOSELY,BLOOMFIELD & LANDMARK,39.15993981,-86.55382007
902242320,2014,6,1,Weekend,1600,2-Car,Non-incapacitating,FOLLOWING TOO CLOSELY,BLOOMFIELD RD & LANDMARK,39.15993981,-86.55382007
902232967,2014,5,4,Weekday,1600,2-Car,No injury/unknown,FOLLOWING TOO CLOSELY,BLOOMFIELD RD & LANDMARK,39.15993981,-86.55381358
902213514,2014,4,3,Weekday,1200,2-Car,No injury/unknown,OVERCORRECTING/OVERSTEERING,S CLARIZZ BLVD,39.15986252,-86.49027252
902237898,2014,5,5,Weekday,1500,1-Car,No injury/unknown,RAN OFF ROAD RIGHT,BIRDIE GALYAN & SR46E,39.15982565,-86.41038589
902265718,2014,7,2,Weekday,1200,1-Car,No injury/unknown,BRAKE FAILURE OR DEFECTIVE,BLOOMFIELD RD,39.1596756,-86.55188751
902279552,2014,8,3,Weekday,1700,2-Car,No injury/unknown,UNSAFE SPEED,S WALKER ST & W 1ST,39.159648,-86.546
902256427,2014,6,6,Weekday,1600,2-Car,No injury/unknown,FAILURE TO YIELD RIGHT OF WAY,1ST & COLLEGE AVE,39.15964598,-86.5348767
902225125,2014,4,2,Weekday,1600,2-Car,Non-incapacitating,DISREGARD SIGNAL/REG SIGN,E BUICK CADILLAC BLVD & S CLARIZZ,39.1596,-86.490784
902311833,2014,10,6,Weekday,1700,2-Car,Non-incapacitating,FAILURE TO YIELD RIGHT OF WAY,S LANDMARK AVE & W 2ND,39.15951581,-86.55335069
902249523,2014,4,4,Weekday,700,2-Car,No injury/unknown,UNSAFE BACKING,1ST & S ROGERS ST,39.159504,-86.538592
902221437,2014,4,2,Weekday,1700,Cyclist,Non-incapacitating,FAILURE TO YIELD RIGHT OF WAY,FIRST ST & MORTON,39.159472,-86.536272
902244835,2014,6,5,Weekday,1800,Cyclist,Non-incapacitating,PEDESTRIAN ACTION,S MORTON & W 1ST ST,39.159472,-86.536272
902295395,2014,9,6,Weekday,100,1-Car,No injury/unknown,RAN OFF ROAD RIGHT,W 1ST ST & WALKER,39.15946975,-86.5460505
902302866,2014,9,5,Weekday,1400,2-Car,No injury/unknown,FOLLOWING TOO CLOSELY,RANSOM & W BLOOMFIELD RD,39.15944,-86.555296
902327426,2014,11,3,Weekday,1600,2-Car,No injury/unknown,FOLLOWING TOO CLOSELY,RANSOM & W BLOOMFIELD,39.15944,-86.555296
902170918,2014,1,2,Weekday,1300,1-Car,No injury/unknown,DRIVER DISTRACTED - EXPLAIN IN NARRATIVE,S COLLEGE AVE,39.15944,-86.53488
902334546,2014,11,6,Weekday,1700,2-Car,No injury/unknown,DRIVER DISTRACTED - EXPLAIN IN NARRATIVE,S COLLEGE & W 1ST,39.15944,-86.53488
902216801,2014,4,1,Weekend,1100,2-Car,No injury/unknown,DISREGARD SIGNAL/REG SIGN,1ST & WALNUT ST,39.159344,-86.5336
902220738,2014,4,1,Weekday,2300,2-Car,Non-incapacitating,DISREGARD SIGNAL/REG SIGN,1ST & SOUTH WALNUT ST,39.159344,-86.5336
902363349,2014,12,3,Weekday,900,Bus,No injury/unknown,IMPROPER PASSING,1ST & WALNUT,39.159344,-86.5336
902302221,2014,9,4,Weekday,1200,Cyclist,Non-incapacitating,DISREGARD SIGNAL/REG SIGN,1ST & HENDERSON ST,39.159344,-86.52712
902194279,2014,2,6,Weekday,1500,2-Car,No injury/unknown,DISREGARD SIGNAL/REG SIGN,1ST ST & FESS,39.159344,-86.525872
902268050,2014,7,1,Weekday,1900,2-Car,No injury/unknown,FAILURE TO YIELD RIGHT OF WAY,E 1ST ST & S FESS,39.159344,-86.525872
902319434,2014,10,4,Weekday,1700,2-Car,No injury/unknown,FAILURE TO YIELD RIGHT OF WAY,E 1ST & S WOODLAWN,39.159344,-86.52256
902309376,2014,10,3,Weekday,800,2-Car,No injury/unknown,FAILURE TO YIELD RIGHT OF WAY,1ST ST & HENDERSON,39.15932022,-86.52711418
902334536,2014,11,6,Weekday,1600,2-Car,No injury/unknown,FAILURE TO YIELD RIGHT OF WAY,S ROGERS,39.15931004,-86.538592
902280917,2014,8,6,Weekday,1100,2-Car,No injury/unknown,FAILURE TO YIELD RIGHT OF WAY,FIRST & HAWTHORNE LN,39.15928942,-86.52019435
902335571,2014,11,1,Weekend,1800,2-Car,No injury/unknown,FAILURE TO YIELD RIGHT OF WAY,1ST & JORDAN,39.15925987,-86.51637979
902188599,2014,2,4,Weekday,1000,2-Car,No injury/unknown,OTHER (DRIVER) - EXPLAIN IN NARRATIVE,SOUTH ROGERS ST,39.15916935,-86.53873063
902346599,2014,12,3,Weekday,1800,2-Car,No injury/unknown,UNSAFE BACKING,S BASSWOOD,39.1591318,-86.56706885
902362139,2014,12,2,Weekday,2300,2-Car,No injury/unknown,FOLLOWING TOO CLOSELY,1ST & WALNUT,39.15906934,-86.5336
902317566,2014,10,7,Weekend,1000,2-Car,No injury/unknown,OTHER (DRIVER) - EXPLAIN IN NARRATIVE,SO RANSOM,39.15904999,-86.55525207
902220673,2014,4,1,Weekday,2000,Cyclist,Non-incapacitating,FAILURE TO YIELD RIGHT OF WAY,SOUTH BASSWOOD DR,39.15904328,-86.56723044
902264030,2014,7,7,Weekend,2100,1-Car,No injury/unknown,ANIMAL/OBJECT IN ROADWAY,HENDRICK & SR46W,39.15888977,-86.66209685
902363671,2014,12,7,Weekend,2200,1-Car,No injury/unknown,UNSAFE BACKING,BASSWOOD,39.15883943,-86.56759188
902301066,2014,9,3,Weekday,1300,2-Car,No injury/unknown,UNSAFE BACKING,LIBERTY DR,39.15865326,-86.57491302
902200608,2014,3,2,Weekday,1000,2-Car,Incapacitating,FOLLOWING TOO CLOSELY,CURRY PIKE & DOYLE,39.1584893,-86.58275552
902233018,2014,5,4,Weekday,1600,2-Car,Non-incapacitating,OTHER (VEHICLE) - EXPLAIN IN NARRATIVE,W BLOOMFIELD RD,39.158448,-86.556992
902256390,2014,6,6,Weekday,1700,3+ Cars,Non-incapacitating,FOLLOWING TOO CLOSELY,BURKS & S WALNUT ST,39.15836229,-86.53136998
902363206,2014,12,4,Weekday,1800,2-Car,No injury/unknown,FAILURE TO YIELD RIGHT OF WAY,S CURRY & SR45,39.15835953,-86.58264923
902331683,2014,11,2,Weekday,1200,2-Car,No injury/unknown,FAILURE TO YIELD RIGHT OF WAY,CURRY & SR46W,39.15835953,-86.58264923
902260536,2014,7,5,Weekday,1300,1-Car,No injury/unknown,OTHER (VEHICLE) - EXPLAIN IN NARRATIVE,CURRY & SR46W,39.15835953,-86.58273581
902166714,2014,1,3,Weekday,600,2-Car,No injury/unknown,SPEED TOO FAST FOR WEATHER CONDITIONS,CURRY & SR46W,39.15835953,-86.58264923
902295940,2014,9,4,Weekday,600,2-Car,No injury/unknown,FOLLOWING TOO CLOSELY,CURRY & SR46W,39.15835953,-86.58264923
902320973,2014,10,7,Weekend,1600,2-Car,No injury/unknown,FOLLOWING TOO CLOSELY,CURRY & SR45W,39.15835953,-86.58264923
902233442,2014,5,5,Weekday,1000,2-Car,Non-incapacitating,DRIVER ILLNESS,CURRY & SR46E,39.15835953,-86.58256264
902322905,2014,10,2,Weekday,1500,2-Car,No injury/unknown,FAILURE TO YIELD RIGHT OF WAY,CURRY & DOYLE,39.158352,-86.582752
902355943,2014,12,4,Weekday,1600,2-Car,No injury/unknown,FAILURE TO YIELD RIGHT OF WAY,CURRY & DOYLE,39.158352,-86.582752
902292996,2014,9,1,Weekend,1600,2-Car,No injury/unknown,UNSAFE BACKING,S CURRY PIKE,39.15834137,-86.58275165
902278417,2014,8,1,Weekend,1800,3+ Cars,No injury/unknown,OTHER (DRIVER) - EXPLAIN IN NARRATIVE,E BUICK CADILLAC BLVD,39.15829763,-86.49601981
902302984,2014,9,5,Weekday,1800,2-Car,No injury/unknown,UNSAFE LANE MOVEMENT,3RD & CURRY PIKE,39.15829504,-86.58292002
902297405,2014,9,1,Weekend,1000,2-Car,No injury/unknown,OTHER (DRIVER) - EXPLAIN IN NARRATIVE,S BASSWOOD DR,39.15826008,-86.57061405
902211600,2014,4,3,Weekday,2100,2-Car,Non-incapacitating,FOLLOWING TOO CLOSELY,BUICK CADILLAC & S COLLEGE MALL RD,39.15816,-86.497792
902229762,2014,5,5,Weekday,1400,2-Car,No injury/unknown,FOLLOWING TOO CLOSELY,BUICK CADILLAC & COLLEGE MALL RD,39.15816,-86.497792
902255271,2014,6,4,Weekday,1900,2-Car,No injury/unknown,FAILURE TO YIELD RIGHT OF WAY,E BUICK CADILLAC & S COLLEGE MALL RD,39.15816,-86.497792
902315442,2014,10,5,Weekday,1400,2-Car,No injury/unknown,FOLLOWING TOO CLOSELY,BUICK CADILLAC & COLLEGE MALL,39.15816,-86.497792
902357509,2014,12,7,Weekend,700,2-Car,No injury/unknown,SPEED TOO FAST FOR WEATHER CONDITIONS,ANNA LEE & BLOOMFIELD,39.158144,-86.5576
902307417,2014,10,6,Weekday,1400,2-Car,No injury/unknown,FAILURE TO YIELD RIGHT OF WAY,S CURRY PIKE & W DOYLE AVE,39.15805019,-86.58264406
902205983,2014,3,4,Weekday,1500,1-Car,No injury/unknown,ANIMAL/OBJECT IN ROADWAY,FIELD STONE & SR48W,39.15802002,-86.60535987
902209380,2014,3,4,Weekday,1600,2-Car,No injury/unknown,IMPROPER LANE USAGE,1205 E MAXWELL LN & HAWTHRONE,39.158012,-86.51966965
902168832,2014,1,7,Weekend,1000,1-Car,No injury/unknown,ROADWAY SURFACE CONDITION,E MAXWELL LN,39.15788444,-86.51996622
902156614,2014,1,4,Weekday,1100,2-Car,No injury/unknown,OTHER (ENVIRONMENTAL) - EXPLAIN IN NARR,S BASSWOOD & SR45W,39.1578598,-86.57102966
902158838,2014,1,1,Weekend,1200,2-Car,No injury/unknown,,FESS AVE & MAXWELL,39.1578497,-86.52595996
902217521,2014,4,1,Weekend,1600,2-Car,No injury/unknown,FAILURE TO YIELD RIGHT OF WAY,E MAXWELL LN & MITCHELL,39.157824,-86.5136
902340498,2014,11,5,Weekday,1500,2-Car,No injury/unknown,IMPROPER PASSING,E MAXWELL & S WOODLAWN,39.15781014,-86.52269198
902333619,2014,11,5,Weekday,1500,Bus,No injury/unknown,IMPROPER TURNING,MAXWELL & S HIGH,39.157792,-86.508288
902211605,2014,4,3,Weekday,1700,2-Car,No injury/unknown,UNSAFE BACKING,S COLLEGE MALL RD,39.15779167,-86.49780376
902318595,2014,10,3,Weekday,1200,2-Car,No injury/unknown,UNSAFE BACKING,HIGHLAND & MAXWELL,39.15779002,-86.51771373
902248180,2014,6,4,Weekday,1200,2-Car,No injury/unknown,FAILURE TO YIELD RIGHT OF WAY,JORDAN & MAXWELL LN,39.15779002,-86.51635967
902192993,2014,2,4,Weekday,1100,1-Car,No injury/unknown,ANIMAL/OBJECT IN ROADWAY,DODDS ST & FAIRVIEW,39.157648,-86.540944
902214812,2014,4,3,Weekday,1900,2-Car,No injury/unknown,UNSAFE BACKING,DODDS ST & FAIRVIEW,39.157648,-86.540944
902363047,2014,12,4,Weekday,1200,2-Car,No injury/unknown,UNSAFE BACKING,S AUTO MALL,39.15757343,-86.496168
902324749,2014,10,6,Weekday,1300,1-Car,No injury/unknown,RAN OFF ROAD RIGHT,COLLEGE & DODDS,39.157568,-86.534896
902277674,2014,8,6,Weekday,1600,2-Car,No injury/unknown,FOLLOWING TOO CLOSELY,E BRIGHTON & S SMITH RD,39.157552,-86.480592
902308071,2014,10,7,Weekend,1100,2-Car,No injury/unknown,OTHER (DRIVER) - EXPLAIN IN NARRATIVE,EASTSIDE DR & MAXWELL,39.15754937,-86.51252331
902305765,2014,9,3,Weekday,1500,2-Car,No injury/unknown,UNSAFE BACKING,W BLOOMFIELD RD,39.15753253,-86.55889011
902226922,2014,5,6,Weekday,1800,2-Car,No injury/unknown,DRIVER DISTRACTED - EXPLAIN IN NARRATIVE,E GENTRY & SR446S,39.15744,-86.471456
902256547,2014,6,6,Weekday,900,Moped/Motorcycle,Non-incapacitating,DISREGARD SIGNAL/REG SIGN,DODDS & WASHINGTON AVE,39.15738031,-86.53243012
902229602,2014,5,4,Weekday,1800,2-Car,No injury/unknown,IMPROPER TURNING,WEST BLOOMFIELD RD,39.15736355,-86.55924953
902240715,2014,5,5,Weekday,1200,2-Car,No injury/unknown,OTHER (DRIVER) - EXPLAIN IN NARRATIVE,BLOOMFIELD & CORY LN,39.157248,-86.559792
902291199,2014,9,4,Weekday,1400,2-Car,No injury/unknown,FAILURE TO YIELD RIGHT OF WAY,S CORY LN & W BLOOMFIELD,39.157248,-86.559792
902236243,2014,5,3,Weekday,1600,2-Car,No injury/unknown,UNSAFE BACKING,DUNCASTER CT & GENTRY,39.15724021,-86.47490344
902269912,2014,7,4,Weekday,1100,2-Car,No injury/unknown,FOLLOWING TOO CLOSELY,BLOOMFIELD RD & CORY,39.15710002,-86.55969658
902189632,2014,1,4,Weekday,1800,2-Car,Non-incapacitating,FAILURE TO YIELD RIGHT OF WAY,S CURRY PIKE & W GIFFORD,39.156896,-86.582704
902190253,2014,2,6,Weekday,1200,2-Car,No injury/unknown,DISREGARD SIGNAL/REG SIGN,CURRY PIKE & GIFFORD,39.156896,-86.582704
902251510,2014,6,2,Weekday,1600,2-Car,No injury/unknown,FOLLOWING TOO CLOSELY,GIFFORD & S CURRY PIKE,39.156896,-86.582704
902291587,2014,9,3,Weekday,1700,2-Car,No injury/unknown,FOLLOWING TOO CLOSELY,CURRY PIKE & GIFFORD,39.156896,-86.582704
902291837,2014,8,6,Weekday,1500,1-Car,No injury/unknown,OTHER (DRIVER) - EXPLAIN IN NARRATIVE,1425 S CURRY PIKE & W GIFFORD,39.156896,-86.582704
902303384,2014,9,6,Weekday,900,2-Car,Non-incapacitating,FOLLOWING TOO CLOSELY,CURRY PIKE & GIFFORD,39.156896,-86.582704
902355940,2014,12,4,Weekday,1500,2-Car,No injury/unknown,UNSAFE LANE MOVEMENT,S CURRY & W GIFFORD,39.156896,-86.582704
902332732,2014,1,4,Weekday,1800,1-Car,Non-incapacitating,FAILURE TO YIELD RIGHT OF WAY,S CURRY & W GIFFORD,39.156896,-86.582704
902222187,2014,4,4,Weekday,900,2-Car,No injury/unknown,WRONG WAY ON ONE WAY,PAPER BIRCH & WOODSIDE DR,39.15685996,-86.59123018
902300555,2014,9,1,Weekday,2300,2-Car,No injury/unknown,UNSAFE BACKING,GOODNIGHT WAY,39.15676542,-86.49204611
902244540,2014,6,5,Weekday,600,2-Car,No injury/unknown,FAILURE TO YIELD RIGHT OF WAY,DIXIE & FAIRVIEW ST,39.156752,-86.540976
902264919,2014,7,2,Weekday,2100,1-Car,No injury/unknown,SPEED TOO FAST FOR WEATHER CONDITIONS,BASSWOOD DR & COPPER BEECH,39.15669031,-86.57108008
902157808,2014,1,7,Weekend,2000,2-Car,No injury/unknown,OTHER (DRIVER) - EXPLAIN IN NARRATIVE,DIXIE & ROGERS ST,39.15664,-86.538592
902353783,2014,12,7,Weekend,2100,3+ Cars,Non-incapacitating,UNSAFE LANE MOVEMENT,DIXIE & FAIRVIEW,39.15657029,-86.54104142
902328261,2014,11,3,Weekday,1900,Pedestrian,No injury/unknown,,E DIXIE & S WALNUT,39.156544,-86.5336
902291643,2014,9,5,Weekday,1400,2-Car,No injury/unknown,,E DIXIE ST & S WALNUT,39.15648982,-86.53365711
902357507,2014,12,7,Weekend,800,1-Car,No injury/unknown,OVERCORRECTING/OVERSTEERING,MCCARTNEY & SARE,39.15645912,-86.49749972
902357985,2014,12,1,Weekend,1200,2-Car,No injury/unknown,FAILURE TO YIELD RIGHT OF WAY,E GOODNIGHT & E STRATUM,39.15633023,-86.4943897
902339061,2014,11,5,Weekday,900,1-Car,No injury/unknown,UNSAFE SPEED,GOODNIGHT & STRATUM,39.15633023,-86.4943897
902188575,2014,2,4,Weekday,800,1-Car,Non-incapacitating,RAN OFF ROAD RIGHT,CURRY & GIFFORD RD,39.15632673,-86.58369893
902230033,2014,5,6,Weekday,1000,2-Car,No injury/unknown,FAILURE TO YIELD RIGHT OF WAY,ALLEN & BLOOMFIELD RD,39.156144,-86.561296