Master Record Number,Year,Month,Day,Weekend?,Hour,Collision Type,Injury Type,Primary Factor,Reported_Location,Latitude,Longitude
902355268,2014,12,3,Weekday,1100,1-Car,No injury/unknown,RAN OFF ROAD RIGHT,E SHERIDAN & S WOODLAWN,39.156144,-86.522528
902199102,2014,3,6,Weekend,2300,1-Car,No injury/unknown,ANIMAL/OBJECT IN ROADWAY,S ADAMS & W ALLEN ST,39.155952,-86.550592
902209999,2014,3,7,Weekend,1000,3+ Cars,No injury/unknown,RAN OFF ROAD RIGHT,3RD & JORDAN AVE,39.1558007,-86.5163999
902195944,2014,3,2,Weekday,1400,1-Car,No injury/unknown,RAN OFF ROAD RIGHT,ALLEN & ROGERS ST,39.155776,-86.538592
902176963,2014,2,3,Weekday,1700,1-Car,No injury/unknown,SPEED TOO FAST FOR WEATHER CONDITIONS,S LARKSPUR & W ALLEN ST,39.1557502,-86.54797017
902227458,2014,5,1,Weekend,1300,1-Car,No injury/unknown,RAN OFF ROAD RIGHT,ALLEN ST & LAKESPUR,39.1557502,-86.54797017
902269233,2014,7,3,Weekday,1400,2-Car,No injury/unknown,FAILURE TO YIELD RIGHT OF WAY,STRONG & W ALLEN ST,39.15565029,-86.54431103
902222963,2014,4,5,Weekday,1700,2-Car,No injury/unknown,,ALLEN ST & WALNUT,39.155648,-86.5336
902298618,2014,9,4,Weekday,1700,2-Car,No injury/unknown,DISREGARD SIGNAL/REG SIGN,S PATTERSON DR & W ALLEN,39.15563316,-86.54330176
902211286,2014,4,3,Weekday,800,2-Car,No injury/unknown,FOLLOWING TOO CLOSELY,ALLEN & PATTERSON ST,39.15563017,-86.54330983
902306599,2014,10,5,Weekday,1000,2-Car,No injury/unknown,TIRE FAILURE OR DEFECTIVE,ALLEN ST & PATTERSON,39.15563017,-86.54330983
902307173,2014,10,6,Weekday,800,3+ Cars,No injury/unknown,FOLLOWING TOO CLOSELY,ALLEN & PATTERSON DR,39.15563017,-86.54330983
902331723,2014,11,3,Weekday,700,Bus,No injury/unknown,IMPROPER TURNING,ALLEN & ROGERS,39.15558994,-86.53874002
902207092,2014,3,6,Weekday,1600,2-Car,No injury/unknown,UNSAFE BACKING,CURRY PIKE,39.15556717,-86.58029937
902230291,2014,5,4,Weekday,1500,2-Car,No injury/unknown,DRIVER DISTRACTED - EXPLAIN IN NARRATIVE,SOUTH CURRY PIKE ROAD RD,39.15556717,-86.58029937
902295317,2014,9,5,Weekday,1700,2-Car,Non-incapacitating,FOLLOWING TOO CLOSELY,LAKE CREST & W BLOOMFIELD,39.15547264,-86.56245947
902340395,2014,11,7,Weekend,700,1-Car,No injury/unknown,ANIMAL/OBJECT IN ROADWAY,LAKECREST & W BLOOMFIELD,39.15544,-86.562192
902157628,2014,1,7,Weekend,600,1-Car,No injury/unknown,RAN OFF ROAD RIGHT,BLOOMFIELD RD & LAKE CREST,39.15543973,-86.56249537
902151154,2014,1,5,Weekday,1700,2-Car,No injury/unknown,ROADWAY SURFACE CONDITION,COVENANTER DR & STRATUM,39.15535994,-86.4944257
902310382,2014,10,4,Weekday,1400,2-Car,No injury/unknown,UNSAFE BACKING,E COVENANTER DR,39.155344,-86.503088
902320786,2014,10,6,Weekday,1800,2-Car,No injury/unknown,,E COVENANTER,39.155344,-86.503088
902347538,2014,12,5,Weekday,1200,1-Car,No injury/unknown,OTHER (DRIVER) - EXPLAIN IN NARRATIVE,E COVENANTER,39.155344,-86.503088
902333641,2014,11,3,Weekday,700,2-Car,No injury/unknown,,WEST ALDER,39.15534183,-86.57057382
902214588,2014,4,3,Weekday,1100,2-Car,No injury/unknown,FAILURE TO YIELD RIGHT OF WAY,COLLEGE MALL & COVENANTER DR,39.15518023,-86.4977441
902201822,2014,3,4,Weekday,1400,2-Car,No injury/unknown,DRIVER DISTRACTED - EXPLAIN IN NARRATIVE,COLLEGE MALL & COVENANTER DR,39.155152,-86.497888
902218902,2014,4,4,Weekday,1500,2-Car,No injury/unknown,FAILURE TO YIELD RIGHT OF WAY,COVENANTER & S COLLEGE MALL RD,39.155152,-86.497888
902313668,2014,10,3,Weekday,700,1-Car,No injury/unknown,RAN OFF ROAD RIGHT,COLLEGE MALL RD & COVENANTER,39.155152,-86.497888
902334280,2014,11,6,Weekday,1200,Bus,No injury/unknown,FOLLOWING TOO CLOSELY,E COVENANTER & S COLLEGE MALL,39.155152,-86.497888
902347245,2014,12,4,Weekday,1700,3+ Cars,Non-incapacitating,FOLLOWING TOO CLOSELY,COVENANTER & S COLLEGE MALL,39.155152,-86.497888
902350186,2014,12,2,Weekday,1600,2-Car,No injury/unknown,FAILURE TO YIELD RIGHT OF WAY,E COVENANTER & S COLLEGE MALL,39.155152,-86.497888
902149958,2014,1,4,Weekday,1400,2-Car,No injury/unknown,UNSAFE BACKING,BEDROCK & BUCKSKIN CT,39.15511988,-86.60295722
902212212,2014,4,5,Weekday,900,2-Car,No injury/unknown,UNSAFE BACKING,COPPER BEECH WAY,39.15504679,-86.57064892
902232743,2014,5,4,Weekday,900,3+ Cars,No injury/unknown,FOLLOWING TOO CLOSELY,E BUICK CADILLAC & SO COLLEGE MALL RD,39.15494099,-86.49789042
902317424,2014,10,2,Weekday,900,2-Car,No injury/unknown,UNSAFE BACKING,CHERRY ORCHARD,39.15483288,-86.58920913
902206651,2014,3,6,Weekday,1700,2-Car,No injury/unknown,OTHER (DRIVER) - EXPLAIN IN NARRATIVE,CHERRY ORCHARD CT & WOODSIDE,39.154784,-86.588832
902310504,2014,10,4,Weekday,2000,2-Car,No injury/unknown,FOLLOWING TOO CLOSELY,COLLEGE MALL RD & COVENANTER,39.15460275,-86.49787712
902179389,2014,2,5,Weekday,1600,3+ Cars,No injury/unknown,FOLLOWING TOO CLOSELY,FRIENDSHIP & SR46E,39.15458656,-86.40717739
902265954,2014,7,4,Weekday,1400,2-Car,Non-incapacitating,FAILURE TO YIELD RIGHT OF WAY,FENBROOK & SMITH RD,39.15453985,-86.48059979
902261299,2014,7,2,Weekday,1800,1-Car,No injury/unknown,DRIVER DISTRACTED - EXPLAIN IN NARRATIVE,S FENBROOK LN & SMITH,39.15453985,-86.48016738
902171444,2014,1,1,Weekend,700,1-Car,No injury/unknown,SPEED TOO FAST FOR WEATHER CONDITIONS,GIFFORD RD & PARK SQUARE,39.154448,-86.591696
902212030,2014,4,3,Weekday,2000,Pedestrian,Non-incapacitating,RAN OFF ROAD RIGHT,PARK SQUARE & W GIFFORD RD,39.154448,-86.591696
902295919,2014,9,6,Weekday,1600,2-Car,No injury/unknown,FOLLOWING TOO CLOSELY,GIFFORD RD & PARK SQUARE,39.154448,-86.591696
902296461,2014,9,6,Weekday,1300,2-Car,No injury/unknown,UNSAFE BACKING,S CLARIZZ BLVD,39.15442787,-86.49078615
902152045,2014,1,6,Weekday,1600,2-Car,Non-incapacitating,FAILURE TO YIELD RIGHT OF WAY,E DAVIS & S WALNUT ST,39.154352,-86.5336
902215848,2014,4,5,Weekday,1700,2-Car,No injury/unknown,FAILURE TO YIELD RIGHT OF WAY,DAVIS & WALNUT ST,39.154352,-86.5336
902229176,2014,5,4,Weekday,1500,2-Car,No injury/unknown,UNSAFE LANE MOVEMENT,DAVIS & WALNUT ST,39.154352,-86.5336
902259016,2014,7,4,Weekday,1700,2-Car,No injury/unknown,FOLLOWING TOO CLOSELY,E DAVIS & S WALNUT ST,39.154352,-86.5336
902196864,2014,3,3,Weekday,1700,2-Car,No injury/unknown,FAILURE TO YIELD RIGHT OF WAY,DAVIS & WASHINGTON ST,39.154352,-86.5324
902188518,2014,2,4,Weekday,700,2-Car,Fatal,LEFT OF CENTER,OLD SR 46 & SR46E,39.15433121,-86.40343677
902213042,2014,4,6,Weekday,1300,2-Car,No injury/unknown,OTHER (DRIVER) - EXPLAIN IN NARRATIVE,S COLLEGE MALL RD,39.15430272,-86.49787118
902292437,2014,9,7,Weekend,1200,2-Car,No injury/unknown,UNSAFE BACKING,SO COLLEGE MALL RD,39.15427029,-86.49764657
902288552,2014,8,6,Weekday,1500,2-Car,No injury/unknown,IMPROPER TURNING,S COLLEGE MALL RD,39.15427029,-86.49764657
902208596,2014,3,3,Weekday,2200,2-Car,Incapacitating,LEFT OF CENTER,S WEIMER & W BLOOMFIELD RD,39.15424012,-86.56434975
902195586,2014,3,2,Weekday,700,1-Car,Incapacitating,SPEED TOO FAST FOR WEATHER CONDITIONS,BLOOMFIELD RD & WEIMER,39.15424012,-86.56432378
902160664,2014,1,5,Weekday,700,2-Car,No injury/unknown,FOLLOWING TOO CLOSELY,WEIMER & WEST BLOOMFIELD RD,39.15422924,-86.56425457
902215911,2014,4,5,Weekday,2200,2-Car,No injury/unknown,OTHER (DRIVER) - EXPLAIN IN NARRATIVE,S COLLEGE MALL RD,39.15412578,-86.49786768
902310448,2014,10,3,Weekday,1800,2-Car,No injury/unknown,IMPROPER TURNING,S COLLEGE MALL RD,39.15412578,-86.49786768
902316629,2014,10,7,Weekend,1500,2-Car,No injury/unknown,OTHER (DRIVER) - EXPLAIN IN NARRATIVE,S COLLEGE MALL,39.15412578,-86.49786768
902342717,2014,11,2,Weekday,1500,2-Car,No injury/unknown,UNSAFE BACKING,S COLLEGE MALL,39.15412578,-86.49786768
902169208,2014,1,7,Weekend,1700,2-Car,No injury/unknown,SPEED TOO FAST FOR WEATHER CONDITIONS,WEATHERSTONE & WOODLAWN AVE,39.15411003,-86.52264006
902284509,2014,8,6,Weekday,1000,2-Car,No injury/unknown,UNSAFE BACKING,W BLOOMFIELD RD,39.15394373,-86.56493045
902224730,2014,4,2,Weekday,1600,2-Car,No injury/unknown,UNSAFE BACKING,S ROGERS ST,39.153936,-86.538592
902153998,2014,1,5,Weekday,1000,1-Car,No injury/unknown,SPEED TOO FAST FOR WEATHER CONDITIONS,FRIENDSHIP & SR46,39.15390039,-86.40687956
902288706,2014,8,7,Weekend,100,1-Car,No injury/unknown,OTHER (DRIVER) - EXPLAIN IN NARRATIVE,GRIMES & MORTON ST,39.15385199,-86.536304
902331114,2014,11,2,Weekday,800,2-Car,Non-incapacitating,FOLLOWING TOO CLOSELY,FAIRVIEW & PATTERSON,39.15382974,-86.5411206
902199627,2014,3,1,Weekend,1600,2-Car,Non-incapacitating,FOLLOWING TOO CLOSELY,S FAIRVEIW & S PATTERSON DR,39.15382974,-86.5410903
902210983,2014,3,2,Weekday,1300,2-Car,No injury/unknown,FOLLOWING TOO CLOSELY,S ROGERS & W PATTERSON DR,39.15379296,-86.53875218
902185670,2014,2,1,Weekend,900,2-Car,No injury/unknown,DISREGARD SIGNAL/REG SIGN,PATTERSON & ROGERS ST,39.15379018,-86.53875008
902352020,2014,12,4,Weekday,1800,2-Car,No injury/unknown,FOLLOWING TOO CLOSELY,PATTERSON & SOUTH ROGERS,39.15379018,-86.53875008
902152112,2014,1,6,Weekday,1700,2-Car,Non-incapacitating,FOLLOWING TOO CLOSELY,PATTERSON DR & ROGERS,39.15379018,-86.53875008
902265561,2014,7,3,Weekday,1700,2-Car,Non-incapacitating,FAILURE TO YIELD RIGHT OF WAY,PATTERSON & ROGERS ST,39.15379018,-86.53875008
902276206,2014,8,4,Weekday,800,2-Car,No injury/unknown,UNSAFE LANE MOVEMENT,S ROGERS ST & W PATTERSON,39.15379018,-86.53875008
902319363,2014,10,4,Weekday,1800,2-Car,No injury/unknown,DISREGARD SIGNAL/REG SIGN,PATTERSON & ROGERS,39.15379018,-86.53875008
902316158,2014,10,6,Weekday,1700,Moped/Motorcycle,Non-incapacitating,OTHER (VEHICLE) - EXPLAIN IN NARRATIVE,BLOOMFIELD & WEIMER,39.15377468,-86.56501979
902275016,2014,8,2,Weekday,700,2-Car,No injury/unknown,FAILURE TO YIELD RIGHT OF WAY,COLLEGE MALL RD & THIRD,39.15366572,-86.49827018
902150469,2014,1,5,Weekday,600,2-Car,Non-incapacitating,SPEED TOO FAST FOR WEATHER CONDITIONS,LIBERTY & SR45W,39.15365982,-86.57530975
902213281,2014,4,7,Weekend,1100,2-Car,No injury/unknown,UNSAFE BACKING,S COLLEGE MALL RD,39.15365396,-86.49785834
902242375,2014,6,1,Weekend,1500,Moped/Motorcycle,Non-incapacitating,FOLLOWING TOO CLOSELY,BRUMMETTS CREEK & SR46E,39.15360838,-86.39414368
902194544,2014,3,7,Weekend,1200,2-Car,No injury/unknown,UNSAFE BACKING,S COLLEGE MALL RD,39.153536,-86.497856
902183263,2014,2,3,Weekday,1600,2-Car,No injury/unknown,FAILURE TO YIELD RIGHT OF WAY,S CURRY PIKE & W HERITAGE,39.153504,-86.58272
902343746,2014,11,2,Weekday,1700,2-Car,No injury/unknown,IMPROPER PASSING,S CURRY,39.15344974,-86.58271791
902293738,2014,9,2,Weekday,2200,1-Car,No injury/unknown,ANIMAL/OBJECT IN ROADWAY,KENT & SR46E,39.1534483,-86.39383017
902289434,2014,8,1,Weekend,1300,2-Car,No injury/unknown,FOLLOWING TOO CLOSELY,GRIMES LN & WALNUT,39.15344,-86.53395276
902170020,2014,1,2,Weekday,100,1-Car,No injury/unknown,RAN OFF ROAD RIGHT,GRIMES LN & MORTON,39.15344,-86.536304
902205653,2014,3,4,Weekday,1500,2-Car,No injury/unknown,,W GRIMES LN,39.15344,-86.53511837
902152528,2014,1,6,Weekday,1300,2-Car,No injury/unknown,FOLLOWING TOO CLOSELY,GRIMES & WALNUT ST,39.15344,-86.5336
902157671,2014,1,6,Weekday,1400,2-Car,No injury/unknown,FOLLOWING TOO CLOSELY,GRIMES & WALNUT ST,39.15344,-86.5336
902193782,2014,2,5,Weekday,1700,3+ Cars,Non-incapacitating,FOLLOWING TOO CLOSELY,GRIMES & WALNUT ST,39.15344,-86.5336
902195436,2014,3,2,Weekday,600,2-Car,No injury/unknown,FAILURE TO YIELD RIGHT OF WAY,GRIMES & S WALNUT ST,39.15344,-86.5336
902209304,2014,3,5,Weekday,1400,2-Car,No injury/unknown,UNSAFE LANE MOVEMENT,GRIMES AVE & WALNUT,39.15344,-86.5336
902209960,2014,3,7,Weekend,700,2-Car,Non-incapacitating,DISREGARD SIGNAL/REG SIGN,GRIMES & WALNUT ST,39.15344,-86.5336
902222062,2014,4,4,Weekday,700,2-Car,No injury/unknown,FAILURE TO YIELD RIGHT OF WAY,E GRIMES LN & S WALNUT,39.15344,-86.5336
902228694,2014,5,3,Weekday,2000,Moped/Motorcycle,Incapacitating,FAILURE TO YIELD RIGHT OF WAY,GRIMES & WALNUT ST,39.15344,-86.5336
902238265,2014,5,7,Weekend,1500,2-Car,No injury/unknown,IMPROPER TURNING,GRIMES & S WALNUT ST,39.15344,-86.5336
902245047,2014,6,6,Weekday,800,Cyclist,Non-incapacitating,FAILURE TO YIELD RIGHT OF WAY,GRIMES & S WALNUT ST,39.15344,-86.5336
902261249,2014,7,2,Weekday,1700,3+ Cars,Non-incapacitating,FAILURE TO YIELD RIGHT OF WAY,GRIMES & S WALNUT ST,39.15344,-86.5336
902271052,2014,7,7,Weekend,1500,2-Car,No injury/unknown,FOLLOWING TOO CLOSELY,E GRIMES LN & S WALNUT,39.15344,-86.5336
902315912,2014,10,6,Weekday,1200,2-Car,No injury/unknown,FAILURE TO YIELD RIGHT OF WAY,E GRIMES & S WALNUT,39.15344,-86.5336
902276478,2014,8,4,Weekday,1500,2-Car,No injury/unknown,DISREGARD SIGNAL/REG SIGN,GRIMES & WASHINGTON ST,39.15344,-86.5324
902347724,2014,12,2,Weekday,2000,2-Car,No injury/unknown,IMPROPER TURNING,GRIMES & WASHINGTON,39.15344,-86.5324
902311913,2014,10,7,Weekend,0,2-Car,No injury/unknown,,E COVENANTER RD,39.15342204,-86.491279
902159358,2014,1,3,Weekday,900,2-Car,No injury/unknown,FAILURE TO YIELD RIGHT OF WAY,E GRIMES & S HENDERSON ST,39.153392,-86.527008
902194212,2014,2,6,Weekday,400,2-Car,No injury/unknown,UNSAFE LANE MOVEMENT,GRIMES & PARK AVE,39.15336,-86.5236
902252318,2014,6,5,Weekday,2300,2-Car,No injury/unknown,IMPROPER LANE USAGE,S WALNUT & W GRIMES ST,39.15335029,-86.53371021
902269497,2014,7,4,Weekday,900,2-Car,No injury/unknown,FOLLOWING TOO CLOSELY,GRIMES & WALNUT ST,39.15335029,-86.53371021
902283051,2014,8,3,Weekday,1700,2-Car,No injury/unknown,IMPROPER TURNING,GRIMES & S WOODLAWN AVE,39.153344,-86.522512
902300744,2014,9,2,Weekday,800,2-Car,No injury/unknown,FAILURE TO YIELD RIGHT OF WAY,GRIMES & WOODLAWN AVE,39.153344,-86.522512
902247216,2014,6,3,Weekday,1100,2-Car,No injury/unknown,DRIVER DISTRACTED - EXPLAIN IN NARRATIVE,GRIMES LN & WASHINGTON,39.15334024,-86.5324898
902287502,2014,8,4,Weekday,1600,2-Car,No injury/unknown,OTHER (DRIVER) - EXPLAIN IN NARRATIVE,WEST GRIMES LN,39.15331744,-86.53535507
902256420,2014,6,6,Weekend,1900,2-Car,Non-incapacitating,FOLLOWING TOO CLOSELY,MEADOW CREEK & SARE RD,39.15331167,-86.49999015
902184869,2014,2,6,Weekday,1600,Bus,No injury/unknown,ROADWAY SURFACE CONDITION,GRIMES & HENDERSON ST,39.1533,-86.52696982
902240532,2014,5,4,Weekday,1300,2-Car,No injury/unknown,IMPROPER LANE USAGE,GRIMES & WALNUT ST,39.15316534,-86.5336
902290194,2014,8,7,Weekend,0,2-Car,No injury/unknown,UNSAFE BACKING,S FENBROOK LN,39.15300764,-86.48527219
902338303,2014,11,4,Weekday,700,2-Car,No injury/unknown,FAILURE TO YIELD RIGHT OF WAY,S PATTERSON,39.15296173,-86.54312897
902250644,2014,6,2,Weekday,1400,2-Car,No injury/unknown,OTHER (VEHICLE) - EXPLAIN IN NARRATIVE,S COLLEGE MALL RD,39.15289614,-86.49788584
902224780,2014,4,2,Weekday,2200,1-Car,No injury/unknown,RAN OFF ROAD RIGHT,GARRISON CHAPEL RD & RICE,39.15283437,-86.64413512
902302292,2014,9,4,Weekday,1500,2-Car,Non-incapacitating,OTHER (DRIVER) - EXPLAIN IN NARRATIVE,SR37S,39.15270883,-86.573301
902299942,2014,9,6,Weekday,1200,2-Car,No injury/unknown,IMPROPER LANE USAGE,S CLARIZZ BLVD,39.152634,-86.492729
902358225,2014,12,7,Weekend,1600,2-Car,No injury/unknown,UNSAFE SPEED,S CLARIZZ  APT L,39.15263367,-86.49272919
902334209,2014,11,6,Weekday,900,2-Car,No injury/unknown,,CLARIZZ,39.15263367,-86.49272919
902210022,2014,3,6,Weekday,1500,Moped/Motorcycle,Non-incapacitating,UNSAFE SPEED,S CLARIZZ BLVD,39.15263367,-86.49272918
902222941,2014,4,5,Weekday,1800,2-Car,No injury/unknown,UNSAFE BACKING,S CLARIZZ BLVD,39.15263367,-86.49272918
902193815,2014,2,5,Weekday,1700,2-Car,No injury/unknown,FAILURE TO YIELD RIGHT OF WAY,E DRISCOLL DR & S DUNN,39.152544,-86.528
902301651,2014,9,3,Weekday,1500,2-Car,No injury/unknown,UNSAFE BACKING,CLARIZZ & COVENANTER DR,39.15246986,-86.49054588
902248042,2014,6,4,Weekday,1600,2-Car,No injury/unknown,UNSAFE BACKING,S BASSWOOD CIR,39.15245511,-86.57238028
902195069,2014,2,6,Weekday,1400,2-Car,No injury/unknown,FAILURE TO YIELD RIGHT OF WAY,CURRY PIKE & SIERRA,39.1524,-86.582704
902324748,2014,10,6,Weekday,1300,2-Car,No injury/unknown,UNSAFE BACKING,CURRY & SIERRA,39.1524,-86.582704
902303790,2014,9,6,Weekday,1200,2-Car,No injury/unknown,UNSAFE BACKING,CURRY & SIERRA DR,39.1524,-86.582704
902289581,2014,9,2,Weekday,1400,2-Car,Non-incapacitating,FAILURE TO YIELD RIGHT OF WAY,SOUTH WALNUT ST & WEST MONON,39.15224,-86.5336
902335460,2014,11,1,Weekend,300,2-Car,No injury/unknown,ANIMAL/OBJECT IN ROADWAY,COBBLEFIELD & WEATHERSTONE,39.15215001,-86.51912972
902277361,2014,8,3,Weekday,1700,3+ Cars,No injury/unknown,FOLLOWING TOO CLOSELY,COLLEGE MALL RD & MOORES,39.15209485,-86.49792321
902203616,2014,3,7,Weekend,1900,1-Car,No injury/unknown,RAN OFF ROAD RIGHT,E BRENDA LN & HENDERSON ST,39.151952,-86.526976
902302140,2014,9,4,Weekday,1000,2-Car,No injury/unknown,UNSAFE BACKING,1400 S BRENDA LN & S FESS,39.151952,-86.525888
902338569,2014,11,4,Weekday,1300,2-Car,No injury/unknown,FOLLOWING TOO CLOSELY,E BRENDA & S HENDERSON,39.15182009,-86.5269497
902159469,2014,1,3,Weekday,1600,1-Car,No injury/unknown,RAN OFF ROAD RIGHT,S ROGERS ST & W COLLIDGE,39.15180825,-86.53880976
902326919,2014,11,2,Weekday,1800,1-Car,Non-incapacitating,RAN OFF ROAD RIGHT,SOUTH ROGERS & WEST WILSON,39.151744,-86.538592
902150220,2014,1,5,Weekday,700,2-Car,No injury/unknown,LEFT OF CENTER,E WILSON & S WALNUT ST,39.151648,-86.5336
902152052,2014,1,6,Weekday,1400,2-Car,No injury/unknown,FOLLOWING TOO CLOSELY,E WILSON & S WALNUT ST,39.151648,-86.5336
902194409,2014,2,6,Weekday,1600,Bus,No injury/unknown,IMPROPER PASSING,SOUTH BRENDA ST,39.15163301,-86.52554757
902199007,2014,3,4,Weekday,1700,1-Car,No injury/unknown,,SOUTH PARK AVE,39.151552,-86.523664
902345313,2014,11,5,Weekday,1200,2-Car,No injury/unknown,FAILURE TO YIELD RIGHT OF WAY,N BRUMMETTS CREEK & SR46E,39.151552,-86.389584
902334488,2014,11,6,Weekday,1400,2-Car,No injury/unknown,UNSAFE LANE MOVEMENT,BASSWOOD & SR45W,39.15153122,-86.572258
902231123,2014,5,1,Weekday,1900,1-Car,No injury/unknown,ANIMAL/OBJECT IN ROADWAY,HIGH ST & HILLSIDE,39.15136797,-86.508288
902210456,2014,3,6,Weekday,1700,1-Car,No injury/unknown,OTHER (DRIVER) - EXPLAIN IN NARRATIVE,W GIFFORD RD,39.15135684,-86.59828575
902244405,2014,6,5,Weekday,100,1-Car,Non-incapacitating,RAN OFF ROAD RIGHT,LARRY WAYNE & SMITH RDS,39.15132801,-86.48037984
902259508,2014,7,5,Weekday,1500,2-Car,No injury/unknown,FAILURE TO YIELD RIGHT OF WAY,CONSTITUTION & CURRY PIKE,39.15127024,-86.58262029
902230210,2014,4,1,Weekend,1700,2-Car,No injury/unknown,UNSAFE BACKING,CURRY & LAMPLIGHTER MALL CT,39.151248,-86.582704
902254293,2014,6,3,Weekday,2100,3+ Cars,No injury/unknown,DRIVER ILLNESS,S COLLEGE MALL RD,39.151184,-86.496292
902336279,2014,11,2,Weekday,700,1-Car,No injury/unknown,RAN OFF ROAD RIGHT,CURRY PIKE,39.15113278,-86.58256263
902283412,2014,8,4,Weekday,1200,2-Car,No injury/unknown,UNSAFE BACKING,FENBROOK LN,39.15075526,-86.48635312
902163387,2014,1,7,Weekend,2100,2-Car,No injury/unknown,SPEED TOO FAST FOR WEATHER CONDITIONS,HILLSIDE & WOODLAWN AVE,39.15072,-86.522496
902172633,2014,1,4,Weekday,1400,2-Car,Non-incapacitating,DISREGARD SIGNAL/REG SIGN,HILLSIDE DR & WOODLAWN,39.15072,-86.522496
902273119,2014,7,3,Weekday,900,2-Car,No injury/unknown,FAILURE TO YIELD RIGHT OF WAY,BASSWOOD & BASSWOOD DR,39.15070027,-86.57144017
902254190,2014,6,2,Weekday,1800,3+ Cars,Non-incapacitating,FOLLOWING TOO CLOSELY,600 BLK E HILLSIDE DR & HENDERSON,39.15067858,-86.52590322
902212532,2014,4,5,Weekday,1300,2-Car,No injury/unknown,FOLLOWING TOO CLOSELY,E HILLSIDE DR & OLIVE,39.150656,-86.5188
902174528,2014,2,7,Weekend,1500,2-Car,Non-incapacitating,FOLLOWING TOO CLOSELY,S ROGERS ST & W HILLSIDE,39.15064,-86.538592
902296124,2014,5,6,Weekday,1100,1-Car,Non-incapacitating,RAN OFF ROAD RIGHT,HILLSIDE & S ROGERS ST,39.15064,-86.538592
902196405,2014,3,3,Weekday,700,Bus,No injury/unknown,DISREGARD SIGNAL/REG SIGN,HILLSIDE & S HENDERSON ST,39.15064,-86.52696
902228692,2014,5,3,Weekday,1700,2-Car,No injury/unknown,FOLLOWING TOO CLOSELY,E HILLSIDE DR & S HENDERSON,39.15064,-86.52696
902239397,2014,5,3,Weekday,1100,2-Car,No injury/unknown,UNSAFE BACKING,E HILLSIDE DR & S HENDERSON,39.15064,-86.52696
902296125,2014,9,7,Weekend,1300,2-Car,No injury/unknown,FAILURE TO YIELD RIGHT OF WAY,E HILLSIDE DR & S HENDERSON,39.15064,-86.52696
902197152,2014,3,4,Weekday,800,2-Car,Non-incapacitating,FOLLOWING TOO CLOSELY,HENDERSON & HILLSIDE DR,39.15063737,-86.52713634
902182455,2014,2,3,Weekday,1800,2-Car,No injury/unknown,FAILURE TO YIELD RIGHT OF WAY,HILLSIDE DR & PALMER,39.150608,-86.529104
902248163,2014,6,4,Weekday,1200,2-Car,No injury/unknown,UNSAFE BACKING,E HILLSIDE DR,39.150608,-86.529104
902274411,2014,8,7,Weekend,1500,1-Car,No injury/unknown,UNSAFE LANE MOVEMENT,E HILLSIDE DR & S MAXWELL,39.150576,-86.515088
902339757,2014,11,6,Weekday,800,2-Car,No injury/unknown,FAILURE TO YIELD RIGHT OF WAY,HENDERSON & HILLSIDE,39.15056013,-86.52691014
902288822,2014,8,7,Weekend,1100,2-Car,No injury/unknown,SPEED TOO FAST FOR WEATHER CONDITIONS,HENDERSON & HILLSIDE DR,39.15056013,-86.52691446
902213437,2014,4,7,Weekend,1400,2-Car,Non-incapacitating,FOLLOWING TOO CLOSELY,E HILLSIDE ST & S HENDERSON,39.15056013,-86.52691014
902171443,2014,1,3,Weekday,800,3+ Cars,No injury/unknown,FAILURE TO YIELD RIGHT OF WAY,HIGHLAND & HILLSIDE DR,39.15055007,-86.51695981
902323551,2014,10,4,Weekday,1900,1-Car,No injury/unknown,ANIMAL/OBJECT IN ROADWAY,DORCHESTER & HILLSIDE,39.15054508,-86.51365021
902243936,2014,6,4,Weekday,700,2-Car,No injury/unknown,FOLLOWING TOO CLOSELY,HILLSIDE & WALNUT ST,39.150544,-86.5336
902291200,2014,9,4,Weekday,1500,2-Car,No injury/unknown,FAILURE TO YIELD RIGHT OF WAY,E HILLSIDE & S WALNUT ST,39.150544,-86.5336
902291219,2014,9,4,Weekday,2000,Pedestrian,Non-incapacitating,DISREGARD SIGNAL/REG SIGN,HILLSIDE DR & WALNUT,39.150544,-86.5336
902301771,2014,9,2,Weekday,1700,2-Car,No injury/unknown,UNSAFE LANE MOVEMENT,HILLSIDE & WALNUT,39.150544,-86.5336
902339184,2014,11,5,Weekday,1300,2-Car,Non-incapacitating,FOLLOWING TOO CLOSELY,E HILLSIDE & S WALNUT,39.150544,-86.5336
902351841,2014,12,5,Weekday,1100,2-Car,No injury/unknown,FAILURE TO YIELD RIGHT OF WAY,HILLSIDE & WALNUT,39.150544,-86.5336
902158311,2014,1,1,Weekend,1100,2-Car,No injury/unknown,UNSAFE BACKING,DORCHESTER DR & HILLSIDE,39.150544,-86.512592
902159299,2014,1,3,Weekday,900,3+ Cars,No injury/unknown,FAILURE TO YIELD RIGHT OF WAY,E HILLSIDE DR & LONGWOOD,39.150544,-86.512592