Master Record Number,Year,Month,Day,Weekend?,Hour,Collision Type,Injury Type,Primary Factor,Reported_Location,Latitude,Longitude
902253574,2014,6,7,Weekend,800,2-Car,No injury/unknown,FAILURE TO YIELD RIGHT OF WAY,FAIRFAX RD & SMITHVILLE,39.071152,-86.503088
902251651,2014,6,5,Weekday,1800,2-Car,No injury/unknown,FAILURE TO YIELD RIGHT OF WAY,FAIRFAX RD & RAMP CREEK,39.07114998,-86.50319002
902295233,2014,9,2,Weekday,1900,1-Car,No injury/unknown,IMPROPER TURNING,FAIRFAX RD & RAMP CREEK,39.07114998,-86.50319002
902168886,2014,1,6,Weekday,900,2-Car,No injury/unknown,OTHER (DRIVER) - EXPLAIN IN NARRATIVE,SMITHVILLE RD & STRAIN RIDGE,39.07112,-86.507008
902204022,2014,3,1,Weekday,2200,2-Car,No injury/unknown,FOLLOWING TOO CLOSELY,RAMP 14 & SR45W,39.07110977,-86.50228881
902211948,2014,4,4,Weekday,1500,2-Car,No injury/unknown,FOLLOWING TOO CLOSELY,RAMP 14 & SR45W,39.07110977,-86.50228881
902273405,2014,7,5,Weekday,1300,2-Car,Non-incapacitating,FOLLOWING TOO CLOSELY,RAMP 14 & SR45W,39.07110977,-86.50228881
902271716,2014,7,2,Weekday,1200,2-Car,No injury/unknown,FAILURE TO YIELD RIGHT OF WAY,SMITHVILLE & STRAIN RIDGE RD,39.07110974,-86.50704972
902166245,2014,1,4,Weekday,700,2-Car,No injury/unknown,FOLLOWING TOO CLOSELY,SMITHVILLE RD & SR37N,39.071056,-86.5356
902193186,2014,2,4,Weekday,1500,2-Car,Incapacitating,FAILURE TO YIELD RIGHT OF WAY,SMITHVILLE & SR37S,39.071056,-86.5356
902258590,2014,7,4,Weekday,900,2-Car,No injury/unknown,FAILURE TO YIELD RIGHT OF WAY,SMITHVILLE & SR37S,39.071056,-86.5356
902300261,2014,9,6,Weekday,1500,2-Car,No injury/unknown,FOLLOWING TOO CLOSELY,E SMITHVILLE & SR37S,39.071056,-86.5356
902177911,2014,2,4,Weekday,1200,1-Car,No injury/unknown,RAN OFF ROAD RIGHT,BAKERSFIELD & SMITHVILLE RD,39.07062024,-86.51904993
902351660,2014,12,4,Weekday,1800,1-Car,No injury/unknown,ANIMAL/OBJECT IN ROADWAY,SMITHVILLE & SR37,39.07050671,-86.53560702
902334974,2014,11,6,Weekday,1800,1-Car,No injury/unknown,RAN OFF ROAD RIGHT,S STRAINRIDGE,39.07033157,-86.50749207
902307725,2014,10,7,Weekend,0,1-Car,No injury/unknown,RAN OFF ROAD RIGHT,E NORTH & STRAIN RIDGE RD,39.07032914,-86.50749379
902333363,2014,11,3,Weekday,1000,2-Car,No injury/unknown,UNSAFE LANE MOVEMENT,POINTE & STRAINRIDGE,39.070301,-86.507506
902309968,2014,10,4,Weekday,0,1-Car,No injury/unknown,RAN OFF ROAD RIGHT,S FAIRFAX RD & S LOCUST,39.070256,-86.503232
902282362,2014,8,1,Weekend,1400,1-Car,No injury/unknown,RAN OFF ROAD RIGHT,BREEDEN RD & W GRAVES,39.06854543,-86.67140007
902179351,2014,1,5,Weekday,2100,1-Car,Incapacitating,RAN OFF ROAD RIGHT,EAST BERNICE & SOUTH FAIRFAX RD,39.068496,-86.50312
902261685,2014,7,7,Weekend,1600,1-Car,No injury/unknown,TOW HITCH FAILURE,CUTRIGHT SRA & SR446S,39.06725965,-86.41561686
902355934,2014,12,3,Weekday,2000,1-Car,Incapacitating,SPEED TOO FAST FOR WEATHER CONDITIONS,E HAYS & SR446S,39.06567061,-86.40818738
902158303,2014,1,1,Weekend,100,1-Car,Non-incapacitating,SPEED TOO FAST FOR WEATHER CONDITIONS,EAST ROGERS & SOUTH OLD ST RD 37 HWY,39.06441491,-86.54105544
902360231,2014,12,4,Weekday,1500,2-Car,No injury/unknown,FAILURE TO YIELD RIGHT OF WAY,S OLD STATE RD 37 & W ROGERS,39.06392008,-86.54097028
902190310,2014,2,6,Weekday,1000,2-Car,No injury/unknown,FOLLOWING TOO CLOSELY,S VICTOR PIKE,39.063136,-86.579472
902318842,2014,10,3,Weekday,200,2-Car,No injury/unknown,IMPROPER LANE USAGE,SR446S & WALDRIP CREEK,39.06173282,-86.41444601
902271032,2014,7,5,Weekday,1800,1-Car,No injury/unknown,OTHER (DRIVER) - EXPLAIN IN NARRATIVE,EAST WALDRIP CREEK RD & SR446S,39.0613398,-86.41417802
902218989,2014,4,4,Weekday,2100,1-Car,No injury/unknown,RAN OFF ROAD RIGHT,SR446S & WALDRIP CREEK,39.0613212,-86.4144235
902154756,2014,1,2,Weekday,2100,1-Car,No injury/unknown,RAN OFF ROAD RIGHT,CAROWINDS & FAIRFAX RD,39.06104,-86.498448
902251544,2014,6,3,Weekday,1700,1-Car,No injury/unknown,RAN OFF ROAD RIGHT,SR446 & WALDRIP CREEK RD,39.06081497,-86.41626007
902369129,2014,12,1,Weekday,2100,2-Car,No injury/unknown,FOLLOWING TOO CLOSELY,SCOTT & STRAIN RIDGE,39.05687995,-86.50779001
902357484,2014,12,7,Weekend,900,1-Car,No injury/unknown,RAN OFF ROAD RIGHT,S STRAINRIDGE & SCOTT,39.056848,-86.507776
902357526,2014,12,7,Weekend,800,2-Car,No injury/unknown,RAN OFF ROAD RIGHT,ROCKPORT & VICTOR,39.0564548,-86.60574519
902300334,2014,9,7,Weekend,1300,2-Car,No injury/unknown,FAILURE TO YIELD RIGHT OF WAY,HARMONY & SR7500W,39.05585861,-86.61650848
902165862,2014,1,3,Weekday,700,1-Car,No injury/unknown,RAN OFF ROAD RIGHT,S ROCKPORT RD RD & STANSIIFER,39.054745,-86.57585978
902257797,2014,6,7,Weekend,2000,Moped/Motorcycle,Non-incapacitating,LEFT OF CENTER,S FAIRFAX RD & S WISLEY,39.054608,-86.498432
902226926,2014,5,6,Weekend,1900,1-Car,No injury/unknown,RAN OFF ROAD RIGHT,S BURCH RD & S MOUNT ZION,39.05424,-86.638944
902295320,2014,9,5,Weekday,1500,1-Car,No injury/unknown,RAN OFF ROAD RIGHT,S ROCKPORT RD & S VICTOR,39.053744,-86.606304
902195100,2014,3,1,Weekend,1400,1-Car,No injury/unknown,RAN OFF ROAD RIGHT,BOTTOM & SR37S,39.05370432,-86.55792236
902352041,2014,12,3,Weekday,600,1-Car,No injury/unknown,ANIMAL/OBJECT IN ROADWAY,SR37S & ZIKES,39.05308133,-86.5358382
902157432,2014,1,5,Weekday,2100,2-Car,No injury/unknown,UNSAFE BACKING,1 ST & S MAIN ST,39.05298165,-86.51574008
902273645,2014,7,4,Weekday,100,1-Car,No injury/unknown,RAN OFF ROAD RIGHT,1ST AVENUE SANDERS & SOUTH FAIRFAX RD,39.05298165,-86.51332005
902196995,2014,3,4,Weekday,0,1-Car,No injury/unknown,ANIMAL/OBJECT IN ROADWAY,7955 HARMONY RD & ROCKPORT,39.05232151,-86.61140222
902215131,2014,4,3,Weekday,1500,1-Car,Non-incapacitating,ANIMAL/OBJECT IN ROADWAY,SR37S & ZIKES,39.05055459,-86.53587315
902232986,2014,5,1,Weekend,1700,2-Car,Incapacitating,UNSAFE SPEED,OLD 37 HWY & S ORCHARD,39.05027645,-86.53130024
902158748,2014,1,1,Weekend,1800,1-Car,Non-incapacitating,OTHER (DRIVER) - EXPLAIN IN NARRATIVE,SR446S & WALDRIP CREEK,39.05005393,-86.40981894
902219660,2014,4,6,Weekday,200,1-Car,No injury/unknown,RAN OFF ROAD RIGHT,SR37 & ZIKES RD,39.04949752,-86.53236845
902238339,2014,5,6,Weekend,2300,1-Car,No injury/unknown,ANIMAL/OBJECT IN ROADWAY,SR37S & ZIKES,39.049456,-86.535888
902191199,2014,2,1,Weekend,1700,1-Car,No injury/unknown,RAN OFF ROAD RIGHT,SR37S & ZIKES,39.04670943,-86.53586743
902248733,2014,6,6,Weekday,600,1-Car,No injury/unknown,ANIMAL/OBJECT IN ROADWAY,SR37N & ZIKES,39.04533614,-86.53585714
902278407,2014,8,2,Weekday,200,1-Car,No injury/unknown,ANIMAL/OBJECT IN ROADWAY,SR37S & ZIKES,39.04396287,-86.53584423
902347772,2014,12,5,Weekday,1900,1-Car,No injury/unknown,ANIMAL/OBJECT IN ROADWAY,S OLD SR 37 & W CEDAR BLUFF,39.04212982,-86.54117011
902183272,2014,2,2,Weekday,1500,Bus,No injury/unknown,UNSAFE BACKING,W CEDAR BLUFF RD,39.04171584,-86.55704889
902188155,2014,2,3,Weekday,500,Bus,No injury/unknown,SPEED TOO FAST FOR WEATHER CONDITIONS,EAST POINTE RD & POINTE VIEW,39.03492004,-86.50863031
902268773,2014,7,1,Weekend,1700,2-Car,Incapacitating,FAILURE TO YIELD RIGHT OF WAY,ALLENS CREEK & SR446S,39.034112,-86.408208
902297888,2014,9,2,Weekday,1000,1-Car,No injury/unknown,FAILURE TO YIELD RIGHT OF WAY,S FAIRFAX RD,39.03407288,-86.4906311
902220083,2014,4,6,Weekday,1300,1-Car,No injury/unknown,VIEW OBSTRUCTED,STRAIN RIDGE RD,39.03269984,-86.52091339
902189911,2014,2,5,Weekday,100,1-Car,No injury/unknown,ANIMAL/OBJECT IN ROADWAY,GORE & OLD SR 37 RD,39.032544,-86.541696
902189435,2014,2,4,Weekday,800,1-Car,No injury/unknown,RAN OFF ROAD RIGHT,FAIRFAX & POINT RD,39.0324799,-86.48987328
902230847,2014,5,7,Weekend,1900,1-Car,Non-incapacitating,RAN OFF ROAD RIGHT,8645 SOUTH BREEDEN RD & ROCKEAST,39.03203603,-86.66166902
902167244,2014,1,5,Weekday,1000,1-Car,No injury/unknown,SPEED TOO FAST FOR WEATHER CONDITIONS,ALLENS CREEK & SR446N,39.03126907,-86.42194366
902168742,2014,1,5,Weekday,900,1-Car,No injury/unknown,RAN OFF ROAD RIGHT,ALLENS CREEK & SR446S,39.03014083,-86.40774745
902320862,2014,10,3,Weekday,0,1-Car,No injury/unknown,SPEED TOO FAST FOR WEATHER CONDITIONS,ALLENS CREEK & SR446S,39.03014083,-86.40774745
902219970,2014,4,5,Weekday,1500,1-Car,No injury/unknown,RAN OFF ROAD RIGHT,CHAPEL HILL & SR446N,39.03010902,-86.40775852
902243052,2014,6,2,Weekday,1600,1-Car,No injury/unknown,SPEED TOO FAST FOR WEATHER CONDITIONS,ALLENS CREEK & SR446S,39.02987578,-86.40783977
902249665,2014,6,7,Weekend,2100,2-Car,No injury/unknown,UNSAFE BACKING,SOUTH FAIRFAX RD,39.02936116,-86.48948259
902320070,2014,10,5,Weekday,500,1-Car,No injury/unknown,RAN OFF ROAD RIGHT,FAIRFAX,39.02936116,-86.48948259
902290158,2014,9,3,Weekday,1100,1-Car,No injury/unknown,SPEED TOO FAST FOR WEATHER CONDITIONS,EAST ALLENS CREEK & SR446S,39.02758297,-86.40724404
902320736,2014,10,6,Weekday,1500,2-Car,Non-incapacitating,FAILURE TO YIELD RIGHT OF WAY,POINT CLUB & STRAIN RIDGE,39.02245117,-86.52173281
902249928,2014,6,6,Weekday,1800,2-Car,No injury/unknown,FOLLOWING TOO CLOSELY,E MONROE DAM RD & FOGGY MORNING,39.02116969,-86.53159373
902321891,2014,10,7,Weekend,1300,1-Car,No injury/unknown,OVERSIZE/OVERWEIGHT LOAD,E MONROE DAM & S FOGGY MORNING,39.02116969,-86.53156345
902350022,2014,12,2,Weekday,1100,1-Car,No injury/unknown,RAN OFF ROAD RIGHT,FOGGY MORNING & MONROE DAM,39.02116969,-86.53147692
902288033,2014,8,5,Weekday,1700,1-Car,No injury/unknown,ANIMAL/OBJECT IN ROADWAY,MONROE DAM & SR37S,39.02032157,-86.5360806
902359948,2014,12,7,Weekend,700,2-Car,No injury/unknown,ROADWAY SURFACE CONDITION,MONROE DAM & SR37N,39.020254,-86.536096
902260587,2014,7,5,Weekday,1500,1-Car,No injury/unknown,ANIMAL/OBJECT IN ROADWAY,EAST MONROE DAM & SR37S,39.020048,-86.536096
902185580,2014,2,1,Weekend,0,1-Car,No injury/unknown,SPEED TOO FAST FOR WEATHER CONDITIONS,EAST MONROE DAM & SOUTH STRAIN RIDGE RD,39.018656,-86.522896
902347008,2014,12,4,Weekday,800,2-Car,No injury/unknown,LEFT OF CENTER,E MONROE DAM & S STRAIN RIDGE,39.018656,-86.522896
902253682,2014,6,2,Weekday,400,1-Car,Non-incapacitating,ANIMAL/OBJECT IN ROADWAY,E TOWER RIDGE RD & SR446,39.01650711,-86.39170458
902226449,2014,4,7,Weekend,1300,2-Car,No injury/unknown,VIEW OBSTRUCTED,HOBART ROAD RD & SR37,39.014352,-86.537088
902252133,2014,6,4,Weekday,2100,Moped/Motorcycle,Non-incapacitating,RAN OFF ROAD RIGHT,E DEPOT HILL & MONROE DAM RD,39.01330009,-86.52362979
902354163,2014,12,2,Weekday,1200,2-Car,No injury/unknown,UNSAFE BACKING,3 RD,39.01295853,-86.5491333
902243051,2014,5,6,Weekend,2100,1-Car,No injury/unknown,BRAKE FAILURE OR DEFECTIVE,MONROE DAM RD & VALLEY MISSION,39.01240324,-86.50785136
902284678,2014,8,3,Weekday,400,1-Car,Non-incapacitating,RAN OFF ROAD RIGHT,3RD & WEST POPCORN RD,39.011984,-86.549232
902201020,2014,3,7,Weekend,2100,1-Car,No injury/unknown,ANIMAL/OBJECT IN ROADWAY,KETCHUM & POPCORN RD,39.01174977,-86.56188876
902180711,2014,2,1,Weekend,600,1-Car,No injury/unknown,RAN OFF ROAD RIGHT,WEST POPCORN RD,39.01113957,-86.56308406
902325454,2014,10,5,Weekday,2200,1-Car,No injury/unknown,OTHER (DRIVER) - EXPLAIN IN NARRATIVE,KETCHAM & POPCORN,39.01108387,-86.56336515
902299736,2014,9,6,Weekday,800,1-Car,No injury/unknown,ANIMAL/OBJECT IN ROADWAY,MONROE DAM & SR37N,39.01074232,-86.53738755
902159093,2014,1,3,Weekday,700,1-Car,No injury/unknown,RAN OFF ROAD RIGHT,E MONROE DAM RD & S VALLEY MISSION,39.009344,-86.510096
902206335,2014,3,5,Weekday,1200,2-Car,No injury/unknown,LEFT OF CENTER,LIZZY & S LEONARD SPRINGS RD,39.00864125,-86.59514017
902252026,2014,6,4,Weekday,2000,2-Car,Incapacitating,LEFT OF CENTER,THACKER RD & WEAVER,39.00710712,-86.66268811
902239387,2014,5,3,Weekday,1000,1-Car,No injury/unknown,RAN OFF ROAD RIGHT,SR37S,39.00621589,-86.53712704
902357806,2014,12,7,Weekend,500,1-Car,No injury/unknown,SPEED TOO FAST FOR WEATHER CONDITIONS,SR37S,39.00621589,-86.53712704
902157206,2014,1,6,Weekday,1400,2-Car,No injury/unknown,ROADWAY SURFACE CONDITION,OARD RD & STATE ROAD 48,39.00620257,-86.62014976
902334033,2014,10,3,Weekday,1300,2-Car,No injury/unknown,FOLLOWING TOO CLOSELY,3RD & LIBERTY,39.00599354,-86.57913007
902284679,2014,8,4,Weekday,1500,2-Car,No injury/unknown,FOLLOWING TOO CLOSELY,S LIBERTY DR & W 3RD,39.00599354,-86.57913006
902246377,2014,6,1,Weekday,2300,1-Car,No injury/unknown,ANIMAL/OBJECT IN ROADWAY,SOUTH DUTCH RIDGE & SR446S,39.00413945,-86.39493821
902300077,2014,9,4,Weekday,1700,1-Car,Non-incapacitating,RAN OFF ROAD RIGHT,POPCORN RD & ROCKPORT,39.00279502,-86.59021482
902241716,2014,5,6,Weekday,1300,1-Car,Non-incapacitating,RAN OFF ROAD RIGHT,9400 S ROCKPORT RD & POPCORN,39.002752,-86.59
902241466,2014,5,4,Weekday,1700,2-Car,No injury/unknown,,W POPCORN RD,39.00133585,-86.60791749
902255382,2014,6,5,Weekday,100,1-Car,Non-incapacitating,RAN OFF ROAD RIGHT,DUTCH RIDGE & SR446N,38.99522272,-86.37118742
902345824,2014,12,3,Weekday,700,1-Car,No injury/unknown,ANIMAL/OBJECT IN ROADWAY,ORCHARD & SOUTH OLD 37,38.99218484,-86.53130025
902223709,2014,4,7,Weekend,2100,1-Car,No injury/unknown,ANIMAL/OBJECT IN ROADWAY,INGRAM & SR37S,38.99132941,-86.53726096
902272008,2014,7,6,Weekday,1700,1-Car,No injury/unknown,LEFT OF CENTER,ROCKPORT & SR37N,38.99090198,-86.59308624
902287557,2014,8,4,Weekday,500,1-Car,No injury/unknown,RAN OFF ROAD RIGHT,N HEADLEY RD & N HINKLE,38.98876077,-86.51437148
902182118,2014,2,2,Weekday,2000,1-Car,No injury/unknown,ANIMAL/OBJECT IN ROADWAY,EDGAR LANE & S HANDY ROAD RD,38.98664098,-86.48303993
902285602,2014,8,2,Weekday,700,1-Car,No injury/unknown,ANIMAL/OBJECT IN ROADWAY,GREEN & S STRAIN RIDGE RD,38.98473901,-86.50776989
902348067,2014,12,6,Weekday,800,2-Car,No injury/unknown,FOLLOWING TOO CLOSELY,E DILLMAN & S OLD ST RD 37,38.98213115,-86.5441601
902224756,2014,4,2,Weekday,1700,3+ Cars,No injury/unknown,INSECURE/LEAKY LOAD,E ELLIS & SR37N,38.98171686,-86.53289794
902152928,2014,1,1,Weekend,800,1-Car,No injury/unknown,ROADWAY SURFACE CONDITION,FAIRFAX & SR37S,38.94889902,-86.49017333
902288981,2014,8,6,Weekday,1800,1-Car,No injury/unknown,UNSAFE SPEED,CEDAR BLUFF & KETCHAM RD,38.93688592,-86.56989991
902344655,2014,11,7,Weekend,1200,3+ Cars,No injury/unknown,LEFT OF CENTER,S LIBERTY & W 3RD,38.90024909,-86.57913007
902355937,2014,12,2,Weekday,2200,1-Car,Incapacitating,OVERCORRECTING/OVERSTEERING,E GRAMERCY PARK & N HINKLE,38.89279597,-86.50542967
902338729,2014,11,2,Weekday,2100,1-Car,No injury/unknown,ROADWAY SURFACE CONDITION,E RAMP CREEK & S CHURCH,38.65200062,-86.48465999
902156584,2014,1,1,Weekend,0,1-Car,No injury/unknown,ANIMAL/OBJECT IN ROADWAY,HARMONY DR & MT ZION,38.64628355,-86.62609018
902324751,2014,10,6,Weekday,1200,2-Car,No injury/unknown,UNSAFE BACKING,W,38.63943368,-85.84378838
902203353,2014,3,6,Weekend,2100,1-Car,Non-incapacitating,OVERCORRECTING/OVERSTEERING,MT GILEAD RD & N UPPER  BIRDIE GALYAN,38.60308997,-86.42372019
902328443,2014,11,5,Weekday,700,1-Car,No injury/unknown,ANIMAL/OBJECT IN ROADWAY,SR37S & ZIKES,38.48812826,-86.53515625
902188609,2014,2,4,Weekday,700,1-Car,Non-incapacitating,SPEED TOO FAST FOR WEATHER CONDITIONS,K S ROLLOFF & OLD SR 37 RD,1,1
902213047,2014,4,6,Weekday,800,2-Car,Non-incapacitating,LEFT OF CENTER,HINES & SR45S,1,1
902223154,2014,4,6,Weekday,800,2-Car,Non-incapacitating,DRIVER DISTRACTED - EXPLAIN IN NARRATIVE,SR37N,1,1
902295110,2014,9,5,Weekday,1100,1-Car,Incapacitating,RAN OFF ROAD RIGHT,GREEN CO LINE & SR45W,1,1
902299553,2014,9,6,Weekday,1000,Bus,Non-incapacitating,FAILURE TO YIELD RIGHT OF WAY,ENT TO 3205 W SR 45 & SR45W,1,1
902153312,2014,1,5,Weekday,800,1-Car,No injury/unknown,UNSAFE LANE MOVEMENT,SR45W & UNKNOWN,0,0
902154392,2014,1,3,Weekday,1600,2-Car,No injury/unknown,SPEED TOO FAST FOR WEATHER CONDITIONS,3RD ST & 45 46,0,0
902154773,2014,1,5,Weekday,1100,1-Car,No injury/unknown,ROADWAY SURFACE CONDITION,600 BLOCK W DITTEMORE RD & CROSSOVER,0,0
902156470,2014,1,6,Weekday,1700,2-Car,No injury/unknown,OTHER (DRIVER) - EXPLAIN IN NARRATIVE,RICHLAND PARKING LOT & RICHLAND PLAZA PARKING LOT,0,0
902157207,2014,1,6,Weekend,1900,1-Car,No injury/unknown,SPEED TOO FAST FOR WEATHER CONDITIONS,COUNTY LINE & HEDRICK RD,0,0
902157985,2014,1,1,Weekend,1200,2-Car,No injury/unknown,OTHER (DRIVER) - EXPLAIN IN NARRATIVE,SR37S,0,0
902158556,2014,1,6,Weekday,900,1-Car,No injury/unknown,RAN OFF ROAD RIGHT,E ROBINSON RD & N OLD STATE,0,0
902160503,2014,1,3,Weekday,1700,2-Car,No injury/unknown,DRIVER DISTRACTED - EXPLAIN IN NARRATIVE,SR45W & W BUNGER,0,0
902161855,2014,1,5,Weekday,800,2-Car,No injury/unknown,SPEED TOO FAST FOR WEATHER CONDITIONS,N BOUND 37 EXIT RAMP TO 3RD & W 3RD ST,0,0
902162867,2014,1,6,Weekday,1100,2-Car,No injury/unknown,UNSAFE BACKING,NORTH CURRY & PARKING LOT PLN,0,0
902163515,2014,1,1,Weekend,400,3+ Cars,No injury/unknown,,E COVENANTER DR & GOODNIGHT,0,0
902163903,2014,1,5,Weekday,1000,1-Car,No injury/unknown,RAN OFF ROAD RIGHT,8840 WEST SR 45 RD & STANFORD,0,0
902164878,2014,1,3,Weekday,1000,1-Car,No injury/unknown,ROADWAY SURFACE CONDITION,SR46E,0,0
902165298,2014,1,2,Weekday,1700,2-Car,No injury/unknown,FAILURE TO YIELD RIGHT OF WAY,ARLINGTON RD & SHELBOURNE,0,0
902165591,2014,1,4,Weekday,500,2-Car,No injury/unknown,DISREGARD SIGNAL/REG SIGN,SR37 & SR46W,0,0
902166575,2014,1,4,Weekday,1900,2-Car,No injury/unknown,FOLLOWING TOO CLOSELY,BLOOMFIELD & STATE ROAD 37 SOUTH BOUND RD,0,0
902168078,2014,1,6,Weekday,800,2-Car,No injury/unknown,FAILURE TO YIELD RIGHT OF WAY,IU UNIVERSITY GYM DR & SR45E,0,0
902169815,2014,1,1,Weekend,1200,2-Car,No injury/unknown,,HEATWOOD CT,0,0
902170512,2014,1,2,Weekday,900,2-Car,No injury/unknown,UNSAFE BACKING,HAWTHORNE & KIRKWOOD AVE,0,0
902178405,2014,2,5,Weekday,2200,2-Car,No injury/unknown,FOLLOWING TOO CLOSELY,BLOOMFIELD RD RD & STATE HIGHWAY 37,0,0
902179064,2014,2,5,Weekday,1100,2-Car,No injury/unknown,FAILURE TO YIELD RIGHT OF WAY,CURRY PIKE & SR48N,0,0
902179163,2014,2,6,Weekday,1200,2-Car,No injury/unknown,UNSAFE BACKING,BUSINES SPEA PARKING LOT N DR & FEE,0,0
902180611,2014,2,1,Weekday,1900,2-Car,No injury/unknown,DISREGARD SIGNAL/REG SIGN,BLOOMFIELD RD & SR 37,0,0
902184821,2014,2,6,Weekday,1600,2-Car,No injury/unknown,SPEED TOO FAST FOR WEATHER CONDITIONS,BLOOMFIELD RD & INDUSTRIAL,0,0
902187345,2014,2,3,Weekday,700,1-Car,No injury/unknown,UNSAFE SPEED,N COLLEGE AVE RAMP,0,0
902189040,2014,2,4,Weekday,1400,2-Car,No injury/unknown,FAILURE TO YIELD RIGHT OF WAY,BLOOMFIELD & LIBERTY DR,0,0
902189434,2014,2,4,Weekday,700,1-Car,No injury/unknown,RAN OFF ROAD RIGHT,NORTH & S STRAIN RIDGE RD,0,0
902190097,2014,2,6,Weekday,500,1-Car,No injury/unknown,ROADWAY SURFACE CONDITION,KING RAIL OVERLOOK & W HOGE DR,0,0
902190130,2014,2,6,Weekday,800,2-Car,No injury/unknown,FOLLOWING TOO CLOSELY,PURPLE LOT GATE 10 & SR46E,0,0
902192557,2014,2,6,Weekday,1700,Bus,No injury/unknown,OTHER (DRIVER) - EXPLAIN IN NARRATIVE,GRAHAM & ROGERS RD,0,0
902194935,2014,3,1,Weekend,700,2-Car,No injury/unknown,ROADWAY SURFACE CONDITION,SMITH RD & SNODDY,0,0
902195441,2014,3,2,Weekday,600,2-Car,No injury/unknown,UNSAFE BACKING,INDIANA & VON LEE LOT DR,0,0
902199223,2014,3,7,Weekend,1100,2-Car,No injury/unknown,FAILURE TO YIELD RIGHT OF WAY,GATES & PARKING LOT RD,0,0
902200920,2014,3,3,Weekday,1400,2-Car,No injury/unknown,FOLLOWING TOO CLOSELY,SR37N,0,0
902205157,2014,3,3,Weekday,1600,2-Car,No injury/unknown,FOLLOWING TOO CLOSELY,BLOOMFIELD RD & LIBERTY,0,0
902207051,2014,3,1,Weekend,1100,2-Car,No injury/unknown,,N MORTON ST & W 12TH,0,0
902211865,2014,4,4,Weekday,1200,Bus,No injury/unknown,FAILURE TO YIELD RIGHT OF WAY,11TH & FEE LN,0,0
902227422,2014,5,1,Weekend,1100,2-Car,No injury/unknown,LEFT OF CENTER,3200 E 10 & 3211 E 10TH DR,0,0
902228380,2014,5,3,Weekday,1100,2-Car,No injury/unknown,OTHER (VEHICLE) - EXPLAIN IN NARRATIVE,2512 E 3RD ST,0,0
902213295,2014,4,7,Weekend,1200,2-Car,No injury/unknown,DRIVER DISTRACTED - EXPLAIN IN NARRATIVE,SR37N,0,0
902215545,2014,4,5,Weekday,800,2-Car,No injury/unknown,UNSAFE BACKING,2931 E 10TH PARKING LOT ST & RANGE,0,0
902216274,2014,4,6,Weekday,1500,2-Car,No injury/unknown,UNSAFE BACKING,E 1OTH ST,0,0
902216365,2014,4,6,Weekday,1800,2-Car,No injury/unknown,FAILURE TO YIELD RIGHT OF WAY,S LEONARD & SR45W,0,0
902218398,2014,4,2,Weekday,1200,2-Car,No injury/unknown,OTHER (DRIVER) - EXPLAIN IN NARRATIVE,FINE ARTS CIR & STADIUM,0,0
902219775,2014,4,6,Weekday,900,2-Car,No injury/unknown,UNSAFE BACKING,10TH & EIGENMANN (1900 E 10TH) CIR,0,0
902219965,2014,4,5,Weekday,1600,2-Car,No injury/unknown,FOLLOWING TOO CLOSELY,SR37S & THAT RD,0,0
902221953,2014,4,3,Weekday,1600,2-Car,No injury/unknown,IMPROPER TURNING,WELLNESS WAY,0,0
902222887,2014,4,5,Weekday,1400,2-Car,No injury/unknown,UNSAFE BACKING,AMARYLLIS DR,0,0
902223591,2014,4,6,Weekday,900,2-Car,No injury/unknown,OTHER (DRIVER) - EXPLAIN IN NARRATIVE,E THIRD ST & NORTH DRIVE K MART,0,0
902225631,2014,4,4,Weekday,900,2-Car,No injury/unknown,FAILURE TO YIELD RIGHT OF WAY,5340 S OLD SR 37 HWY & S FAIRFAX,0,0
902226017,2014,5,5,Weekday,1000,2-Car,No injury/unknown,UNSAFE BACKING,701 E 17TH (WHITE LOT) ST & NORTH DUNN,0,0
902226038,2014,5,5,Weekday,1100,2-Car,No injury/unknown,FAILURE TO YIELD RIGHT OF WAY,10TH ST & TULIP TREE,0,0
902226306,2014,4,4,Weekday,2000,1-Car,No injury/unknown,RAN OFF ROAD RIGHT,5330 W WOODYARD RD & N HARTSTRAIT,0,0
902226562,2014,5,6,Weekday,900,2-Car,No injury/unknown,UNSAFE BACKING,EIGENMANN HALL SOUTH LOT N DR & UNION,0,0
902230567,2014,5,6,Weekday,700,2-Car,No injury/unknown,FOLLOWING TOO CLOSELY,S FAIRFAX & S OLD SR37 RD,0,0
902230568,2014,5,7,Weekend,500,1-Car,No injury/unknown,RAN OFF ROAD RIGHT,3200 E 1OTH ST & PETE ELLIS,0,0
902230982,2014,5,6,Weekday,0,2-Car,No injury/unknown,OTHER (DRIVER) - EXPLAIN IN NARRATIVE,,0,0
902233573,2014,1,4,Weekday,2100,1-Car,No injury/unknown,RAN OFF ROAD RIGHT,SR9200E,0,0
902234487,2014,5,7,Weekend,1100,2-Car,No injury/unknown,FOLLOWING TOO CLOSELY,SR46E & THIRD,0,0
902235572,2014,5,2,Weekday,800,1-Car,No injury/unknown,OVERCORRECTING/OVERSTEERING,FOURTH & SR46W,0,0
902236782,2014,5,4,Weekday,1800,3+ Cars,No injury/unknown,FAILURE TO YIELD RIGHT OF WAY,BLOOMFIELD RD & INDUSTRIAL,0,0
902239665,2014,5,3,Weekday,1500,2-Car,No injury/unknown,FOLLOWING TOO CLOSELY,RAMP 17 & W BLOOMFIELD RD,0,0
902240072,2014,5,1,Weekend,1000,1-Car,No injury/unknown,UNSAFE SPEED,N MT GILEAD & W SR 45 RD,0,0
902240137,2014,5,4,Weekday,1200,2-Car,No injury/unknown,DRIVER DISTRACTED - EXPLAIN IN NARRATIVE,SR37S,0,0