Master Record Number,Year,Month,Day,Weekend?,Hour,Collision Type,Injury Type,Primary Factor,Reported_Location,Latitude,Longitude
902240352,2014,5,4,Weekday,1600,2-Car,No injury/unknown,FAILURE TO YIELD RIGHT OF WAY,BLOOMFIELD & LIBERTY DR,0,0
902241892,2014,5,7,Weekend,1500,2-Car,No injury/unknown,LEFT OF CENTER,CHESTER DR & DEER,0,0
902241960,2014,5,7,Weekend,1900,1-Car,No injury/unknown,RAN OFF ROAD RIGHT,EAST TIEMEY STREET & SOUTH STRAIN RIDGE RD,0,0
902243045,2014,6,2,Weekday,1400,2-Car,Non-incapacitating,FOLLOWING TOO CLOSELY,US37S,0,0
902247080,2014,6,2,Weekday,1200,2-Car,No injury/unknown,VIEW OBSTRUCTED,EW ALLEY E OF N COLLEGE AVE & NS ALLEY N OF 10TH ST ALY,0,0
902247196,2014,6,3,Weekday,800,2-Car,No injury/unknown,FOLLOWING TOO CLOSELY,SR37N,0,0
902248290,2014,6,5,Weekday,900,2-Car,No injury/unknown,VIEW OBSTRUCTED,SR46W & UNIONVALLEY,0,0
902249769,2014,6,1,Weekend,1200,Moped/Motorcycle,No injury/unknown,FOLLOWING TOO CLOSELY,10 & SR46E,0,0
902251126,2014,6,3,Weekday,1700,3+ Cars,No injury/unknown,DRIVER DISTRACTED - EXPLAIN IN NARRATIVE,SR46W & UNIONVALLEY,0,0
902251421,2014,6,4,Weekday,1100,2-Car,No injury/unknown,OTHER (DRIVER) - EXPLAIN IN NARRATIVE,SR37N,0,0
902253058,2014,6,6,Weekday,1500,2-Car,No injury/unknown,FOLLOWING TOO CLOSELY,45 46 BYP & KINSER,0,0
902254102,2014,6,2,Weekday,1400,1-Car,No injury/unknown,DRIVER ILLNESS,SR37N,0,0
902255822,2014,6,5,Weekday,1600,2-Car,No injury/unknown,FOLLOWING TOO CLOSELY,45 46 BYP & NORTHBOUND 37  5,0,0
902255839,2014,6,5,Weekday,1700,2-Car,No injury/unknown,UNSAFE BACKING,LINCOLN ST & PARKING LOT ENTRANCE,0,0
902263450,2014,7,6,Weekday,1000,2-Car,No injury/unknown,DISREGARD SIGNAL/REG SIGN,COLLEGE MALL RD & EASTLAND PLAZA,0,0
902269514,2014,7,4,Weekday,1000,2-Car,No injury/unknown,UNSAFE LANE MOVEMENT,N BOUND 37 ENT & W BLOOMFIELD RD,0,0
902272313,2014,7,7,Weekend,1000,1-Car,No injury/unknown,OVERCORRECTING/OVERSTEERING,S KETCHUM RUN AROUND & S OLD SR37 RD,0,0
902272449,2014,7,3,Weekday,1600,2-Car,No injury/unknown,ANIMAL/OBJECT IN ROADWAY,BLOOMFIELD & SR 37 RD,0,0
902278900,2014,6,4,Weekday,1600,2-Car,No injury/unknown,DRIVER DISTRACTED - EXPLAIN IN NARRATIVE,MAIN ST & MATTHEW,0,0
902279129,2014,8,6,Weekday,700,2-Car,No injury/unknown,SPEED TOO FAST FOR WEATHER CONDITIONS,E RHORER & S OLD SR37 HWY,0,0
902292693,2014,9,7,Weekend,1200,2-Car,No injury/unknown,INSECURE/LEAKY LOAD,S DOLIMAH AVE & W MILIEU,0,0
902292998,2014,9,1,Weekday,2000,2-Car,No injury/unknown,FAILURE TO YIELD RIGHT OF WAY,E 10TH ST & TULIP TREE,0,0
902324181,2014,10,4,Weekday,1400,2-Car,No injury/unknown,FOLLOWING TOO CLOSELY,SMITH & WOODYARD,0,0
902324282,2014,10,5,Weekday,1900,2-Car,Incapacitating,FOLLOWING TOO CLOSELY,BLOOMFIELD & LIBERTY,0,0
902324583,2014,10,5,Weekday,1200,2-Car,No injury/unknown,OTHER (DRIVER) - EXPLAIN IN NARRATIVE,BASSWOOD & SECOND,0,0
902281478,2014,8,7,Weekend,1700,2-Car,No injury/unknown,FOLLOWING TOO CLOSELY,IN SR 37 & W 2ND ST,0,0
902281547,2014,8,7,Weekend,2100,1-Car,No injury/unknown,ANIMAL/OBJECT IN ROADWAY,17 & SR4546W,0,0
902282144,2014,8,2,Weekday,700,2-Car,No injury/unknown,OTHER (DRIVER) - EXPLAIN IN NARRATIVE,W2ND ST,0,0
902282870,2014,8,3,Weekday,100,2-Car,No injury/unknown,UNSAFE BACKING,100 BLOCK W 11TH & ALLEY ALY,0,0
902283257,2014,8,3,Weekday,1400,2-Car,No injury/unknown,FAILURE TO YIELD RIGHT OF WAY,EIGENMANN S DR & JEFFERSON,0,0
902284629,2014,8,2,Weekday,2100,2-Car,No injury/unknown,FOLLOWING TOO CLOSELY,NORTH CURRY PIKE & NORTH LINTEL,0,0
902284684,2014,8,6,Weekday,1200,2-Car,No injury/unknown,FAILURE TO YIELD RIGHT OF WAY,FENBROOK LN & ROMANS,0,0
902285534,2014,8,7,Weekend,200,2-Car,No injury/unknown,OVERCORRECTING/OVERSTEERING,DOLIMAH & MILIEU DR,0,0
902288790,2014,8,7,Weekend,900,2-Car,No injury/unknown,FOLLOWING TOO CLOSELY,SR37S,0,0
902289367,2014,8,1,Weekday,2200,1-Car,No injury/unknown,RAN OFF ROAD RIGHT,45 46 BYPASS & KINSER PIKE,0,0
902290531,2014,9,3,Weekday,1600,2-Car,No injury/unknown,UNSAFE BACKING,S JUNYA ST,0,0
902291159,2014,9,4,Weekday,1200,2-Car,No injury/unknown,OTHER (VEHICLE) - EXPLAIN IN NARRATIVE,,0,0
902291295,2014,9,4,Weekday,1400,2-Car,No injury/unknown,OTHER (DRIVER) - EXPLAIN IN NARRATIVE,2451 EAST 10TH (PARKING LOT) ST & EAST 10TH,0,0
902291343,2014,9,5,Weekday,800,2-Car,No injury/unknown,FOLLOWING TOO CLOSELY,SR37S,0,0
902292155,2014,9,6,Weekday,1500,3+ Cars,No injury/unknown,FOLLOWING TOO CLOSELY,45 46 BYPASS BYP & RANGE,0,0
902292411,2014,9,7,Weekend,1100,2-Car,No injury/unknown,OTHER (DRIVER) - EXPLAIN IN NARRATIVE,W MILIEU DR,0,0
902294552,2014,9,4,Weekday,700,2-Car,No injury/unknown,ANIMAL/OBJECT IN ROADWAY,CRAMER & CRAMER CIR,0,0
902296630,2014,9,1,Weekend,1400,2-Car,No injury/unknown,FAILURE TO YIELD RIGHT OF WAY,SR45W & WALMART,0,0
902297752,2014,9,2,Weekday,800,2-Car,No injury/unknown,DRIVER DISTRACTED - EXPLAIN IN NARRATIVE,SMITH & WOODYARD,0,0
902298610,2014,9,4,Weekday,1700,2-Car,No injury/unknown,FOLLOWING TOO CLOSELY,BLOOMFIELD RD & HICKORY LEAF,0,0
902300663,2014,9,2,Weekday,700,2-Car,No injury/unknown,ANIMAL/OBJECT IN ROADWAY,N OUTBACK & W STATE ROAD 46 RD,0,0
902300868,2014,9,7,Weekend,1900,2-Car,No injury/unknown,,JACOBS DR,0,0
902301067,2014,9,2,Weekday,800,3+ Cars,No injury/unknown,FOLLOWING TOO CLOSELY,BARGER & TAPP RD,0,0
902302986,2014,9,5,Weekday,1700,2-Car,No injury/unknown,OTHER (DRIVER) - EXPLAIN IN NARRATIVE,3069 MATHEA DR & LUCAS,0,0
902304754,2014,9,2,Weekday,800,1-Car,No injury/unknown,RAN OFF ROAD RIGHT,HINES & SR45W,0,0
902305418,2014,9,3,Weekday,1000,2-Car,No injury/unknown,UNSAFE BACKING,E4TH ST,0,0
902305521,2014,9,3,Weekday,900,2-Car,No injury/unknown,UNSAFE BACKING,1101 N FEE (PARKING NW LOT) LN & WALNUT GROVE,0,0
902307862,2014,10,7,Weekend,1000,2-Car,No injury/unknown,FAILURE TO YIELD RIGHT OF WAY,LIBERTY DR & PRIVATE,0,0
902308466,2014,10,2,Weekday,1100,1-Car,No injury/unknown,RAN OFF ROAD RIGHT,E 2ND AVE & SOUTH FAIRFAX RD,0,0
902308474,2014,10,1,Weekend,300,3+ Cars,No injury/unknown,IMPROPER LANE USAGE,20TH & VARSITY LN,0,0
902310658,2014,10,5,Weekday,700,1-Car,No injury/unknown,RAN OFF ROAD RIGHT,E SALT CREEK & S SR446 RD,0,0
902310865,2014,10,3,Weekday,900,2-Car,No injury/unknown,FAILURE TO YIELD RIGHT OF WAY,E RHORER & S OLD SR37 HWY,0,0
902313839,2014,10,3,Weekday,1200,2-Car,No injury/unknown,BRAKE FAILURE OR DEFECTIVE,MERIE & VERNAL,0,0
902315054,2014,10,4,Weekday,1200,2-Car,No injury/unknown,FAILURE TO YIELD RIGHT OF WAY,SUSAN & WHITEHALL CROSSING,0,0
902315082,2014,10,5,Weekday,900,2-Car,No injury/unknown,FOLLOWING TOO CLOSELY,SR37S,0,0
902315396,2014,10,5,Weekday,1700,2-Car,No injury/unknown,UNSAFE LANE MOVEMENT,KIRKWOOD,0,0
902315482,2014,10,6,Weekday,1800,2-Car,No injury/unknown,SPEED TOO FAST FOR WEATHER CONDITIONS,N SMITH & W FORREST PARK,0,0
902316734,2014,10,7,Weekend,1200,2-Car,No injury/unknown,FOLLOWING TOO CLOSELY,KINGSTON & PETE ELLIS,0,0
902317987,2014,10,2,Weekday,1800,2-Car,No injury/unknown,FOLLOWING TOO CLOSELY,SR45E,0,0
902319524,2014,10,5,Weekday,0,2-Car,No injury/unknown,OTHER (DRIVER) - EXPLAIN IN NARRATIVE,2374 S WINSLOW,0,0
902319878,2014,10,4,Weekday,1200,2-Car,No injury/unknown,,4TH,0,0
902320394,2014,10,6,Weekday,1300,2-Car,No injury/unknown,IMPROPER LANE USAGE,W THIRD,0,0
902320889,2014,10,7,Weekend,1100,2-Car,No injury/unknown,FOLLOWING TOO CLOSELY,COUNTRY CLUB & MILTON,0,0
902321208,2014,10,1,Weekend,900,1-Car,No injury/unknown,OVERCORRECTING/OVERSTEERING,2315 N SMITH & WOODYARD,0,0
902321299,2014,10,1,Weekend,1300,2-Car,No injury/unknown,DRIVER DISTRACTED - EXPLAIN IN NARRATIVE,3RD & S STATE RD 37 RAMP 13,0,0
902324791,2014,10,6,Weekday,1300,3+ Cars,Non-incapacitating,FAILURE TO YIELD RIGHT OF WAY,W 3RD & WHITE HALL,0,0
902325061,2014,10,6,Weekday,1700,3+ Cars,No injury/unknown,FOLLOWING TOO CLOSELY,45 46 & KINSER,0,0
902354246,2014,12,2,Weekday,900,1-Car,No injury/unknown,OTHER (DRIVER) - EXPLAIN IN NARRATIVE,EAST THIRD,0,0
902354430,2014,12,2,Weekday,1900,1-Car,Non-incapacitating,RAN OFF ROAD RIGHT,E CHAPEL & SR45W,0,0
902354493,2014,12,2,Weekday,1800,2-Car,No injury/unknown,FAILURE TO YIELD RIGHT OF WAY,BLOOMFIELD & LIBERTY,0,0
902355938,2014,12,3,Weekday,1500,2-Car,No injury/unknown,FOLLOWING TOO CLOSELY,SMITH & WOODYARD,0,0
902356704,2014,12,3,Weekday,1700,2-Car,No injury/unknown,FOLLOWING TOO CLOSELY,3RD & CURRY,0,0
902357245,2014,12,6,Weekday,100,2-Car,No injury/unknown,,EAST THIRD,0,0
902357345,2014,12,6,Weekday,1800,2-Car,No injury/unknown,FOLLOWING TOO CLOSELY,SB RAMP TO SR 37 & SR45W,0,0
902357454,2014,12,7,Weekend,600,2-Car,No injury/unknown,UNSAFE SPEED,DANIELS & W STATE ROAD 48,0,0
902357855,2014,12,7,Weekend,2200,1-Car,No injury/unknown,RAN OFF ROAD RIGHT,N PAYNE & SR37N,0,0
902358051,2014,12,1,Weekend,1400,2-Car,No injury/unknown,FOLLOWING TOO CLOSELY,COFFEY LANE & N SMITH,0,0
902358230,2014,12,7,Weekend,1300,2-Car,No injury/unknown,DRIVER DISTRACTED - EXPLAIN IN NARRATIVE,SR37S,0,0
902358372,2014,12,7,Weekend,400,1-Car,No injury/unknown,OVERCORRECTING/OVERSTEERING,E GRAHAM & S HENDERSON,0,0
902359173,2014,12,6,Weekend,1900,2-Car,No injury/unknown,OTHER (DRIVER) - EXPLAIN IN NARRATIVE,NORTH LAKE VIEW & SR46W,0,0
902359419,2014,12,3,Weekday,1100,2-Car,No injury/unknown,OTHER (DRIVER) - EXPLAIN IN NARRATIVE,N GATES,0,0
902359606,2014,12,2,Weekday,2100,1-Car,No injury/unknown,RAN OFF ROAD RIGHT,S ROCKPORT & W BOLIN,0,0
902359652,2014,12,3,Weekday,1400,2-Car,No injury/unknown,UNSAFE BACKING,N JACOB,0,0
902359699,2014,12,3,Weekday,1500,2-Car,No injury/unknown,UNSAFE BACKING,N GATES,0,0
902360076,2014,12,4,Weekday,1300,2-Car,No injury/unknown,OTHER (DRIVER) - EXPLAIN IN NARRATIVE,S BASSWOOD,0,0
902325763,2014,11,1,Weekend,100,1-Car,No injury/unknown,,EAST SECOND & SOUTH LINCOLN,0,0
902326530,2014,11,2,Weekday,1000,2-Car,No injury/unknown,FAILURE TO YIELD RIGHT OF WAY,BLOOMFIELD & LIBERTY,0,0
902327214,2014,11,3,Weekday,1100,2-Car,No injury/unknown,IMPROPER LANE USAGE,W THIRD,0,0
902327420,2014,11,2,Weekday,1500,3+ Cars,No injury/unknown,OVERCORRECTING/OVERSTEERING,DOLIMAH & MILIEU,0,0
902328265,2014,11,3,Weekday,1700,1-Car,No injury/unknown,ROADWAY SURFACE CONDITION,S BANTA & W COUNTRY CLUB,0,0
902328465,2014,10,6,Weekend,1900,3+ Cars,No injury/unknown,SPEED TOO FAST FOR WEATHER CONDITIONS,45 46 & KINSER,0,0
902329824,2014,11,7,Weekend,0,1-Car,No injury/unknown,ANIMAL/OBJECT IN ROADWAY,SR37N,0,0
902331020,2014,11,2,Weekday,1000,2-Car,No injury/unknown,FOLLOWING TOO CLOSELY,48 & CURRY,0,0
902334755,2014,11,6,Weekday,1200,2-Car,No injury/unknown,FOLLOWING TOO CLOSELY,COLLEGEMALL & E 2ND,0,0
902335482,2014,11,3,Weekday,1500,2-Car,No injury/unknown,UNSAFE LANE MOVEMENT,GATES & JACOBS,0,0
902335504,2014,11,3,Weekday,1800,2-Car,No injury/unknown,FAILURE TO YIELD RIGHT OF WAY,DANIELS,0,0
902335609,2014,11,7,Weekend,2000,2-Car,No injury/unknown,LEFT OF CENTER,N MONROE & W 2OTH,0,0
902335946,2014,11,2,Weekday,600,2-Car,No injury/unknown,FOLLOWING TOO CLOSELY,S FAIRFAX & S WALNUT STREET,0,0
902336059,2014,11,3,Weekday,800,2-Car,No injury/unknown,LEFT OF CENTER,N UNION VALLEY & N WESTFALL,0,0
902336538,2014,11,5,Weekday,800,2-Car,No injury/unknown,OTHER (DRIVER) - EXPLAIN IN NARRATIVE,GILMORE PARKING CENTER ROW & INDIANA,0,0
902336725,2014,11,3,Weekday,1800,1-Car,No injury/unknown,RAN OFF ROAD RIGHT,HUGES & MOORES CREEK,0,0
902336843,2014,11,2,Weekday,1800,1-Car,No injury/unknown,RAN OFF ROAD RIGHT,9625 CARMICHAL & ROCKEAST,0,0
902336902,2014,11,2,Weekday,1900,2-Car,No injury/unknown,FAILURE TO YIELD RIGHT OF WAY,SR4546E,0,0
902339113,2014,11,4,Weekday,700,2-Car,No injury/unknown,FOLLOWING TOO CLOSELY,NB OFF RAMP SR 37,0,0
902339344,2014,11,5,Weekday,1400,2-Car,No injury/unknown,OTHER (DRIVER) - EXPLAIN IN NARRATIVE,S DOLIMAH,0,0
902339980,2014,11,5,Weekday,1900,3+ Cars,Non-incapacitating,FOLLOWING TOO CLOSELY,45 46 & DUNN,0,0
902340540,2014,11,7,Weekend,1200,2-Car,No injury/unknown,FAILURE TO YIELD RIGHT OF WAY,N SMITH & W WOODYARD,0,0
902340931,2014,11,3,Weekday,1900,1-Car,No injury/unknown,RAN OFF ROAD RIGHT,SR46,0,0
902344313,2014,11,7,Weekend,800,2-Car,No injury/unknown,FAILURE TO YIELD RIGHT OF WAY,AIRPORT & BUNGER,0,0
902344827,2014,11,7,Weekend,1800,3+ Cars,No injury/unknown,FAILURE TO YIELD RIGHT OF WAY,S LIBERTY & W THIRD,0,0
902345835,2014,12,3,Weekday,700,2-Car,No injury/unknown,FAILURE TO YIELD RIGHT OF WAY,HARVEST & UNIONVALLEY,0,0
902348065,2014,12,6,Weekday,1000,2-Car,Incapacitating,FAILURE TO YIELD RIGHT OF WAY,ACCESS TO GREASE MONKEY & COUNTRY CLUB,0,0
902348389,2014,12,6,Weekend,1900,2-Car,No injury/unknown,FOLLOWING TOO CLOSELY,FORREST & SMITH,0,0
902348644,2014,12,7,Weekend,1400,2-Car,No injury/unknown,FAILURE TO YIELD RIGHT OF WAY,3 & GATES,0,0
902348726,2014,12,7,Weekend,1700,2-Car,No injury/unknown,FOLLOWING TOO CLOSELY,TAPP,0,0
902348967,2014,12,1,Weekend,1200,Pedestrian,Incapacitating,OTHER (DRIVER) - EXPLAIN IN NARRATIVE,E LIDEN,0,0
902349098,2014,12,5,Weekday,1600,2-Car,No injury/unknown,FAILURE TO YIELD RIGHT OF WAY,CAPITAL & SR46W,0,0
902349630,2014,12,5,Weekday,1800,2-Car,No injury/unknown,,,0,0
902351912,2014,12,5,Weekday,900,2-Car,No injury/unknown,OTHER (DRIVER) - EXPLAIN IN NARRATIVE,SR37S,0,0
902363077,2014,12,4,Weekday,1000,2-Car,No injury/unknown,DRIVER DISTRACTED - EXPLAIN IN NARRATIVE,RIDGESPRINGS & SR46W,0,0
902363150,2014,12,4,Weekday,1500,2-Car,No injury/unknown,UNSAFE LANE MOVEMENT,COLLEGE & SIXTH,0,0
902363220,2014,12,4,Weekday,1700,2-Car,No injury/unknown,DISREGARD SIGNAL/REG SIGN,BLOOMFIELD & RAMP 17,0,0
902229866,2014,5,5,Weekday,2200,2-Car,No injury/unknown,DRIVER DISTRACTED - EXPLAIN IN NARRATIVE,3RD ST & STATE ROAD 37,0,0
902255958,2014,6,4,Weekday,2300,2-Car,No injury/unknown,UNSAFE BACKING,WEST SUDBERRY DR,0,0
902256445,2014,6,5,Weekday,1800,2-Car,Non-incapacitating,LEFT OF CENTER,EAST ROBINSON RD & NORTH OLD 37,0,0
902257413,2014,6,6,Weekday,1200,1-Car,No injury/unknown,OTHER (DRIVER) - EXPLAIN IN NARRATIVE,BLOOMFIELD RD,0,0
902257796,2014,6,6,Weekday,1500,2-Car,No injury/unknown,FOLLOWING TOO CLOSELY,S FAIRFAX RD & S WALNUT STREET,0,0
902257804,2014,6,7,Weekend,2100,1-Car,No injury/unknown,ANIMAL/OBJECT IN ROADWAY,CONNAUGHT & SR37N,0,0
902257885,2014,6,2,Weekday,600,1-Car,No injury/unknown,ANIMAL/OBJECT IN ROADWAY,HENDRICK & SR46E,0,0
902258132,2014,7,3,Weekday,1200,2-Car,No injury/unknown,FAILURE TO YIELD RIGHT OF WAY,3RD ST & WOODSCREST,0,0
902258345,2014,7,3,Weekday,1600,2-Car,No injury/unknown,FOLLOWING TOO CLOSELY,S LIBERTY DR & STATE ROAD 45,0,0
902258398,2014,7,3,Weekday,2000,1-Car,No injury/unknown,SPEED TOO FAST FOR WEATHER CONDITIONS,CONSITIUTION & S LIBERTY DR,0,0
902258481,2014,6,6,Weekday,1600,2-Car,No injury/unknown,FAILURE TO YIELD RIGHT OF WAY,HARTSTRAIT ROAD & SR46W,0,0
902258881,2014,7,4,Weekday,1400,2-Car,No injury/unknown,FOLLOWING TOO CLOSELY,GORDON PIKE & ROGERS,0,0
902259139,2014,7,5,Weekday,200,2-Car,No injury/unknown,OTHER (DRIVER) - EXPLAIN IN NARRATIVE,E CARDINAL GLEN DR & S WALNUT STREET,0,0
902259547,2014,7,5,Weekday,1200,2-Car,No injury/unknown,OVERCORRECTING/OVERSTEERING,E KIRKWOOD AVE,0,0
902259868,2014,7,6,Weekday,1200,1-Car,Non-incapacitating,RAN OFF ROAD RIGHT,ADAMS ST & BLOOMFIELD,0,0
902260209,2014,7,7,Weekend,1300,Moped/Motorcycle,No injury/unknown,UNSAFE BACKING,BLOOMFIELD & LEONARD SPRINGS RD,0,0
902260297,2014,7,7,Weekend,2000,2-Car,No injury/unknown,FOLLOWING TOO CLOSELY,W JACOB DR,0,0
902308318,2014,10,1,Weekend,1400,2-Car,No injury/unknown,FOLLOWING TOO CLOSELY,BLOOMFIELD & LIBERTY,0,0
902357885,2014,12,7,Weekend,700,2-Car,No injury/unknown,SPEED TOO FAST FOR WEATHER CONDITIONS,COUNTY LINE & SR45,0,0
902358096,2014,12,7,Weekend,2200,1-Car,No injury/unknown,RAN OFF ROAD RIGHT,CHAPEL HILL & HUNTERS CREEK,0,0
902359110,2014,12,2,Weekday,1800,2-Car,No injury/unknown,FAILURE TO YIELD RIGHT OF WAY,CAMPBELLS PARK & HARTSTRAIGHT,0,0
902359466,2014,12,3,Weekday,1100,3+ Cars,Non-incapacitating,FOLLOWING TOO CLOSELY,HUNTERS GLEN & SARE,0,0
902359662,2014,12,3,Weekday,1700,2-Car,No injury/unknown,DRIVER DISTRACTED - EXPLAIN IN NARRATIVE,45 46 & MARTHA,0,0
902359839,2014,12,3,Weekday,400,1-Car,No injury/unknown,UNSAFE BACKING,WICKENS,0,0
902359987,2014,12,4,Weekday,500,1-Car,No injury/unknown,SPEED TOO FAST FOR WEATHER CONDITIONS,DUNN & OLD 37,0,0
902360984,2014,12,6,Weekend,1900,2-Car,No injury/unknown,FAILURE TO YIELD RIGHT OF WAY,SR46W,0,0
902361064,2014,12,7,Weekend,200,1-Car,Non-incapacitating,RAN OFF ROAD RIGHT,MOORES & RENWICK,0,0
902106698,2013,10,5,Weekday,1200,2-Car,No injury/unknown,IMPROPER TURNING,5TH ST & WALNUT,41.22866547,-85.81796868
902040142,2013,6,6,Weekday,1700,1-Car,No injury/unknown,OTHER (DRIVER) - EXPLAIN IN NARRATIVE,1ST ST & NORTH SOUTH,40.60466646,-86.86640566
901981827,2013,3,6,Weekday,1600,2-Car,No injury/unknown,FOLLOWING TOO CLOSELY,E 3RD ST & S PARK,40.25679758,-85.67143555
902133531,2013,12,6,Weekday,600,1-Car,No injury/unknown,SPEED TOO FAST FOR WEATHER CONDITIONS,INGRAM & SR37S,39.992208,-86.59564208
902123382,2013,11,7,Weekend,1800,1-Car,No injury/unknown,ANIMAL/OBJECT IN ROADWAY,MONROE DAM & SR37S,39.57675709,-86.53836059
902132813,2013,12,6,Weekday,1100,2-Car,No injury/unknown,SPEED TOO FAST FOR WEATHER CONDITIONS,10TH ST & PARK,39.45742966,-87.40306548
902128865,2013,11,3,Weekday,500,1-Car,No injury/unknown,RAN OFF ROAD RIGHT,BOTTOM & MT TABOR RD,39.4168988,-86.63320004
902026889,2013,5,6,Weekend,2200,2-Car,No injury/unknown,UNSAFE LANE MOVEMENT,BOTTOMS & SR37S,39.41638261,-86.55792236
902102249,2013,10,6,Weekday,200,1-Car,No injury/unknown,IMPROPER LANE USAGE,MT GILEAD & SR45E,39.39745182,-86.46720886
901981838,2013,3,6,Weekday,1500,3+ Cars,Non-incapacitating,FOLLOWING TOO CLOSELY,SR37S & VERNAL,39.38900649,-86.55998992
902139673,2013,12,2,Weekday,1900,1-Car,Non-incapacitating,RAN OFF ROAD RIGHT,BOTTOM & SR37N,39.3824478,-86.55792236
902119357,2013,11,3,Weekday,700,1-Car,Non-incapacitating,RAN OFF ROAD RIGHT,BARR & MT TABOR RD,39.3799397,-86.62183016
902122033,2013,11,1,Weekend,1000,1-Car,Non-incapacitating,ANIMAL/OBJECT IN ROADWAY,COOKSEY & SR37N,39.37599609,-86.50932888
902111291,2013,11,6,Weekday,1000,1-Car,No injury/unknown,SPEED TOO FAST FOR WEATHER CONDITIONS,BOTTOM & SIMPSON CHAPEL RD,39.37564801,-86.54774017
902049673,2013,7,6,Weekday,300,1-Car,No injury/unknown,RAN OFF ROAD RIGHT,ANDERSON & OLD STATE ROAD 37 RD,39.37191774,-86.50191999
902028755,2013,5,6,Weekday,1200,2-Car,No injury/unknown,OTHER (DRIVER) - EXPLAIN IN NARRATIVE,DUNN & OLD SR 37 RD,39.36681223,-86.52871996
902131665,2013,12,2,Weekday,1500,1-Car,No injury/unknown,UNSAFE SPEED,RED HILL RD & W CHAFIN CHAPEL,39.36549062,-86.63475975
901982453,2013,3,1,Weekend,1700,1-Car,Non-incapacitating,RAN OFF ROAD RIGHT,EAST MERRITT & SR446S,39.36357228,-86.42514777
902139691,2013,12,7,Weekend,1000,1-Car,No injury/unknown,RAN OFF ROAD RIGHT,MT TABOR RD & WOODLAND,39.36291853,-86.62419989
902139692,2013,12,7,Weekend,1100,1-Car,No injury/unknown,RAN OFF ROAD RIGHT,MT TABOR RD & WOODLAND,39.36291853,-86.62419989
902128135,2013,11,4,Weekday,500,1-Car,No injury/unknown,ANIMAL/OBJECT IN ROADWAY,SR37N & ZIKES,39.36101269,-86.53515625
902025554,2013,5,6,Weekend,2200,1-Car,No injury/unknown,RAN OFF ROAD RIGHT,EARL YOUNG & LENTZ RD,39.35901148,-86.46848022
902110353,2013,10,4,Weekday,1700,1-Car,No injury/unknown,SPEED TOO FAST FOR WEATHER CONDITIONS,BOLTINGHOUSE RD & EARL YOUNG,39.35741645,-86.47337995
902009747,2013,4,5,Weekday,2300,1-Car,Non-incapacitating,RAN OFF ROAD RIGHT,UNION VALLEY RD & W MCNEELY,39.34344061,-86.59277113
902099234,2013,10,3,Weekday,1100,Bus,No injury/unknown,RAN OFF ROAD RIGHT,MAPLE GROVE CHURCH & MAPLE GROVE RD,39.34320045,-86.5722502
901980425,2013,2,3,Weekday,1300,1-Car,No injury/unknown,ANIMAL/OBJECT IN ROADWAY,ANDERSON ROAD & BEAN BLOSSOM ROAD RD,39.33996348,-86.4321485
902134454,2013,12,2,Weekday,900,1-Car,No injury/unknown,RAN OFF ROAD RIGHT,NORTH BOTTOM & SR37N,39.33871061,-86.54191693
902133310,2013,12,5,Weekday,1600,1-Car,No injury/unknown,SPEED TOO FAST FOR WEATHER CONDITIONS,BRYANTS CREEK & SR37N,39.334368,-86.5124
901983014,2013,3,6,Weekday,1800,2-Car,Non-incapacitating,RAN OFF ROAD RIGHT,FULLERTON & SR37S,39.33345989,-86.56779479
902019538,2013,5,1,Weekend,1700,1-Car,No injury/unknown,RAN OFF ROAD RIGHT,WAMPLER RD,39.332859,-86.595306
901955631,2013,1,4,Weekday,2000,1-Car,Non-incapacitating,RAN OFF ROAD RIGHT,E HACKERS CREEK RD & MORGAN COUNTY,39.33018905,-86.46517363
902106924,2013,10,6,Weekend,1900,1-Car,No injury/unknown,ANIMAL/OBJECT IN ROADWAY,CROSSOVER & SR37N,39.32978121,-86.51870072
901968287,2013,2,6,Weekday,1300,1-Car,No injury/unknown,RAN OFF ROAD RIGHT,MONROE DAM & VALLEY MISSION RD,39.32520664,-86.510099
901994866,2013,3,2,Weekday,1700,2-Car,No injury/unknown,LEFT OF CENTER,NORTH BOWMAN RD & NORTH LIBERTY HOLLOW,39.32386203,-86.59936208
902099233,2013,10,3,Weekday,1000,1-Car,No injury/unknown,RAN OFF ROAD RIGHT,BOTTOM & DITTEMORE RD,39.3176477,-86.55560534
902111912,2013,11,1,Weekend,1800,1-Car,No injury/unknown,ANIMAL/OBJECT IN ROADWAY,SR37N & SR46W,39.31411041,-86.58039093
902031750,2013,6,3,Weekday,1200,2-Car,Non-incapacitating,UNSAFE LANE MOVEMENT,SR37N,39.31409746,-86.51169575
902120863,2013,11,7,Weekend,700,1-Car,No injury/unknown,ANIMAL/OBJECT IN ROADWAY,BURMA & SR37N,39.31409746,-86.51169575
902130921,2013,12,1,Weekday,2200,2-Car,No injury/unknown,ACCELERATOR FAILURE OR DEFECTIVE,E SAMPLE & SR37N,39.31349208,-86.51318359
901960835,2013,1,2,Weekday,1800,1-Car,No injury/unknown,ANIMAL/OBJECT IN ROADWAY,BURMA & SR37S,39.31233946,-86.51241759
902058840,2013,7,1,Weekend,1500,Moped/Motorcycle,Incapacitating,OTHER (DRIVER) - EXPLAIN IN NARRATIVE,N BOTTOM RD & W PRATHER,39.308592,-86.602176
902055713,2013,7,2,Weekday,1100,2-Car,Non-incapacitating,FOLLOWING TOO CLOSELY,SR37S & SR45W,39.30670166,-86.5161972
902058231,2013,7,6,Weekday,1700,2-Car,No injury/unknown,FOLLOWING TOO CLOSELY,SR37S & SR45W,39.30670166,-86.5161972
902089197,2013,9,2,Weekday,1400,Moped/Motorcycle,Non-incapacitating,FAILURE TO YIELD RIGHT OF WAY,SR37S & SR46E,39.30670166,-86.5161972
902092200,2013,9,2,Weekday,1500,2-Car,Non-incapacitating,FOLLOWING TOO CLOSELY,SR 37 & SR45W,39.30670166,-86.5161972
902123362,2013,11,3,Weekday,2100,2-Car,No injury/unknown,IMPROPER TURNING,SR37N & SR45W,39.30670166,-86.5161972
901969412,2013,1,5,Weekday,1800,1-Car,No injury/unknown,ROADWAY SURFACE CONDITION,MT TABOR RD & TABOR HILL,39.30579968,-86.6310697