Master Record Number,Year,Month,Day,Weekend?,Hour,Collision Type,Injury Type,Primary Factor,Reported_Location,Latitude,Longitude
902033721,2013,6,1,Weekend,1300,2-Car,No injury/unknown,FAILURE TO YIELD RIGHT OF WAY,MATTHEWS & SR46W,39.234768,-86.626384
902040873,2013,6,1,Weekend,1600,2-Car,No injury/unknown,DISREGARD SIGNAL/REG SIGN,MATTHEWS DR & SR46W,39.234768,-86.626384
902064714,2013,8,5,Weekday,1900,2-Car,Non-incapacitating,DISREGARD SIGNAL/REG SIGN,MATTHEWS DR & SR46W,39.234768,-86.626384
902074338,2013,8,4,Weekday,700,2-Car,Non-incapacitating,DISREGARD SIGNAL/REG SIGN,MATTHEWS & SR46W,39.234768,-86.626384
901965632,2013,1,4,Weekday,200,1-Car,No injury/unknown,RAN OFF ROAD RIGHT,BREEDEN RD & TOP PHILLIPS,39.23428818,-86.67456977
902111099,2013,11,6,Weekday,1600,2-Car,No injury/unknown,OTHER (DRIVER) - EXPLAIN IN NARRATIVE,N SALE ST & TEMPERANCE,39.23414396,-86.62434641
902098319,2013,10,5,Weekday,1500,2-Car,No injury/unknown,UNSAFE BACKING,WEST TEMPERANCE ST ST,39.2340889,-86.62478637
901951803,2013,1,4,Weekday,1200,1-Car,No injury/unknown,ANIMAL/OBJECT IN ROADWAY,SR37S,39.23392962,-86.54127818
901987494,2013,3,2,Weekday,1600,2-Car,No injury/unknown,FAILURE TO YIELD RIGHT OF WAY,SALE & TEMPERANCE ST,39.23384,-86.624704
902005334,2013,4,4,Weekday,1000,2-Car,No injury/unknown,FAILURE TO YIELD RIGHT OF WAY,SALE & SR46W,39.23384,-86.624704
902068875,2013,8,7,Weekend,1000,2-Car,No injury/unknown,UNSAFE BACKING,SALE & WEST TEMPERANCE ST,39.23384,-86.624704
902091542,2013,9,1,Weekend,1800,1-Car,Non-incapacitating,DISREGARD SIGNAL/REG SIGN,N SALE & SR46W,39.23384,-86.624704
902116605,2013,11,1,Weekend,1600,2-Car,No injury/unknown,DRIVER DISTRACTED - EXPLAIN IN NARRATIVE,SALE ST & SR46W,39.23384,-86.624704
902139815,2013,11,6,Weekday,1000,2-Car,No injury/unknown,FOLLOWING TOO CLOSELY,SALE & SR46W,39.23384,-86.624704
902138651,2013,12,7,Weekend,2100,2-Car,No injury/unknown,DRIVER DISTRACTED - EXPLAIN IN NARRATIVE,WEST TEMPERANCE ST,39.23374176,-86.62436676
902085866,2013,9,4,Weekday,800,2-Car,No injury/unknown,FAILURE TO YIELD RIGHT OF WAY,KELLI & SR46W,39.233181,-86.61887359
901994304,2013,3,2,Weekday,700,Bus,No injury/unknown,ROADWAY SURFACE CONDITION,ASSOCIATION & SALE ST,39.23308969,-86.62547998
902050798,2013,7,6,Weekday,1300,2-Car,No injury/unknown,FAILURE TO YIELD RIGHT OF WAY,SALE & SR46E,39.23302841,-86.62554931
902090062,2013,9,4,Weekday,700,2-Car,No injury/unknown,FAILURE TO YIELD RIGHT OF WAY,BOTTOM RD & SR37,39.23285989,-86.54190129
902060395,2013,7,3,Weekday,1300,3+ Cars,Non-incapacitating,DISREGARD SIGNAL/REG SIGN,SR37 & SR46W,39.232688,-86.623056
902016803,2013,5,5,Weekday,1000,2-Car,No injury/unknown,UNSAFE BACKING,N WALNUT ST,39.232544,-86.540704
902061223,2013,8,6,Weekday,100,2-Car,No injury/unknown,UNSAFE BACKING,N WALNUT ST,39.232544,-86.540704
902139855,2013,12,7,Weekend,1800,3+ Cars,No injury/unknown,ROADWAY SURFACE CONDITION,N WALNUT ST,39.232544,-86.540704
902072673,2013,7,7,Weekend,500,1-Car,No injury/unknown,RAN OFF ROAD RIGHT,ERAL YOUNG & LENTZ RD,39.23190013,-86.46851049
902029591,2013,6,1,Weekend,100,1-Car,No injury/unknown,ANIMAL/OBJECT IN ROADWAY,OLD MYERS & SR37N,39.23185808,-86.50634149
902057534,2013,7,3,Weekday,1300,1-Car,No injury/unknown,ANIMAL/OBJECT IN ROADWAY,N OLD 37 & OLD MEYERS RD,39.23183978,-86.50670575
901968004,2013,1,5,Weekday,1800,1-Car,Non-incapacitating,SPEED TOO FAST FOR WEATHER CONDITIONS,CHAMBERS & SR37N,39.23179578,-86.50701904
902011549,2013,4,4,Weekday,1800,2-Car,No injury/unknown,FOLLOWING TOO CLOSELY,17TH & JORDAN AVE,39.23172136,-86.51093021
902087385,2013,9,6,Weekend,2000,1-Car,Non-incapacitating,UNSAFE SPEED,W GILMORE & W REEVES RD,39.231648,-86.671296
902057852,2013,7,6,Weekday,400,1-Car,No injury/unknown,OTHER (VEHICLE) - EXPLAIN IN NARRATIVE,OAK ST,39.23138808,-86.62459363
902059161,2013,7,2,Weekday,1100,2-Car,No injury/unknown,LEFT OF CENTER,HILLVIEW & SR37N,39.23136332,-86.53076171
902017917,2013,5,6,Weekday,1100,2-Car,No injury/unknown,UNSAFE LANE MOVEMENT,1ST & SR46E,39.23125467,-86.62103537
901982717,2013,2,6,Weekend,2000,2-Car,No injury/unknown,LEFT OF CENTER,SALE ST & THOMAS,39.231152,-86.6308
902106376,2013,10,6,Weekday,300,1-Car,No injury/unknown,DRIVER DISTRACTED - EXPLAIN IN NARRATIVE,OLD MYERS RD & OLD SR 37 NORTH,39.23066881,-86.50493342
901986418,2013,3,7,Weekend,800,2-Car,No injury/unknown,FAILURE TO YIELD RIGHT OF WAY,BRUMMETTS CREEK & SR46E,39.230544,-86.42
902095239,2013,10,6,Weekday,900,1-Car,No injury/unknown,ANIMAL/OBJECT IN ROADWAY,BRUMMETTS CREEK & SR46E,39.230544,-86.42
902139817,2013,12,2,Weekday,700,2-Car,No injury/unknown,ANIMAL/OBJECT IN ROADWAY,SALE & THOMAS RD,39.23047063,-86.63069096
902129215,2013,12,1,Weekend,0,1-Car,No injury/unknown,RAN OFF ROAD RIGHT,16TH & MONROE ST,39.23029921,-86.54709979
901983640,2013,3,7,Weekend,1400,2-Car,Non-incapacitating,FAILURE TO YIELD RIGHT OF WAY,SR45E & TUNNEL,39.230048,-86.4316
902095482,2013,10,1,Weekday,2000,1-Car,Non-incapacitating,RAN OFF ROAD RIGHT,3420 E OLD MEYERS RD & LITTLE HORSE,39.22984,-86.502
901977147,2013,2,4,Weekday,1100,2-Car,No injury/unknown,OTHER (DRIVER) - EXPLAIN IN NARRATIVE,PAUL & SR46W,39.22981269,-86.61900411
902116409,2013,11,1,Weekend,100,1-Car,Incapacitating,RAN OFF ROAD RIGHT,2855 OLD MYERS RD & LITTLE HORSE,39.22975041,-86.50376193
902085644,2013,9,2,Weekday,1600,1-Car,No injury/unknown,,N THOMAS RD,39.22918571,-86.63056818
902131663,2013,11,5,Weekday,1800,1-Car,No injury/unknown,ANIMAL/OBJECT IN ROADWAY,ACUFF & SR37S,39.22907327,-86.55677032
901986280,2013,3,6,Weekday,1700,2-Car,No injury/unknown,UNSAFE BACKING,W 3RD ST,39.228944,-86.627504
901997410,2013,3,1,Weekend,1600,2-Car,No injury/unknown,IMPROPER TURNING,W 3RD ST,39.228944,-86.627504
901974898,2013,1,2,Weekday,1900,2-Car,No injury/unknown,OTHER (DRIVER) - EXPLAIN IN NARRATIVE,KINSER & SR46W,39.22796249,-86.54624938
901989745,2013,3,6,Weekday,1500,2-Car,No injury/unknown,FAILURE TO YIELD RIGHT OF WAY,KINSER & SR46W,39.22796249,-86.54624938
901967396,2013,1,5,Weekday,2000,1-Car,No injury/unknown,ROADWAY SURFACE CONDITION,HART STRAIT & SR46W,39.2276627,-86.61593307
902000876,2013,4,5,Weekday,1800,2-Car,No injury/unknown,DISREGARD SIGNAL/REG SIGN,HARTSTRAIT & SR46W,39.2276627,-86.61593307
902139212,2013,12,7,Weekend,0,1-Car,No injury/unknown,RAN OFF ROAD RIGHT,1ST & CHESTER DR,39.22662942,-86.62438815
902115036,2013,11,5,Weekday,1500,2-Car,No injury/unknown,DRIVER DISTRACTED - EXPLAIN IN NARRATIVE,SR46W & TEMPERANCE,39.226352,-86.614192
902120582,2013,11,7,Weekend,1100,2-Car,No injury/unknown,UNSAFE LANE MOVEMENT,SR46W & TEMPERANCE,39.22626374,-86.61405676
902090039,2013,9,5,Weekday,1500,2-Car,No injury/unknown,UNSAFE BACKING,11TH & COLLEGE AVE,39.2261637,-86.53479985
902096881,2013,10,3,Weekday,1200,2-Car,No injury/unknown,VIEW OBSTRUCTED,LAKEVIEW & SR46W,39.22571945,-86.60509594
902119807,2013,11,5,Weekday,2200,1-Car,No injury/unknown,ANIMAL/OBJECT IN ROADWAY,LOESCH RD & PROFILE,39.22478185,-86.58868007
902010959,2013,4,6,Weekday,1300,2-Car,No injury/unknown,UNSAFE BACKING,STONE MILL RD,39.22420883,-86.53900146
902064129,2013,8,4,Weekday,1600,2-Car,No injury/unknown,FOLLOWING TOO CLOSELY,CAPATIL AVE & SR46W,39.22377014,-86.6088531
902144183,2013,12,7,Weekend,900,1-Car,No injury/unknown,ROADWAY SURFACE CONDITION,BOTTOM ROAD & SR37N,39.22337838,-86.55792236
902060498,2013,7,4,Weekday,1400,1-Car,No injury/unknown,RAN OFF ROAD RIGHT,PARK ST & PARK ST ST,39.223248,-86.6188
902084422,2013,9,2,Weekday,1500,2-Car,No injury/unknown,FAILURE TO YIELD RIGHT OF WAY,LOST MANS & UNIONVALLEY RD,39.222848,-86.592704
902076528,2013,9,1,Weekend,100,1-Car,No injury/unknown,RAN OFF ROAD RIGHT,4855 N THOMAS RD & TECUMSEH,39.222848,-86.63048
902090188,2013,9,5,Weekday,1600,1-Car,No injury/unknown,ANIMAL/OBJECT IN ROADWAY,W LOST MANS LN & WHITE RIVER,39.22284029,-86.58894351
901961006,2013,1,2,Weekday,1100,2-Car,No injury/unknown,OTHER (DRIVER) - EXPLAIN IN NARRATIVE,N KINSER PIKE,39.222752,-86.550096
901988947,2013,3,5,Weekday,700,2-Car,No injury/unknown,FOLLOWING TOO CLOSELY,SOUTH OLD ST RD 37 RD & WHISNAND,39.22257277,-86.5171255
901976566,2013,2,3,Weekday,600,1-Car,No injury/unknown,RAN OFF ROAD RIGHT,N LAKEVIEW DR,39.22243037,-86.6053502
901997078,2013,3,7,Weekend,1100,1-Car,No injury/unknown,DRIVER DISTRACTED - EXPLAIN IN NARRATIVE,SMITH PIKE & WOODYARD,39.22238412,-86.58308029
901969830,2013,2,3,Weekday,1000,2-Car,No injury/unknown,FAILURE TO YIELD RIGHT OF WAY,SR37N & WHISNAND,39.22203827,-86.53192901
902134030,2013,12,6,Weekday,1400,2-Car,No injury/unknown,SPEED TOO FAST FOR WEATHER CONDITIONS,SR37S & STONEBELT,39.22143593,-86.52886962
901997442,2013,3,1,Weekend,1600,2-Car,No injury/unknown,OTHER (DRIVER) - EXPLAIN IN NARRATIVE,LANTERN & MUSKET DR,39.22117077,-86.61874274
901968768,2013,2,1,Weekend,1300,2-Car,No injury/unknown,ROADWAY SURFACE CONDITION,LAKEVIEW DR & SR46W,39.221152,-86.6056
902071981,2013,8,5,Weekday,1200,2-Car,Incapacitating,FAILURE TO YIELD RIGHT OF WAY,LAKEVIEW & SR46W,39.221152,-86.6056
902097987,2013,10,4,Weekday,1300,2-Car,No injury/unknown,FAILURE TO YIELD RIGHT OF WAY,LAKEVIEW & SR46W,39.221152,-86.6056
902130963,2013,12,3,Weekday,1800,1-Car,No injury/unknown,ANIMAL/OBJECT IN ROADWAY,MAYFIELD & UNION VALLEY RD,39.22102484,-86.59269773
902013623,2013,5,6,Weekday,800,3+ Cars,No injury/unknown,FAILURE TO YIELD RIGHT OF WAY,MAEFIELD & UNION VALLEY RD,39.22100969,-86.59268997
902119424,2013,11,5,Weekday,700,1-Car,No injury/unknown,ANIMAL/OBJECT IN ROADWAY,HARVEST & UNION VALLEY RD,39.22100969,-86.59268997
902058098,2013,7,3,Weekday,1700,1-Car,No injury/unknown,ANIMAL/OBJECT IN ROADWAY,HARBISON & HARTSTRAIT RD,39.220944,-86.612192
902115949,2013,11,5,Weekday,500,1-Car,No injury/unknown,ANIMAL/OBJECT IN ROADWAY,NORTH KINSER & SR37N,39.22088285,-86.55024525
902063634,2013,8,3,Weekday,1600,2-Car,Non-incapacitating,FAILURE TO YIELD RIGHT OF WAY,WALNUT ST & WINLSOW,39.22050395,-86.5311098
902100375,2013,10,1,Weekday,2300,2-Car,No injury/unknown,FAILURE TO YIELD RIGHT OF WAY,CANSTER & N SHADOW WOOD DR,39.22035027,-86.58428432
902031889,2013,6,4,Weekday,2300,1-Car,No injury/unknown,RAN OFF ROAD RIGHT,HARBISON & HARTSTRAIGHT RD,39.22025908,-86.61213142
901961483,2013,1,3,Weekday,2000,2-Car,No injury/unknown,FAILURE TO YIELD RIGHT OF WAY,MT GILEAD & SR45E,39.21901703,-86.42536926
901982481,2013,3,1,Weekend,500,1-Car,No injury/unknown,RAN OFF ROAD RIGHT,MT GILEAD & SR45E,39.21901703,-86.42541247
901996573,2013,3,5,Weekday,1800,2-Car,No injury/unknown,ANIMAL/OBJECT IN ROADWAY,SIMPSON CHAPEL ROAD & SR37S,39.21898216,-86.54723358
901981332,2013,2,3,Weekday,2100,1-Car,No injury/unknown,RAN OFF ROAD RIGHT,EARL YOUNG & SR45,39.21897935,-86.45289344
902070452,2013,8,2,Weekday,1700,2-Car,No injury/unknown,FOLLOWING TOO CLOSELY,SR37S & VERNAL,39.21893123,-86.56252288
902083532,2013,8,4,Weekday,1200,2-Car,Non-incapacitating,FOLLOWING TOO CLOSELY,LOVE & SR46W,39.21849352,-86.60119115
902110373,2013,10,5,Weekday,1700,2-Car,No injury/unknown,IMPROPER TURNING,JONES & JORDAN AVE,39.21827341,-86.51640996
902086092,2013,9,2,Weekday,1500,2-Car,No injury/unknown,FAILURE TO YIELD RIGHT OF WAY,SR46 & UNION VALLEY,39.21810913,-86.59268951
902126356,2013,11,4,Weekday,1500,2-Car,Non-incapacitating,FAILURE TO YIELD RIGHT OF WAY,SR46W & UNION VALLEY,39.21810913,-86.5927419
902026086,2013,5,1,Weekend,1300,2-Car,Incapacitating,LEFT OF CENTER,OLD RIHARDSON ROAD & SR446S,39.21780428,-86.43133871
901953359,2013,1,7,Weekend,1700,2-Car,No injury/unknown,IMPROPER LANE USAGE,RIDGEWOOD & SR46,39.21738915,-86.59900719
902042262,2013,6,3,Weekday,2300,2-Car,No injury/unknown,FAILURE TO YIELD RIGHT OF WAY,RIDGWOOD & SR46W,39.21738139,-86.59893745
902063461,2013,8,2,Weekday,1200,2-Car,Non-incapacitating,FAILURE TO YIELD RIGHT OF WAY,RIDGEWOOD & SR46W,39.21738052,-86.59898376
902129737,2013,12,2,Weekday,900,2-Car,Non-incapacitating,FAILURE TO YIELD RIGHT OF WAY,3RD & LANDMARK AVE,39.21730181,-86.55630983
902022259,2013,5,5,Weekday,600,1-Car,No injury/unknown,ANIMAL/OBJECT IN ROADWAY,RIDGEWOOD & SR46W,39.217248,-86.598992
902132505,2013,12,6,Weekday,500,2-Car,No injury/unknown,IMPROPER TURNING,SR46N & THIRD,39.21712186,-86.47205024
901999169,2013,3,7,Weekend,1400,2-Car,No injury/unknown,FAILURE TO YIELD RIGHT OF WAY,RATLIFF & STARNES RD,39.2168697,-86.65871992
902083596,2013,9,1,Weekend,1200,2-Car,Non-incapacitating,FOLLOWING TOO CLOSELY,BRIAR GATE & SR46W,39.21672821,-86.5963908
902056689,2013,7,6,Weekend,1900,1-Car,No injury/unknown,ANIMAL/OBJECT IN ROADWAY,N BUISNESS 37 RD & WISHNAND,39.21671718,-86.53976999
902009722,2013,4,5,Weekday,600,2-Car,Non-incapacitating,FAILURE TO YIELD RIGHT OF WAY,BRIARGATE & SR46W,39.21662779,-86.59651279
902010239,2013,4,6,Weekday,1400,2-Car,No injury/unknown,DRIVER ILLNESS,W RICHLAND PLAZA DR,39.21655923,-86.59484311
901952379,2013,1,5,Weekday,1800,2-Car,Non-incapacitating,UNSAFE LANE MOVEMENT,BRIARGATE & SR46,39.21651801,-86.59613201
902065533,2013,8,6,Weekday,200,2-Car,No injury/unknown,UNSAFE LANE MOVEMENT,SR46 & UNION VALLEY,39.21607567,-86.59449891
901996216,2013,3,5,Weekday,800,2-Car,No injury/unknown,FAILURE TO YIELD RIGHT OF WAY,LYNWEST & UNIONVALLEY RD,39.21584,-86.5928
902146735,2013,12,5,Weekday,1300,2-Car,Incapacitating,LEFT OF CENTER,UNION VALLEY RD & W LYNWEST,39.21584,-86.5928
902090148,2013,9,5,Weekday,2100,3+ Cars,No injury/unknown,FAILURE TO YIELD RIGHT OF WAY,OUTBACK & SR46,39.21535861,-86.59301239
902039683,2013,6,4,Weekday,1700,2-Car,No injury/unknown,UNSAFE BACKING,RATLIFF & THOMAS RD,39.21520002,-86.63040988
901993777,2013,3,7,Weekend,1200,2-Car,Incapacitating,UNSAFE LANE MOVEMENT,SR46W & UNION VALLEY,39.215152,-86.5928
901995757,2013,3,3,Weekday,700,2-Car,No injury/unknown,DRIVER DISTRACTED - EXPLAIN IN NARRATIVE,SR46 & UNION VALLEY ROAD RD,39.215152,-86.5928
902060336,2013,7,3,Weekday,1100,3+ Cars,No injury/unknown,DRIVER DISTRACTED - EXPLAIN IN NARRATIVE,SR46W & UNION VALLEY ROAD,39.215152,-86.5928
902089710,2013,9,5,Weekday,700,2-Car,No injury/unknown,FAILURE TO YIELD RIGHT OF WAY,SR46W & UNION VALLEY,39.215152,-86.5928
902003810,2013,4,7,Weekend,100,1-Car,No injury/unknown,ANIMAL/OBJECT IN ROADWAY,ACUFF & SR37,39.21514332,-86.55345656
901979513,2013,2,2,Weekday,2000,2-Car,No injury/unknown,FAILURE TO YIELD RIGHT OF WAY,SR46W & UNION VALLEY,39.21513482,-86.59267202
902061472,2013,8,5,Weekday,800,2-Car,No injury/unknown,UNSAFE LANE MOVEMENT,KINSER & SR37S,39.21496269,-86.55331485
901995226,2013,3,3,Weekday,800,1-Car,No injury/unknown,SPEED TOO FAST FOR WEATHER CONDITIONS,BETHEL LN & ROBBS,39.21481982,-86.4679972
901955660,2013,1,5,Weekday,900,2-Car,Non-incapacitating,FAILURE TO YIELD RIGHT OF WAY,BETHAL LANE LN & BOLTINGHOUSE ROAD,39.214752,-86.472896
901987484,2013,3,1,Weekend,1700,1-Car,No injury/unknown,ANIMAL/OBJECT IN ROADWAY,BETHEL & E BOLTINGHOUSE RD,39.214752,-86.472896
902057264,2013,7,4,Weekday,1900,2-Car,No injury/unknown,FAILURE TO YIELD RIGHT OF WAY,E BETHEL & E BOLTINGHOUSE RD,39.214752,-86.472896
901993670,2013,3,5,Weekday,2000,2-Car,Non-incapacitating,FOLLOWING TOO CLOSELY,OUTBACK & SR46W,39.21467972,-86.59262847
902002903,2013,4,2,Weekday,1300,2-Car,No injury/unknown,DRIVER ILLNESS,OUTBACK & SR46W,39.21467972,-86.59262847
902065721,2013,8,4,Weekday,1500,Moped/Motorcycle,No injury/unknown,FOLLOWING TOO CLOSELY,OUTBACK & SR46W,39.21467972,-86.59262847
902133228,2013,12,6,Weekday,1600,1-Car,No injury/unknown,ROADWAY SURFACE CONDITION,BRUMMETTS CREEK RD & NORTH MCCOY,39.21457976,-86.39936976
902111165,2013,10,5,Weekday,1500,1-Car,No injury/unknown,RAN OFF ROAD RIGHT,HILLCREST & N RIDGEWOOD DR,39.2140616,-86.598
901975872,2013,2,2,Weekday,1600,2-Car,No injury/unknown,DISREGARD SIGNAL/REG SIGN,BLUE SPRINGS LANE & SR46E,39.21375275,-86.7153778
901967686,2013,2,6,Weekday,700,1-Car,No injury/unknown,ROADWAY SURFACE CONDITION,FAIRFAX & OLD STATE ROAD 37 RD,39.21284949,-86.53149001
902113671,2013,11,4,Weekday,800,2-Car,No injury/unknown,FAILURE TO YIELD RIGHT OF WAY,BETHEL LN & HINKLE,39.21282023,-86.50541022
901961511,2013,1,3,Weekday,2000,2-Car,No injury/unknown,FAILURE TO YIELD RIGHT OF WAY,BETHEL & HINKLE RD,39.21280418,-86.50541992
902138650,2013,12,6,Weekday,1500,2-Car,No injury/unknown,ROADWAY SURFACE CONDITION,BETHEL & HINKLE RD,39.21280418,-86.50541992
901955148,2013,1,4,Weekday,1200,2-Car,No injury/unknown,FAILURE TO YIELD RIGHT OF WAY,E MOORES PIKE,39.212528,-86.496128
902062256,2013,8,1,Weekend,1100,2-Car,No injury/unknown,FOLLOWING TOO CLOSELY,OUTBACK & SR46W,39.2125206,-86.59179687
902095222,2013,10,7,Weekend,1000,2-Car,No injury/unknown,LEFT OF CENTER,COFFEY & SMITH PIKE,39.21232296,-86.58315002
901995170,2013,3,3,Weekday,900,2-Car,Non-incapacitating,FAILURE TO YIELD RIGHT OF WAY,DEER PARK & SR46W,39.21211628,-86.58719271
902000055,2013,4,6,Weekday,1500,2-Car,Non-incapacitating,FAILURE TO YIELD RIGHT OF WAY,FORREST PARK & SR46W,39.21206495,-86.58700777
902149141,2013,12,2,Weekday,0,2-Car,Non-incapacitating,FAILURE TO YIELD RIGHT OF WAY,FORREST PARK & SR46W,39.21205902,-86.58701324
902009080,2013,4,4,Weekday,1700,2-Car,No injury/unknown,OTHER (DRIVER) - EXPLAIN IN NARRATIVE,FOREST PARK & SR46W,39.212048,-86.5872
902058826,2013,7,7,Weekend,1900,2-Car,No injury/unknown,FOLLOWING TOO CLOSELY,DEER PARK & SR46W,39.212048,-86.5872
902059137,2013,7,6,Weekday,1500,2-Car,Non-incapacitating,FAILURE TO YIELD RIGHT OF WAY,NORTH DEER PARK & SR46E,39.212048,-86.5872
902095456,2013,10,7,Weekend,1500,1-Car,No injury/unknown,SPEED TOO FAST FOR WEATHER CONDITIONS,E BETHEL LN & HINKLE,39.21181186,-86.49858633
902095333,2013,10,1,Weekend,900,1-Car,No injury/unknown,SPEED TOO FAST FOR WEATHER CONDITIONS,BETHAL & SR45E,39.21171951,-86.46336161
902018348,2013,5,6,Weekday,1600,2-Car,No injury/unknown,FAILURE TO YIELD RIGHT OF WAY,SMITH & SR46W,39.21055646,-86.58390563
902102827,2013,10,5,Weekday,1800,2-Car,No injury/unknown,IMPROPER TURNING,N SMITH PIKE & W 46,39.210144,-86.5832
902137487,2013,12,6,Weekday,200,1-Car,Non-incapacitating,RAN OFF ROAD RIGHT,ARLINGTON & SR46W,39.20998263,-86.58294449
902146206,2013,12,2,Weekday,1800,3+ Cars,No injury/unknown,FAILURE TO YIELD RIGHT OF WAY,E BETHEL & SR45E,39.209952,-86.463392
902021870,2013,5,6,Weekday,1600,2-Car,No injury/unknown,VIEW OBSTRUCTED,SMITH PIKE & SR46,39.20991579,-86.58276778
902038503,2013,6,3,Weekday,1100,2-Car,Non-incapacitating,DISREGARD SIGNAL/REG SIGN,SMITH & SR46,39.20991579,-86.58276778
901977899,2013,2,6,Weekday,900,2-Car,No injury/unknown,FOLLOWING TOO CLOSELY,ARLINGTON & SR46E,39.209808,-86.582672
902086712,2013,9,6,Weekday,1500,2-Car,No injury/unknown,FOLLOWING TOO CLOSELY,ARLINGTON & SR46W,39.209808,-86.582672
901962672,2013,1,4,Weekday,1600,2-Car,Non-incapacitating,FAILURE TO YIELD RIGHT OF WAY,SMITH PIKE & SR46,39.20947444,-86.58310609
902094136,2013,10,5,Weekday,1600,2-Car,No injury/unknown,FAILURE TO YIELD RIGHT OF WAY,SR46W & W FORREST PARK,39.20933914,-86.58882904
901981677,2013,2,5,Weekday,1500,2-Car,No injury/unknown,FOLLOWING TOO CLOSELY,SR37S & VERNAL,39.20918201,-86.55998992
902128072,2013,11,4,Weekday,1500,2-Car,No injury/unknown,DRIVER DISTRACTED - EXPLAIN IN NARRATIVE,HARTSTRAIT & RATLIFF RD,39.20911264,-86.6113738
902018209,2013,5,1,Weekend,300,2-Car,No injury/unknown,UNSAFE BACKING,BAUGH RD & BETHEL,39.20885771,-86.48676742
902021598,2013,5,7,Weekend,600,1-Car,No injury/unknown,ANIMAL/OBJECT IN ROADWAY,SR37N & W ACUFF,39.20851117,-86.55464797
902012171,2013,4,2,Weekday,900,1-Car,No injury/unknown,RAN OFF ROAD RIGHT,ACUFF & KINSER PIKE,39.20835435,-86.54741802
902092335,2013,9,1,Weekend,1200,1-Car,No injury/unknown,SPEED TOO FAST FOR WEATHER CONDITIONS,BETHEL & SR45E,39.20830531,-86.46331025
902138503,2013,12,7,Weekend,400,1-Car,No injury/unknown,RAN OFF ROAD RIGHT,WEST STATE ROAD 46 HWY,39.20824814,-86.58039093
902028577,2013,5,5,Weekday,800,2-Car,Non-incapacitating,SPEED TOO FAST FOR WEATHER CONDITIONS,3525 PROW RD & ACUFF,39.20824,-86.552192
901999171,2013,4,4,Weekday,300,2-Car,No injury/unknown,FAILURE TO YIELD RIGHT OF WAY,ACUFF & SR37N,39.20824,-86.554704
902099865,2013,10,1,Weekend,1000,Moped/Motorcycle,Non-incapacitating,FAILURE TO YIELD RIGHT OF WAY,ACUFF & SR37N,39.20824,-86.554704
902129932,2013,12,2,Weekday,800,2-Car,Incapacitating,FAILURE TO YIELD RIGHT OF WAY,ACUFF & SR37N,39.20824,-86.554704
901998947,2013,2,1,Weekend,1000,2-Car,No injury/unknown,FAILURE TO YIELD RIGHT OF WAY,FORREST PARK & SMITH PIKE PIKE,39.20822024,-86.58315002
902035987,2013,6,2,Weekday,1700,1-Car,Non-incapacitating,SPEED TOO FAST FOR WEATHER CONDITIONS,FORREST PARK & SMITH PIKE,39.20822024,-86.58315002
902068765,2013,8,6,Weekday,1600,2-Car,No injury/unknown,FOLLOWING TOO CLOSELY,N SMITH PIKE & W FORREST PARK,39.20822024,-86.58315002
902044340,2013,6,4,Weekday,1700,2-Car,No injury/unknown,SPEED TOO FAST FOR WEATHER CONDITIONS,FORREST PARK & SMITH PIKE,39.20822024,-86.58315002
902055690,2013,7,7,Weekend,1700,3+ Cars,Non-incapacitating,FOLLOWING TOO CLOSELY,FORREST PARK & SMITH PIKE,39.20822024,-86.58315002
902087169,2013,9,6,Weekday,1700,2-Car,No injury/unknown,UNSAFE SPEED,FORREST PARK & N SMITH PIKE,39.20822024,-86.58315002
902028718,2013,5,6,Weekday,1200,1-Car,Non-incapacitating,SPEED TOO FAST FOR WEATHER CONDITIONS,N DUNN & N SR 37 RD,39.208182,-86.52943611
901970644,2013,2,4,Weekday,1100,2-Car,No injury/unknown,OTHER (DRIVER) - EXPLAIN IN NARRATIVE,SMITHPIKE CROSSING XING,39.208144,-86.5832
902055687,2013,7,6,Weekday,1600,1-Car,No injury/unknown,SPEED TOO FAST FOR WEATHER CONDITIONS,FOREST PARK & N SMITH PIKE,39.208144,-86.5832
902109658,2013,10,4,Weekday,1500,2-Car,No injury/unknown,FOLLOWING TOO CLOSELY,FOREST PARK & SMITH PIKE,39.20810568,-86.58315422
902071759,2013,8,5,Weekday,1500,1-Car,No injury/unknown,RAN OFF ROAD RIGHT,4000 BLK N OLD STATE RD 37 RD & N DUNN,39.208048,-86.528704
902054647,2013,7,6,Weekday,1500,1-Car,Non-incapacitating,ANIMAL/OBJECT IN ROADWAY,DUNN & OLD STATE ROAD 37 N RD,39.208048,-86.528704
902105690,2013,10,4,Weekday,500,1-Car,No injury/unknown,SPEED TOO FAST FOR WEATHER CONDITIONS,DUNN & OLD SR 37 HWY,39.208048,-86.528704
902109676,2013,10,4,Weekday,2100,1-Car,No injury/unknown,RAN OFF ROAD RIGHT,DUNN & N OLD STATE ROAD 37 RD,39.208048,-86.528704
902117574,2013,11,4,Weekday,1900,1-Car,No injury/unknown,SPEED TOO FAST FOR WEATHER CONDITIONS,N DUNN & OLD STATE ROAD 37 RD,39.208048,-86.528704