Master Record Number,Year,Month,Day,Weekend?,Hour,Collision Type,Injury Type,Primary Factor,Reported_Location,Latitude,Longitude
902123720,2013,11,5,Weekday,1100,1-Car,No injury/unknown,SPEED TOO FAST FOR WEATHER CONDITIONS,DUNN & NORTH OLD STATE ROAD 37 RD,39.208048,-86.528704
902117573,2013,11,4,Weekday,1500,3+ Cars,No injury/unknown,FOLLOWING TOO CLOSELY,FOREST PARK & SMITH PIKE,39.20797921,-86.5832
902119423,2013,11,5,Weekday,600,1-Car,No injury/unknown,ANIMAL/OBJECT IN ROADWAY,ACUFF & SR37N,39.207901,-86.55677032
902124817,2013,11,5,Weekday,1500,2-Car,No injury/unknown,IMPROPER PASSING,ACUFF & SR37S,39.207901,-86.55677032
902058825,2013,7,7,Weekend,1800,2-Car,No injury/unknown,UNSAFE BACKING,S OLD STATE ROAD 37 RD,39.20786775,-86.52824978
901957124,2013,1,1,Weekday,2200,1-Car,No injury/unknown,LEFT OF CENTER,SMITH PIKE & SR46,39.20773413,-86.58315341
901971682,2013,2,5,Weekday,1700,2-Car,Non-incapacitating,LEFT OF CENTER,N MOUNT GILLIAD RD & N UPPER BIRDIE GALYAN,39.20765826,-86.42368197
902002291,2013,4,4,Weekday,1700,2-Car,No injury/unknown,OTHER (DRIVER) - EXPLAIN IN NARRATIVE,SR46 & SR46W,39.207648,-86.573792
902022972,2013,5,2,Weekday,1700,2-Car,No injury/unknown,FAILURE TO YIELD RIGHT OF WAY,SR46 & SR46W,39.207648,-86.573792
902023710,2013,5,3,Weekday,1500,3+ Cars,No injury/unknown,DRIVER DISTRACTED - EXPLAIN IN NARRATIVE,SR46 & SR46W,39.207648,-86.573792
902094039,2013,10,5,Weekday,1500,2-Car,No injury/unknown,DRIVER DISTRACTED - EXPLAIN IN NARRATIVE,SR46 & SR46W,39.207648,-86.573792
902039682,2013,6,3,Weekday,1900,2-Car,No injury/unknown,FOLLOWING TOO CLOSELY,ARLINGTON & SR46W,39.20762703,-86.57987873
902025488,2013,5,6,Weekend,2000,1-Car,No injury/unknown,ANIMAL/OBJECT IN ROADWAY,ARLINGTON & SR46W,39.20762703,-86.57996531
902011895,2013,4,2,Weekday,2000,1-Car,Non-incapacitating,DRIVER ILLNESS,3500 BLK SOUTH ROCKPORT RD & HENNESSY,39.20741798,-86.55671533
901976965,2013,2,4,Weekday,1500,2-Car,No injury/unknown,OTHER (DRIVER) - EXPLAIN IN NARRATIVE,SMITH PIKE & WEST 46,39.20739745,-86.5832
901955155,2013,1,4,Weekday,900,2-Car,No injury/unknown,FAILURE TO YIELD RIGHT OF WAY,N OLD STATE RD 37 & N WALNUT ST,39.20704,-86.534704
902065775,2013,8,1,Weekend,1600,2-Car,No injury/unknown,IMPROPER TURNING,OLD STATE ROAD 37 & WALNUT ST,39.20704,-86.534704
902091465,2013,9,1,Weekend,1800,1-Car,No injury/unknown,SPEED TOO FAST FOR WEATHER CONDITIONS,OLD SR 37 ST & WALNUT,39.20704,-86.534704
902103145,2013,10,7,Weekend,1500,2-Car,No injury/unknown,FAILURE TO YIELD RIGHT OF WAY,OLD STATE RD 37 & WALNUT ST,39.20704,-86.534704
902030810,2013,6,3,Weekday,900,2-Car,No injury/unknown,OTHER (DRIVER) - EXPLAIN IN NARRATIVE,KINSER PIKE & SR4546W,39.20695017,-86.54271697
902099251,2013,10,7,Weekend,1200,2-Car,No injury/unknown,FAILURE TO YIELD RIGHT OF WAY,1700 N WALNUT ST & OLD SR 37,39.20676558,-86.5347187
902036382,2013,6,6,Weekday,1500,2-Car,No injury/unknown,UNSAFE BACKING,W STASTE ROAD 46 RD,39.20659952,-86.57143749
901992015,2013,3,3,Weekday,1300,2-Car,Incapacitating,LEFT OF CENTER,ACUFF ROAD RD & MAPLE GROVE ROAD,39.206352,-86.557696
902083270,2013,9,7,Weekend,900,2-Car,No injury/unknown,IMPROPER TURNING,ACUFF RD & N MAPLE GROVE,39.206352,-86.557696
902099511,2013,10,7,Weekend,100,1-Car,No injury/unknown,RAN OFF ROAD RIGHT,ACUFF RD & MAPLE GROVE,39.206352,-86.557696
902149148,2013,12,2,Weekday,1200,2-Car,No injury/unknown,FAILURE TO YIELD RIGHT OF WAY,ACUFF RD & MAPLE GROVE,39.206352,-86.557696
901962030,2013,1,4,Weekday,1400,2-Car,No injury/unknown,FAILURE TO YIELD RIGHT OF WAY,W SR 46 HWY,39.206312,-86.571312
902061488,2013,8,6,Weekday,1200,2-Car,No injury/unknown,FOLLOWING TOO CLOSELY,S STATE RD 46 HWY,39.206312,-86.571312
902085865,2013,9,4,Weekday,1100,2-Car,No injury/unknown,DISREGARD SIGNAL/REG SIGN,HARTSTRAIT & SR46W,39.20619965,-86.61134338
902094825,2013,10,6,Weekday,900,2-Car,No injury/unknown,VIEW OBSTRUCTED,HARTSTRAIT & SR46W,39.20619965,-86.61134338
902101552,2013,10,4,Weekday,1600,2-Car,No injury/unknown,FOLLOWING TOO CLOSELY,HARTSTRAIGHT & SR46W,39.20619965,-86.61134338
902035113,2013,6,4,Weekday,1300,2-Car,Non-incapacitating,FAILURE TO YIELD RIGHT OF WAY,ROHRER & WALNUT ST,39.2059222,-86.53134986
902032494,2013,6,4,Weekday,1400,2-Car,No injury/unknown,UNSAFE LANE MOVEMENT,ACUFF & SR37,39.20483826,-86.55366582
901999162,2013,4,4,Weekday,2000,2-Car,No injury/unknown,FOLLOWING TOO CLOSELY,DUNN & SR4546W,39.20448303,-86.52912139
902070204,2013,8,3,Weekday,0,1-Car,No injury/unknown,CELL PHONE USAGE,HEADLY RD & HINKLE,39.20437535,-86.50831326
902132602,2013,12,6,Weekday,900,2-Car,No injury/unknown,UNSAFE BACKING,LAW & UNION ST,39.20406993,-86.50966018
901961576,2013,1,3,Weekday,1200,2-Car,No injury/unknown,WRONG WAY ON ONE WAY,SR37N & W WHITEHALL CROSSING,39.20361185,-86.5724945
901981987,2013,3,6,Weekday,900,Bus,No injury/unknown,OTHER (DRIVER) - EXPLAIN IN NARRATIVE,N KINSER PKWY,39.20304,-86.547392
902118559,2013,11,4,Weekday,800,2-Car,No injury/unknown,LEFT OF CENTER,N KINSER PIKE,39.20304,-86.547392
902131817,2013,12,5,Weekday,700,2-Car,No injury/unknown,UNSAFE BACKING,N KINSER PIKE,39.20304,-86.547392
902062632,2013,8,5,Weekday,1400,3+ Cars,No injury/unknown,LEFT OF CENTER,HARTSTRAIT RD & SEKIU,39.20268014,-86.61131992
902113104,2013,11,3,Weekday,800,2-Car,No injury/unknown,FOLLOWING TOO CLOSELY,SMITH & SR46E,39.20220184,-86.58310926
902091674,2013,9,1,Weekend,1300,2-Car,Non-incapacitating,DISREGARD SIGNAL/REG SIGN,SMITH & SR46W,39.20220184,-86.58312225
902101127,2013,10,4,Weekday,500,1-Car,No injury/unknown,RAN OFF ROAD RIGHT,SMITH PIKE CROSSING ALY,39.20220184,-86.58312225
902021734,2013,5,7,Weekend,1400,2-Car,No injury/unknown,,W CLUB HOUSE DR,39.201952,-86.537792
902021888,2013,5,7,Weekend,2300,2-Car,No injury/unknown,UNSAFE BACKING,SERENDIPITY DR,39.20188522,-86.48239135
902148254,2013,12,1,Weekday,1900,1-Car,No injury/unknown,IMPROPER TURNING,N NORWAY DR & N SMITH,39.20188017,-86.58311985
902093765,2013,10,5,Weekday,1100,2-Car,No injury/unknown,OTHER (VEHICLE) - EXPLAIN IN NARRATIVE,THIRTEENTH & WALNUT GRV,39.20157304,-86.52103006
901981927,2013,3,6,Weekend,2300,1-Car,No injury/unknown,RAN OFF ROAD RIGHT,WALCOTT & WOODYARD RD,39.20121968,-86.60179171
902011207,2013,4,1,Weekend,200,1-Car,No injury/unknown,SPEED TOO FAST FOR WEATHER CONDITIONS,WALNUT STREET PIKE,39.20095325,-86.53521736
901964997,2013,1,2,Weekday,1600,2-Car,No injury/unknown,OVERCORRECTING/OVERSTEERING,CLUB HOUSE & KINSER PIKE,39.20082003,-86.54285989
902132269,2013,12,5,Weekday,1600,2-Car,No injury/unknown,LEFT OF CENTER,N KINSER PIKE & W CLUBHOUSE,39.20082003,-86.54285989
901955861,2013,1,5,Weekday,1400,1-Car,No injury/unknown,RAN OFF ROAD RIGHT,N KINSER PIKE,39.20077896,-86.54376983
902073165,2013,8,2,Weekday,700,2-Car,No injury/unknown,UNSAFE LANE MOVEMENT,KINSER PIKE,39.20061493,-86.5491333
902076572,2013,8,5,Weekday,1200,2-Car,No injury/unknown,UNSAFE BACKING,KINSER PIKE,39.20061493,-86.5491333
902100812,2013,10,3,Weekday,1500,2-Car,Non-incapacitating,LEFT OF CENTER,N KINSER PIKE,39.20061493,-86.5491333
902123687,2013,11,5,Weekday,700,2-Car,No injury/unknown,OTHER (DRIVER) - EXPLAIN IN NARRATIVE,N KINSER PIKE,39.20061493,-86.5491333
902042174,2013,6,3,Weekday,1700,2-Car,No injury/unknown,FAILURE TO YIELD RIGHT OF WAY,KINSER & SR4546E,39.20059967,-86.54271697
902100335,2013,10,2,Weekday,1500,2-Car,Incapacitating,FAILURE TO YIELD RIGHT OF WAY,KINSER & SR46E,39.20059967,-86.54271697
902114178,2013,11,4,Weekday,900,2-Car,No injury/unknown,DISREGARD SIGNAL/REG SIGN,KINSER & SR46W,39.20059967,-86.54271697
901972412,2013,2,2,Weekday,0,1-Car,No injury/unknown,RAN OFF ROAD RIGHT,HEADLY RD & HINKLE,39.20053715,-86.51415019
902107574,2013,10,7,Weekend,1800,1-Car,No injury/unknown,UNSAFE SPEED,HEADLY RD & HINKLE,39.20053715,-86.51415019
901971654,2013,2,6,Weekday,800,2-Car,No injury/unknown,OTHER (DRIVER) - EXPLAIN IN NARRATIVE,1469 E 17TH (WESTPARKING LOT) ST & 17TH,39.20047783,-86.513481
902128499,2013,11,4,Weekday,1300,1-Car,No injury/unknown,RAN OFF ROAD RIGHT,WALCOTT & WOODYARD RD,39.20033623,-86.6010068
902141233,2013,12,7,Weekend,2100,1-Car,No injury/unknown,ANIMAL/OBJECT IN ROADWAY,OLD STATE RD 46 & SR46E,39.2003026,-86.11331563
901981333,2013,2,5,Weekday,1800,2-Car,Non-incapacitating,FAILURE TO YIELD RIGHT OF WAY,MAPLE GROVE RD & W ARLINGTON,39.1999336,-86.55979908
902095457,2013,10,6,Weekend,1900,1-Car,No injury/unknown,RAN OFF ROAD RIGHT,N MAPLE GROVE & W ARLINGTON RD,39.19990337,-86.5597961
901982343,2013,2,5,Weekday,1500,2-Car,No injury/unknown,UNSAFE BACKING,7TH & UNION ST,39.19982592,-86.50945968
902009500,2013,4,5,Weekday,1300,2-Car,Non-incapacitating,FAILURE TO YIELD RIGHT OF WAY,MILLER & WALNUT ST,39.19973849,-86.53265006
902101017,2013,10,3,Weekday,1800,1-Car,No injury/unknown,SPEED TOO FAST FOR WEATHER CONDITIONS,ARLINGTON & N MAPLE GROVE RD,39.19968,-86.55968
902124296,2013,11,5,Weekday,1300,1-Car,No injury/unknown,RAN OFF ROAD RIGHT,3450 NORTH MAPLE GROVE RD RD & ARLINGTON,39.19968,-86.55968
902086196,2013,9,5,Weekday,1800,2-Car,Non-incapacitating,SPEED TOO FAST FOR WEATHER CONDITIONS,MOUNT GILEAD & UPPER BIRDIE GALYAN RD,39.19899853,-86.41871029
901967369,2013,1,5,Weekday,1800,1-Car,No injury/unknown,RAN OFF ROAD RIGHT,DILLMAN & SR37S,39.1986414,-86.55418395
901966860,2013,1,5,Weekday,1900,1-Car,No injury/unknown,RAN OFF ROAD RIGHT,DUNN & KENWOOD PL,39.19851139,-86.52876357
902037459,2013,6,1,Weekend,1100,1-Car,Non-incapacitating,ROADWAY SURFACE CONDITION,CLUB HOUSE & NORTH OLD SR 37 RD,39.19824,-86.5368
902086024,2013,9,5,Weekday,1500,2-Car,No injury/unknown,FOLLOWING TOO CLOSELY,N KINSER PIKE & WINDING,39.198144,-86.542096
902105934,2013,10,3,Weekday,1000,2-Car,No injury/unknown,OTHER (DRIVER) - EXPLAIN IN NARRATIVE,SUNRISE DR & TENTH,39.19802074,-86.51247985
901966315,2013,1,5,Weekday,1100,2-Car,No injury/unknown,FAILURE TO YIELD RIGHT OF WAY,LIBERTY DR & SR45W,39.1978658,-86.57777018
902079642,2013,9,7,Weekend,2100,1-Car,Non-incapacitating,RAN OFF ROAD RIGHT,N ACUFF & N KINSER PIKE,39.19776276,-86.54749135
902143551,2013,12,6,Weekday,800,2-Car,Non-incapacitating,FAILURE TO YIELD RIGHT OF WAY,45 46 & N WALNUT ST,39.19691037,-86.53453968
902132901,2013,12,6,Weekday,1300,2-Car,No injury/unknown,SPEED TOO FAST FOR WEATHER CONDITIONS,BLUE RIDGE & WALNUT ST,39.19691004,-86.53452023
902060448,2013,7,3,Weekday,1400,2-Car,No injury/unknown,UNSAFE LANE MOVEMENT,SR37 & SR46W,39.19665319,-86.55731999
902118618,2013,11,4,Weekday,1100,1-Car,No injury/unknown,ANIMAL/OBJECT IN ROADWAY,RANGE & SR45N,39.19638274,-86.49550628
901966807,2013,2,6,Weekday,500,1-Car,No injury/unknown,ROADWAY SURFACE CONDITION,SR37S & VICTOR,39.19594478,-86.56349182
902015997,2013,5,3,Weekday,1700,2-Car,Non-incapacitating,UNSAFE LANE MOVEMENT,GORDON & WALNUT ST,39.19535942,-86.53134986
901957153,2013,1,2,Weekday,0,1-Car,No injury/unknown,ANIMAL/OBJECT IN ROADWAY,SR37 & SR46W,39.1951508,-86.55579153
902096343,2013,10,3,Weekday,0,1-Car,Incapacitating,RAN OFF ROAD RIGHT,HEADLEY RD & MAPLECREST,39.1950292,-86.51242074
901966977,2013,2,6,Weekday,900,2-Car,No injury/unknown,UNSAFE SPEED,1001 E 17TH  (BLUE LOT WEST) ST & 17TH,39.19483996,-86.53349103
902121319,2013,11,2,Weekday,500,1-Car,No injury/unknown,ANIMAL/OBJECT IN ROADWAY,SR37N & SR4546,39.19469329,-86.55459784
902007995,2013,4,7,Weekend,0,1-Car,No injury/unknown,RAN OFF ROAD RIGHT,LOESCH & WOODYARD RD,39.19451413,-86.592344
901997573,2013,3,6,Weekday,800,2-Car,No injury/unknown,DRIVER DISTRACTED - EXPLAIN IN NARRATIVE,SR37 & SR46W,39.19434263,-86.55483577
901967354,2013,1,5,Weekday,1800,3+ Cars,No injury/unknown,ROADWAY SURFACE CONDITION,SR37 & SR46W,39.194144,-86.554592
901996705,2013,3,6,Weekday,1200,2-Car,No injury/unknown,IMPROPER LANE USAGE,SR37 & SR46 W HWY,39.194144,-86.554592
902048156,2013,7,2,Weekday,300,Moped/Motorcycle,Non-incapacitating,OTHER (ENVIRONMENTAL) - EXPLAIN IN NARR,SR37N & SR46E,39.194144,-86.554592
902048201,2013,7,1,Weekend,1400,2-Car,Incapacitating,FAILURE TO YIELD RIGHT OF WAY,SR37S & SR46W,39.194144,-86.554592
902147933,2013,12,5,Weekday,1700,2-Car,No injury/unknown,FOLLOWING TOO CLOSELY,RUSSELL & SR45E,39.19403828,-86.4677375
902036688,2013,6,7,Weekend,1800,1-Car,No injury/unknown,RAN OFF ROAD RIGHT,LOESCH & W WOODYARD RD,39.193872,-86.590784
902053327,2013,7,4,Weekday,800,2-Car,No injury/unknown,FOLLOWING TOO CLOSELY,N CURRY & SR46W,39.19377136,-86.5711975
902111530,2013,11,6,Weekend,2200,1-Car,No injury/unknown,ANIMAL/OBJECT IN ROADWAY,N CURRY & SR46W,39.19377136,-86.57120616
902142020,2013,12,2,Weekday,800,1-Car,No injury/unknown,ROADWAY SURFACE CONDITION,N CURRY & SR46W,39.19377136,-86.57128408
902118385,2013,11,3,Weekday,700,2-Car,No injury/unknown,UNSAFE SPEED,ARLINGTON & SR37N,39.19345736,-86.554592
901986586,2013,3,7,Weekend,0,1-Car,No injury/unknown,RAN OFF ROAD RIGHT,GETTYS CREEK & MT GILEAD RD,39.19344,-86.436288
902137088,2013,12,7,Weekend,500,1-Car,No injury/unknown,UNSAFE SPEED,GETTYS CREEK & MOUNT GILLEAD RD,39.19344,-86.436288
902036099,2013,6,5,Weekday,1100,2-Car,No injury/unknown,,N BROWNCLIFF LN,39.19333267,-86.51803588
902078845,2013,9,6,Weekday,200,1-Car,Non-incapacitating,RAN OFF ROAD RIGHT,LOESCH & WOODYARD RD,39.19323108,-86.5892232
902112048,2013,11,6,Weekend,2300,2-Car,No injury/unknown,IMPROPER PASSING,FRITZ & N WALNUT ST,39.19261238,-86.53309648
901971835,2013,2,7,Weekend,0,1-Car,No injury/unknown,RAN OFF ROAD RIGHT,ARLINGTON RD & PROW,39.192352,-86.552592
902058899,2013,7,2,Weekday,400,1-Car,No injury/unknown,RAN OFF ROAD RIGHT,ARLINGTON RD & PROW,39.192352,-86.552592
902099244,2013,10,7,Weekend,1000,Moped/Motorcycle,Non-incapacitating,LEFT OF CENTER,2542 N CASCADE DR & CLOVER TERRECE,39.19213358,-86.53933802
902012755,2013,4,3,Weekday,1600,2-Car,No injury/unknown,OTHER (DRIVER) - EXPLAIN IN NARRATIVE,TAMARRACK TRL,39.19189072,-86.52085113
901983030,2013,3,2,Weekday,1300,Pedestrian,No injury/unknown,IMPROPER PASSING,JONES & ROSE AVE,39.19172672,-86.51090003
901977014,2013,2,4,Weekday,1400,2-Car,No injury/unknown,FAILURE TO YIELD RIGHT OF WAY,JACOB DR & SUSAN,39.19141222,-86.57266996
902097562,2013,10,4,Weekday,1100,2-Car,No injury/unknown,DRIVER DISTRACTED - EXPLAIN IN NARRATIVE,DUNN & GLENDORA DR,39.191248,-86.528432
902086758,2013,9,6,Weekday,1400,2-Car,No injury/unknown,FAILURE TO YIELD RIGHT OF WAY,FRITZ & N WALNUT ST,39.191248,-86.532896
902014606,2013,5,1,Weekend,1800,2-Car,Non-incapacitating,FOLLOWING TOO CLOSELY,2600 BLK N WALNUT ST & FRITZ,39.19105963,-86.53294545
902032466,2013,6,6,Weekday,0,Moped/Motorcycle,Non-incapacitating,UNSAFE SPEED,46 & SR37S,39.19084859,-86.55465063
902142214,2013,12,4,Weekday,1500,2-Car,No injury/unknown,FAILURE TO YIELD RIGHT OF WAY,SMITH & WOODYARD RD,39.1906397,-86.58308029
902133518,2013,12,2,Weekday,400,1-Car,No injury/unknown,SPEED TOO FAST FOR WEATHER CONDITIONS,MARTHA & SR46E,39.19036642,-86.5319519
902069222,2013,8,7,Weekend,1100,2-Car,No injury/unknown,DRIVER DISTRACTED - EXPLAIN IN NARRATIVE,OBRIEN PL & STONEYCREST,39.19028995,-86.54395021
902128121,2013,11,4,Weekday,300,3+ Cars,Non-incapacitating,FAILURE TO YIELD RIGHT OF WAY,CURRY PIKE & WOODYARD,39.19028029,-86.58252976
901992351,2013,3,3,Weekday,1700,2-Car,No injury/unknown,DRIVER DISTRACTED - EXPLAIN IN NARRATIVE,CURRY PIKE & WOODYARD,39.19025117,-86.58254201
902067050,2013,8,3,Weekday,700,3+ Cars,No injury/unknown,FOLLOWING TOO CLOSELY,KINSER PIKE & W SKYLINE,39.19001387,-86.53773267
902111694,2013,11,1,Weekend,600,1-Car,No injury/unknown,ANIMAL/OBJECT IN ROADWAY,E GLENDORA & N WALNUT ST,39.189968,-86.533232
902039240,2013,6,5,Weekday,2200,2-Car,No injury/unknown,IMPROPER TURNING,WALNUT ST,39.18961577,-86.53335951
902033070,2013,6,7,Weekend,600,2-Car,No injury/unknown,FAILURE TO YIELD RIGHT OF WAY,OLD SR 37 N & SR37N,39.18955883,-86.53527832
902078850,2013,9,6,Weekday,200,1-Car,No injury/unknown,ANIMAL/OBJECT IN ROADWAY,CURRY & WOODYARD RD,39.18948198,-86.57982113
901966779,2013,1,5,Weekday,2200,2-Car,No injury/unknown,ROADWAY SURFACE CONDITION,FOSTER DR & LAW,39.18945555,-86.51666007
901993396,2013,3,7,Weekend,300,1-Car,No injury/unknown,RAN OFF ROAD RIGHT,S WALNUT ST,39.18940963,-86.53339331
902130420,2013,12,3,Weekday,700,1-Car,No injury/unknown,RAN OFF ROAD RIGHT,N STARNES & W HOWARD RD,39.18934017,-86.66065364
901977168,2013,2,5,Weekday,900,2-Car,No injury/unknown,LEFT OF CENTER,SOUTH LIBERTY DR,39.189248,-86.531472
901985044,2013,3,7,Weekend,1500,2-Car,No injury/unknown,FAILURE TO YIELD RIGHT OF WAY,LIBERTY DR,39.189248,-86.531472
902008057,2013,4,2,Weekday,1100,2-Car,No injury/unknown,UNSAFE BACKING,S LIBERTY DR,39.189248,-86.531472
902018546,2013,5,2,Weekday,800,3+ Cars,No injury/unknown,DRIVER ASLEEP OR FATIGUED,S LIBERTY DR,39.189248,-86.531472
901963427,2013,1,6,Weekday,1500,2-Car,No injury/unknown,DRIVER DISTRACTED - EXPLAIN IN NARRATIVE,GILBERT & N WALNUT ST,39.189248,-86.53344
901957852,2013,1,3,Weekday,0,1-Car,Non-incapacitating,RAN OFF ROAD RIGHT,HOWARD RD & STARNES,39.18920404,-86.65717506
902063115,2013,8,7,Weekend,800,1-Car,Non-incapacitating,OVERCORRECTING/OVERSTEERING,THOMAS & VERNAL PIKE,39.18903012,-86.63000869
902049301,2013,7,3,Weekday,1600,1-Car,No injury/unknown,RAN OFF ROAD RIGHT,COUNTRY CLUB & MILTON DR,39.188924,-86.53937973
901985381,2013,3,4,Weekday,1700,1-Car,No injury/unknown,SPEED TOO FAST FOR WEATHER CONDITIONS,E COMMODORE TRL,39.18871307,-86.48529052
902045393,2013,7,2,Weekday,2200,1-Car,No injury/unknown,UNSAFE SPEED,HEADLEY RD & MAPLECREST,39.18866935,-86.5144
901967022,2013,2,6,Weekday,1000,1-Car,No injury/unknown,RAN OFF ROAD RIGHT,N ORRIS DR & W COTTAGE GROVE,39.1884748,-86.54492989
902027984,2013,5,5,Weekday,0,2-Car,No injury/unknown,FAILURE TO YIELD RIGHT OF WAY,KINSER & PARRISH RD,39.18807015,-86.53777535
901981986,2013,3,7,Weekend,900,2-Car,No injury/unknown,UNSAFE BACKING,W RAPPEL AVE,39.18768311,-86.54618835
902106651,2013,10,7,Weekend,1300,1-Car,No injury/unknown,BRAKE FAILURE OR DEFECTIVE,LOESCH RD,39.18765843,-86.59259073
901952951,2013,1,6,Weekday,1800,2-Car,No injury/unknown,UNSAFE BACKING,N KINSER PIKE,39.18763351,-86.53923797
902014204,2013,5,7,Weekend,1600,2-Car,No injury/unknown,UNSAFE BACKING,NORTH KINSER PIKE,39.18763351,-86.53923797
902083700,2013,9,1,Weekend,1800,2-Car,No injury/unknown,,KINSER PIKE,39.18763351,-86.53923797
902001332,2013,4,2,Weekday,1700,2-Car,No injury/unknown,FOLLOWING TOO CLOSELY,10TH & SR4546E,39.18753735,-86.52827453
901958100,2013,1,2,Weekday,1100,2-Car,No injury/unknown,FAILURE TO YIELD RIGHT OF WAY,SR37 & SR45W,39.187344,-86.5552
901972559,2013,2,2,Weekday,800,2-Car,No injury/unknown,FOLLOWING TOO CLOSELY,SR37 & SR45W,39.187344,-86.5552
901985234,2013,3,4,Weekday,1300,2-Car,Non-incapacitating,FAILURE TO YIELD RIGHT OF WAY,SR37 & SR45W,39.187344,-86.5552
902003469,2013,4,7,Weekend,1000,2-Car,No injury/unknown,FOLLOWING TOO CLOSELY,SR37 & STATE ROAD 45 HWY,39.187344,-86.5552
902059533,2013,7,2,Weekday,1700,2-Car,Non-incapacitating,FOLLOWING TOO CLOSELY,SR37 & W 45 RD,39.187344,-86.5552
902128841,2013,11,6,Weekday,1700,1-Car,Non-incapacitating,OTHER (DRIVER) - EXPLAIN IN NARRATIVE,RAMP 9 RAMP,39.1872294,-86.55509949
902036101,2013,6,5,Weekday,1200,1-Car,No injury/unknown,OVERSIZE/OVERWEIGHT LOAD,SR37 & SR45W,39.18719976,-86.55167597
902141194,2013,12,1,Weekend,1800,2-Car,No injury/unknown,SPEED TOO FAST FOR WEATHER CONDITIONS,SR37 & SR46,39.18713206,-86.55800568
902003896,2013,4,1,Weekend,1800,Moped/Motorcycle,Non-incapacitating,OTHER (ENVIRONMENTAL) - EXPLAIN IN NARR,45 46 & NB 37 RAMP,39.18712961,-86.55806065
901966904,2013,1,5,Weekday,1800,2-Car,Non-incapacitating,FOLLOWING TOO CLOSELY,MONROE & SR46W,39.18712742,-86.55032137
901996996,2013,3,7,Weekend,100,1-Car,No injury/unknown,ANIMAL/OBJECT IN ROADWAY,MONROE & SR4546W,39.186944,-86.5468
902087590,2013,9,1,Weekday,2200,1-Car,No injury/unknown,ANIMAL/OBJECT IN ROADWAY,ARLINGTON & SR37N,39.18693924,-86.55130767
902124293,2013,11,5,Weekday,900,2-Car,No injury/unknown,FOLLOWING TOO CLOSELY,ARLINGTON & SR46W,39.18693924,-86.55133364
902058165,2013,7,6,Weekday,1600,1-Car,No injury/unknown,RAN OFF ROAD RIGHT,N STONELAKE DR & W SR 45 46,39.18691963,-86.54664811
902015971,2013,5,3,Weekday,1600,2-Car,Non-incapacitating,FAILURE TO YIELD RIGHT OF WAY,45 46 BYP & MONROE,39.18679791,-86.54665985
902144164,2013,12,6,Weekend,2300,1-Car,Non-incapacitating,RAN OFF ROAD RIGHT,HARTSTRAIT RD & VERNAL,39.186752,-86.611504
902089583,2013,9,4,Weekday,2000,1-Car,No injury/unknown,ANIMAL/OBJECT IN ROADWAY,MCMULLEN & W VERNAL PIKE,39.18672033,-86.60840666
902108007,2013,10,2,Weekday,900,2-Car,No injury/unknown,OTHER (ENVIRONMENTAL) - EXPLAIN IN NARR,14TH & INDIANA AVE,39.18668773,-86.52701005
902028789,2013,5,5,Weekday,2300,1-Car,No injury/unknown,ANIMAL/OBJECT IN ROADWAY,SR46,39.18667644,-86.55956032
902102824,2013,10,6,Weekday,1000,3+ Cars,Fatal,FAILURE TO YIELD RIGHT OF WAY,45 46 BYP & KINSER,39.18657245,-86.53763294
902131669,2013,12,4,Weekday,1900,2-Car,Non-incapacitating,OTHER (DRIVER) - EXPLAIN IN NARRATIVE,NORTH KINSER & SR46E,39.18656757,-86.53841652
902086614,2013,9,6,Weekday,1500,2-Car,No injury/unknown,FOLLOWING TOO CLOSELY,KINSER & SR45W,39.18655971,-86.53824035
902122040,2013,11,2,Weekday,1800,2-Car,No injury/unknown,FAILURE TO YIELD RIGHT OF WAY,JONES & JORDAN AVE,39.18654943,-86.51640996
902031279,2013,6,3,Weekday,1800,2-Car,Non-incapacitating,UNSAFE LANE MOVEMENT,KINSER PIKE & SR4546,39.186544,-86.537888
902051558,2013,7,1,Weekend,1700,1-Car,Non-incapacitating,OVERCORRECTING/OVERSTEERING,NORTH KINSER & SR4546E,39.186544,-86.537888
902061969,2013,8,5,Weekday,1500,2-Car,No injury/unknown,DRIVER DISTRACTED - EXPLAIN IN NARRATIVE,KINSER & SR46W,39.186544,-86.537888
902082817,2013,9,6,Weekday,1400,2-Car,No injury/unknown,FOLLOWING TOO CLOSELY,KINSER & SR45E,39.186544,-86.537888
902083137,2013,9,6,Weekend,2200,2-Car,Non-incapacitating,FAILURE TO YIELD RIGHT OF WAY,KINSER & SR46W,39.186544,-86.537888
902095072,2013,10,7,Weekend,1900,2-Car,No injury/unknown,IMPROPER TURNING,N KINSER PIKE & SR4546,39.186544,-86.537888
902123128,2013,11,3,Weekday,1300,2-Car,Non-incapacitating,DISREGARD SIGNAL/REG SIGN,KINSER & STATE ROAD 45 46 BYP,39.186544,-86.537888
902127409,2013,11,3,Weekday,1900,2-Car,No injury/unknown,FOLLOWING TOO CLOSELY,KINSER & SR46E,39.186544,-86.537888