Master Record Number,Year,Month,Day,Weekend?,Hour,Collision Type,Injury Type,Primary Factor,Reported_Location,Latitude,Longitude
902131617,2013,12,4,Weekday,1800,2-Car,No injury/unknown,DRIVER DISTRACTED - EXPLAIN IN NARRATIVE,KINSER & SR46E,39.186544,-86.537888
902131826,2013,12,4,Weekday,1800,Pedestrian,Non-incapacitating,FOLLOWING TOO CLOSELY,KINSER & STATE ROAD 45 46 BYP,39.186544,-86.537888
901978059,2013,2,6,Weekday,1500,2-Car,No injury/unknown,FOLLOWING TOO CLOSELY,ARLINGTON RD & GOURLEY,39.186544,-86.551168
902131096,2013,12,4,Weekday,700,3+ Cars,No injury/unknown,FOLLOWING TOO CLOSELY,KINSER & SR46E,39.18653339,-86.53771207
902095275,2013,10,1,Weekend,1100,2-Car,No injury/unknown,SPEED TOO FAST FOR WEATHER CONDITIONS,SR45S & TENTH,39.18649879,-86.53102874
902116606,2013,11,1,Weekend,0,1-Car,No injury/unknown,,W GOURLEY PIKE,39.18647506,-86.54545847
902110607,2013,10,5,Weekday,1300,1-Car,Non-incapacitating,RAN OFF ROAD RIGHT,THOMAS & VERNAL PIKE,39.18646982,-86.63578101
902089274,2013,9,4,Weekday,800,2-Car,No injury/unknown,RAN OFF ROAD RIGHT,W GOURLEY PIKE,39.18644931,-86.5469022
902020296,2013,5,5,Weekday,400,1-Car,No injury/unknown,ANIMAL/OBJECT IN ROADWAY,MONROE & SR4546E,39.18642044,-86.54669849
902133412,2013,12,1,Weekday,2200,Pedestrian,Non-incapacitating,SPEED TOO FAST FOR WEATHER CONDITIONS,N MONROE & W GOURLEY PIKE,39.18641798,-86.54671631
901979423,2013,2,2,Weekday,1600,2-Car,No injury/unknown,OTHER (VEHICLE) - EXPLAIN IN NARRATIVE,EAST 45 46 BYP,39.18637365,-86.53420172
901958168,2013,1,2,Weekday,2100,3+ Cars,No injury/unknown,FOLLOWING TOO CLOSELY,HIGHWAY 46 BYP & WALNUT,39.186368,-86.5344
902033453,2013,6,1,Weekend,1300,2-Car,No injury/unknown,UNSAFE LANE MOVEMENT,SR45 & WALNUT ST,39.186368,-86.5344
902008833,2013,4,4,Weekday,1000,2-Car,No injury/unknown,FOLLOWING TOO CLOSELY,N WALNUT & SR4546E,39.186368,-86.5344
902039796,2013,6,6,Weekday,800,2-Car,Non-incapacitating,FOLLOWING TOO CLOSELY,N WALNUT ST & SR4546,39.186368,-86.5344
902049520,2013,7,3,Weekday,1200,2-Car,No injury/unknown,FAILURE TO YIELD RIGHT OF WAY,N WALNUT ST & SR 45 46 BYPASS,39.186368,-86.5344
902083472,2013,9,1,Weekend,400,2-Car,Non-incapacitating,DISREGARD SIGNAL/REG SIGN,N WALNUT & SR4546W,39.186368,-86.5344
902116917,2013,11,2,Weekday,1000,2-Car,Non-incapacitating,FOLLOWING TOO CLOSELY,ST RD 45 46 BYP & WALNUT,39.186368,-86.5344
902037889,2013,6,2,Weekday,1800,2-Car,No injury/unknown,FOLLOWING TOO CLOSELY,SR46W & WALNUT,39.18636592,-86.53404709
901972402,2013,2,6,Weekend,2100,2-Car,No injury/unknown,UNSAFE BACKING,W SR 45 HWY,39.18636,-86.533048
901981334,2013,2,4,Weekday,1600,2-Car,No injury/unknown,UNSAFE BACKING,W SR 45 HWY,39.18636,-86.533048
901993741,2013,3,7,Weekend,1300,2-Car,No injury/unknown,UNSAFE BACKING,WEST STATE ROAD 45 HWY,39.18636,-86.533048
902021732,2013,5,5,Weekday,1500,2-Car,No injury/unknown,IMPROPER LANE USAGE,W SR 45 HWY,39.18636,-86.533048
902070764,2013,8,3,Weekday,1600,2-Car,No injury/unknown,UNSAFE BACKING,SR45W,39.18636,-86.533048
902063680,2013,8,7,Weekend,1800,2-Car,No injury/unknown,IMPROPER TURNING,W STATE ROAD 45,39.18636,-86.533048
902106383,2013,10,5,Weekday,1200,2-Car,No injury/unknown,FAILURE TO YIELD RIGHT OF WAY,W SR 45 RD,39.18636,-86.533048
902149594,2013,12,3,Weekday,2000,2-Car,Non-incapacitating,FOLLOWING TOO CLOSELY,N DUNN & SR46E,39.18635202,-86.52779016
902134481,2013,12,2,Weekday,500,1-Car,No injury/unknown,ROADWAY SURFACE CONDITION,MILO B SAMPSON LN & SR 45 46,39.186352,-86.522192
901966608,2013,1,5,Weekday,1800,2-Car,No injury/unknown,SPEED TOO FAST FOR WEATHER CONDITIONS,4546 & DUNN ST,39.186352,-86.528496
902079498,2013,9,7,Weekend,1100,2-Car,No injury/unknown,DISREGARD SIGNAL/REG SIGN,DUNN & SR46E,39.186352,-86.528496
902110289,2013,10,5,Weekday,1500,2-Car,No injury/unknown,SPEED TOO FAST FOR WEATHER CONDITIONS,DUNN & SR4546E,39.186352,-86.528496
902010310,2013,4,6,Weekday,1200,2-Car,No injury/unknown,FAILURE TO YIELD RIGHT OF WAY,N COLLEGE & SR4546E,39.186352,-86.534704
902058241,2013,7,6,Weekend,1900,Moped/Motorcycle,Non-incapacitating,UNSAFE SPEED,COLLEGE & OLD SR 37,39.186352,-86.534704
902063722,2013,8,3,Weekday,2200,1-Car,No injury/unknown,RAN OFF ROAD RIGHT,COLLEGE & OLD SR 37 RD,39.186352,-86.534704
902076766,2013,8,6,Weekday,1800,2-Car,No injury/unknown,UNSAFE LANE MOVEMENT,COLLEGE & SR46E,39.186352,-86.534704
902130882,2013,12,3,Weekday,1800,2-Car,No injury/unknown,FOLLOWING TOO CLOSELY,N WALNUT & STATE RD 45 46 BYP,39.18633007,-86.53453968
902081598,2013,9,4,Weekday,1500,2-Car,No injury/unknown,OTHER (DRIVER) - EXPLAIN IN NARRATIVE,MATLOCK & SR4545E,39.18632126,-86.5284143
901966669,2013,1,5,Weekday,1800,2-Car,No injury/unknown,SPEED TOO FAST FOR WEATHER CONDITIONS,45 46 BYP & DUNN,39.18632001,-86.52842022
902132565,2013,12,6,Weekday,800,2-Car,No injury/unknown,FAILURE TO YIELD RIGHT OF WAY,MARTHA & ST RD 45 46 BYP,39.18632001,-86.53164021
902014071,2013,5,7,Weekend,1100,2-Car,Non-incapacitating,FOLLOWING TOO CLOSELY,DUNN & SR46,39.18630288,-86.52839688
902106906,2013,10,6,Weekday,1600,2-Car,No injury/unknown,FOLLOWING TOO CLOSELY,DUNN ST & SR46,39.18630288,-86.52839688
902142109,2013,12,4,Weekday,1700,2-Car,No injury/unknown,FOLLOWING TOO CLOSELY,DUNN ST & SR46,39.18630288,-86.52839688
902144080,2013,12,6,Weekend,2100,2-Car,No injury/unknown,FOLLOWING TOO CLOSELY,DUNN ST & SR46,39.18630288,-86.52839688
902086871,2013,9,6,Weekday,1500,1-Car,No injury/unknown,SPEED TOO FAST FOR WEATHER CONDITIONS,COLLEGE & WALNUT ST,39.18629379,-86.53455208
902116426,2013,11,7,Weekend,1500,2-Car,No injury/unknown,FAILURE TO YIELD RIGHT OF WAY,SR45 & WALNUT,39.18629379,-86.53455208
902066573,2013,8,2,Weekday,1500,2-Car,Non-incapacitating,FAILURE TO YIELD RIGHT OF WAY,N MILO B SAMPSON & SR46,39.18623663,-86.52222917
902133667,2013,12,7,Weekend,900,1-Car,No injury/unknown,SPEED TOO FAST FOR WEATHER CONDITIONS,FEE & SR46E,39.18616889,-86.52088402
902142023,2013,12,2,Weekday,600,2-Car,No injury/unknown,SPEED TOO FAST FOR WEATHER CONDITIONS,W OLD VERNAL & W VERNAL PIKE,39.18611012,-86.59628011
902127312,2013,11,3,Weekday,1700,2-Car,Non-incapacitating,FOLLOWING TOO CLOSELY,4546 & SR4546S,39.18599865,-86.51969433
902088885,2013,9,3,Weekday,1300,2-Car,No injury/unknown,UNSAFE BACKING,E STATE ROAD 45 46 BYP,39.18597794,-86.5307846
902062262,2013,8,1,Weekend,1100,2-Car,No injury/unknown,OVERCORRECTING/OVERSTEERING,FEE & SR46,39.18587599,-86.51907397
902089370,2013,9,2,Weekday,700,2-Car,No injury/unknown,OTHER (VEHICLE) - EXPLAIN IN NARRATIVE,N KINSER PIKE,39.18584,-86.537872
901961051,2013,1,3,Weekday,800,2-Car,No injury/unknown,FOLLOWING TOO CLOSELY,FAIRVIEW & PATTERSON DR,39.18554434,-86.5410903
902136953,2013,12,1,Weekend,1700,2-Car,No injury/unknown,LEFT OF CENTER,GETTYS CREEK & SR46E,39.18532944,-86.42052223
901960097,2013,1,7,Weekend,1600,Bus,No injury/unknown,FAILURE TO YIELD RIGHT OF WAY,W GOURLEY PIKE,39.185232,-86.54060206
901972148,2013,2,7,Weekend,2200,2-Car,No injury/unknown,IMPROPER TURNING,W GOURLEY PIKE,39.185232,-86.54060206
902002884,2013,4,5,Weekday,2300,1-Car,No injury/unknown,RAN OFF ROAD RIGHT,W GOURLEY PIKE,39.185232,-86.54060206
902083561,2013,9,1,Weekend,1200,Bus,No injury/unknown,UNSAFE BACKING,W GOURLEY PIKE,39.185232,-86.54060206
902128194,2013,11,5,Weekday,200,Moped/Motorcycle,Non-incapacitating,RAN OFF ROAD RIGHT,W GOURLEY PIKE,39.185232,-86.54060206
902120907,2013,11,1,Weekend,600,1-Car,No injury/unknown,RAN OFF ROAD RIGHT,W GOURLEY PIKE,39.1852192,-86.541616
902085608,2013,9,4,Weekday,1600,2-Car,No injury/unknown,UNSAFE BACKING,W CASCADE AVE,39.18518476,-86.54393211
902100977,2013,10,3,Weekday,1600,2-Car,No injury/unknown,SPEED TOO FAST FOR WEATHER CONDITIONS,GOURLEY & W GOURLEY PIKE,39.185152,-86.535296
901975213,2013,2,7,Weekend,1900,1-Car,Non-incapacitating,STEERING FAILURE,GOURLEY PIKE & KINSER,39.18509471,-86.53686857
901990844,2013,3,2,Weekday,900,2-Car,No injury/unknown,FAILURE TO YIELD RIGHT OF WAY,GOURLEY & KINSER PIKE,39.18506004,-86.53777979
902052664,2013,7,2,Weekday,1700,1-Car,No injury/unknown,RAN OFF ROAD RIGHT,GOURLEY PIKE & KINSER,39.18506004,-86.53777979
902104333,2013,10,3,Weekday,0,2-Car,No injury/unknown,LEFT OF CENTER,N FEE & SR46E,39.18504585,-86.51656815
901985915,2013,3,6,Weekday,900,2-Car,No injury/unknown,BRAKE FAILURE OR DEFECTIVE,W GOURLEY PIKE,39.18503523,-86.54018439
902012406,2013,5,4,Weekday,400,2-Car,No injury/unknown,UNSAFE BACKING,GOURLEY PIKE,39.18503523,-86.54018439
902116599,2013,11,1,Weekend,100,2-Car,No injury/unknown,DRIVER DISTRACTED - EXPLAIN IN NARRATIVE,WEST GOURLEY PIKE,39.18503523,-86.54018439
902000421,2013,4,7,Weekend,2300,2-Car,No injury/unknown,LEFT OF CENTER,N FEE & N JORDAN AVE,39.18384,-86.5192
901991747,2013,3,3,Weekday,1300,2-Car,No injury/unknown,DRIVER DISTRACTED - EXPLAIN IN NARRATIVE,FISHER & NORTH JORDAN EXTENSION AVE,39.18377079,-86.51688355
901964176,2013,1,1,Weekend,1400,2-Car,Non-incapacitating,FAILURE TO YIELD RIGHT OF WAY,FISHER & JORDAN AVE,39.1837699,-86.51685557
902000453,2013,4,1,Weekend,300,1-Car,Non-incapacitating,RAN OFF ROAD RIGHT,SR37N,39.18373669,-86.55608654
902094356,2013,10,6,Weekday,900,1-Car,No injury/unknown,OVERCORRECTING/OVERSTEERING,N DUNN & SR37N,39.18363953,-86.52833887
902068246,2013,8,5,Weekday,1600,2-Car,Non-incapacitating,DISREGARD SIGNAL/REG SIGN,DUNN & SR46E,39.18363953,-86.5283432
902093855,2013,10,5,Weekday,1200,3+ Cars,No injury/unknown,FOLLOWING TOO CLOSELY,DUNN & SR46E,39.18363953,-86.5283432
902037395,2013,6,2,Weekday,900,2-Car,No injury/unknown,UNSAFE BACKING,SOUTH WALNUT ST,39.18350109,-86.53424
902043160,2013,6,5,Weekday,2300,2-Car,No injury/unknown,UNSAFE BACKING,WALNUT ST,39.18347943,-86.53423289
902035412,2013,6,5,Weekday,400,2-Car,No injury/unknown,OTHER (DRIVER) - EXPLAIN IN NARRATIVE,AMARYLLIS DR,39.18336488,-86.53938174
901974695,2013,2,6,Weekday,1100,2-Car,No injury/unknown,FAILURE TO YIELD RIGHT OF WAY,OLD SR 37 & WALNUT ST,39.18336019,-86.53415009
902002750,2013,4,5,Weekday,1700,2-Car,Non-incapacitating,FAILURE TO YIELD RIGHT OF WAY,OLD STATE ROAD 37 & WALNUT ST,39.18336019,-86.53415009
902095191,2013,10,7,Weekend,2300,2-Car,No injury/unknown,IMPROPER TURNING,SR OLD 37 & WALNUT ST,39.18336019,-86.53415009
902062623,2013,8,6,Weekday,1200,2-Car,No injury/unknown,FAILURE TO YIELD RIGHT OF WAY,SR46 BYP,39.18328705,-86.511731
901966781,2013,1,5,Weekday,2200,2-Car,No injury/unknown,OTHER (ENVIRONMENTAL) - EXPLAIN IN NARR,VARSITY LN,39.18325043,-86.52952575
901954236,2013,1,1,Weekend,1200,2-Car,No injury/unknown,OTHER (ENVIRONMENTAL) - EXPLAIN IN NARR,NORTH DUNN ST,39.18313757,-86.52827404
902037422,2013,6,2,Weekday,700,1-Car,No injury/unknown,ANIMAL/OBJECT IN ROADWAY,E BALFOUR & SR46,39.18312766,-86.51147092
902081747,2013,9,2,Weekday,0,2-Car,No injury/unknown,,17TH & JORDAN AVE,39.18306125,-86.51093021
901962956,2013,1,6,Weekday,900,2-Car,No injury/unknown,SPEED TOO FAST FOR WEATHER CONDITIONS,DUNN ST & VARSITY,39.1830001,-86.5283297
902075211,2013,8,5,Weekday,1600,2-Car,Non-incapacitating,FOLLOWING TOO CLOSELY,DUNN ST & VARSITY,39.1830001,-86.5283297
902077255,2013,9,3,Weekday,1200,1-Car,No injury/unknown,OBSTRUCTION NOT MARKED,DUNN ST & VARSITY,39.1830001,-86.5283297
902071781,2013,8,5,Weekday,900,2-Car,No injury/unknown,,E VARSITY LN,39.182976,-86.528416
902065635,2013,8,5,Weekday,1000,Pedestrian,Non-incapacitating,OTHER (DRIVER) - EXPLAIN IN NARRATIVE,ARLINGTON VALLEY DR & NORTH WILLIS,39.1828,-86.544032
902116035,2013,11,7,Weekend,400,1-Car,No injury/unknown,UNSAFE SPEED,INDUSTRIAL PARK DR & VERNAL,39.18268927,-86.56205981
902090675,2013,9,6,Weekend,2200,2-Car,No injury/unknown,OTHER (DRIVER) - EXPLAIN IN NARRATIVE,WALNUT ST,39.18250456,-86.53403207
902097025,2013,10,6,Weekday,500,1-Car,No injury/unknown,ANIMAL/OBJECT IN ROADWAY,GETTYS CREEK RD & KERR CREEK,39.18244668,-86.41684032
902124979,2013,11,1,Weekend,800,2-Car,No injury/unknown,OTHER (DRIVER) - EXPLAIN IN NARRATIVE,N FEE LN,39.18242962,-86.51914028
901984202,2013,3,3,Weekday,2300,2-Car,No injury/unknown,UNSAFE SPEED,BALFOUR & NORTH JORDAN AVE,39.18241002,-86.51259988
902111110,2013,11,6,Weekday,1800,2-Car,Non-incapacitating,DRIVER ASLEEP OR FATIGUED,EAST 17TH & FEE LN,39.18232313,-86.5191617
902016608,2013,4,3,Weekday,1600,3+ Cars,No injury/unknown,UNSAFE LANE MOVEMENT,CURRY PIKE & VERNAL,39.1820853,-86.58309302
902130814,2013,12,2,Weekday,1400,2-Car,No injury/unknown,UNSAFE BACKING,KINSER PIKE,39.18201707,-86.53771005
902036800,2013,6,5,Weekday,1200,Moped/Motorcycle,No injury/unknown,OTHER (VEHICLE) - EXPLAIN IN NARRATIVE,WALNUT ST,39.18183804,-86.53387784
902005916,2013,4,4,Weekday,0,2-Car,No injury/unknown,UNSAFE BACKING,20TH ST & WASHINGTON,39.18179981,-86.53231009
902092944,2013,10,3,Weekday,2000,2-Car,No injury/unknown,UNSAFE BACKING,N COLLEGE AVE,39.18157757,-86.53471023
901985133,2013,3,3,Weekday,2000,2-Car,No injury/unknown,OTHER (DRIVER) - EXPLAIN IN NARRATIVE,E 19TH ST & N WALNUT,39.181552,-86.5336
902006195,2013,4,5,Weekday,2300,1-Car,No injury/unknown,SPEED TOO FAST FOR WEATHER CONDITIONS,19TH & WALNUT ST,39.181552,-86.5336
902120988,2013,11,1,Weekend,1200,1-Car,No injury/unknown,SPEED TOO FAST FOR WEATHER CONDITIONS,S BASSWOOD DR & W BLOOMFIELD,39.1814916,-86.56889006
902138643,2013,12,4,Weekday,2000,1-Car,No injury/unknown,UNSAFE BACKING,N RANGE RD,39.1814028,-86.49475391
902048191,2013,5,5,Weekday,1200,1-Car,No injury/unknown,RAN OFF ROAD RIGHT,ORD RD & VERNAL,39.181344,-86.637104
902038403,2013,6,3,Weekday,1200,2-Car,Non-incapacitating,DRIVER DISTRACTED - EXPLAIN IN NARRATIVE,2480 CURRY PIKE & VERNAL,39.18130772,-86.5831625
902053118,2013,7,3,Weekday,1300,2-Car,No injury/unknown,UNSAFE BACKING,E 19TH ST & N WASHINGTON,39.18128,-86.531792
902118157,2013,11,3,Weekday,1400,2-Car,No injury/unknown,FAILURE TO YIELD RIGHT OF WAY,BLOOMFIELD & LANDMARK AVE,39.18108618,-86.55382007
902025809,2013,5,7,Weekend,1600,Moped/Motorcycle,No injury/unknown,UNSAFE SPEED,N ARLINGTON PARK DR,39.18108369,-86.54917498
901979874,2013,2,3,Weekday,1200,2-Car,Non-incapacitating,FAILURE TO YIELD RIGHT OF WAY,E 19TH & N DUNN ST,39.18104,-86.5284
902004005,2013,4,6,Weekday,1300,2-Car,No injury/unknown,FAILURE TO YIELD RIGHT OF WAY,19TH ST & DUNN,39.18104,-86.5284
902075324,2013,8,5,Weekday,1900,Cyclist,Non-incapacitating,FAILURE TO YIELD RIGHT OF WAY,E 19TH & N DUNN ST,39.18104,-86.5284
902142329,2013,12,1,Weekend,100,1-Car,No injury/unknown,OTHER (DRIVER) - EXPLAIN IN NARRATIVE,NORTH JORDAN AVE,39.18101883,-86.51049804
902132529,2013,12,6,Weekday,200,1-Car,Non-incapacitating,SPEED TOO FAST FOR WEATHER CONDITIONS,DUNN & NINETEENTH ST,39.1810143,-86.52832197
902017346,2013,5,5,Weekday,1200,1-Car,Non-incapacitating,OTHER (DRIVER) - EXPLAIN IN NARRATIVE,N COLLEGE AVE,39.18097484,-86.53471248
902052783,2013,7,2,Weekday,1500,2-Car,No injury/unknown,UNSAFE LANE MOVEMENT,MCNUTT CIRCLE DR & N FEE,39.18077087,-86.51912256
902130868,2013,12,3,Weekday,1900,2-Car,Non-incapacitating,FOLLOWING TOO CLOSELY,FEE & SR46W,39.18077087,-86.51912689
901970092,2013,2,3,Weekday,1500,2-Car,No injury/unknown,FAILURE TO YIELD RIGHT OF WAY,FEE & SR4546E,39.18077087,-86.51913452
901972741,2013,2,1,Weekend,1400,2-Car,No injury/unknown,IMPROPER TURNING,1ST & COLLEGE AVE,39.1805159,-86.53499029
902058665,2013,7,1,Weekend,700,1-Car,No injury/unknown,ANIMAL/OBJECT IN ROADWAY,EAST 17TH & SR46,39.18049191,-86.50791551
902101343,2013,10,1,Weekend,200,2-Car,No injury/unknown,UNSAFE BACKING,N JORDAN AVE,39.18048859,-86.5116806
901960009,2013,1,6,Weekend,2000,2-Car,No injury/unknown,UNSAFE BACKING,N WILLIS DR,39.18045807,-86.54541015
902027879,2013,5,4,Weekday,1900,2-Car,No injury/unknown,UNSAFE BACKING,N WILLIS DR,39.18045807,-86.54541015
902093571,2013,10,5,Weekday,0,3+ Cars,No injury/unknown,OTHER (DRIVER) - EXPLAIN IN NARRATIVE,N WILLIS DR,39.18045807,-86.54541015
902083240,2013,9,7,Weekend,1200,3+ Cars,Non-incapacitating,DRIVER DISTRACTED - EXPLAIN IN NARRATIVE,S GATES DR & W 3RD,39.18045175,-86.57619975
901996755,2013,3,5,Weekday,1800,1-Car,No injury/unknown,UNSAFE BACKING,NORTH JACKSON ST,39.18040363,-86.53992675
901957545,2013,1,2,Weekday,1500,2-Car,No injury/unknown,,W MARBLE LN,39.18040104,-86.54064305
901965593,2013,1,4,Weekday,2300,2-Car,No injury/unknown,UNSAFE BACKING,N FEE LN,39.18023743,-86.51914715
902087107,2013,9,7,Weekend,1300,2-Car,No injury/unknown,UNSAFE BACKING,N WASHINGTON ST,39.18004364,-86.53213543
901984170,2013,3,3,Weekday,1800,2-Car,No injury/unknown,UNSAFE SPEED,17TH & NORTH JORDAN AVE,39.17994662,-86.511088
901956872,2013,1,1,Weekend,1000,2-Car,No injury/unknown,,N DUNN ST,39.179936,-86.5284
902007068,2013,4,6,Weekday,1000,2-Car,No injury/unknown,,N DUNN ST,39.179936,-86.5284
902144064,2013,12,6,Weekday,1500,2-Car,Non-incapacitating,FAILURE TO YIELD RIGHT OF WAY,EAST 17TH & SR46,39.17990595,-86.50733475
901983896,2013,3,3,Weekday,1700,2-Car,No injury/unknown,FOLLOWING TOO CLOSELY,17TH & SR4546N,39.17984,-86.507088
902067186,2013,8,3,Weekday,2100,2-Car,No injury/unknown,DISREGARD SIGNAL/REG SIGN,17TH & SR4546S,39.17984,-86.507088
902078690,2013,9,5,Weekday,1600,2-Car,Non-incapacitating,FAILURE TO YIELD RIGHT OF WAY,17TH & SR4546N,39.17984,-86.507088
902090956,2013,9,7,Weekend,2000,2-Car,No injury/unknown,FOLLOWING TOO CLOSELY,17TH & SR4546S,39.17984,-86.507088
902094535,2013,10,6,Weekday,1400,2-Car,No injury/unknown,OTHER (DRIVER) - EXPLAIN IN NARRATIVE,1001 E 17TH ST & 17TH,39.17984,-86.507088
902134934,2013,12,3,Weekday,1800,2-Car,No injury/unknown,SPEED TOO FAST FOR WEATHER CONDITIONS,17TH & SR46W,39.17984,-86.507088
901959882,2013,1,6,Weekend,2000,2-Car,No injury/unknown,FOLLOWING TOO CLOSELY,EAST 17TH & SR46,39.17979888,-86.50723113
901984121,2013,3,3,Weekday,1700,2-Car,No injury/unknown,ROADWAY SURFACE CONDITION,EAST 17TH & SR46,39.17979888,-86.50723113
902066274,2013,8,2,Weekday,1200,2-Car,Non-incapacitating,FAILURE TO YIELD RIGHT OF WAY,EAST 17TH ST & SR46,39.17979888,-86.50723113
902039572,2013,6,5,Weekday,1700,2-Car,No injury/unknown,FOLLOWING TOO CLOSELY,17TH ST & 45 46,39.17973988,-86.50718986
902111081,2013,11,6,Weekday,1500,2-Car,No injury/unknown,FOLLOWING TOO CLOSELY,17TH & 45 46 BYP,39.17973988,-86.50718986
902053466,2013,7,4,Weekday,1400,2-Car,No injury/unknown,OTHER (DRIVER) - EXPLAIN IN NARRATIVE,N FEE LN,39.17970501,-86.51898957
902067596,2013,8,2,Weekday,2100,1-Car,No injury/unknown,ANIMAL/OBJECT IN ROADWAY,PRAIRIE GREEN & SR45E,39.17950821,-86.47551777
902123341,2013,11,4,Weekday,1700,2-Car,No injury/unknown,OTHER (DRIVER) - EXPLAIN IN NARRATIVE,WASHINGTON ST & WYLIE,39.1795055,-86.53242006
902022978,2013,5,2,Weekday,1900,2-Car,No injury/unknown,UNSAFE LANE MOVEMENT,10TH & 45 46 BYP,39.17946254,-86.50220967
902142185,2013,12,4,Weekday,1900,2-Car,No injury/unknown,UNSAFE BACKING,EAST 17TH ST,39.17942429,-86.53018951
902038252,2013,6,3,Weekday,1200,2-Car,No injury/unknown,OTHER (DRIVER) - EXPLAIN IN NARRATIVE,EAST SEVENTEENTH ST,39.17932129,-86.51348114
902057248,2013,7,3,Weekday,1800,1-Car,No injury/unknown,RAN OFF ROAD RIGHT,FLUCK MILL & VICTOR PIKE,39.17927909,-86.57107003
902038261,2013,6,1,Weekend,1700,1-Car,No injury/unknown,OTHER (ENVIRONMENTAL) - EXPLAIN IN NARR,4100 WEST VERNAL PIKE & CURRY,39.179248,-86.58251187
902068744,2013,8,5,Weekday,1400,2-Car,No injury/unknown,FOLLOWING TOO CLOSELY,CURRY & VERNAL PIKE,39.179248,-86.58302356
902138245,2013,12,6,Weekend,2100,1-Car,No injury/unknown,RAN OFF ROAD RIGHT,17TH ST & MONROE,39.179248,-86.54675111
902088396,2013,9,2,Weekday,2300,1-Car,No injury/unknown,UNSAFE BACKING,W 17TH ST,39.179248,-86.54678008
901979039,2013,2,2,Weekday,700,3+ Cars,Incapacitating,FAILURE TO YIELD RIGHT OF WAY,N MONROE & W 17TH ST,39.179248,-86.547104
902033454,2013,6,7,Weekend,1600,2-Car,Non-incapacitating,FAILURE TO YIELD RIGHT OF WAY,17TH ST & MONROE,39.179248,-86.547104
902052819,2013,7,3,Weekday,1600,1-Car,Incapacitating,RAN OFF ROAD RIGHT,17TH ST & MONROE,39.179248,-86.547104
901966650,2013,1,5,Weekday,1900,2-Car,No injury/unknown,SPEED TOO FAST FOR WEATHER CONDITIONS,17TH ST & LINDBERGH,39.179248,-86.552592
901983891,2013,3,3,Weekday,1800,1-Car,No injury/unknown,SPEED TOO FAST FOR WEATHER CONDITIONS,17TH ST & LINDBERGH,39.179248,-86.552592
902082486,2013,9,5,Weekday,2200,2-Car,No injury/unknown,DRIVER DISTRACTED - EXPLAIN IN NARRATIVE,W VERNAL 124 PIKE,39.179248,-86.574224
902135157,2013,12,4,Weekday,1500,2-Car,No injury/unknown,FAILURE TO YIELD RIGHT OF WAY,ANN AVE & W VERNAL,39.179248,-86.580384
902082872,2013,9,3,Weekday,2000,2-Car,No injury/unknown,,W VERNAL PIKE,39.179248,-86.58292
902006835,2013,4,7,Weekend,1300,2-Car,No injury/unknown,FOLLOWING TOO CLOSELY,NORTH CURRY PIKE & VERNAL,39.179248,-86.5832
902085121,2013,9,2,Weekday,800,2-Car,No injury/unknown,DISREGARD SIGNAL/REG SIGN,CURRY PIKE & VERNAL,39.179248,-86.5832
902141254,2013,12,2,Weekday,500,3+ Cars,No injury/unknown,DISREGARD SIGNAL/REG SIGN,N CURRY & W VERNAL PIKE,39.179248,-86.5832
901975900,2013,2,2,Weekday,1800,1-Car,No injury/unknown,SPEED TOO FAST FOR WEATHER CONDITIONS,ARLINGTON RD & MONROE,39.1792202,-86.54709979
902112813,2013,11,2,Weekday,2100,2-Car,Non-incapacitating,FAILURE TO YIELD RIGHT OF WAY,NORTH MONROE ST & WEST 17 TH,39.1792202,-86.54709979
902100814,2013,10,3,Weekday,1500,Pedestrian,Non-incapacitating,PEDESTRIAN ACTION,930 W 17TH ST & MONROE,39.1792045,-86.54604821
901975284,2013,2,1,Weekend,500,1-Car,No injury/unknown,DRIVER ASLEEP OR FATIGUED,800 BLK W 17TH ST & MAPLE,39.17919813,-86.54596864
902068509,2013,8,3,Weekday,1100,2-Car,No injury/unknown,UNSAFE BACKING,NORTH DUNN ST,39.1791687,-86.52874755
902120664,2013,11,5,Weekday,1500,2-Car,Incapacitating,DISREGARD SIGNAL/REG SIGN,CURRY PIKE & VERNAL,39.17916412,-86.58307659
902129033,2013,11,6,Weekend,1900,2-Car,No injury/unknown,FOLLOWING TOO CLOSELY,CURRY PIKE & VERNAL,39.17915985,-86.58308029
902106994,2013,10,7,Weekend,200,1-Car,No injury/unknown,RAN OFF ROAD RIGHT,17TH ST & CRESENT,39.17911886,-86.55654053
901966787,2013,2,6,Weekday,100,2-Car,No injury/unknown,OVERCORRECTING/OVERSTEERING,17TH & N WILLIS DR,39.179104,-86.544016
902060682,2013,7,4,Weekday,2200,Moped/Motorcycle,Non-incapacitating,OVERCORRECTING/OVERSTEERING,17TH ST & WILLIS,39.179104,-86.544016
902002279,2013,4,4,Weekday,2000,1-Car,Non-incapacitating,RAN OFF ROAD RIGHT,17TH ST & LINDBERG,39.17908005,-86.55261978