Master Record Number,Year,Month,Day,Weekend?,Hour,Collision Type,Injury Type,Primary Factor,Reported_Location,Latitude,Longitude
902043334,2013,6,4,Weekday,1600,3+ Cars,Non-incapacitating,FOLLOWING TOO CLOSELY,17TH ST & LINDBERGH,39.17908005,-86.55261978
902084482,2013,9,2,Weekday,2200,Moped/Motorcycle,Non-incapacitating,ANIMAL/OBJECT IN ROADWAY,N LINDBERG & W 17TH ST,39.17908005,-86.55261978
902130255,2013,12,2,Weekday,1700,1-Car,No injury/unknown,DRIVER DISTRACTED - EXPLAIN IN NARRATIVE,17TH ST & LINDBERGH,39.17908005,-86.55261978
902071853,2013,8,5,Weekday,200,2-Car,No injury/unknown,IMPROPER LANE USAGE,18TH & LINCOLN ST,39.17907478,-86.53084761
902015047,2013,5,2,Weekday,1200,1-Car,No injury/unknown,UNSAFE BACKING,SEVENTEENTH ST,39.17906329,-86.5209221
902078748,2013,9,5,Weekday,1800,2-Car,No injury/unknown,UNSAFE BACKING,N JORDAN AVE,39.17904473,-86.511088
902099261,2013,10,7,Weekend,800,3+ Cars,No injury/unknown,OTHER (DRIVER) - EXPLAIN IN NARRATIVE,N JORDAN AVE,39.17904473,-86.511088
902008827,2013,4,3,Weekday,1600,2-Car,No injury/unknown,FOLLOWING TOO CLOSELY,CURRY PIKE & VERNAL,39.1790422,-86.58318872
901983943,2013,3,3,Weekday,1800,3+ Cars,No injury/unknown,ROADWAY SURFACE CONDITION,17TH & DUNN ST,39.17904,-86.5284
902089781,2013,9,5,Weekday,900,2-Car,No injury/unknown,OTHER (DRIVER) - EXPLAIN IN NARRATIVE,DUNN & SEVENTEENTH ST,39.17904,-86.5284
902090961,2013,9,7,Weekend,800,2-Car,No injury/unknown,IMPROPER TURNING,701 EAST 17TH ST & DUNN,39.17904,-86.5284
902084381,2013,9,2,Weekday,1900,2-Car,No injury/unknown,FAILURE TO YIELD RIGHT OF WAY,17TH ST & LINCOLN,39.17904,-86.530848
902087237,2013,9,1,Weekend,0,Pedestrian,Incapacitating,PEDESTRIAN ACTION,17TH ST & LINCOLN,39.17904,-86.530848
901971291,2013,2,5,Weekday,1800,2-Car,No injury/unknown,,W 17TH ST,39.17904,-86.531888
902048343,2013,7,2,Weekday,800,2-Car,No injury/unknown,FAILURE TO YIELD RIGHT OF WAY,N MAPLE & W 17TH ST,39.17904,-86.542096
901975336,2013,2,1,Weekend,1200,2-Car,No injury/unknown,IMPROPER TURNING,17TH ST & WOODLAWN,39.17903982,-86.52360029
902016904,2013,5,1,Weekend,1700,2-Car,Non-incapacitating,DISREGARD SIGNAL/REG SIGN,N KINSER & W 17TH ST,39.17903982,-86.53775028
902026671,2013,5,2,Weekday,2100,Moped/Motorcycle,Non-incapacitating,FAILURE TO YIELD RIGHT OF WAY,17TH & KINSER PIKE,39.17903982,-86.53775028
902113896,2013,11,4,Weekday,1300,2-Car,Non-incapacitating,FAILURE TO YIELD RIGHT OF WAY,17TH ST & KINSER,39.17903982,-86.53775028
902132055,2013,12,4,Weekday,1700,2-Car,No injury/unknown,FOLLOWING TOO CLOSELY,17TH ST & MADISON,39.17903982,-86.53775028
901962709,2013,1,6,Weekday,100,1-Car,No injury/unknown,IMPROPER LANE USAGE,E 17TH ST,39.17903837,-86.52827755
902081201,2013,9,3,Weekday,1600,2-Car,No injury/unknown,IMPROPER TURNING,EAST 17TH ST & FESS,39.17903286,-86.52526707
902074634,2013,8,4,Weekday,1800,2-Car,No injury/unknown,FAILURE TO YIELD RIGHT OF WAY,EAST 17TH ST & INDIANA,39.17903251,-86.52706252
902118815,2013,11,4,Weekday,1400,2-Car,No injury/unknown,DRIVER DISTRACTED - EXPLAIN IN NARRATIVE,EAST 17TH ST & INDIANA,39.17903251,-86.52706252
902088935,2013,9,3,Weekday,1700,2-Car,Non-incapacitating,FOLLOWING TOO CLOSELY,JACKSON & W 17TH ST,39.179024,-86.539616
902120408,2013,11,7,Weekend,200,1-Car,No injury/unknown,ANIMAL/OBJECT IN ROADWAY,17TH & SR46E,39.17901993,-86.52598367
902056046,2013,7,2,Weekday,1800,2-Car,No injury/unknown,FOLLOWING TOO CLOSELY,17TH & SR45N,39.17901993,-86.52600097
902103587,2013,10,1,Weekday,2100,2-Car,Non-incapacitating,OTHER (DRIVER) - EXPLAIN IN NARRATIVE,17TH & SR4546S,39.17901993,-86.52600097
902111284,2013,11,6,Weekday,1000,2-Car,No injury/unknown,FOLLOWING TOO CLOSELY,17TH & SR46S,39.17901993,-86.52600097
902120094,2013,11,6,Weekday,1300,2-Car,No injury/unknown,UNSAFE BACKING,17TH & SR46W,39.17901993,-86.52600097
902123665,2013,11,5,Weekday,700,2-Car,Incapacitating,FAILURE TO YIELD RIGHT OF WAY,17TH & SR46,39.17901993,-86.52600097
902106635,2013,10,6,Weekday,1200,2-Car,Non-incapacitating,DRIVER DISTRACTED - EXPLAIN IN NARRATIVE,17TH ST & WALNUT,39.1790197,-86.5210998
902034317,2013,6,3,Weekday,900,1-Car,No injury/unknown,OTHER (DRIVER) - EXPLAIN IN NARRATIVE,EAST 17TH (YELLOW LOT) ST & FESS,39.1790197,-86.52601318
902111537,2013,11,7,Weekend,1900,2-Car,No injury/unknown,UNSAFE LANE MOVEMENT,17TH ST & INDIANA,39.1790197,-86.52705028
901963480,2013,1,6,Weekday,1600,2-Car,No injury/unknown,ENGINE FAILURE OR DEFECTIVE,17TH ST & COLLEGE,39.1790197,-86.53470567
902063518,2013,8,3,Weekday,1500,2-Car,No injury/unknown,FOLLOWING TOO CLOSELY,17TH ST & WOODBURN,39.1790197,-86.53594985
902106800,2013,10,6,Weekday,1600,2-Car,No injury/unknown,DRIVER DISTRACTED - EXPLAIN IN NARRATIVE,17TH ST & JACKSON,39.1790197,-86.53967007
902070666,2013,8,3,Weekday,1300,1-Car,No injury/unknown,OTHER (DRIVER) - EXPLAIN IN NARRATIVE,WEST 17TH ST,39.17901461,-86.53064485
902114143,2013,11,2,Weekday,2100,Pedestrian,Non-incapacitating,PEDESTRIAN ACTION,17TH ST & DUNN,39.17901032,-86.5283297
902031772,2013,6,4,Weekday,900,2-Car,No injury/unknown,FAILURE TO YIELD RIGHT OF WAY,E 17TH ST,39.179008,-86.525888
902021911,2013,5,7,Weekend,2200,2-Car,No injury/unknown,UNSAFE BACKING,EAST 17TH ST,39.179008,-86.525888
902124866,2013,11,6,Weekday,1400,3+ Cars,No injury/unknown,UNSAFE BACKING,E 17TH ST,39.179008,-86.525888
902124980,2013,11,6,Weekday,1300,2-Car,No injury/unknown,UNSAFE BACKING,E 17TH ST,39.179008,-86.525888
902075483,2013,8,5,Weekday,1400,1-Car,No injury/unknown,OTHER (DRIVER) - EXPLAIN IN NARRATIVE,1001 EAST 17TH (LOADING DOCK) ST & FEE,39.17899797,-86.51885612
902035093,2013,6,3,Weekday,500,Pedestrian,Non-incapacitating,FAILURE TO YIELD RIGHT OF WAY,17TH ST & MADISON,39.178992,-86.537792
902043608,2013,6,6,Weekday,800,2-Car,Non-incapacitating,FOLLOWING TOO CLOSELY,17TH ST & KINSER,39.178992,-86.537792
902052316,2013,7,2,Weekday,2200,2-Car,No injury/unknown,IMPROPER PASSING,MADISON & W 17TH ST,39.178992,-86.537792
902109261,2013,10,4,Weekday,800,2-Car,No injury/unknown,DISREGARD SIGNAL/REG SIGN,N MADISON & W 17TH ST,39.178992,-86.537792
902120838,2013,11,7,Weekend,2300,2-Car,No injury/unknown,SPEED TOO FAST FOR WEATHER CONDITIONS,KINSER & W 17TH ST,39.178992,-86.537792
902075387,2013,8,6,Weekday,700,1-Car,No injury/unknown,ANIMAL/OBJECT IN ROADWAY,PACKING HOUSE & VERNAL PIKE,39.17899144,-86.56327218
902006083,2013,4,5,Weekday,2100,2-Car,No injury/unknown,FOLLOWING TOO CLOSELY,17TH ST & FEE,39.1789902,-86.51894482
902077164,2013,9,3,Weekday,1100,2-Car,No injury/unknown,FAILURE TO YIELD RIGHT OF WAY,W 17TH ST & WOODBURN,39.178976,-86.536032
902100331,2013,10,2,Weekday,1700,2-Car,No injury/unknown,UNSAFE BACKING,E 17TH ST,39.17897394,-86.52938043
902090737,2013,9,6,Weekday,1300,2-Car,No injury/unknown,IMPROPER PASSING,W 17TH ST & WOODBURN,39.17897363,-86.53583794
902132455,2013,12,6,Weekday,300,2-Car,No injury/unknown,IMPROPER LANE USAGE,17TH ST & GRANT,39.17897008,-86.5297003
902040082,2013,6,6,Weekday,1600,2-Car,Non-incapacitating,FAILURE TO YIELD RIGHT OF WAY,17TH ST & LINCOLN,39.17897008,-86.53097033
902075804,2013,8,6,Weekday,1500,2-Car,No injury/unknown,FOLLOWING TOO CLOSELY,17TH ST & LINCOLN,39.17897008,-86.53097033
901993884,2013,3,1,Weekend,1600,2-Car,No injury/unknown,FOLLOWING TOO CLOSELY,17TH ST & WALNUT,39.17897008,-86.53349027
902109042,2013,10,3,Weekday,2200,3+ Cars,No injury/unknown,BRAKE FAILURE OR DEFECTIVE,17TH & WALNUT ST,39.17897008,-86.53349027
902113956,2013,11,4,Weekday,1400,3+ Cars,Non-incapacitating,SPEED TOO FAST FOR WEATHER CONDITIONS,17TH & WALNUT ST,39.17897008,-86.53349027
902114186,2013,11,4,Weekday,1700,2-Car,No injury/unknown,SPEED TOO FAST FOR WEATHER CONDITIONS,17TH ST & WALNUT,39.17897008,-86.53349027
902132709,2013,12,6,Weekday,1200,2-Car,No injury/unknown,SPEED TOO FAST FOR WEATHER CONDITIONS,N WALNUT & W 17TH ST,39.17897008,-86.53349027
902093570,2013,10,5,Weekday,0,Pedestrian,Non-incapacitating,FAILURE TO YIELD RIGHT OF WAY,E 17TH & N GRANT ST,39.17896484,-86.52969872
902070718,2013,8,3,Weekday,1800,3+ Cars,No injury/unknown,FOLLOWING TOO CLOSELY,EAST 17TH & WASHINGTON ST,39.17896401,-86.53223986
902006485,2013,4,7,Weekend,2100,2-Car,No injury/unknown,OTHER (DRIVER) - EXPLAIN IN NARRATIVE,E 17TH ST,39.17896,-86.521088
902077489,2013,9,3,Weekday,1200,1-Car,No injury/unknown,OTHER (VEHICLE) - EXPLAIN IN NARRATIVE,EAST 17TH ST,39.17896,-86.521088
902079708,2013,9,7,Weekend,2200,2-Car,No injury/unknown,FOLLOWING TOO CLOSELY,17TH ST & WALNUT,39.17896,-86.521088
902111398,2013,11,7,Weekend,1300,2-Car,No injury/unknown,IMPROPER TURNING,E 17TH ST,39.17896,-86.521088
901964077,2013,1,1,Weekend,1400,2-Car,No injury/unknown,FOLLOWING TOO CLOSELY,17TH ST & COLLEGE,39.17896,-86.53472
902032879,2013,6,2,Weekday,0,2-Car,No injury/unknown,DISREGARD SIGNAL/REG SIGN,17TH & COLLEGE AVE,39.17896,-86.53472
902025134,2013,5,6,Weekday,1100,2-Car,No injury/unknown,FOLLOWING TOO CLOSELY,N COLLEGE & W 17TH ST,39.17896,-86.53472
902040567,2013,6,7,Weekend,2200,Moped/Motorcycle,Non-incapacitating,FAILURE TO YIELD RIGHT OF WAY,17TH & COLLEGE AVE,39.17896,-86.53472
902139161,2013,12,1,Weekend,1500,2-Car,No injury/unknown,FAILURE TO YIELD RIGHT OF WAY,NORTH COLLEGE ST & WEST 17TH,39.17896,-86.53472
902021353,2013,5,6,Weekday,1100,2-Car,No injury/unknown,UNSAFE BACKING,EAST 17TH ST,39.17895463,-86.52073632
902094927,2013,10,7,Weekend,1100,2-Car,No injury/unknown,IMPROPER TURNING,17TH ST & WALNUT,39.17895441,-86.53325148
902065882,2013,8,1,Weekday,2300,2-Car,No injury/unknown,VIEW OBSTRUCTED,E 17TH ST,39.17895065,-86.52955121
902088709,2013,9,3,Weekday,900,1-Car,No injury/unknown,OTHER (DRIVER) - EXPLAIN IN NARRATIVE,W 17TH ST,39.1789454,-86.52013144
901966603,2013,1,5,Weekday,2000,2-Car,No injury/unknown,SPEED TOO FAST FOR WEATHER CONDITIONS,17TH ST & WALNUT,39.178944,-86.533392
901975648,2013,2,2,Weekday,1200,2-Car,Non-incapacitating,DISREGARD SIGNAL/REG SIGN,17TH & N WALNUT ST,39.178944,-86.533392
901988164,2013,3,4,Weekday,600,2-Car,No injury/unknown,FAILURE TO YIELD RIGHT OF WAY,N WALNUT & W 17TH ST,39.178944,-86.533392
902091508,2013,9,1,Weekday,1900,Moped/Motorcycle,Incapacitating,SPEED TOO FAST FOR WEATHER CONDITIONS,17TH ST & WALNUT,39.178944,-86.533392
902111204,2013,10,5,Weekday,2100,2-Car,No injury/unknown,FOLLOWING TOO CLOSELY,E 17TH ST & N WALNUT,39.178944,-86.533392
902114374,2013,11,4,Weekday,1100,2-Car,No injury/unknown,FOLLOWING TOO CLOSELY,N WALNUT & W 17TH ST,39.178944,-86.533392
902131718,2013,12,5,Weekday,100,1-Car,No injury/unknown,SPEED TOO FAST FOR WEATHER CONDITIONS,17TH ST & WALNUT,39.178944,-86.533392
902095312,2013,10,1,Weekend,1200,2-Car,No injury/unknown,FOLLOWING TOO CLOSELY,17TH ST & FEE,39.17893608,-86.51952122
902099477,2013,10,1,Weekend,0,2-Car,Non-incapacitating,FAILURE TO YIELD RIGHT OF WAY,17TH ST & FEE,39.178928,-86.518992
902111675,2013,11,1,Weekend,0,1-Car,No injury/unknown,DRIVER DISTRACTED - EXPLAIN IN NARRATIVE,17TH ST & FEE,39.17891282,-86.51775706
902157031,2013,12,7,Weekend,600,1-Car,No injury/unknown,SPEED TOO FAST FOR WEATHER CONDITIONS,17TH ST & NORTH JORDAN,39.1789117,-86.51056504
902056284,2013,7,3,Weekday,300,2-Car,No injury/unknown,RAN OFF ROAD RIGHT,17TH & N LINCOLN ST,39.17890268,-86.53084976
902008138,2013,4,3,Weekday,900,2-Car,No injury/unknown,VIEW OBSTRUCTED,SEVENTEENTH & SR45N,39.17889786,-86.51591491
902071573,2013,8,4,Weekday,1600,Cyclist,Non-incapacitating,PEDESTRIAN ACTION,1ST & S LINCOLN ST,39.17889057,-86.53084992
902076444,2013,9,1,Weekend,1400,2-Car,No injury/unknown,,E 17TH ST,39.17887129,-86.51438724
901963607,2013,1,7,Weekend,200,2-Car,No injury/unknown,FOLLOWING TOO CLOSELY,17TH ST & JORDAN,39.178848,-86.511088
901980629,2013,2,7,Weekend,2300,2-Car,No injury/unknown,UNSAFE BACKING,N JORDAN AVE,39.178848,-86.511088
902014903,2013,5,2,Weekday,800,1-Car,Non-incapacitating,OTHER (DRIVER) - EXPLAIN IN NARRATIVE,105 NORTH JORDAN (GARAGE) AVE & JORDAN,39.178848,-86.511088
902091557,2013,9,1,Weekend,1400,2-Car,No injury/unknown,ROADWAY SURFACE CONDITION,17TH ST & JORDAN,39.178848,-86.511088
902157033,2013,12,7,Weekend,700,2-Car,No injury/unknown,SPEED TOO FAST FOR WEATHER CONDITIONS,EAST 17TH ST & NORTH JORDAN,39.178848,-86.511088
902109267,2013,10,4,Weekday,1100,2-Car,No injury/unknown,FAILURE TO YIELD RIGHT OF WAY,17TH ST & JORDAN,39.178848,-86.51126444
901957238,2013,1,3,Weekday,1000,1-Car,No injury/unknown,OTHER (DRIVER) - EXPLAIN IN NARRATIVE,EAST 17TH ST,39.178848,-86.51144
901998814,2013,4,4,Weekday,600,2-Car,No injury/unknown,UNSAFE BACKING,EAST 17TH ST,39.178848,-86.51144
902006937,2013,4,6,Weekday,1700,1-Car,No injury/unknown,,EAST 17TH ST,39.178848,-86.51144
902018309,2013,5,5,Weekday,2200,Bus,No injury/unknown,UNSAFE BACKING,17TH ST,39.178848,-86.51192519
902024623,2013,5,5,Weekday,1200,1-Car,No injury/unknown,UNSAFE BACKING,EAST 17TH ST,39.178848,-86.51192519
902104867,2013,10,3,Weekday,1900,2-Car,No injury/unknown,FOLLOWING TOO CLOSELY,EAST 17TH ST & JORDAN,39.17884657,-86.51094249
902118939,2013,11,4,Weekday,1700,2-Car,No injury/unknown,FOLLOWING TOO CLOSELY,EAST 17TH ST & JORDAN,39.17883778,-86.51245301
902105171,2013,10,4,Weekday,900,2-Car,No injury/unknown,FOLLOWING TOO CLOSELY,17TH ST & JORDAN,39.17882994,-86.51244029
902110189,2013,10,5,Weekday,1400,2-Car,No injury/unknown,FAILURE TO YIELD RIGHT OF WAY,17TH ST & JORDAN,39.17882994,-86.51244029
902120852,2013,11,7,Weekend,2300,1-Car,No injury/unknown,SPEED TOO FAST FOR WEATHER CONDITIONS,17TH ST & JORDAN,39.17882994,-86.51244029
902131058,2013,12,3,Weekday,1200,3+ Cars,No injury/unknown,UNSAFE BACKING,EAST 17TH ST,39.17879708,-86.51074916
902137491,2013,12,5,Weekday,1700,2-Car,No injury/unknown,FOLLOWING TOO CLOSELY,SR37 & VERNAL,39.17861085,-86.55932963
902088728,2013,9,3,Weekday,1100,1-Car,No injury/unknown,RAN OFF ROAD RIGHT,17TH & MADISON ST,39.17858013,-86.53777952
902115970,2013,11,6,Weekend,2300,1-Car,No injury/unknown,ANIMAL/OBJECT IN ROADWAY,SR37N & VERNAL,39.17856339,-86.56000817
902113927,2013,11,4,Weekday,700,Cyclist,Non-incapacitating,OTHER (DRIVER) - EXPLAIN IN NARRATIVE,BURKS & WALNUT STREET PIKE,39.1783895,-86.5267197
902125062,2013,11,7,Weekend,400,1-Car,No injury/unknown,RAN OFF ROAD RIGHT,GRANT ST,39.17830276,-86.52934265
902004653,2013,4,3,Weekday,700,2-Car,No injury/unknown,FAILURE TO YIELD RIGHT OF WAY,WALNUT ST & WINSLOW,39.1782371,-86.5311098
901973114,2013,2,3,Weekday,800,2-Car,No injury/unknown,FAILURE TO YIELD RIGHT OF WAY,6TH & MORTON ST,39.17815533,-86.53611011
902095026,2013,10,7,Weekend,1500,2-Car,No injury/unknown,ROADWAY SURFACE CONDITION,EAST 17TH ST,39.17807867,-86.52517226
902081202,2013,9,3,Weekday,1800,Pedestrian,Non-incapacitating,VIEW OBSTRUCTED,EAST 17TH & FEE LN,39.17802255,-86.51883073
901957816,2013,1,2,Weekday,2100,2-Car,No injury/unknown,UNSAFE BACKING,N FEE LN,39.17800784,-86.51889301
902018084,2013,5,7,Weekend,2000,1-Car,Non-incapacitating,UNSAFE BACKING,NORTH JACKSON ST,39.17782237,-86.53966106
902058129,2013,7,6,Weekday,1400,2-Car,No injury/unknown,FAILURE TO YIELD RIGHT OF WAY,16TH ST & LINCOLN,39.17775974,-86.53097972
901970102,2013,2,3,Weekday,200,2-Car,No injury/unknown,,MADISON & W 16TH ST,39.177744,-86.53740712
902063763,2013,8,3,Weekday,1200,2-Car,No injury/unknown,FAILURE TO YIELD RIGHT OF WAY,MADISON & W 16 ST,39.177744,-86.53776
902079950,2013,9,1,Weekend,1500,2-Car,No injury/unknown,IMPROPER LANE USAGE,16TH & MADISON ST,39.17773023,-86.53774023
902021886,2013,5,1,Weekend,100,2-Car,No injury/unknown,,N MAPLE ST,39.1776992,-86.542096
902111419,2013,11,7,Weekend,1400,2-Car,No injury/unknown,FOLLOWING TOO CLOSELY,SR37S & VERNAL,39.1775537,-86.5612041
901956248,2013,1,6,Weekday,1000,2-Car,No injury/unknown,FOLLOWING TOO CLOSELY,SR37S & VERNAIL,39.17744827,-86.55998992
902002336,2013,4,5,Weekday,300,Moped/Motorcycle,Incapacitating,RAN OFF ROAD RIGHT,ANGELINA & W VERNAL PIKE,39.17744827,-86.55998992
902005763,2013,4,5,Weekday,900,2-Car,No injury/unknown,IMPROPER TURNING,8TH & COLLEGE AVE,39.17744176,-86.53484009
902132389,2013,12,6,Weekday,0,2-Car,No injury/unknown,RAN OFF ROAD RIGHT,DUNN ST,39.17734528,-86.52803039
902006694,2013,4,7,Weekend,200,2-Car,No injury/unknown,UNSAFE BACKING,N FEE LN,39.17729391,-86.5189799
901974342,2013,2,5,Weekday,1800,2-Car,Non-incapacitating,FAILURE TO YIELD RIGHT OF WAY,300 BLK N JACOB DR & ALEXANDER,39.17723078,-86.57355088
901954704,2013,1,3,Weekday,800,Bus,No injury/unknown,OTHER (DRIVER) - EXPLAIN IN NARRATIVE,15TH & INDIANA AVE,39.177152,-86.527152
901954571,2013,1,3,Weekday,900,2-Car,No injury/unknown,FAILURE TO YIELD RIGHT OF WAY,JORDAN AVE & LINGELBACH,39.1771502,-86.51253014
901962536,2013,1,5,Weekday,1500,2-Car,No injury/unknown,OTHER (DRIVER) - EXPLAIN IN NARRATIVE,JORDAN & LINGELBACH LN,39.1771502,-86.5125561
902068218,2013,8,5,Weekday,1600,2-Car,No injury/unknown,UNSAFE BACKING,SR37S & VERNAL,39.17714982,-86.56168247
902013627,2013,5,5,Weekday,1900,2-Car,No injury/unknown,FOLLOWING TOO CLOSELY,N MAPLE ST,39.1771009,-86.542096
902033725,2013,6,1,Weekend,1100,2-Car,No injury/unknown,FOLLOWING TOO CLOSELY,SR37N & W VERNAL,39.17704885,-86.56180206
901982573,2013,3,6,Weekday,1400,2-Car,No injury/unknown,UNSAFE SPEED,SR37S & VERNAL,39.17701553,-86.5615451
902133320,2013,12,6,Weekend,2100,2-Car,No injury/unknown,FOLLOWING TOO CLOSELY,10TH & SR4546S,39.17698007,-86.53102874
901978150,2013,2,6,Weekday,1700,2-Car,No injury/unknown,FOLLOWING TOO CLOSELY,SR37N & VERNAL,39.17694788,-86.56192165
902131685,2013,12,4,Weekday,0,3+ Cars,No injury/unknown,OTHER (DRIVER) - EXPLAIN IN NARRATIVE,15TH ST & GRANT,39.17693119,-86.52933538
902104785,2013,10,7,Weekend,2200,2-Car,No injury/unknown,UNSAFE BACKING,EAST 15TH ST,39.17692624,-86.52950383
902129659,2013,12,1,Weekday,2000,2-Car,No injury/unknown,UNSAFE BACKING,EAST 15TH ST,39.17692624,-86.52950383
902000139,2013,4,6,Weekend,2000,2-Car,No injury/unknown,OTHER (DRIVER) - EXPLAIN IN NARRATIVE,EAST 15TH ST & LINCOLN,39.176896,-86.53088
902111509,2013,11,7,Weekend,1500,2-Car,No injury/unknown,FAILURE TO YIELD RIGHT OF WAY,15TH ST & WASHINGTON,39.17685986,-86.53223969
901966763,2013,1,5,Weekday,2200,1-Car,No injury/unknown,SPEED TOO FAST FOR WEATHER CONDITIONS,EAST 10TH ST & SR4546,39.176848,-86.478192
901958592,2013,1,3,Weekday,1300,2-Car,No injury/unknown,UNSAFE LANE MOVEMENT,E 10TH ST & SR4546,39.176848,-86.478192
901988885,2013,3,4,Weekday,800,2-Car,No injury/unknown,OTHER (ENVIRONMENTAL) - EXPLAIN IN NARR,EAST 10TH ST & SR4546,39.176848,-86.478192
902038752,2013,6,4,Weekday,1200,2-Car,No injury/unknown,FAILURE TO YIELD RIGHT OF WAY,10TH ST & SR4546,39.176848,-86.478192
902042923,2013,6,4,Weekday,2300,2-Car,No injury/unknown,UNSAFE SPEED,E 10TH ST & SR4546,39.176848,-86.478192
902056606,2013,7,3,Weekday,1500,2-Car,No injury/unknown,UNSAFE LANE MOVEMENT,10TH ST & CR4546,39.176848,-86.478192
902081429,2013,9,3,Weekday,1000,2-Car,No injury/unknown,UNSAFE BACKING,10TH & 1827 EAST 10TH ST,39.176848,-86.478192
902086811,2013,9,6,Weekday,1800,2-Car,No injury/unknown,IMPROPER TURNING,10TH & SR4546N,39.176848,-86.478192
902102105,2013,10,5,Weekday,1100,2-Car,No injury/unknown,FOLLOWING TOO CLOSELY,45 46 & E 10TH ST,39.176848,-86.478192
902121063,2013,11,1,Weekend,1400,3+ Cars,No injury/unknown,FOLLOWING TOO CLOSELY,10TH ST & SR4546,39.176848,-86.478192
902134248,2013,12,2,Weekday,1600,2-Car,No injury/unknown,FOLLOWING TOO CLOSELY,10TH & SR4546N,39.176848,-86.478192
902137782,2013,12,6,Weekday,1300,2-Car,No injury/unknown,DRIVER DISTRACTED - EXPLAIN IN NARRATIVE,10TH & SR4546S,39.176848,-86.478192
901956956,2013,1,1,Weekend,1600,2-Car,No injury/unknown,FAILURE TO YIELD RIGHT OF WAY,15TH & WALNUT ST,39.176848,-86.533424
902070700,2013,8,3,Weekday,1700,2-Car,No injury/unknown,DRIVER DISTRACTED - EXPLAIN IN NARRATIVE,15TH & N WALNUT ST,39.176848,-86.533424
902037196,2013,6,2,Weekday,100,1-Car,No injury/unknown,ANIMAL/OBJECT IN ROADWAY,SR37N & SR45W,39.17682626,-86.57756805
901986668,2013,3,1,Weekend,900,2-Car,Non-incapacitating,DRIVER DISTRACTED - EXPLAIN IN NARRATIVE,SR37S & W VERNAL,39.17674594,-86.56216082
902119434,2013,11,5,Weekday,1200,2-Car,No injury/unknown,FAILURE TO YIELD RIGHT OF WAY,LIBERTY DR & SR 45,39.17672749,-86.57777018
902060726,2013,8,5,Weekday,600,1-Car,No injury/unknown,UNSAFE BACKING,N MAPLE ST,39.17668852,-86.542096
902017851,2013,5,7,Weekend,300,1-Car,No injury/unknown,RAN OFF ROAD RIGHT,15TH ST & HANCOCK,39.17666003,-86.54892973
902000531,2013,4,1,Weekend,300,3+ Cars,No injury/unknown,OTHER (DRIVER) - EXPLAIN IN NARRATIVE,15 TH ST & ROGERS,39.17664,-86.538496
901976720,2013,2,4,Weekday,900,Pedestrian,Non-incapacitating,FAILURE TO YIELD RIGHT OF WAY,S ROGERS & W 1ST ST,39.17664,-86.538496
902051667,2013,7,1,Weekday,2100,3+ Cars,Incapacitating,DISREGARD SIGNAL/REG SIGN,SR37S & VERNAL,39.17662048,-86.56252288
902051968,2013,7,1,Weekend,1700,3+ Cars,Non-incapacitating,FOLLOWING TOO CLOSELY,SR37N & W VERNAL,39.17662048,-86.56252288
902084883,2013,9,3,Weekday,1500,2-Car,No injury/unknown,FOLLOWING TOO CLOSELY,SR37N & VERNAL,39.17662048,-86.56252288
902087529,2013,9,1,Weekday,2000,2-Car,No injury/unknown,FOLLOWING TOO CLOSELY,SR37S & VERNAL,39.17662048,-86.56252288
902109347,2013,10,3,Weekday,1400,2-Car,No injury/unknown,FOLLOWING TOO CLOSELY,SR37S & VERNAL,39.17662048,-86.56252288
901956238,2013,1,5,Weekday,0,2-Car,No injury/unknown,UNSAFE BACKING,NORTH FEE LN,39.17658828,-86.51891313
901973825,2013,2,6,Weekday,1000,2-Car,No injury/unknown,,N FEE LN,39.17658828,-86.51891313
901954455,2013,1,3,Weekday,600,2-Car,No injury/unknown,FAILURE TO YIELD RIGHT OF WAY,SR37N & VERNAL,39.176544,-86.5624
902014585,2013,5,1,Weekend,1500,2-Car,No injury/unknown,FOLLOWING TOO CLOSELY,SR37S & VERNAL,39.176544,-86.5624
902066184,2013,8,2,Weekday,1100,2-Car,Incapacitating,FOLLOWING TOO CLOSELY,SR37N & VERNAL,39.176544,-86.5624
902079920,2013,9,1,Weekend,1800,2-Car,No injury/unknown,UNSAFE LANE MOVEMENT,SR37N & VERNAL PIKE,39.176544,-86.5624
902094922,2013,10,7,Weekend,1000,2-Car,No injury/unknown,,SR37N & VERNAL,39.176544,-86.5624
902082086,2013,9,5,Weekday,1200,2-Car,No injury/unknown,FOLLOWING TOO CLOSELY,E LINGELBACH & JORDAN AVE,39.17654097,-86.50991863
901997380,2013,3,3,Weekday,1500,2-Car,No injury/unknown,FOLLOWING TOO CLOSELY,HARTSTRAIGHT & SR46W,39.17649078,-86.61120069