Master Record Number,Year,Month,Day,Weekend?,Hour,Collision Type,Injury Type,Primary Factor,Reported_Location,Latitude,Longitude
901965342,2013,1,3,Weekday,1300,2-Car,No injury/unknown,FOLLOWING TOO CLOSELY,HARTSTRAIGHT & SR46W,39.17649078,-86.61121368
902018347,2013,5,5,Weekday,1800,2-Car,No injury/unknown,FAILURE TO YIELD RIGHT OF WAY,HARTSTRAIGHT & SR46W,39.17649078,-86.61125698
902016446,2013,5,4,Weekday,1300,2-Car,No injury/unknown,FOLLOWING TOO CLOSELY,SR37N & VERNAL,39.176455,-86.56232349
902066998,2013,8,1,Weekday,1900,2-Car,Incapacitating,DISREGARD SIGNAL/REG SIGN,SR37 & VERNAL,39.176455,-86.56232349
902087109,2013,9,6,Weekday,1600,2-Car,No injury/unknown,UNSAFE LANE MOVEMENT,SR37N & VERNAL,39.176455,-86.56232349
902123638,2013,11,4,Weekday,900,2-Car,No injury/unknown,UNSAFE LANE MOVEMENT,SR37 & VERNAL PIKE,39.176455,-86.56232349
901966614,2013,1,5,Weekday,1800,2-Car,No injury/unknown,SPEED TOO FAST FOR WEATHER CONDITIONS,SR37N & VERNAL,39.17635934,-86.56266121
902027305,2013,5,3,Weekday,1700,3+ Cars,No injury/unknown,FOLLOWING TOO CLOSELY,SR37N & VERNAL,39.17635934,-86.56266121
902076552,2013,9,1,Weekend,1400,2-Car,No injury/unknown,IMPROPER TURNING,14TH & INDIANA AVE,39.176192,-86.52712
901993101,2013,3,6,Weekday,1200,2-Car,No injury/unknown,FAILURE TO YIELD RIGHT OF WAY,14TH ST & DUNN,39.17616,-86.528224
901997075,2013,3,7,Weekend,0,2-Car,No injury/unknown,RAN OFF ROAD RIGHT,E 14TH ST & N DUNN,39.17616,-86.528224
901951634,2013,1,4,Weekday,1700,2-Car,No injury/unknown,UNSAFE BACKING,S PARK AVE,39.176144,-86.524688
902018242,2013,5,5,Weekday,900,2-Car,No injury/unknown,OTHER (DRIVER) - EXPLAIN IN NARRATIVE,N FEE LN,39.17612549,-86.51898236
902044433,2013,6,6,Weekday,1600,2-Car,No injury/unknown,OTHER (DRIVER) - EXPLAIN IN NARRATIVE,N FEE LN,39.17612549,-86.51898236
902054712,2013,7,6,Weekday,1200,2-Car,No injury/unknown,OTHER (VEHICLE) - EXPLAIN IN NARRATIVE,N FEE LN,39.17612549,-86.51898236
902072558,2013,8,7,Weekend,1200,2-Car,No injury/unknown,UNSAFE BACKING,N FEE LN,39.17612549,-86.51898236
902116229,2013,11,7,Weekend,1600,2-Car,No injury/unknown,,N FEE LN,39.17612549,-86.51898236
901959085,2013,1,5,Weekday,1000,2-Car,No injury/unknown,FAILURE TO YIELD RIGHT OF WAY,FOURTEENTH & INDIANA AVE,39.17612362,-86.52701309
902013366,2013,5,5,Weekday,1900,Moped/Motorcycle,Non-incapacitating,FAILURE TO YIELD RIGHT OF WAY,14TH & INDIANA AVE,39.17611018,-86.52701005
901986223,2013,3,6,Weekday,1200,2-Car,No injury/unknown,,N ROGERS ST,39.17604828,-86.53881835
901963716,2013,1,7,Weekend,1200,1-Car,No injury/unknown,RAN OFF ROAD RIGHT,14TH & MADISON ST,39.176048,-86.537696
902075482,2013,8,6,Weekday,700,1-Car,No injury/unknown,RAN OFF ROAD RIGHT,14TH & MADISON ST,39.176048,-86.537696
902143461,2013,12,6,Weekday,800,2-Car,Non-incapacitating,DRIVER DISTRACTED - EXPLAIN IN NARRATIVE,14TH & MADISON ST,39.176048,-86.537696
901971915,2013,2,7,Weekend,1200,2-Car,No injury/unknown,,E BARRINGTON DR,39.176016,-86.5296
901953374,2013,1,7,Weekend,2200,2-Car,No injury/unknown,FAILURE TO YIELD RIGHT OF WAY,14TH & N COLLEGE AVE,39.175984,-86.534736
902044126,2013,6,6,Weekday,1500,2-Car,No injury/unknown,FAILURE TO YIELD RIGHT OF WAY,14TH ST & COLLEGE,39.175984,-86.534736
902072348,2013,8,6,Weekday,1800,2-Car,No injury/unknown,LEFT OF CENTER,N COLLEGE AVE,39.175984,-86.534736
902124035,2013,11,4,Weekday,1200,2-Car,No injury/unknown,UNSAFE BACKING,NORTH COLLEGE AVE,39.175984,-86.534736
902005930,2013,4,5,Weekday,1300,2-Car,No injury/unknown,FAILURE TO YIELD RIGHT OF WAY,14TH & MADISON ST,39.17597003,-86.53771005
901953551,2013,1,1,Weekend,1400,2-Car,No injury/unknown,FAILURE TO YIELD RIGHT OF WAY,14TH & WALNUT ST,39.175952,-86.53344
902000367,2013,4,7,Weekend,1500,2-Car,No injury/unknown,UNSAFE LANE MOVEMENT,NORTH WALNUT ST & WEST 14TH,39.175952,-86.53344
902014638,2013,5,1,Weekday,2200,2-Car,No injury/unknown,FOLLOWING TOO CLOSELY,14TH & WALNUT ST,39.175952,-86.53344
902076217,2013,9,1,Weekend,0,2-Car,No injury/unknown,FOLLOWING TOO CLOSELY,14TH & N WALNUT ST,39.175952,-86.53344
902091207,2013,9,6,Weekend,2100,1-Car,No injury/unknown,RAN OFF ROAD RIGHT,14TH ST & WALNUT,39.175952,-86.53344
902100956,2013,10,3,Weekday,1500,2-Car,No injury/unknown,FAILURE TO YIELD RIGHT OF WAY,14TH & N WALNUT ST,39.175952,-86.53344
902103371,2013,10,1,Weekend,1100,2-Car,No injury/unknown,FAILURE TO YIELD RIGHT OF WAY,14TH & WALNUT ST,39.175952,-86.53344
901971753,2013,2,6,Weekday,1600,2-Car,Non-incapacitating,FAILURE TO YIELD RIGHT OF WAY,14TH & WALNUT ST,39.17594992,-86.53356
902054977,2013,7,7,Weekend,1700,2-Car,No injury/unknown,IMPROPER TURNING,14TH & WALNUT ST,39.17594992,-86.53356
902132377,2013,12,5,Weekday,2300,2-Car,No injury/unknown,IMPROPER TURNING,14TH & N WALNUT ST,39.17594992,-86.53356
901973312,2013,2,2,Weekday,1500,2-Car,No injury/unknown,FAILURE TO YIELD RIGHT OF WAY,14TH & COLLEGE AVE,39.17594992,-86.53476968
901986109,2013,3,6,Weekday,1300,2-Car,No injury/unknown,DISREGARD SIGNAL/REG SIGN,14TH & COLLEGE AVE,39.17594992,-86.53476968
902094766,2013,10,6,Weekday,1700,2-Car,Non-incapacitating,UNSAFE LANE MOVEMENT,14TH & COLLEGE AVE,39.17594992,-86.53476968
902107271,2013,10,7,Weekend,1700,2-Car,No injury/unknown,FOLLOWING TOO CLOSELY,EAST 17TH & JORDAN AVE,39.1759274,-86.51337805
902141082,2013,12,3,Weekday,1600,Cyclist,No injury/unknown,FAILURE TO YIELD RIGHT OF WAY,45 46 BYPASS & RANGE ROAD RD,39.17579093,-86.50450378
901990461,2013,3,1,Weekend,1800,2-Car,No injury/unknown,UNSAFE LANE MOVEMENT,SR37 & SR45,39.17576051,-86.56335743
902029913,2013,5,4,Weekday,900,Moped/Motorcycle,Non-incapacitating,FAILURE TO YIELD RIGHT OF WAY,FOX HOLLOW RD & VIXEN,39.17571902,-86.51236988
902024358,2013,5,5,Weekday,0,1-Car,No injury/unknown,ANIMAL/OBJECT IN ROADWAY,14TH & RANGE RD,39.17563006,-86.49592659
902027975,2013,5,4,Weekday,2300,1-Car,No injury/unknown,IMPROPER TURNING,10TH & RANGE RD,39.1756238,-86.495296
901956779,2013,1,1,Weekend,100,2-Car,No injury/unknown,UNSAFE BACKING,NORTH JORDAN AVE,39.17560577,-86.51441192
902030479,2013,6,2,Weekday,1700,2-Car,No injury/unknown,FAILURE TO YIELD RIGHT OF WAY,INDUSTRIAL & SR45E,39.17559814,-86.5646286
902136739,2013,12,5,Weekday,1100,2-Car,Incapacitating,LEFT OF CENTER,E 13TH ST & N DUNN,39.175552,-86.528192
901980800,2013,2,5,Weekday,200,2-Car,No injury/unknown,SPEED TOO FAST FOR WEATHER CONDITIONS,MADISON ST,39.17551609,-86.537696
901994878,2013,3,2,Weekday,1500,2-Car,Non-incapacitating,FAILURE TO YIELD RIGHT OF WAY,13TH & INDIANA AVE,39.175504,-86.527104
902011916,2013,4,3,Weekday,1600,2-Car,No injury/unknown,UNSAFE BACKING,13TH ST & INDIANA,39.175504,-86.527104
902083535,2013,9,7,Weekend,1500,2-Car,Non-incapacitating,FAILURE TO YIELD RIGHT OF WAY,13TH ST & INDIANA,39.175504,-86.527104
902086306,2013,9,5,Weekday,1300,2-Car,Non-incapacitating,FAILURE TO YIELD RIGHT OF WAY,13TH & INDIANA AVE,39.175504,-86.527104
901982397,2013,3,1,Weekend,1500,2-Car,No injury/unknown,FAILURE TO YIELD RIGHT OF WAY,N JORDAN AVE,39.17550246,-86.51384749
901975461,2013,2,7,Weekend,1400,2-Car,No injury/unknown,OTHER (DRIVER) - EXPLAIN IN NARRATIVE,EAST 13TH ST,39.17550008,-86.52702563
902031761,2013,6,4,Weekday,1600,2-Car,No injury/unknown,UNSAFE LANE MOVEMENT,6TH & WALNUT ST,39.17548134,-86.53360024
901962330,2013,1,4,Weekday,1200,1-Car,No injury/unknown,OTHER (DRIVER) - EXPLAIN IN NARRATIVE,13TH & 900 N FESS AVE,39.17544,-86.525824
901968417,2013,2,1,Weekend,100,2-Car,No injury/unknown,IMPROPER TURNING,N JORDAN AVE,39.17539053,-86.51397285
901983326,2013,3,3,Weekday,100,2-Car,No injury/unknown,RAN OFF ROAD RIGHT,NORTH COLLEGE RD,39.17528784,-86.53474939
902100229,2013,10,5,Weekday,1400,2-Car,No injury/unknown,OTHER (DRIVER) - EXPLAIN IN NARRATIVE,N CURRY PIKE,39.1752739,-86.58629608
902087304,2013,9,1,Weekend,1100,2-Car,Non-incapacitating,FOLLOWING TOO CLOSELY,INDIANA AVE & THIRTEENTH,39.17524746,-86.52701896
902129454,2013,12,1,Weekday,2100,2-Car,No injury/unknown,FAILURE TO YIELD RIGHT OF WAY,INDIANA AVE & THIRTEENTH,39.17524746,-86.52701896
901955720,2013,1,5,Weekday,1000,2-Car,No injury/unknown,OTHER (DRIVER) - EXPLAIN IN NARRATIVE,NORTH FEE LN,39.17524114,-86.51896409
902005942,2013,4,5,Weekday,1400,2-Car,No injury/unknown,UNSAFE BACKING,N FEE LN,39.17524114,-86.51896409
902007924,2013,4,2,Weekday,2000,2-Car,No injury/unknown,UNSAFE BACKING,N FEE LN,39.17524114,-86.51896409
902013345,2013,5,5,Weekday,1700,2-Car,No injury/unknown,OTHER (DRIVER) - EXPLAIN IN NARRATIVE,NORTH FEE LN,39.17524114,-86.51896409
902070968,2013,8,4,Weekday,1100,2-Car,No injury/unknown,UNSAFE BACKING,N FEE LN,39.17524114,-86.51896409
902087343,2013,9,7,Weekend,2100,2-Car,No injury/unknown,UNSAFE BACKING,N FEE LN,39.17524114,-86.51896409
902102119,2013,10,5,Weekday,1700,2-Car,No injury/unknown,UNSAFE BACKING,N FEE LN,39.17524114,-86.51896409
902138734,2013,12,1,Weekend,200,3+ Cars,No injury/unknown,SPEED TOO FAST FOR WEATHER CONDITIONS,NORTH FEE LN,39.17524114,-86.51896409
902004466,2013,4,2,Weekday,1500,2-Car,No injury/unknown,FAILURE TO YIELD RIGHT OF WAY,13TH & INDIANA AVE,39.1752398,-86.52699999
902010730,2013,4,1,Weekend,1400,2-Car,No injury/unknown,FAILURE TO YIELD RIGHT OF WAY,13TH & INDIANA AVE,39.1752398,-86.52699999
902122693,2013,11,3,Weekday,1900,2-Car,Non-incapacitating,FAILURE TO YIELD RIGHT OF WAY,13TH & INDIANA AVE,39.1752398,-86.52699999
902054945,2013,7,7,Weekend,1600,2-Car,No injury/unknown,FAILURE TO YIELD RIGHT OF WAY,3RD & CURRY PIKE,39.17523429,-86.58292002
902097583,2013,10,4,Weekday,1200,2-Car,No injury/unknown,FAILURE TO YIELD RIGHT OF WAY,13TH ST & WALNUT,39.175232,-86.520976
902107468,2013,10,1,Weekend,1300,2-Car,No injury/unknown,FOLLOWING TOO CLOSELY,RANGE & SR45N,39.17522812,-86.49550628
902110385,2013,10,5,Weekday,1800,2-Car,No injury/unknown,UNSAFE LANE MOVEMENT,RANGE & SR4546N,39.17522812,-86.49550628
902040161,2013,6,6,Weekday,1600,3+ Cars,Non-incapacitating,FAILURE TO YIELD RIGHT OF WAY,E 10TH ST & N RUSSELL,39.175152,-86.4812
901996676,2013,3,6,Weekday,100,1-Car,Incapacitating,DRIVER DISTRACTED - EXPLAIN IN NARRATIVE,E 13TH ST & N FEE,39.175152,-86.518992
902083977,2013,9,1,Weekend,1300,Pedestrian,Non-incapacitating,PEDESTRIAN ACTION,1101 N FEE (SOUTH LOT) LN & 13TH,39.175152,-86.518992
902136071,2013,12,4,Weekday,1400,2-Car,No injury/unknown,FOLLOWING TOO CLOSELY,13TH ST & FEE,39.175152,-86.518992
901992344,2013,3,4,Weekday,1800,2-Car,No injury/unknown,UNSAFE BACKING,NORTH ROGERS & WEST 13TH ST,39.175152,-86.538512
902111622,2013,11,7,Weekend,2000,2-Car,No injury/unknown,FAILURE TO YIELD RIGHT OF WAY,THIRTEENTH & WALNUT GROVE ST,39.17512767,-86.52103911
902047565,2013,7,6,Weekend,2200,1-Car,No injury/unknown,RAN OFF ROAD RIGHT,SR37S & VERNAL,39.17506668,-86.56448965
902088309,2013,9,2,Weekday,1500,Bus,No injury/unknown,IMPROPER TURNING,N CRESCENT RD & W VERNAL,39.17504,-86.556496
902116359,2013,11,1,Weekend,0,1-Car,No injury/unknown,OTHER (DRIVER) - EXPLAIN IN NARRATIVE,W CRESCENT & W VERNAL PIKE,39.17504,-86.556496
902129414,2013,12,1,Weekend,1800,2-Car,No injury/unknown,FOLLOWING TOO CLOSELY,CRESCENT & VERNAL PIKE,39.1749803,-86.55653983
902105616,2013,10,4,Weekday,2300,2-Car,No injury/unknown,IMPROPER TURNING,WOODBRIDGE DR,39.17485423,-86.49131789
902070141,2013,8,2,Weekday,1600,3+ Cars,Incapacitating,DRIVER DISTRACTED - EXPLAIN IN NARRATIVE,SR37N & VERNAL,39.17469734,-86.56501204
902114385,2013,11,3,Weekday,1000,2-Car,No injury/unknown,UNSAFE SPEED,SR37 & VERNAL,39.17459151,-86.56491138
902106513,2013,10,5,Weekday,1300,2-Car,No injury/unknown,UNSAFE BACKING,FAIRVIEW ST & KIRKWOOD,39.17457121,-86.54091998
902083558,2013,9,1,Weekend,1000,2-Car,No injury/unknown,FOLLOWING TOO CLOSELY,JORDAN AVE & LAW,39.17452715,-86.5148379
901967668,2013,2,7,Weekend,800,1-Car,No injury/unknown,RAN OFF ROAD RIGHT,SR37N & W VERNAL,39.17451267,-86.56527324
902070472,2013,8,3,Weekday,800,2-Car,No injury/unknown,IMPROPER LANE USAGE,W 12TH ST,39.17441927,-86.53085976
902120985,2013,11,1,Weekend,1000,1-Car,No injury/unknown,DRIVER ASLEEP OR FATIGUED,W 12TH ST,39.17441927,-86.53085976
901978825,2013,2,1,Weekend,400,2-Car,No injury/unknown,WRONG WAY ON ONE WAY,E 12TH & N LINCOLN ST,39.174416,-86.530992
901994829,2013,3,1,Weekday,1900,2-Car,No injury/unknown,OTHER (DRIVER) - EXPLAIN IN NARRATIVE,12TH & LINCOLN ST,39.174416,-86.530992
902012445,2013,4,7,Weekend,100,3+ Cars,No injury/unknown,UNSAFE BACKING,E 12TH & N LINCOLN ST,39.174416,-86.530992
902000418,2013,4,6,Weekend,2200,2-Car,No injury/unknown,FAILURE TO YIELD RIGHT OF WAY,12TH ST & INDIANA,39.174368,-86.527088
902053961,2013,7,5,Weekday,1500,2-Car,No injury/unknown,FAILURE TO YIELD RIGHT OF WAY,12TH & INDIANA AVE,39.174368,-86.527088
902094935,2013,10,7,Weekend,1100,2-Car,No injury/unknown,FAILURE TO YIELD RIGHT OF WAY,12TH ST & INDIANA,39.174368,-86.527088
902111427,2013,11,7,Weekend,1200,2-Car,No injury/unknown,FAILURE TO YIELD RIGHT OF WAY,12TH & INDIANA AVE,39.174368,-86.527088
902006687,2013,4,7,Weekend,100,3+ Cars,No injury/unknown,OTHER (DRIVER) - EXPLAIN IN NARRATIVE,12TH ST & WASHINGTON,39.174368,-86.5324
901953524,2013,1,1,Weekend,1300,1-Car,No injury/unknown,RAN OFF ROAD RIGHT,INDIANA AVE & TWELVETH,39.17436283,-86.52699273
902003593,2013,4,7,Weekend,1600,2-Car,No injury/unknown,FAILURE TO YIELD RIGHT OF WAY,INDIANA & TWELVETH ST,39.17436283,-86.52699273
902004985,2013,4,3,Weekday,1500,Moped/Motorcycle,No injury/unknown,UNSAFE BACKING,12TH ST & SUMMIT,39.174352,-86.54852929
901960460,2013,1,1,Weekend,100,2-Car,No injury/unknown,IMPROPER PASSING,E 12TH & N WALNUT ST,39.174352,-86.533472
901961983,2013,1,4,Weekday,1800,2-Car,No injury/unknown,FAILURE TO YIELD RIGHT OF WAY,12TH & INDIANA AVE,39.17434998,-86.52698993
902081712,2013,9,4,Weekday,1600,3+ Cars,Non-incapacitating,FOLLOWING TOO CLOSELY,12TH & INDIANA AVE,39.17434998,-86.52698993
902098698,2013,10,5,Weekday,1400,Cyclist,Non-incapacitating,FAILURE TO YIELD RIGHT OF WAY,12TH ST & WOODLAWN,39.17428024,-86.52355
901998735,2013,4,4,Weekday,100,3+ Cars,No injury/unknown,UNSAFE LANE MOVEMENT,12TH & LINCOLN ST,39.17414134,-86.530992
901966922,2013,1,5,Weekday,2300,1-Car,Non-incapacitating,RAN OFF ROAD RIGHT,W VERNAL PIKE,39.17381823,-86.55565738
902118992,2013,11,4,Weekday,1700,2-Car,No injury/unknown,FAILURE TO YIELD RIGHT OF WAY,ATWATER & WOODLAWN AVE,39.17369428,-86.52261994
901971749,2013,2,5,Weekday,1600,2-Car,No injury/unknown,UNSAFE BACKING,DANIELS WAY,39.17368698,-86.59799957
902091411,2013,9,1,Weekend,1400,2-Car,No injury/unknown,FOLLOWING TOO CLOSELY,ATWATER & MITCHELL ST,39.17365404,-86.5141797
901953884,2013,1,2,Weekday,900,2-Car,No injury/unknown,UNSAFE SPEED,JORDAN & LAW LN,39.17364542,-86.51618343
902078308,2013,8,4,Weekday,2000,2-Car,No injury/unknown,,FOSTER DR & LAW,39.17359024,-86.51666007
901967490,2013,1,5,Weekday,1900,3+ Cars,Non-incapacitating,SPEED TOO FAST FOR WEATHER CONDITIONS,JORDAN & LAW LN,39.173552,-86.515488
901966598,2013,1,5,Weekday,1900,3+ Cars,No injury/unknown,SPEED TOO FAST FOR WEATHER CONDITIONS,JORDAN & LAW LN,39.173552,-86.515488
901974032,2013,2,5,Weekday,900,2-Car,No injury/unknown,IMPROPER TURNING,801 N JORDAN (DOCK) AVE & LAW,39.173552,-86.515488
902014073,2013,5,7,Weekend,1200,2-Car,No injury/unknown,DISREGARD SIGNAL/REG SIGN,JORDAN AVE & LAW,39.173552,-86.515488
901967639,2013,2,7,Weekend,800,2-Car,No injury/unknown,SPEED TOO FAST FOR WEATHER CONDITIONS,ELEVENTH & INDIANA AVE,39.17347472,-86.52699102
901971315,2013,2,5,Weekday,1700,1-Car,No injury/unknown,OTHER (DRIVER) - EXPLAIN IN NARRATIVE,11TH ST & GRANT,39.17347021,-86.52973987
902071595,2013,8,5,Weekday,1200,2-Car,No injury/unknown,FAILURE TO YIELD RIGHT OF WAY,11TH ST & INDIANA,39.17346016,-86.52696982
902065821,2013,8,1,Weekday,1900,2-Car,No injury/unknown,UNSAFE BACKING,E 11TH ST,39.17344,-86.528112
901964030,2013,1,1,Weekend,1200,2-Car,No injury/unknown,FAILURE TO YIELD RIGHT OF WAY,E 11TH ST & N GRANT,39.17344,-86.529696
902085706,2013,9,5,Weekday,200,3+ Cars,No injury/unknown,UNSAFE LANE MOVEMENT,11TH & LINCOLN ST,39.17344,-86.530992
901973013,2013,2,2,Weekday,2100,2-Car,No injury/unknown,OTHER (DRIVER) - EXPLAIN IN NARRATIVE,MAPLE ST & SMITH,39.17343404,-86.54222019
902067668,2013,8,4,Weekday,1600,3+ Cars,Non-incapacitating,FOLLOWING TOO CLOSELY,SMITH & WALNUT ST,39.17342398,-86.53362974
901965027,2013,1,2,Weekday,1700,2-Car,No injury/unknown,UNSAFE BACKING,JORDAN & LAW LN,39.17340986,-86.51542237
902132321,2013,12,5,Weekday,1700,2-Car,No injury/unknown,WRONG WAY ON ONE WAY,JORDAN & LAW LN,39.17340986,-86.51543448
901983588,2013,3,3,Weekday,1000,2-Car,No injury/unknown,UNSAFE BACKING,JORDAN & LAW LN,39.17340986,-86.51543967
902035860,2013,6,5,Weekday,1500,2-Car,No injury/unknown,FOLLOWING TOO CLOSELY,JORDAN & LAW LN,39.17340986,-86.51545697
902028126,2013,5,5,Weekday,800,2-Car,No injury/unknown,,N MAPLE & W 11TH ST,39.173408,-86.542
902132680,2013,12,6,Weekday,1200,2-Car,No injury/unknown,UNSAFE BACKING,E 10TH ST,39.17339325,-86.49424743
901958000,2013,1,3,Weekday,900,2-Car,No injury/unknown,OTHER (DRIVER) - EXPLAIN IN NARRATIVE,EAST ELEVENTH ST,39.17337365,-86.5222337
902106517,2013,10,6,Weekday,900,2-Car,No injury/unknown,FAILURE TO YIELD RIGHT OF WAY,MONROE & W 11TH ST,39.173344,-86.547104
902021927,2013,5,7,Weekend,1300,2-Car,No injury/unknown,FAILURE TO YIELD RIGHT OF WAY,WEST 11TH ST,39.173344,-86.54734825
901970973,2013,2,5,Weekday,700,2-Car,Non-incapacitating,IMPROPER TURNING,N LINDBERGH & W 11TH ST,39.173344,-86.552592
902008855,2013,4,4,Weekday,1300,2-Car,No injury/unknown,FAILURE TO YIELD RIGHT OF WAY,NORTH JORDAN AVE,39.17328849,-86.51554025
902063934,2013,8,4,Weekday,1300,2-Car,No injury/unknown,FAILURE TO YIELD RIGHT OF WAY,11TH & WALNUT ST,39.17327978,-86.53359018
901973871,2013,2,4,Weekday,2200,2-Car,No injury/unknown,FOLLOWING TOO CLOSELY,11TH & COLLEGE AVE,39.17327978,-86.53479985
901989717,2013,3,6,Weekend,1900,2-Car,No injury/unknown,FAILURE TO YIELD RIGHT OF WAY,11TH & COLLEGE AVE,39.17327978,-86.53479985
902108923,2013,10,3,Weekday,1400,2-Car,No injury/unknown,FOLLOWING TOO CLOSELY,11TH ST & COLLEGE,39.17327978,-86.53479985
902132246,2013,12,5,Weekday,1500,2-Car,No injury/unknown,UNSAFE LANE MOVEMENT,11TH & COLLEGE AVE,39.17327978,-86.53479985
902081779,2013,9,4,Weekday,1800,Moped/Motorcycle,No injury/unknown,FAILURE TO YIELD RIGHT OF WAY,11TH ST & MORTON,39.17326972,-86.53605982
902100823,2013,10,3,Weekday,1500,2-Car,No injury/unknown,FAILURE TO YIELD RIGHT OF WAY,11TH ST & MORTON,39.17326972,-86.53605982
901955546,2013,1,4,Weekday,800,Bus,No injury/unknown,OTHER (DRIVER) - EXPLAIN IN NARRATIVE,11TH ST & BLAIR,39.17326972,-86.54378995
902024281,2013,5,4,Weekday,1800,1-Car,Non-incapacitating,DRIVER ILLNESS,11TH ST & ROGERS,39.17326033,-86.53858408
902064769,2013,8,5,Weekday,2100,2-Car,No injury/unknown,FAILURE TO YIELD RIGHT OF WAY,11TH & WALNUT ST,39.173248,-86.533488
902077824,2013,9,3,Weekday,1100,2-Car,No injury/unknown,UNSAFE LANE MOVEMENT,11TH & N WALNUT ST,39.173248,-86.533488
902129415,2013,12,1,Weekend,1800,2-Car,No injury/unknown,OTHER (DRIVER) - EXPLAIN IN NARRATIVE,11TH ST & ADAMS,39.17324021,-86.54981017
901981897,2013,3,6,Weekend,2200,1-Car,No injury/unknown,VIEW OBSTRUCTED,ELEVENTH ST & FORREST,39.17323718,-86.52214409
901975239,2013,2,1,Weekend,200,2-Car,No injury/unknown,FAILURE TO YIELD RIGHT OF WAY,11TH ST & COLLEGE,39.173232,-86.534752
902040246,2013,6,6,Weekday,1200,2-Car,No injury/unknown,IMPROPER TURNING,11TH ST & COLLEGE,39.173232,-86.534752
902057512,2013,7,5,Weekday,1000,2-Car,No injury/unknown,FOLLOWING TOO CLOSELY,11TH & COLLEGE AVE,39.173232,-86.534752
902080785,2013,9,3,Weekday,800,2-Car,No injury/unknown,FOLLOWING TOO CLOSELY,11TH & COLLEGE AVE,39.173232,-86.534752
902134308,2013,12,2,Weekday,1900,2-Car,No injury/unknown,DISREGARD SIGNAL/REG SIGN,11TH & NORTH COLLEGE ST,39.173232,-86.534752
901973535,2013,2,3,Weekday,1300,2-Car,No injury/unknown,FOLLOWING TOO CLOSELY,11TH ST & LINDBURGH,39.17323016,-86.55252993
901966764,2013,1,5,Weekday,2100,2-Car,No injury/unknown,ROADWAY SURFACE CONDITION,11TH & N MORTON ST,39.173216,-86.536
902100616,2013,10,2,Weekday,1200,Moped/Motorcycle,No injury/unknown,UNSAFE BACKING,N MORTON ST,39.173216,-86.536
901966647,2013,1,5,Weekday,2100,2-Car,No injury/unknown,SPEED TOO FAST FOR WEATHER CONDITIONS,11TH ST & ROGERS,39.173184,-86.538528
902086960,2013,9,6,Weekday,1000,2-Car,No injury/unknown,VIEW OBSTRUCTED,11TH & ROGERS ST,39.173184,-86.538528
902113925,2013,11,7,Weekend,1500,1-Car,No injury/unknown,ANIMAL/OBJECT IN ROADWAY,SMITH & SR45,39.17304602,-86.48245722
902017779,2013,5,6,Weekend,2000,2-Car,No injury/unknown,UNSAFE BACKING,LAW LN,39.17302832,-86.51339918
902024862,2013,5,5,Weekday,1800,2-Car,No injury/unknown,UNSAFE BACKING,E LAW LN,39.17302832,-86.51339918
902076697,2013,9,2,Weekday,1400,2-Car,No injury/unknown,UNSAFE BACKING,E LAW LN,39.17302832,-86.51339918
901993656,2013,3,7,Weekend,1800,2-Car,No injury/unknown,WRONG WAY ON ONE WAY,11TH & LINCOLN ST,39.17302802,-86.530992
902054857,2013,7,7,Weekend,1100,2-Car,No injury/unknown,BRAKE FAILURE OR DEFECTIVE,E LAW LN,39.17297448,-86.51331469
902101779,2013,10,5,Weekday,700,2-Car,No injury/unknown,LEFT OF CENTER,E LAW LN & N UNION,39.17293655,-86.51315181
902027688,2013,5,4,Weekday,1300,Moped/Motorcycle,Non-incapacitating,OVERCORRECTING/OVERSTEERING,SR37N & VERNAL,39.17285105,-86.56762445
901965613,2013,1,4,Weekday,300,1-Car,No injury/unknown,UNSAFE BACKING,N FEE LN,39.17281455,-86.51879273
901966641,2013,1,5,Weekday,1900,1-Car,No injury/unknown,SPEED TOO FAST FOR WEATHER CONDITIONS,N FEE LN,39.17281455,-86.51879273
901972334,2013,2,1,Weekend,1800,2-Car,No injury/unknown,FAILURE TO YIELD RIGHT OF WAY,N FEE LN,39.17281455,-86.51879273
901976753,2013,2,4,Weekday,1000,2-Car,No injury/unknown,OTHER (DRIVER) - EXPLAIN IN NARRATIVE,E 10TH & N SMITH RD,39.172752,-86.482288
902014176,2013,5,7,Weekend,1700,2-Car,No injury/unknown,SPEED TOO FAST FOR WEATHER CONDITIONS,10 TH ST & SMITH,39.172752,-86.482288
902019615,2013,5,3,Weekday,1700,2-Car,Non-incapacitating,FOLLOWING TOO CLOSELY,E 10TH ST & N SMITH,39.172752,-86.482288
902093261,2013,10,4,Weekday,1100,1-Car,No injury/unknown,RAN OFF ROAD RIGHT,E 10TH ST & SMITH,39.172752,-86.482288
901979662,2013,2,1,Weekend,400,1-Car,No injury/unknown,UNSAFE BACKING,N LINCOLN ST,39.17268898,-86.530992