Master Record Number,Year,Month,Day,Weekend?,Hour,Collision Type,Injury Type,Primary Factor,Reported_Location,Latitude,Longitude
902086544,2013,9,6,Weekday,1200,2-Car,No injury/unknown,FOLLOWING TOO CLOSELY,10TH & SR46N,39.17264788,-86.5026808
901994852,2013,3,2,Weekday,1500,2-Car,No injury/unknown,FAILURE TO YIELD RIGHT OF WAY,COTTAGE GROVE & INDIANA AVE,39.17264,-86.52704
902096504,2013,10,3,Weekday,700,2-Car,No injury/unknown,FAILURE TO YIELD RIGHT OF WAY,COTTAGE GROVE & INDIANA AVE,39.17264,-86.52704
901990483,2013,3,2,Weekday,0,3+ Cars,No injury/unknown,UNSAFE BACKING,E COTTAGE GROVE AVE,39.17264,-86.528272
902128968,2013,11,7,Weekend,1200,2-Car,No injury/unknown,DISREGARD SIGNAL/REG SIGN,COTTAGE GROVE & N GRANT ST,39.17264,-86.529696
902113603,2013,11,4,Weekday,700,2-Car,No injury/unknown,FAILURE TO YIELD RIGHT OF WAY,GATES & SR48W,39.17263031,-86.57347869
902092051,2013,9,2,Weekday,900,2-Car,No injury/unknown,UNSAFE BACKING,RANGE RD,39.17257033,-86.49535194
901960230,2013,1,1,Weekend,1100,2-Car,No injury/unknown,WRONG WAY ON ONE WAY,COTTAGE GROVE & INDIANA AVE,39.17256866,-86.52697412
902111508,2013,11,7,Weekend,1600,2-Car,No injury/unknown,FAILURE TO YIELD RIGHT OF WAY,COTTAGE GROVE & INDIANA AVE,39.17256027,-86.52696982
902106244,2013,10,5,Weekday,1800,Bus,No injury/unknown,FAILURE TO YIELD RIGHT OF WAY,COTTAGE GROVE & WOODLAWN AVE,39.1725301,-86.52351982
902008220,2013,4,2,Weekday,1800,2-Car,No injury/unknown,FOLLOWING TOO CLOSELY,COTTAGE GROVE & WALNUT ST,39.1725301,-86.53359018
902082982,2013,9,6,Weekday,1600,3+ Cars,No injury/unknown,DRIVER DISTRACTED - EXPLAIN IN NARRATIVE,COTTAGE GROVE & WALNUT ST,39.1725301,-86.53359018
901969081,2013,2,2,Weekday,1300,2-Car,No injury/unknown,FAILURE TO YIELD RIGHT OF WAY,COTTAGE GRV & FORREST,39.17252004,-86.5224
902072837,2013,8,1,Weekend,1500,1-Car,No injury/unknown,UNSAFE BACKING,COTTAGE & FORREST AVE,39.17252004,-86.5224
902114969,2013,11,5,Weekday,1400,2-Car,No injury/unknown,UNSAFE BACKING,COTTAGE GROVE AVE & FORREST,39.17252004,-86.52240865
902083105,2013,9,6,Weekday,1700,3+ Cars,Incapacitating,FOLLOWING TOO CLOSELY,SR46 & UNIONVILLE,39.17251405,-86.50278374
901991199,2013,3,2,Weekday,1700,1-Car,No injury/unknown,UNSAFE BACKING,NORTH FEE LN,39.17250261,-86.51898354
902008558,2013,4,3,Weekday,2100,1-Car,Incapacitating,UNSAFE SPEED,NORTH FEE LN,39.17250261,-86.51898354
902107263,2013,10,7,Weekend,2100,2-Car,No injury/unknown,UNSAFE BACKING,N FEE LN,39.17250261,-86.51898354
902119655,2013,11,5,Weekday,1900,1-Car,No injury/unknown,OTHER (DRIVER) - EXPLAIN IN NARRATIVE,NORTH FEE LN,39.17250261,-86.51898354
902001340,2013,4,2,Weekday,1700,3+ Cars,No injury/unknown,FOLLOWING TOO CLOSELY,E 10TH & SR46E,39.17239791,-86.5025346
902076471,2013,9,1,Weekend,1800,2-Car,No injury/unknown,,BARRINGTON DR,39.17236246,-86.48777671
902105696,2013,10,3,Weekday,1600,1-Car,No injury/unknown,,BARRINGTON DR,39.17236246,-86.48777671
902077579,2013,9,3,Weekday,1700,Pedestrian,Non-incapacitating,UNSAFE LANE MOVEMENT,LAW LN & UNION,39.17234033,-86.50956883
902091856,2013,9,2,Weekday,900,1-Car,No injury/unknown,OTHER (DRIVER) - EXPLAIN IN NARRATIVE,LAW & UNION ST,39.17234033,-86.50966018
902069343,2013,8,6,Weekday,0,2-Car,No injury/unknown,,E BARRINGTON DR,39.17219684,-86.48835472
902096217,2013,10,7,Weekend,2300,2-Car,No injury/unknown,OTHER (DRIVER) - EXPLAIN IN NARRATIVE,N UNION ST,39.172144,-86.509392
902115767,2013,11,6,Weekday,400,1-Car,No injury/unknown,ANIMAL/OBJECT IN ROADWAY,10TH & RANGE RD,39.17205331,-86.49530932
901973980,2013,2,5,Weekday,700,2-Car,No injury/unknown,FAILURE TO YIELD RIGHT OF WAY,10TH & COLLEGE AVE,39.17201865,-86.53476505
902140906,2013,11,4,Weekday,1500,2-Car,No injury/unknown,FOLLOWING TOO CLOSELY,10TH & COLLEGE AVE,39.17199118,-86.53476534
902060121,2013,7,3,Weekday,2000,2-Car,No injury/unknown,FAILURE TO YIELD RIGHT OF WAY,2ND & WALNUT ST,39.17197385,-86.53362974
901973629,2013,2,4,Weekday,1000,3+ Cars,Non-incapacitating,ACCELERATOR FAILURE OR DEFECTIVE,SO ROGERS ST & W 2ND,39.17197385,-86.53867028
902087522,2013,9,1,Weekend,1400,2-Car,No injury/unknown,FAILURE TO YIELD RIGHT OF WAY,2ND & EAST ALLEY OF WALNUT ST,39.17197334,-86.53362757
902039681,2013,6,3,Weekday,1400,2-Car,No injury/unknown,FOLLOWING TOO CLOSELY,CURRY PIKE & PROFILE,39.17196013,-86.5829797
902000690,2013,4,1,Weekend,200,2-Car,No injury/unknown,,10TH & PARK AVE,39.17192257,-86.52461686
902080206,2013,9,2,Weekday,700,2-Car,No injury/unknown,FOLLOWING TOO CLOSELY,10TH ST & GRANDVIEW,39.17189978,-86.48744009
902102293,2013,10,5,Weekday,1600,2-Car,Non-incapacitating,FOLLOWING TOO CLOSELY,10TH & SR46,39.17189797,-86.5022422
902093759,2013,10,5,Weekday,1100,2-Car,No injury/unknown,FOLLOWING TOO CLOSELY,COLLEGE AVE & KIRKWOOD,39.17188723,-86.53488032
902147731,2013,12,7,Weekend,700,1-Car,Non-incapacitating,ROADWAY SURFACE CONDITION,10TH ST & GRANDVIEW,39.17187203,-86.48713756
902115467,2013,11,6,Weekday,800,2-Car,No injury/unknown,IMPROPER LANE USAGE,N JACOB & WHITE HALL CROSSING BLVD,39.17183004,-86.57166011
902000540,2013,4,7,Weekend,1200,2-Car,Non-incapacitating,UNSAFE LANE MOVEMENT,N JACOB & W WHITEHALL CROSSING BLVD,39.17183004,-86.57167743
901997020,2013,3,5,Weekday,2300,2-Car,No injury/unknown,RAN OFF ROAD RIGHT,N PARK AVE,39.17174922,-86.52461127
901976953,2013,2,4,Weekday,1500,2-Car,Non-incapacitating,FOLLOWING TOO CLOSELY,10TH ST & GRANDVIEW,39.17174873,-86.48853997
902071307,2013,8,6,Weekday,100,1-Car,No injury/unknown,OTHER (DRIVER) - EXPLAIN IN NARRATIVE,10TH ST & COLLEGE,39.171744,-86.53441515
901963913,2013,1,7,Weekend,2200,2-Car,No injury/unknown,FAILURE TO YIELD RIGHT OF WAY,N WALNUT & W 10TH ST,39.171744,-86.53352
902003744,2013,4,7,Weekend,700,Moped/Motorcycle,Non-incapacitating,DISREGARD SIGNAL/REG SIGN,10TH ST & WALNUT,39.171744,-86.53352
902042512,2013,6,4,Weekday,800,2-Car,No injury/unknown,DISREGARD SIGNAL/REG SIGN,10TH & WALNUT ST,39.171744,-86.53352
902078334,2013,9,4,Weekday,1100,2-Car,No injury/unknown,UNSAFE LANE MOVEMENT,10TH & N WALNUT ST,39.171744,-86.53352
902006037,2013,4,5,Weekday,1300,2-Car,No injury/unknown,,N COLLEGE AVE,39.171744,-86.534768
902028689,2013,5,6,Weekday,1100,2-Car,No injury/unknown,SPEED TOO FAST FOR WEATHER CONDITIONS,10TH & COLLEGE AVE,39.171744,-86.534768
902041115,2013,6,2,Weekday,1000,2-Car,No injury/unknown,FAILURE TO YIELD RIGHT OF WAY,10TH & COLLEGE AVE,39.171744,-86.534768
902047213,2013,7,6,Weekday,1000,2-Car,No injury/unknown,IMPROPER TURNING,10TH & COLLEGE AVE,39.171744,-86.534768
902089261,2013,9,4,Weekday,900,2-Car,No injury/unknown,IMPROPER LANE USAGE,N COLLEGE AVE & W 10TH,39.171744,-86.534768
902142219,2013,12,4,Weekday,1700,2-Car,No injury/unknown,IMPROPER TURNING,10TH & COLLEGE AVE,39.171744,-86.534768
901993318,2013,3,6,Weekend,1900,2-Car,No injury/unknown,UNSAFE BACKING,N MORTON ST,39.171744,-86.536
902078995,2013,9,6,Weekday,800,2-Car,No injury/unknown,DRIVER DISTRACTED - EXPLAIN IN NARRATIVE,10TH & N MORTON ST,39.171744,-86.536
902044334,2013,6,7,Weekend,1600,2-Car,No injury/unknown,FOLLOWING TOO CLOSELY,10TH ST & WASHINGTON,39.171728,-86.5324
902089480,2013,9,4,Weekday,1700,2-Car,No injury/unknown,FAILURE TO YIELD RIGHT OF WAY,10TH ST & WASHINGTON,39.171728,-86.5324
901957150,2013,1,6,Weekend,2300,2-Car,No injury/unknown,UNSAFE BACKING,10TH & LINCOLN ST,39.171712,-86.530992
902035017,2013,5,6,Weekday,1600,2-Car,No injury/unknown,IMPROPER TURNING,S FESS AVE,39.17170384,-86.52576065
901960515,2013,1,2,Weekday,900,2-Car,No injury/unknown,FAILURE TO YIELD RIGHT OF WAY,10TH ST & GRANT,39.171696,-86.529696
901999631,2013,4,5,Weekday,2300,2-Car,No injury/unknown,UNSAFE BACKING,10TH & GRANT ST,39.171696,-86.529696
902051138,2013,7,7,Weekend,900,2-Car,No injury/unknown,FAILURE TO YIELD RIGHT OF WAY,10TH ST & GRANT,39.171696,-86.529696
902063411,2013,8,3,Weekday,1100,2-Car,No injury/unknown,DRIVER DISTRACTED - EXPLAIN IN NARRATIVE,SR45N & TENTH,39.17169189,-86.53102874
902064650,2013,8,5,Weekday,1700,2-Car,No injury/unknown,DRIVER DISTRACTED - EXPLAIN IN NARRATIVE,10TH ST & 46,39.17169189,-86.53102874
902085565,2013,9,4,Weekday,1800,2-Car,No injury/unknown,FOLLOWING TOO CLOSELY,10TH & SR4546S,39.17169189,-86.53102874
902089435,2013,9,3,Weekday,2100,2-Car,No injury/unknown,FOLLOWING TOO CLOSELY,10TH & SR4546S,39.17169189,-86.53102874
902093119,2013,10,4,Weekday,0,2-Car,No injury/unknown,FOLLOWING TOO CLOSELY,10TH & SR46E,39.17169189,-86.53102874
902093476,2013,10,4,Weekday,1900,Bus,No injury/unknown,OTHER (DRIVER) - EXPLAIN IN NARRATIVE,10TH ST & SR4546S,39.17169189,-86.53102874
902093750,2013,10,5,Weekday,1000,2-Car,No injury/unknown,UNSAFE SPEED,10TH & SR46E,39.17169189,-86.53102874
902093458,2013,10,4,Weekday,1700,Moped/Motorcycle,No injury/unknown,FOLLOWING TOO CLOSELY,10TH ST & LINCOLN,39.1716899,-86.53103001
902101832,2013,10,5,Weekday,1100,2-Car,No injury/unknown,FAILURE TO YIELD RIGHT OF WAY,10TH ST & LINCOLN,39.1716899,-86.53103001
902136383,2013,12,3,Weekday,1200,1-Car,No injury/unknown,UNSAFE BACKING,EAST 10TH ST,39.17168118,-86.50658033
902138656,2013,12,7,Weekend,2100,2-Car,No injury/unknown,FAILURE TO YIELD RIGHT OF WAY,GRANT & TENTH ST,39.17168001,-86.52978264
902003957,2013,4,1,Weekday,2200,2-Car,Non-incapacitating,DRIVER DISTRACTED - EXPLAIN IN NARRATIVE,10TH ST & INDIANA,39.17168,-86.527024
902009440,2013,4,5,Weekday,1000,2-Car,No injury/unknown,DISREGARD SIGNAL/REG SIGN,E 10TH ST & N INDIANA,39.17168,-86.527024
902094779,2013,10,6,Weekend,2000,2-Car,Non-incapacitating,DISREGARD SIGNAL/REG SIGN,E 10TH ST & N INDIANA,39.17168,-86.527024
902126586,2013,11,2,Weekday,1700,2-Car,No injury/unknown,FAILURE TO YIELD RIGHT OF WAY,10TH & INDIANA AVE,39.17168,-86.527024
902134954,2013,12,6,Weekday,1500,3+ Cars,No injury/unknown,DISREGARD SIGNAL/REG SIGN,10TH ST & INDIANA,39.17168,-86.527024
901966757,2013,2,6,Weekday,0,2-Car,No injury/unknown,ROADWAY SURFACE CONDITION,10TH & N DUNN ST,39.17168,-86.528256
901958400,2013,1,3,Weekday,2300,2-Car,No injury/unknown,FAILURE TO YIELD RIGHT OF WAY,10TH ST & DUNN,39.17168,-86.528256
902095206,2013,10,1,Weekend,100,2-Car,No injury/unknown,FAILURE TO YIELD RIGHT OF WAY,10TH ST & DUNN,39.17168,-86.528256
902105697,2013,10,4,Weekday,1100,2-Car,No injury/unknown,FOLLOWING TOO CLOSELY,E 10TH ST & N DUNN,39.17168,-86.528256
902143199,2013,12,5,Weekday,1700,2-Car,Non-incapacitating,FOLLOWING TOO CLOSELY,DUNN & TENTH ST,39.17168,-86.528256
902004847,2013,4,3,Weekday,1200,2-Car,Incapacitating,FOLLOWING TOO CLOSELY,10TH & SR46N,39.17167282,-86.52827453
902072664,2013,8,7,Weekend,2100,2-Car,No injury/unknown,FOLLOWING TOO CLOSELY,10TH ST & BARRINGTON,39.17166978,-86.48929014
902075347,2013,8,5,Weekday,2200,2-Car,No injury/unknown,FOLLOWING TOO CLOSELY,E 10TH ST & E BARRINGTON,39.17166978,-86.48929014
902075737,2013,8,6,Weekday,1500,2-Car,Non-incapacitating,OTHER (DRIVER) - EXPLAIN IN NARRATIVE,BARRINGTON & E 10TH ST,39.17166978,-86.48929014
902077539,2013,9,3,Weekday,1700,2-Car,Non-incapacitating,FAILURE TO YIELD RIGHT OF WAY,10TH ST & BARRINGTON,39.17166978,-86.48929014
902094065,2013,10,4,Weekday,1400,2-Car,No injury/unknown,FAILURE TO YIELD RIGHT OF WAY,10TH ST & BARRINGTON,39.17166978,-86.48929014
902101328,2013,10,4,Weekday,1100,2-Car,No injury/unknown,FAILURE TO YIELD RIGHT OF WAY,BARRINGTON & E 10TH ST,39.17166978,-86.48929014
902149220,2013,12,3,Weekday,500,1-Car,Non-incapacitating,RAN OFF ROAD RIGHT,BARRINGTON DR & E 10TH,39.17166978,-86.48929014
901959157,2013,1,5,Weekday,1400,2-Car,No injury/unknown,FAILURE TO YIELD RIGHT OF WAY,10TH ST & GRANT,39.17166978,-86.52975998
902036463,2013,6,6,Weekday,1500,3+ Cars,Non-incapacitating,DISREGARD SIGNAL/REG SIGN,10TH ST & GRANT,39.17166978,-86.52975998
902006348,2013,4,6,Weekday,1000,2-Car,No injury/unknown,FAILURE TO YIELD RIGHT OF WAY,E 10TH ST & N FESS,39.171664,-86.52576
902089515,2013,9,4,Weekday,1600,2-Car,No injury/unknown,FOLLOWING TOO CLOSELY,10TH ST & INDIANA,39.17165972,-86.52696982
902132392,2013,12,6,Weekday,0,2-Car,No injury/unknown,FOLLOWING TOO CLOSELY,10TH ST & INDIANA,39.17165972,-86.52696982
902005581,2013,4,4,Weekday,1800,2-Car,No injury/unknown,FOLLOWING TOO CLOSELY,10TH ST & WALNUT,39.17165972,-86.53358012
902111809,2013,10,5,Weekday,2000,2-Car,No injury/unknown,FOLLOWING TOO CLOSELY,TENTH & WALNUT ST,39.17165972,-86.53358012
902019989,2013,5,4,Weekday,1300,2-Car,No injury/unknown,IMPROPER TURNING,10TH & COLLEGE AVE,39.17165972,-86.53483003
902116934,2013,11,2,Weekday,1000,2-Car,No injury/unknown,IMPROPER TURNING,10TH & COLLEGE AVE,39.17165972,-86.53483003
902133678,2013,12,1,Weekday,2000,2-Car,No injury/unknown,FAILURE TO YIELD RIGHT OF WAY,10TH & COLLEGE AVE,39.17165972,-86.53483003
902135984,2013,12,4,Weekday,600,2-Car,No injury/unknown,IMPROPER TURNING,EAST 10TH ST,39.17165503,-86.51853963
902105429,2013,10,4,Weekday,1500,1-Car,No injury/unknown,UNSAFE BACKING,E TENTH ST,39.17165369,-86.51814199
902002755,2013,4,5,Weekday,1700,2-Car,No injury/unknown,FAILURE TO YIELD RIGHT OF WAY,10TH ST & WASHINGTON,39.17165034,-86.53233021
902012736,2013,5,4,Weekday,1700,2-Car,No injury/unknown,FOLLOWING TOO CLOSELY,10TH ST & WASHINGTON,39.17165034,-86.53233021
902063743,2013,8,3,Weekday,1500,2-Car,Non-incapacitating,FAILURE TO YIELD RIGHT OF WAY,10TH ST & WASHINGTON,39.17165034,-86.53233021
902058220,2013,7,6,Weekday,1500,1-Car,Non-incapacitating,DRIVER ASLEEP OR FATIGUED,E 10TH ST & JEFFERSON,39.17164801,-86.50638231
902046039,2013,6,6,Weekday,1200,1-Car,No injury/unknown,OTHER (VEHICLE) - EXPLAIN IN NARRATIVE,10TH ST & JEFFERSON,39.171648,-86.50691158
902109784,2013,10,5,Weekday,500,1-Car,No injury/unknown,SPEED TOO FAST FOR WEATHER CONDITIONS,10TH ST & JEFFERSON,39.171648,-86.50694686
901954803,2013,1,3,Weekday,1500,2-Car,No injury/unknown,UNSAFE LANE MOVEMENT,E 10TH & SR46,39.171648,-86.502096
901972922,2013,2,2,Weekday,1600,2-Car,No injury/unknown,FOLLOWING TOO CLOSELY,E 10TH & SR46E,39.171648,-86.502096
902046827,2013,7,5,Weekday,600,2-Car,No injury/unknown,DRIVER ASLEEP OR FATIGUED,10TH & SR46N,39.171648,-86.502096
902102251,2013,10,5,Weekday,2300,2-Car,No injury/unknown,OTHER (DRIVER) - EXPLAIN IN NARRATIVE,SR45E & SR46,39.171648,-86.502096
902109394,2013,10,4,Weekday,900,2-Car,No injury/unknown,UNSAFE LANE MOVEMENT,10TH ST & SR46N,39.171648,-86.502096
902132546,2013,12,6,Weekday,700,2-Car,No injury/unknown,SPEED TOO FAST FOR WEATHER CONDITIONS,10TH & SR46E,39.171648,-86.502096
902110439,2013,10,5,Weekday,2000,2-Car,No injury/unknown,UNSAFE BACKING,E 10TH ST,39.171648,-86.50362639
901980620,2013,2,1,Weekend,1700,2-Car,No injury/unknown,,E 10TH ST,39.171648,-86.50435515
902094747,2013,10,6,Weekday,1800,1-Car,No injury/unknown,UNSAFE BACKING,E 10TH ST,39.171648,-86.50435515
901978869,2013,2,2,Weekday,400,1-Car,No injury/unknown,UNSAFE SPEED,E 10TH ST & N JEFFERSON,39.171648,-86.507088
902071813,2013,8,5,Weekday,2000,1-Car,No injury/unknown,UNSAFE SPEED,E 10TH ST & N JEFFERSON,39.171648,-86.507088
902131079,2013,12,4,Weekday,700,2-Car,No injury/unknown,FOLLOWING TOO CLOSELY,JEFFERSON & TENTH ST,39.171648,-86.507088
901983968,2013,3,3,Weekday,1700,2-Car,No injury/unknown,FAILURE TO YIELD RIGHT OF WAY,E 10TH ST & N PARK,39.171648,-86.524608
902057763,2013,7,5,Weekday,1500,3+ Cars,No injury/unknown,FOLLOWING TOO CLOSELY,10TH ST & PARK,39.171648,-86.524608
902012768,2013,5,4,Weekday,2100,2-Car,No injury/unknown,UNSAFE LANE MOVEMENT,10TH ST & SR46,39.17164438,-86.50191964
902050382,2013,7,5,Weekday,1100,2-Car,Non-incapacitating,FOLLOWING TOO CLOSELY,E 10TH ST,39.1716433,-86.50186748
901974762,2013,2,6,Weekday,1200,3+ Cars,Non-incapacitating,UNSAFE SPEED,10TH ST & WOODLAWN,39.17164028,-86.52349365
902002293,2013,4,4,Weekday,2000,2-Car,Non-incapacitating,FAILURE TO YIELD RIGHT OF WAY,10TH ST & WOODLAWN,39.17164028,-86.52349971
902034271,2013,6,3,Weekday,800,2-Car,Non-incapacitating,UNSAFE LANE MOVEMENT,10TH ST & WOODLAWN,39.17164028,-86.52349971
902057140,2013,7,4,Weekday,1200,2-Car,No injury/unknown,UNSAFE BACKING,10TH ST & WOODLAWN,39.17164028,-86.52349971
902088789,2013,9,2,Weekday,1900,Cyclist,Non-incapacitating,FAILURE TO YIELD RIGHT OF WAY,10TH ST & WOODLAWN,39.17164028,-86.52349971
902094147,2013,10,5,Weekday,2100,Moped/Motorcycle,Incapacitating,FAILURE TO YIELD RIGHT OF WAY,10TH ST & WOODLAWN,39.17164028,-86.52349971
902114270,2013,11,4,Weekday,1900,3+ Cars,No injury/unknown,DRIVER DISTRACTED - EXPLAIN IN NARRATIVE,10TH ST & WOODLAWN,39.17164028,-86.52349971
902079892,2013,9,1,Weekend,1600,2-Car,No injury/unknown,DRIVER DISTRACTED - EXPLAIN IN NARRATIVE,TENTH ST & WALNUT GROVE,39.17163221,-86.52137986
902015728,2013,5,3,Weekday,1400,2-Car,No injury/unknown,OTHER (DRIVER) - EXPLAIN IN NARRATIVE,10TH ST & WOODLAWN,39.171632,-86.523536
902071305,2013,8,5,Weekday,0,2-Car,No injury/unknown,FAILURE TO YIELD RIGHT OF WAY,10TH ST & WOODLAWN,39.171632,-86.523536
902046293,2013,7,4,Weekday,800,3+ Cars,No injury/unknown,OTHER (DRIVER) - EXPLAIN IN NARRATIVE,TENTH ST & WOODLAWN,39.171632,-86.523536
902073320,2013,8,2,Weekday,1100,3+ Cars,No injury/unknown,FOLLOWING TOO CLOSELY,10TH ST & WOODLAWN,39.171632,-86.523536
902087470,2013,9,1,Weekend,1800,1-Car,No injury/unknown,UNSAFE BACKING,E 10TH ST,39.171632,-86.523536
902089389,2013,9,4,Weekday,1200,2-Car,No injury/unknown,UNSAFE BACKING,10TH ST & WOODLAWN,39.171632,-86.523536
902097783,2013,10,4,Weekday,1600,1-Car,No injury/unknown,OTHER (DRIVER) - EXPLAIN IN NARRATIVE,E 10TH ST,39.171632,-86.523536
902104765,2013,10,3,Weekday,1600,2-Car,No injury/unknown,UNSAFE BACKING,EAST 10TH ST,39.171632,-86.523536
902143927,2013,12,6,Weekday,1500,Bus,No injury/unknown,FOLLOWING TOO CLOSELY,10TH & WOODLAWN AVE,39.171632,-86.523536
902071220,2013,8,4,Weekday,1900,2-Car,No injury/unknown,UNSAFE SPEED,10TH ST & FORREST,39.17163022,-86.52237989
902078836,2013,9,6,Weekday,0,1-Car,No injury/unknown,DRIVER DISTRACTED - EXPLAIN IN NARRATIVE,10TH ST & FORREST,39.17163022,-86.52237989
902119997,2013,11,6,Weekday,1200,2-Car,No injury/unknown,FAILURE TO YIELD RIGHT OF WAY,10TH ST & FORREST,39.17163022,-86.52237989
902129086,2013,11,7,Weekend,1600,2-Car,No injury/unknown,DISREGARD SIGNAL/REG SIGN,FEE LN & TENTH,39.17163013,-86.51902446
902131824,2013,12,5,Weekday,0,2-Car,No injury/unknown,UNSAFE BACKING,FEE & TENTH ST,39.17163011,-86.51901956
902066592,2013,8,2,Weekday,1600,2-Car,No injury/unknown,FAILURE TO YIELD RIGHT OF WAY,TENTH & WOODLAWN AVE,39.17162998,-86.52351778
901969419,2013,2,2,Weekday,1700,2-Car,Non-incapacitating,IMPROPER PASSING,10TH & N SMITH RD,39.17162407,-86.48129791
901958091,2013,1,3,Weekday,1200,2-Car,No injury/unknown,UNSAFE BACKING,EAST 10TH ST,39.17162087,-86.50077565
902005847,2013,4,4,Weekday,1600,2-Car,No injury/unknown,IMPROPER TURNING,E 10TH ST,39.17162087,-86.50077565
902093212,2013,10,4,Weekday,700,1-Car,No injury/unknown,UNSAFE BACKING,E 10TH ST,39.1716193,-86.50069948
902036152,2013,6,6,Weekday,1000,2-Car,No injury/unknown,UNSAFE SPEED,10TH ST & FEE,39.1716101,-86.51903273
902101023,2013,10,2,Weekday,2000,2-Car,No injury/unknown,FOLLOWING TOO CLOSELY,10TH ST & FEE,39.1716101,-86.51903273
902133273,2013,12,7,Weekend,1700,2-Car,No injury/unknown,FOLLOWING TOO CLOSELY,E 10TH ST & N FEE,39.1716101,-86.51903705
902076152,2013,8,7,Weekend,1900,2-Car,No injury/unknown,FOLLOWING TOO CLOSELY,10TH ST & FEE,39.1716101,-86.51906301
901966667,2013,1,5,Weekday,1900,2-Car,No injury/unknown,SPEED TOO FAST FOR WEATHER CONDITIONS,10TH ST & WALNUNT GROVE,39.1716101,-86.52099416
901985577,2013,3,4,Weekday,1700,3+ Cars,Non-incapacitating,FOLLOWING TOO CLOSELY,10TH ST & WALNUT GROVE,39.17160131,-86.52101949
901989475,2013,3,6,Weekday,1100,3+ Cars,No injury/unknown,DRIVER DISTRACTED - EXPLAIN IN NARRATIVE,10TH ST & WALNUT,39.1716,-86.520896
901995804,2013,3,4,Weekday,1200,2-Car,No injury/unknown,IMPROPER TURNING,TENTH ST & WALNUT,39.1716,-86.520896
902014202,2013,5,6,Weekday,1600,2-Car,No injury/unknown,FOLLOWING TOO CLOSELY,10TH ST & WALNUT GROVE,39.1716,-86.520896
902116838,2013,11,4,Weekday,1300,2-Car,Non-incapacitating,FOLLOWING TOO CLOSELY,TENTH ST & WALNUT,39.1716,-86.520896
902138039,2013,12,6,Weekday,1400,2-Car,No injury/unknown,FOLLOWING TOO CLOSELY,E 10TH ST & N WALNUT GROVE,39.1716,-86.520896
902097149,2013,10,3,Weekday,1300,2-Car,No injury/unknown,UNSAFE BACKING,1309 E 10TH (DOCK) ST & NORTH FEE,39.17159884,-86.51902426
902091211,2013,9,1,Weekday,2300,2-Car,No injury/unknown,UNSAFE BACKING,JORDAN & TENTH ST,39.17159746,-86.51259531
902028228,2013,5,5,Weekday,1200,2-Car,No injury/unknown,UNSAFE BACKING,1320 E 10TH (S PARKING LOT) ST & JORDAN,39.1715952,-86.51566449
901981863,2013,3,6,Weekday,1700,2-Car,No injury/unknown,FOLLOWING TOO CLOSELY,10TH ST & CAMPBELL,39.17158999,-86.51394031
901963161,2013,1,6,Weekday,1200,Pedestrian,Non-incapacitating,FAILURE TO YIELD RIGHT OF WAY,10TH ST & JORDAN,39.17158999,-86.51563433
902109031,2013,10,3,Weekday,2200,3+ Cars,No injury/unknown,FOLLOWING TOO CLOSELY,10TH ST & JORDAN,39.17158999,-86.5156473
902110556,2013,10,5,Weekday,2300,1-Car,No injury/unknown,SPEED TOO FAST FOR WEATHER CONDITIONS,10TH ST & JORDAN,39.17158999,-86.51565163
902124030,2013,11,5,Weekday,1800,Pedestrian,No injury/unknown,SPEED TOO FAST FOR WEATHER CONDITIONS,10TH ST & JORDAN,39.17158999,-86.51565163
901979493,2013,2,2,Weekday,1700,3+ Cars,No injury/unknown,DRIVER DISTRACTED - EXPLAIN IN NARRATIVE,10TH & JORDAN AVE,39.17158999,-86.51566028
902005571,2013,4,4,Weekday,1900,Bus,No injury/unknown,FAILURE TO YIELD RIGHT OF WAY,10TH & JORDAN AVE,39.17158999,-86.51566028
902085839,2013,9,5,Weekday,800,Bus,No injury/unknown,SPEED TOO FAST FOR WEATHER CONDITIONS,10TH & JORDAN AVE,39.17158999,-86.51566028
901996876,2013,3,6,Weekday,1400,1-Car,No injury/unknown,OVERCORRECTING/OVERSTEERING,10TH ST,39.17158931,-86.50409527
902107470,2013,10,6,Weekday,700,2-Car,No injury/unknown,UNSAFE BACKING,E 10TH ST,39.17158931,-86.50409527
902004041,2013,4,6,Weekday,900,2-Car,No injury/unknown,UNSAFE BACKING,1315 N FEE (PARKING LOT) LN & FEE,39.171584,-86.518688
902104546,2013,10,3,Weekday,900,2-Car,Non-incapacitating,UNSAFE SPEED,10TH ST & FEE,39.171584,-86.518688
902069379,2013,8,1,Weekday,1900,2-Car,No injury/unknown,FOLLOWING TOO CLOSELY,10TH ST & SUNRISE,39.17157993,-86.51247639
901981291,2013,2,5,Weekday,2000,3+ Cars,No injury/unknown,DRIVER DISTRACTED - EXPLAIN IN NARRATIVE,10TH ST & SUNRISE,39.17157993,-86.51247985