Master Record Number,Year,Month,Day,Weekend?,Hour,Collision Type,Injury Type,Primary Factor,Reported_Location,Latitude,Longitude
901982111,2013,3,7,Weekend,1600,2-Car,No injury/unknown,FOLLOWING TOO CLOSELY,10TH ST & SUNRISE,39.17157993,-86.51247985
901998085,2013,4,2,Weekday,1800,2-Car,No injury/unknown,DISREGARD SIGNAL/REG SIGN,10TH ST & SUNRISE,39.17157993,-86.51247985
902080497,2013,9,7,Weekend,1600,Cyclist,Non-incapacitating,FAILURE TO YIELD RIGHT OF WAY,10TH & SUNRISE DR,39.17157993,-86.51247985
901977909,2013,2,6,Weekday,1200,2-Car,No injury/unknown,FAILURE TO YIELD RIGHT OF WAY,10TH ST & SUNRISE,39.17157993,-86.51249715
902003272,2013,4,6,Weekday,1600,2-Car,No injury/unknown,FAILURE TO YIELD RIGHT OF WAY,E 10TH ST & N SUNRISE,39.17157993,-86.51250581
902013040,2013,5,5,Weekday,1200,2-Car,No injury/unknown,UNSAFE BACKING,E 10TH ST,39.17157943,-86.51826514
901959318,2013,1,5,Weekday,1500,2-Car,No injury/unknown,IMPROPER PASSING,E 10TH ST,39.17157747,-86.51808392
901962538,2013,1,4,Weekday,1900,2-Car,No injury/unknown,OTHER (VEHICLE) - EXPLAIN IN NARRATIVE,E 10TH ST,39.17157747,-86.51808392
902012804,2013,5,4,Weekday,2300,2-Car,No injury/unknown,UNSAFE BACKING,E 10TH ST,39.17157747,-86.51808392
902126355,2013,11,2,Weekday,1200,2-Car,No injury/unknown,UNSAFE BACKING,EAST 10TH ST,39.17157747,-86.51808392
902131119,2013,12,4,Weekday,700,2-Car,No injury/unknown,UNSAFE SPEED,10TH ST & FEE,39.17157638,-86.51798237
901961391,2013,1,3,Weekday,1700,2-Car,No injury/unknown,UNSAFE LANE MOVEMENT,TENTH & UNION ST,39.17157235,-86.50945322
901965549,2013,1,3,Weekday,1900,2-Car,No injury/unknown,DRIVER DISTRACTED - EXPLAIN IN NARRATIVE,TENTH & UNION ST,39.17157235,-86.50945322
902132820,2013,12,6,Weekday,1300,2-Car,No injury/unknown,SPEED TOO FAST FOR WEATHER CONDITIONS,TENTH ST & UNION,39.17157235,-86.50945322
902068688,2013,8,6,Weekday,1600,2-Car,No injury/unknown,FOLLOWING TOO CLOSELY,SR46 & UNIONVILLE,39.17156644,-86.50228603
902081413,2013,9,3,Weekday,1700,3+ Cars,No injury/unknown,FOLLOWING TOO CLOSELY,SR45 & SR46,39.1715658,-86.50228603
902135412,2013,12,4,Weekday,900,2-Car,No injury/unknown,SPEED TOO FAST FOR WEATHER CONDITIONS,SR45 & SR46,39.1715658,-86.50228603
902144070,2013,12,6,Weekend,1900,3+ Cars,No injury/unknown,FOLLOWING TOO CLOSELY,SR46 & UNIONVILLE,39.1715658,-86.50228603
902005723,2013,4,5,Weekday,800,2-Car,No injury/unknown,OTHER (VEHICLE) - EXPLAIN IN NARRATIVE,E TENTH ST,39.17156383,-86.51814334
901961033,2013,1,3,Weekday,700,2-Car,Non-incapacitating,OTHER (DRIVER) - EXPLAIN IN NARRATIVE,JORDAN & TENTH ST,39.171552,-86.515728
902006935,2013,4,7,Weekend,1500,2-Car,No injury/unknown,UNSAFE SPEED,10TH & WOODBRIDGE DR,39.17154975,-86.49086996
902071234,2013,8,4,Weekday,1500,Moped/Motorcycle,Non-incapacitating,FAILURE TO YIELD RIGHT OF WAY,10TH ST & JOHN HINKLE,39.17154975,-86.49086996
902071863,2013,8,5,Weekday,2100,2-Car,Non-incapacitating,FAILURE TO YIELD RIGHT OF WAY,EAST 10TH ST & WOODBRIDGE,39.17154975,-86.49086996
902079719,2013,9,1,Weekend,0,2-Car,No injury/unknown,FAILURE TO YIELD RIGHT OF WAY,10TH ST & N DRIVE TO HILLTOP GARDENS,39.17154975,-86.50485031
902056966,2013,7,4,Weekday,1200,2-Car,No injury/unknown,UNSAFE BACKING,TENTH ST & UNION,39.17154975,-86.50943905
901997582,2013,3,6,Weekday,1400,2-Car,No injury/unknown,UNSAFE BACKING,10TH & UNION ST,39.17154975,-86.5094503
902071672,2013,8,5,Weekday,1500,Bus,No injury/unknown,DRIVER DISTRACTED - EXPLAIN IN NARRATIVE,10TH ST & UNION,39.17154975,-86.5094503
902129182,2013,11,7,Weekend,2200,2-Car,Non-incapacitating,FOLLOWING TOO CLOSELY,10TH ST & UNION,39.17154975,-86.5094503
902115145,2013,11,5,Weekday,2100,2-Car,No injury/unknown,FOLLOWING TOO CLOSELY,10TH ST & UNION,39.17154975,-86.50945462
902017157,2013,5,5,Weekday,1700,Pedestrian,Incapacitating,FAILURE TO YIELD RIGHT OF WAY,10TH ST & UNION,39.17154975,-86.50945678
901955858,2013,1,5,Weekday,1500,2-Car,No injury/unknown,FOLLOWING TOO CLOSELY,10TH & 45 46 BYPASS ST,39.17153031,-86.50220967
902021780,2013,5,7,Weekend,1600,2-Car,No injury/unknown,FOLLOWING TOO CLOSELY,10TH ST & 45 46,39.17153031,-86.50220967
902076454,2013,9,1,Weekend,1500,2-Car,No injury/unknown,FOLLOWING TOO CLOSELY,10TH & 45 46 BYP,39.17153031,-86.50220967
902096904,2013,10,3,Weekday,1500,2-Car,No injury/unknown,DRIVER DISTRACTED - EXPLAIN IN NARRATIVE,10TH ST & 45 46,39.17153031,-86.50220967
902107560,2013,10,1,Weekend,1800,2-Car,Non-incapacitating,FOLLOWING TOO CLOSELY,10TH ST & 45 46,39.17153031,-86.50220967
901973339,2013,2,3,Weekday,1400,2-Car,No injury/unknown,UNSAFE LANE MOVEMENT,EAST TENTH ST & STATE ROAD 45 46,39.17152876,-86.50224706
901974849,2013,2,6,Weekday,1700,2-Car,No injury/unknown,FOLLOWING TOO CLOSELY,E 10TH ST & JORDAN,39.1715274,-86.51396405
902016164,2013,5,3,Weekday,1300,Cyclist,Non-incapacitating,FOLLOWING TOO CLOSELY,SR45 & SR46,39.17152599,-86.49774101
902123283,2013,11,4,Weekday,1400,3+ Cars,No injury/unknown,FAILURE TO YIELD RIGHT OF WAY,EAST TENTH ST,39.17150684,-86.5092726
902085587,2013,9,4,Weekday,1600,2-Car,No injury/unknown,IMPROPER PASSING,E 10TH ST & RANGE,39.171504,-86.49478273
901958840,2013,1,1,Weekend,1800,3+ Cars,No injury/unknown,FOLLOWING TOO CLOSELY,10 ST & PETE ELLIS,39.171504,-86.495312
901960250,2013,1,4,Weekday,1800,2-Car,No injury/unknown,FOLLOWING TOO CLOSELY,10TH ST & PETE ELLIS,39.171504,-86.495312
902033370,2013,6,1,Weekend,1000,2-Car,No injury/unknown,DISREGARD SIGNAL/REG SIGN,10TH ST & RANGE,39.171504,-86.495312
902008328,2013,4,3,Weekday,1600,Cyclist,Non-incapacitating,FAILURE TO YIELD RIGHT OF WAY,10TH ST & RANGE,39.171504,-86.495312
902083077,2013,9,6,Weekday,1700,2-Car,Non-incapacitating,FAILURE TO YIELD RIGHT OF WAY,RANGE & SR46E,39.171504,-86.495312
902122821,2013,11,3,Weekday,1200,2-Car,No injury/unknown,FOLLOWING TOO CLOSELY,E 10TH ST & PETE ELLIS,39.171504,-86.495312
901981280,2013,2,5,Weekday,1900,2-Car,No injury/unknown,UNSAFE BACKING,E 10TH ST,39.171504,-86.512288
902029790,2013,6,1,Weekend,1700,2-Car,No injury/unknown,UNSAFE BACKING,E 10TH ST,39.171504,-86.512288
902013272,2013,5,5,Weekday,1600,2-Car,No injury/unknown,FAILURE TO YIELD RIGHT OF WAY,E 10TH ST,39.171504,-86.512288
902037888,2013,6,2,Weekday,1900,2-Car,No injury/unknown,UNSAFE BACKING,BLOCK OF EAST 10TH ST,39.171504,-86.512288
902063957,2013,8,3,Weekday,1300,2-Car,No injury/unknown,UNSAFE BACKING,EAST 10TH ST,39.171504,-86.512288
902081782,2013,9,4,Weekday,2000,1-Car,No injury/unknown,OTHER (DRIVER) - EXPLAIN IN NARRATIVE,E 10TH ST,39.171504,-86.512288
902114968,2013,11,5,Weekday,900,2-Car,No injury/unknown,,E 10TH ST,39.17149326,-86.51131082
901980065,2013,2,3,Weekday,1700,3+ Cars,Non-incapacitating,DISREGARD SIGNAL/REG SIGN,10TH ST & PETE ELLIS,39.17149007,-86.4953801
901993300,2013,3,6,Weekend,1900,2-Car,No injury/unknown,DISREGARD SIGNAL/REG SIGN,10TH ST & RANGE,39.17149007,-86.4953801
902028828,2013,5,6,Weekday,1300,2-Car,No injury/unknown,UNSAFE SPEED,10TH ST & PETE ELLIS,39.17149007,-86.4953801
902098653,2013,10,6,Weekday,800,1-Car,No injury/unknown,UNSAFE BACKING,10TH ST & RANGE,39.17149007,-86.4953801
902125870,2013,11,1,Weekend,1500,2-Car,Non-incapacitating,DISREGARD SIGNAL/REG SIGN,10TH ST & PETE ELLIS,39.17149007,-86.4953801
902129149,2013,11,7,Weekend,500,1-Car,No injury/unknown,ANIMAL/OBJECT IN ROADWAY,10TH ST & PETE ELLIS,39.17149007,-86.4953974
902086596,2013,9,6,Weekday,1300,1-Car,No injury/unknown,UNSAFE BACKING,2931 E 10TH (LOT) ST & NORTH RANGE,39.17148598,-86.49537255
901974345,2013,2,5,Weekday,1800,2-Car,Non-incapacitating,FOLLOWING TOO CLOSELY,E 10TH ST & UNION,39.17148364,-86.51043443
902106317,2013,10,5,Weekday,2000,2-Car,No injury/unknown,IMPROPER TURNING,E 10TH ST,39.17148317,-86.51039227
902141575,2013,12,4,Weekday,1400,2-Car,No injury/unknown,IMPROPER TURNING,10TH ST,39.17148166,-86.51025546
902058151,2013,7,6,Weekday,1400,2-Car,No injury/unknown,UNSAFE BACKING,E 10TH ST,39.17148145,-86.51023592
902018357,2013,5,1,Weekend,1800,2-Car,No injury/unknown,FOLLOWING TOO CLOSELY,10TH ST & UNION,39.17147782,-86.50990522
901954186,2013,1,2,Weekday,1300,2-Car,No injury/unknown,UNSAFE BACKING,N UNION ST,39.171472,-86.509376
901960898,2013,1,2,Weekday,2200,1-Car,No injury/unknown,IMPROPER TURNING,E 10TH & UNION ST,39.171472,-86.509376
902003590,2013,4,6,Weekend,2200,2-Car,No injury/unknown,UNSAFE BACKING,E 10TH ST,39.171472,-86.509376
902003625,2013,4,6,Weekend,2100,2-Car,Non-incapacitating,FAILURE TO YIELD RIGHT OF WAY,E 10TH ST,39.171472,-86.509376
902070117,2013,8,2,Weekday,2000,2-Car,No injury/unknown,FAILURE TO YIELD RIGHT OF WAY,E 10TH ST,39.171472,-86.509376
902071669,2013,8,5,Weekday,1500,2-Car,No injury/unknown,UNSAFE BACKING,N UNION ST,39.171472,-86.509376
902056122,2013,7,2,Weekday,2300,Moped/Motorcycle,Non-incapacitating,UNSAFE SPEED,10TH ST & UNION,39.171472,-86.509376
902073928,2013,8,3,Weekday,1100,2-Car,No injury/unknown,FAILURE TO YIELD RIGHT OF WAY,10TH & UNION ST,39.171472,-86.509376
902047463,2013,7,6,Weekday,1600,Moped/Motorcycle,Non-incapacitating,OTHER (DRIVER) - EXPLAIN IN NARRATIVE,PETE ELLIS DR & SR45,39.17146144,-86.49541336
902144077,2013,12,6,Weekend,1900,2-Car,No injury/unknown,UNSAFE LANE MOVEMENT,PETE ELLIS DR & SR45,39.17146144,-86.49541336
902008308,2013,4,2,Weekday,2200,2-Car,No injury/unknown,FOLLOWING TOO CLOSELY,10TH & JORDAN AVE,39.17144254,-86.51574009
902006978,2013,4,1,Weekend,100,1-Car,No injury/unknown,OTHER (DRIVER) - EXPLAIN IN NARRATIVE,W 10TH ST,39.17144,-86.548192
902079315,2013,9,6,Weekday,1800,2-Car,No injury/unknown,OTHER (DRIVER) - EXPLAIN IN NARRATIVE,EAST 10TH ST,39.17144,-86.548192
902135566,2013,12,6,Weekday,1300,2-Car,Non-incapacitating,SPEED TOO FAST FOR WEATHER CONDITIONS,800 NORTH SMITH RD & MEADOW BROOK APT,39.171425,-86.479675
902132824,2013,12,6,Weekday,1300,1-Car,No injury/unknown,SPEED TOO FAST FOR WEATHER CONDITIONS,10TH ST & JEFFERSON,39.17141028,-86.50722728
902073077,2013,8,1,Weekend,1200,2-Car,No injury/unknown,OTHER (DRIVER) - EXPLAIN IN NARRATIVE,N WALNUT ST,39.17132767,-86.53352555
901967109,2013,2,6,Weekday,1300,2-Car,No injury/unknown,UNSAFE BACKING,EAST 10TH ST,39.171312,-86.5492
901980378,2013,2,4,Weekday,1100,2-Car,No injury/unknown,UNSAFE BACKING,10TH ST,39.171312,-86.5492
902038679,2013,6,4,Weekday,700,2-Car,No injury/unknown,UNSAFE BACKING,EAST 10TH ST,39.171312,-86.5492
902110261,2013,10,5,Weekday,1400,1-Car,No injury/unknown,UNSAFE BACKING,E 10TH ST,39.171312,-86.5492
902013382,2013,5,5,Weekday,2200,1-Car,No injury/unknown,UNSAFE BACKING,N GATES DR,39.17126846,-86.57679748
902019936,2013,5,4,Weekday,900,2-Car,No injury/unknown,FAILURE TO YIELD RIGHT OF WAY,N SMITH RD,39.171248,-86.481328
901966545,2013,1,4,Weekday,2200,2-Car,No injury/unknown,IMPROPER LANE USAGE,10TH & UNION ST,39.17119738,-86.50937067
902071861,2013,8,5,Weekday,2200,1-Car,No injury/unknown,UNSAFE BACKING,WALNUT ST,39.17115625,-86.53352784
902114380,2013,11,3,Weekday,900,2-Car,No injury/unknown,FAILURE TO YIELD RIGHT OF WAY,10TH & UNION ST,39.17106006,-86.509368
902072945,2013,8,1,Weekend,1700,2-Car,Incapacitating,FOLLOWING TOO CLOSELY,SR46 & UNIONVILLE,39.17098821,-86.5019736
902089504,2013,9,4,Weekday,1400,2-Car,No injury/unknown,UNSAFE BACKING,S COLLEGE AVE,39.17088686,-86.534768
902127199,2013,11,3,Weekday,1400,2-Car,No injury/unknown,FAILURE TO YIELD RIGHT OF WAY,S COLLEGE AVE,39.17088686,-86.534768
902116824,2013,11,1,Weekend,1300,2-Car,Non-incapacitating,DRIVER DISTRACTED - EXPLAIN IN NARRATIVE,E 10TH & SR46E,39.17088014,-86.50171207
902030547,2013,6,2,Weekday,2000,2-Car,No injury/unknown,UNSAFE BACKING,N WALNUT ST,39.17086237,-86.53353176
902005085,2013,4,3,Weekday,1800,2-Car,No injury/unknown,DRIVER DISTRACTED - EXPLAIN IN NARRATIVE,E HILLSIDE DR,39.170848,-86.503696
902075606,2013,8,6,Weekday,1200,2-Car,No injury/unknown,UNSAFE BACKING,E HILLSIDE DR,39.170848,-86.503696
901993153,2013,3,6,Weekday,1400,2-Car,No injury/unknown,OTHER (DRIVER) - EXPLAIN IN NARRATIVE,4TH & GRANT ST,39.17084706,-86.52981966
901962594,2013,1,5,Weekday,1500,2-Car,No injury/unknown,OTHER (DRIVER) - EXPLAIN IN NARRATIVE,N WALNUT ST,39.17073992,-86.53353339
901999368,2013,4,5,Weekday,1100,Bus,No injury/unknown,IMPROPER TURNING,E JOHN HINKLE & N PETE ELLIS DR,39.17072,-86.4956
902086728,2013,9,6,Weekday,1700,2-Car,No injury/unknown,SPEED TOO FAST FOR WEATHER CONDITIONS,JOHN HINKLE & PETE ELLIS DR,39.17072,-86.4956
902086683,2013,9,6,Weekday,1600,3+ Cars,No injury/unknown,FOLLOWING TOO CLOSELY,9TH & WALNUT ST,39.17068132,-86.53353417
902049902,2013,7,4,Weekday,1600,2-Car,No injury/unknown,UNSAFE BACKING,N PARK AVE,39.17058906,-86.52456196
901973179,2013,2,3,Weekday,1200,2-Car,No injury/unknown,UNSAFE BACKING,N JACOBS DR,39.17057008,-86.5723139
901981375,2013,2,4,Weekday,1100,2-Car,No injury/unknown,UNSAFE BACKING,N JACOBS DR,39.17057008,-86.5723139
902036796,2013,6,6,Weekday,1000,2-Car,Non-incapacitating,UNSAFE BACKING,N JACOB DR,39.17057008,-86.5723139
902045510,2013,7,3,Weekday,700,1-Car,No injury/unknown,OTHER (DRIVER) - EXPLAIN IN NARRATIVE,NINTH ST & WOODLAWN,39.170544,-86.523488
901954693,2013,1,3,Weekday,800,2-Car,No injury/unknown,OTHER (DRIVER) - EXPLAIN IN NARRATIVE,9TH ST & PARK,39.170544,-86.52456
902031722,2013,6,4,Weekday,1400,2-Car,No injury/unknown,UNSAFE BACKING,E 9TH ST,39.170544,-86.52793437
902048277,2013,7,2,Weekday,700,2-Car,No injury/unknown,,501 N DUNN ST & 9TH,39.170544,-86.52824
902072638,2013,8,7,Weekend,1900,2-Car,No injury/unknown,UNSAFE BACKING,BLOCK OF DUNN ST,39.170544,-86.52824
902076591,2013,9,2,Weekday,1000,Cyclist,Non-incapacitating,PEDESTRIAN ACTION,9TH & N DUNN ST,39.170544,-86.52824
902071591,2013,8,4,Weekday,1600,2-Car,No injury/unknown,FAILURE TO YIELD RIGHT OF WAY,E 9TH ST & GRANT,39.170544,-86.529696
902013843,2013,5,6,Weekday,1800,2-Car,No injury/unknown,SPEED TOO FAST FOR WEATHER CONDITIONS,W 9TH ST & WALNUT,39.170544,-86.533536
902058575,2013,7,7,Weekend,1900,Pedestrian,Non-incapacitating,FAILURE TO YIELD RIGHT OF WAY,E 9TH ST & WALNUT,39.170544,-86.533536
901967052,2013,1,5,Weekday,1800,Bus,No injury/unknown,SPEED TOO FAST FOR WEATHER CONDITIONS,9TH & NORTH COLLEGE AVE,39.170544,-86.534768
901985134,2013,3,4,Weekday,1100,2-Car,No injury/unknown,FAILURE TO YIELD RIGHT OF WAY,N COLLEGE AVE & W 9TH,39.170544,-86.534768
901993472,2013,3,7,Weekend,1000,2-Car,Non-incapacitating,FAILURE TO YIELD RIGHT OF WAY,9TH & N COLLEGE AVE,39.170544,-86.534768
901956627,2013,1,7,Weekend,1400,1-Car,No injury/unknown,OTHER (DRIVER) - EXPLAIN IN NARRATIVE,EAST JOHN HINKLE PL,39.17053986,-86.49426269
902020165,2013,5,4,Weekday,1500,2-Car,No injury/unknown,FAILURE TO YIELD RIGHT OF WAY,9TH & GRANT ST,39.1704601,-86.52977004
901961970,2013,1,4,Weekday,1800,2-Car,No injury/unknown,FOLLOWING TOO CLOSELY,9TH & WALNUT ST,39.1704601,-86.53356
901962525,2013,1,4,Weekday,1700,2-Car,No injury/unknown,IMPROPER TURNING,9TH & WALNUT ST,39.1704601,-86.53356
902075766,2013,8,6,Weekday,1600,2-Car,No injury/unknown,FOLLOWING TOO CLOSELY,9TH & WALNUT ST,39.1704601,-86.53356
901971294,2013,2,5,Weekday,1800,2-Car,No injury/unknown,FAILURE TO YIELD RIGHT OF WAY,9TH & COLLEGE AVE,39.1704601,-86.53485015
902099468,2013,10,7,Weekend,2200,2-Car,No injury/unknown,UNSAFE LANE MOVEMENT,9TH & COLLEGE AVE,39.1704601,-86.53485015
901955370,2013,1,3,Weekday,1400,2-Car,No injury/unknown,IMPROPER LANE USAGE,9TH ST & WOODLAWN,39.17042993,-86.52349971
902123007,2013,11,4,Weekday,0,2-Car,No injury/unknown,,HILLSDALE & HILLSDALE DR,39.17040712,-86.50305993
902129554,2013,12,2,Weekday,600,1-Car,No injury/unknown,ANIMAL/OBJECT IN ROADWAY,BOTTOM & SR37N,39.17035524,-86.55792236
901983665,2013,3,3,Weekday,1300,2-Car,No injury/unknown,UNSAFE BACKING,NORTH JACOB DR,39.1702919,-86.57196044
901995517,2013,3,3,Weekday,1900,2-Car,No injury/unknown,FAILURE TO YIELD RIGHT OF WAY,EASTGATE & SR4546N,39.17024,-86.501392
902144052,2013,12,6,Weekday,1800,3+ Cars,Non-incapacitating,BRAKE FAILURE OR DEFECTIVE,EASTGATE & SR45N,39.17024,-86.501392
902081353,2013,9,3,Weekday,800,2-Car,No injury/unknown,UNSAFE BACKING,8TH & HOPEWELL ST,39.17022931,-86.552192
902084032,2013,9,2,Weekday,900,2-Car,No injury/unknown,UNSAFE BACKING,E EASTGATE LN,39.170159,-86.501186
902094526,2013,10,6,Weekday,1400,2-Car,No injury/unknown,DRIVER DISTRACTED - EXPLAIN IN NARRATIVE,EASTGATE & SR45S,39.17015076,-86.5014801
902043475,2013,6,4,Weekday,1600,2-Car,No injury/unknown,FAILURE TO YIELD RIGHT OF WAY,N DANIELS WAY & ZENITTH,39.17015031,-86.59829981
901971066,2013,2,5,Weekday,1000,2-Car,No injury/unknown,UNSAFE BACKING,N PARK RIDGE RD,39.170144,-86.474896
902112738,2013,11,2,Weekday,1200,2-Car,No injury/unknown,,N COLLEGE AVE,39.17009861,-86.53477518
902156514,2013,12,1,Weekend,300,2-Car,No injury/unknown,UNSAFE BACKING,NORTH WALNUT ST,39.17002869,-86.53322601
902125524,2013,11,7,Weekend,1000,1-Car,No injury/unknown,UNSAFE BACKING,SOUTH WALNUT ST,39.16999739,-86.53354482
902009642,2013,4,5,Weekday,1400,2-Car,No injury/unknown,FAILURE TO YIELD RIGHT OF WAY,CATHCART & SOUTH WILCOX ST,39.1699906,-86.49986006
902067645,2013,8,4,Weekday,1400,1-Car,No injury/unknown,DRIVER ILLNESS,NORTH COLLEGE AVE,39.16997528,-86.53449249
902058998,2013,7,1,Weekend,1300,2-Car,No injury/unknown,UNSAFE BACKING,GATES DR,39.1698761,-86.57495117
902072640,2013,8,7,Weekend,1800,2-Car,No injury/unknown,UNSAFE BACKING,NORTH GATES DR,39.1698761,-86.57495117
901968194,2013,2,1,Weekend,1200,2-Car,No injury/unknown,IMPROPER TURNING,8TH & N COLLEGE AVE,39.16982663,-86.53477957
902099895,2013,10,1,Weekend,1100,2-Car,No injury/unknown,FOLLOWING TOO CLOSELY,8TH & COLLEGE AVE,39.16982663,-86.53477957
901950578,2013,1,3,Weekday,100,1-Car,No injury/unknown,OVERCORRECTING/OVERSTEERING,W SMITH AVE,39.1698213,-86.48138871
902081354,2013,9,3,Weekday,1200,2-Car,No injury/unknown,OTHER (DRIVER) - EXPLAIN IN NARRATIVE,BELL TRACE CIR,39.16973121,-86.49048909
901955676,2013,1,4,Weekday,1300,1-Car,No injury/unknown,OTHER (VEHICLE) - EXPLAIN IN NARRATIVE,WEST 8TH TRLR 6 ST,39.16972931,-86.55493061
902098671,2013,10,5,Weekday,1400,2-Car,No injury/unknown,OTHER (DRIVER) - EXPLAIN IN NARRATIVE,SEVENTH & UNION ST,39.16970103,-86.50943432
902144163,2013,12,7,Weekend,1500,2-Car,No injury/unknown,OTHER (DRIVER) - EXPLAIN IN NARRATIVE,8TH & WALNUT ST,39.16968932,-86.53354979
902075135,2013,8,2,Weekday,1600,1-Car,No injury/unknown,UNSAFE BACKING,WALNUT ST,39.1696883,-86.53351038
902098988,2013,10,6,Weekday,1600,2-Car,Non-incapacitating,FAILURE TO YIELD RIGHT OF WAY,EAST 8TH & NORTH DUNN ST,39.169648,-86.52824
901956594,2013,1,7,Weekend,1200,2-Car,No injury/unknown,UNSAFE BACKING,NORTH JORDAN AVE,39.16964203,-86.51621751
901981464,2013,2,2,Weekday,1900,2-Car,No injury/unknown,,E 8TH ST & INDIANA,39.169616,-86.52696
901965350,2013,1,3,Weekday,1200,2-Car,No injury/unknown,DRIVER DISTRACTED - EXPLAIN IN NARRATIVE,EAST 8TH ST,39.169616,-86.5432
901977015,2013,2,4,Weekday,1400,2-Car,No injury/unknown,,N ROGERS,39.16961371,-86.53857567
902076598,2013,9,2,Weekday,1000,2-Car,No injury/unknown,FAILURE TO YIELD RIGHT OF WAY,N PETE ELLIS DR,39.169584,-86.495904
901989024,2013,3,5,Weekday,1200,2-Car,No injury/unknown,FAILURE TO YIELD RIGHT OF WAY,8TH & N ROGERS ST,39.169584,-86.538576
902085172,2013,9,4,Weekday,800,2-Car,No injury/unknown,FAILURE TO YIELD RIGHT OF WAY,8TH & S ROGERS ST,39.169584,-86.538576
902101482,2013,10,4,Weekday,1700,2-Car,No injury/unknown,FAILURE TO YIELD RIGHT OF WAY,8TH & ROGERS ST,39.169584,-86.538576
902116607,2013,11,1,Weekend,1500,Moped/Motorcycle,Fatal,LEFT OF CENTER,SR48W & VERNAL,39.1695645,-86.67307377
902044514,2013,6,1,Weekend,1200,2-Car,Non-incapacitating,WRONG WAY ON ONE WAY,E 8TH & N LINCOLN ST,39.169552,-86.530992
902025852,2013,5,7,Weekend,1900,3+ Cars,Non-incapacitating,FAILURE TO YIELD RIGHT OF WAY,8TH & N WALNUT ST,39.169552,-86.533552
902149697,2013,12,3,Weekday,2200,Pedestrian,Non-incapacitating,IMPROPER TURNING,8TH & N WALNUT ST,39.169552,-86.533552
901975012,2013,2,7,Weekend,200,2-Car,Non-incapacitating,UNSAFE LANE MOVEMENT,8TH & COLLEGE AVE,39.169552,-86.534784
902099564,2013,10,1,Weekend,1100,2-Car,No injury/unknown,UNSAFE LANE MOVEMENT,N COLLEGE AVE & W 8TH,39.169552,-86.534784
902119791,2013,11,5,Weekday,2300,2-Car,No injury/unknown,FAILURE TO YIELD RIGHT OF WAY,8TH & COLLEGE ST,39.169552,-86.534784
902144286,2013,12,6,Weekday,1100,2-Car,No injury/unknown,FAILURE TO YIELD RIGHT OF WAY,N COLLEGE AVE & W 8TH,39.169552,-86.534784
902095914,2013,10,2,Weekday,1100,2-Car,No injury/unknown,FAILURE TO YIELD RIGHT OF WAY,8TH & ROGERS ST,39.16951999,-86.53866022
902105884,2013,10,5,Weekday,1000,2-Car,Non-incapacitating,DISREGARD SIGNAL/REG SIGN,EIGHTH & INDIANA AVE,39.16951018,-86.52696246
902022949,2013,5,2,Weekday,1700,2-Car,No injury/unknown,UNSAFE LANE MOVEMENT,8TH & COLLEGE AVE,39.16950993,-86.53484009
902063196,2013,8,5,Weekday,1000,2-Car,No injury/unknown,UNSAFE SPEED,KERR CREEK RD & SR46,39.16950736,-86.45889222
902118221,2013,11,3,Weekday,1800,2-Car,No injury/unknown,FAILURE TO YIELD RIGHT OF WAY,EIGHTH & WALNUT ST,39.16949578,-86.53357019
902005772,2013,4,5,Weekday,200,1-Car,Non-incapacitating,DRIVER DISTRACTED - EXPLAIN IN NARRATIVE,8TH & INDIANA AVE,39.16948982,-86.52695976
901964700,2013,1,2,Weekday,1400,2-Car,No injury/unknown,OTHER (DRIVER) - EXPLAIN IN NARRATIVE,DUNN & E 8TH ST,39.16948982,-86.528283
902123075,2013,11,4,Weekday,1100,2-Car,No injury/unknown,FAILURE TO YIELD RIGHT OF WAY,EIGHTH & WOODLAWN AVE,39.16947976,-86.52349032
901997214,2013,3,7,Weekend,2000,Pedestrian,Non-incapacitating,FAILURE TO YIELD RIGHT OF WAY,8TH & WALNUT ST,39.16947976,-86.53357006
902009670,2013,4,5,Weekday,2100,2-Car,No injury/unknown,FAILURE TO YIELD RIGHT OF WAY,8TH & WALNUT ST,39.16947976,-86.53357006
902090072,2013,9,5,Weekday,1700,Bus,No injury/unknown,FAILURE TO YIELD RIGHT OF WAY,E 8TH ST & WOODLAWN,39.16947817,-86.52349401
901995709,2013,3,2,Weekday,800,1-Car,No injury/unknown,ROADWAY SURFACE CONDITION,NORTH HARTSTRAIGHT RD,39.16925049,-86.61382293
901968078,2013,2,7,Weekend,1100,1-Car,No injury/unknown,DISREGARD SIGNAL/REG SIGN,7TH & ADAMS ST,39.16912327,-86.54953919
901968290,2013,2,1,Weekend,0,2-Car,No injury/unknown,,SOUTH MORTON ST,39.169056,-86.536
902012232,2013,4,3,Weekday,1100,3+ Cars,Non-incapacitating,FAILURE TO YIELD RIGHT OF WAY,7TH & UNION ST,39.16899987,-86.509328