Master Record Number,Year,Month,Day,Weekend?,Hour,Collision Type,Injury Type,Primary Factor,Reported_Location,Latitude,Longitude
902130189,2013,11,7,Weekend,0,1-Car,No injury/unknown,ANIMAL/OBJECT IN ROADWAY,SR48 & VERNAL,39.16898809,-86.66456348
901993661,2013,3,7,Weekend,1400,Cyclist,No injury/unknown,DISREGARD SIGNAL/REG SIGN,7TH & JORDAN AVE,39.168944,-86.516016
902081807,2013,9,4,Weekday,1800,Moped/Motorcycle,Non-incapacitating,IMPROPER LANE USAGE,7TH ST & JORDAN,39.168944,-86.516016
902093308,2013,10,4,Weekday,1400,Pedestrian,Non-incapacitating,FAILURE TO YIELD RIGHT OF WAY,7TH & JORDAN AVE,39.168944,-86.516016
902058013,2013,7,6,Weekday,1000,Cyclist,Non-incapacitating,OTHER (DRIVER) - EXPLAIN IN NARRATIVE,S WALNUT ST,39.16890057,-86.53356343
902025455,2013,5,4,Weekday,1600,2-Car,No injury/unknown,,E EASTGATE LN,39.16887492,-86.49876303
901991195,2013,3,2,Weekday,900,2-Car,No injury/unknown,,E EASTGATE LN,39.16887492,-86.49906545
902093492,2013,10,4,Weekday,1900,Cyclist,No injury/unknown,FAILURE TO YIELD RIGHT OF WAY,7TH & JORDAN AVE,39.16885011,-86.51615984
902104844,2013,10,3,Weekday,1900,Cyclist,Non-incapacitating,FAILURE TO YIELD RIGHT OF WAY,7TH & JORDAN AVE,39.16885011,-86.51615984
901981858,2013,3,6,Weekend,1900,2-Car,No injury/unknown,FAILURE TO YIELD RIGHT OF WAY,7TH ST & JORDAN,39.16885011,-86.51616849
901970306,2013,2,4,Weekday,1300,2-Car,No injury/unknown,FOLLOWING TOO CLOSELY,7TH & N COLLEGE AVE,39.16876586,-86.534784
902087327,2013,9,1,Weekend,0,2-Car,No injury/unknown,,COLLEGE AVE,39.16876495,-86.53479784
902110846,2013,11,6,Weekday,1200,2-Car,No injury/unknown,DISREGARD SIGNAL/REG SIGN,GATES DR & JONATHAN,39.16876025,-86.57641969
902145162,2013,12,2,Weekday,1000,2-Car,Non-incapacitating,FOLLOWING TOO CLOSELY,GATES & JONATHAN DR,39.16876025,-86.57641969
901981845,2013,3,6,Weekday,1400,2-Car,No injury/unknown,OTHER (DRIVER) - EXPLAIN IN NARRATIVE,E 7TH ST,39.168752,-86.5436
902037097,2013,6,1,Weekend,1800,2-Car,No injury/unknown,,E 7TH ST,39.168752,-86.5436
902079397,2013,9,5,Weekday,2300,1-Car,No injury/unknown,RAN OFF ROAD RIGHT,EAST 7TH ST,39.168752,-86.5436
902092201,2013,9,2,Weekday,1200,2-Car,No injury/unknown,,E 7TH ST,39.168752,-86.5436
902129034,2013,11,6,Weekday,1200,2-Car,No injury/unknown,UNSAFE BACKING,EAST 7TH ST,39.168752,-86.5436
902002446,2013,4,5,Weekday,0,2-Car,No injury/unknown,UNSAFE LANE MOVEMENT,826 W 7TH ST & WALDRON,39.16874825,-86.5432472
902125182,2013,11,7,Weekend,800,2-Car,No injury/unknown,OTHER (DRIVER) - EXPLAIN IN NARRATIVE,N COLLEGE AVE,39.16874743,-86.534784
901998850,2013,4,4,Weekday,900,2-Car,No injury/unknown,UNSAFE BACKING,E 7TH ST & N CAMPBELL,39.16873199,-86.51390544
902148386,2013,12,2,Weekday,300,1-Car,No injury/unknown,RAN OFF ROAD RIGHT,SR43 & SR48W,39.16873169,-86.68357953
901968074,2013,2,1,Weekend,0,2-Car,Non-incapacitating,FAILURE TO YIELD RIGHT OF WAY,NORTH ROGERS ST & WEST 7TH,39.168704,-86.538576
902023790,2013,5,3,Weekday,600,1-Car,Non-incapacitating,RAN OFF ROAD RIGHT,N ROGERS ST & W 7TH,39.168704,-86.538576
902028605,2013,5,6,Weekday,800,2-Car,No injury/unknown,UNSAFE BACKING,7TH & ROGERS ST,39.168704,-86.538576
902133305,2013,12,7,Weekend,1600,2-Car,No injury/unknown,FOLLOWING TOO CLOSELY,S ROGERS ST & W 7TH,39.168704,-86.538576
902097000,2013,10,3,Weekday,1700,2-Car,No injury/unknown,FOLLOWING TOO CLOSELY,SR37N & VERNAL,39.16868722,-86.56252288
901965975,2013,1,4,Weekday,1300,2-Car,No injury/unknown,UNSAFE LANE MOVEMENT,SR37 & SR48,39.16867843,-86.57236845
902046198,2013,7,3,Weekday,1200,Bus,No injury/unknown,UNSAFE BACKING,7TH & MORTON ST,39.168672,-86.536
902071954,2013,8,6,Weekday,800,1-Car,Non-incapacitating,DRIVER DISTRACTED - EXPLAIN IN NARRATIVE,N WALNUT ST,39.16865861,-86.53356767
902076007,2013,8,7,Weekend,100,2-Car,No injury/unknown,,N WALNUT ST,39.16865861,-86.53356767
901999883,2013,4,6,Weekday,1200,2-Car,No injury/unknown,FAILURE TO YIELD RIGHT OF WAY,COLLEGE & SEVENTH ST,39.168656,-86.534784
901975255,2013,2,1,Weekend,0,2-Car,No injury/unknown,FAILURE TO YIELD RIGHT OF WAY,S COLLEGE & W 7TH ST,39.168656,-86.534784
902028423,2013,5,5,Weekday,1500,2-Car,No injury/unknown,UNSAFE BACKING,N COLLEGE AVE,39.168656,-86.534784
902082985,2013,9,6,Weekday,1500,3+ Cars,No injury/unknown,FOLLOWING TOO CLOSELY,7TH & NORTH COLLEGE AVE,39.168656,-86.534784
902096930,2013,9,7,Weekend,0,Pedestrian,Non-incapacitating,DISREGARD SIGNAL/REG SIGN,7TH & N COLLEGE AVE,39.168656,-86.534784
902108915,2013,10,3,Weekday,800,2-Car,No injury/unknown,,COLLEGE & WEST 7TH ST,39.168656,-86.534784
901953623,2013,1,1,Weekend,200,2-Car,No injury/unknown,OTHER (DRIVER) - EXPLAIN IN NARRATIVE,7TH ST & WALNUT,39.16864232,-86.53374439
902132000,2013,12,5,Weekday,1200,2-Car,No injury/unknown,FAILURE TO YIELD RIGHT OF WAY,N OAK & W 7TH ST,39.16864023,-86.54687985
902090372,2013,9,6,Weekday,800,2-Car,No injury/unknown,DRIVER DISTRACTED - EXPLAIN IN NARRATIVE,7TH ST & OAK,39.16864023,-86.54688634
902118100,2013,11,3,Weekday,1400,Bus,No injury/unknown,UNSAFE LANE MOVEMENT,E 7TH ST & WASHINGTON,39.16864,-86.53257642
902112287,2013,10,5,Weekday,1300,2-Car,No injury/unknown,VIEW OBSTRUCTED,7TH ST & WOODLAWN,39.16864,-86.523392
902118089,2013,11,3,Weekday,1300,1-Car,No injury/unknown,UNSAFE BACKING,7TH & WOODLAWN AVE,39.16864,-86.523392
902035284,2013,6,4,Weekday,1800,1-Car,No injury/unknown,OTHER (ENVIRONMENTAL) - EXPLAIN IN NARR,7TH & INDIANA AVE,39.16864,-86.526944
901961397,2013,1,7,Weekend,1700,1-Car,No injury/unknown,STEERING FAILURE,7TH ST & INDIANA,39.16864,-86.52697928
901951757,2013,1,5,Weekday,100,2-Car,No injury/unknown,IMPROPER LANE USAGE,7TH ST & GRANT,39.16864,-86.529696
901994869,2013,3,2,Weekday,1500,1-Car,No injury/unknown,IMPROPER TURNING,EAST 7TH ST,39.16864,-86.529696
901999156,2013,4,4,Weekday,1900,2-Car,No injury/unknown,,7TH & NORTH LINCOLN ST,39.16864,-86.530992
902080307,2013,9,1,Weekend,0,2-Car,No injury/unknown,,7TH ST & WASHINGTON,39.16864,-86.5324
902114375,2013,11,4,Weekday,1100,2-Car,No injury/unknown,FAILURE TO YIELD RIGHT OF WAY,E 7TH ST & S WASHINGTON,39.16864,-86.5324
901955013,2013,1,6,Weekday,1000,2-Car,No injury/unknown,FAILURE TO YIELD RIGHT OF WAY,7TH & WALNUT ST,39.16864,-86.533568
902001343,2013,4,2,Weekday,1900,2-Car,No injury/unknown,UNSAFE LANE MOVEMENT,7TH & WALNUT ST,39.16864,-86.533568
901989319,2013,3,5,Weekday,2300,2-Car,No injury/unknown,IMPROPER TURNING,205 N WALNUT ST & 7TH,39.16864,-86.533568
902087219,2013,9,7,Weekend,200,2-Car,No injury/unknown,UNSAFE LANE MOVEMENT,7TH & WALNUT ST,39.16864,-86.533568
902106981,2013,10,7,Weekend,200,2-Car,No injury/unknown,UNSAFE BACKING,N WALNUT ST,39.16864,-86.533568
902146941,2013,12,6,Weekday,200,2-Car,No injury/unknown,FAILURE TO YIELD RIGHT OF WAY,N WALNUT AVE & W 7TH,39.16864,-86.533568
901953980,2013,1,2,Weekday,1100,2-Car,No injury/unknown,FAILURE TO YIELD RIGHT OF WAY,7TH & ROGERS ST,39.16858993,-86.53867028
902011950,2013,4,3,Weekday,1500,2-Car,Non-incapacitating,DRIVER DISTRACTED - EXPLAIN IN NARRATIVE,7TH & ROGERS ST,39.16858993,-86.53867028
902118635,2013,11,4,Weekday,1100,2-Car,Non-incapacitating,FAILURE TO YIELD RIGHT OF WAY,7TH & ROGERS ST,39.16858993,-86.53867028
902090371,2013,9,6,Weekday,700,Cyclist,No injury/unknown,FAILURE TO YIELD RIGHT OF WAY,7TH ST & MADISON,39.16857988,-86.53740458
902053222,2013,7,4,Weekday,1100,2-Car,Non-incapacitating,IMPROPER TURNING,7TH & COLLEGE AVE,39.16855976,-86.5348602
902087325,2013,9,1,Weekend,1200,Bus,No injury/unknown,LEFT OF CENTER,7TH ST & COLLEGE,39.16855976,-86.5348602
901956436,2013,1,6,Weekday,1800,2-Car,No injury/unknown,DRIVER DISTRACTED - EXPLAIN IN NARRATIVE,7TH & WALNUT ST,39.1685497,-86.53359018
901965847,2013,1,3,Weekday,1400,2-Car,No injury/unknown,FAILURE TO YIELD RIGHT OF WAY,7TH ST & WALNUT,39.1685497,-86.53359018
901993319,2013,3,6,Weekday,1400,2-Car,No injury/unknown,OTHER (DRIVER) - EXPLAIN IN NARRATIVE,7TH ST & WALNUT,39.1685497,-86.53359018
902006136,2013,4,6,Weekday,0,Pedestrian,Non-incapacitating,FAILURE TO YIELD RIGHT OF WAY,7TH & WALNUT ST,39.1685497,-86.53359018
902051194,2013,7,6,Weekday,1400,2-Car,No injury/unknown,DRIVER DISTRACTED - EXPLAIN IN NARRATIVE,7TH & WALNUT ST,39.1685497,-86.53359018
901998024,2013,4,2,Weekday,1300,2-Car,Non-incapacitating,FAILURE TO YIELD RIGHT OF WAY,7TH ST & WALNUT,39.1685497,-86.53361614
902006067,2013,4,5,Weekday,1800,2-Car,Non-incapacitating,FOLLOWING TOO CLOSELY,7TH ST & LINCOLN,39.16854031,-86.53106018
902100315,2013,10,2,Weekday,1700,2-Car,No injury/unknown,UNSAFE BACKING,7TH & WASHINGTON ST,39.16854031,-86.53233021
902001895,2013,4,3,Weekday,2300,Pedestrian,Non-incapacitating,LEFT OF CENTER,7TH ST & SUNRISE,39.16853026,-86.51242017
902004073,2013,4,2,Weekday,900,2-Car,No injury/unknown,UNSAFE BACKING,JACOB DR,39.16852154,-86.57362014
902111326,2013,11,7,Weekend,1000,2-Car,No injury/unknown,UNSAFE LANE MOVEMENT,7TH ST & DUNN,39.16851014,-86.5282499
902131642,2013,12,4,Weekday,1900,Pedestrian,Non-incapacitating,FAILURE TO YIELD RIGHT OF WAY,7TH ST & DUNN,39.16851014,-86.5282499
902132232,2013,12,5,Weekday,1700,2-Car,No injury/unknown,,NORTH GATES DR,39.16850746,-86.57636202
902051466,2013,7,6,Weekday,1800,2-Car,No injury/unknown,OTHER (VEHICLE) - EXPLAIN IN NARRATIVE,DANLYN RD & TAPP,39.16850053,-86.57611995
902108413,2013,10,2,Weekday,1000,2-Car,No injury/unknown,OTHER (ENVIRONMENTAL) - EXPLAIN IN NARR,7TH ST & FESS,39.16850008,-86.52578026
901965850,2013,1,3,Weekday,1400,2-Car,Non-incapacitating,FAILURE TO YIELD RIGHT OF WAY,7TH ST & INDIANA,39.16850008,-86.5269497
902118190,2013,11,3,Weekday,1700,2-Car,No injury/unknown,UNSAFE SPEED,7TH ST & INDIANA,39.16850008,-86.5269497
902138125,2013,12,6,Weekend,2000,Cyclist,No injury/unknown,FAILURE TO YIELD RIGHT OF WAY,PARK AVE & SEVENTH,39.16849932,-86.52462619
901963710,2013,1,7,Weekend,1000,Bus,No injury/unknown,UNSAFE BACKING,SEVENTH & WOODLAWN AVE,39.16848867,-86.52347771
902016134,2013,5,2,Weekday,1100,1-Car,No injury/unknown,OTHER (VEHICLE) - EXPLAIN IN NARRATIVE,7TH & FORREST AVE,39.16846991,-86.52236701
902044408,2013,6,7,Weekend,2200,2-Car,No injury/unknown,UNSAFE BACKING,E 7TH ST & FORREST,39.16846991,-86.52239297
902032383,2013,6,5,Weekday,1700,Pedestrian,Non-incapacitating,BRAKE FAILURE OR DEFECTIVE,E EASTGATE LN,39.168434,-86.498863
902009624,2013,4,4,Weekday,1700,2-Car,No injury/unknown,FOLLOWING TOO CLOSELY,E ATWATER & S FACULTY AVE,39.16838627,-86.52105767
902066566,2013,8,2,Weekday,1600,2-Car,No injury/unknown,UNSAFE BACKING,7TH ST,39.16837311,-86.54669952
901953504,2013,1,6,Weekday,1300,2-Car,No injury/unknown,FAILURE TO YIELD RIGHT OF WAY,CURRY PIKE & JONATHAN,39.16835994,-86.5829797
902052851,2013,7,5,Weekday,1900,2-Car,No injury/unknown,FOLLOWING TOO CLOSELY,JONATHAN & N CURRY PIKE,39.16835994,-86.5829797
902056690,2013,7,2,Weekday,1500,2-Car,No injury/unknown,FAILURE TO YIELD RIGHT OF WAY,JOHNATHAN & N CURRY PIKE PIKE,39.16835994,-86.5829797
902078542,2013,9,5,Weekday,1300,2-Car,No injury/unknown,UNSAFE LANE MOVEMENT,CURRY PIKE & JONATHAN,39.16835994,-86.5829797
902099943,2013,10,1,Weekend,1300,Moped/Motorcycle,No injury/unknown,FOLLOWING TOO CLOSELY,CUURY PIKE & JONATHAN,39.16835994,-86.5829797
902125229,2013,11,5,Weekday,1700,Moped/Motorcycle,Non-incapacitating,FAILURE TO YIELD RIGHT OF WAY,CURRY PIKE & JONATHAN,39.16835994,-86.5829797
902141231,2013,12,6,Weekday,1700,3+ Cars,Non-incapacitating,FAILURE TO YIELD RIGHT OF WAY,CURRY PIKE & JONATHAN,39.16835994,-86.5829797
902021554,2013,5,4,Weekday,1500,1-Car,Non-incapacitating,DRIVER ILLNESS,CURRY & JONATHAN DR,39.16835994,-86.58298403
902053116,2013,7,4,Weekday,1000,Bus,No injury/unknown,IMPROPER PASSING,ATWATER & JORDAN AVE,39.16833684,-86.51638984
902145731,2013,12,4,Weekday,1700,2-Car,No injury/unknown,,NORTH JORDAN AVE,39.16833115,-86.51569366
902127197,2013,11,5,Weekday,1500,2-Car,No injury/unknown,FAILURE TO YIELD RIGHT OF WAY,CURRY & JONATHAN DR,39.16830909,-86.58298388
902106652,2013,10,6,Weekday,900,1-Car,Non-incapacitating,ANIMAL/OBJECT IN ROADWAY,KINGS & SR46E,39.16830826,-86.44885152
901953836,2013,1,2,Weekday,800,2-Car,No injury/unknown,UNSAFE BACKING,CAMBRIDGE DR & PARKRIDGE,39.16830624,-86.47511712
902050352,2013,7,5,Weekday,1500,3+ Cars,Non-incapacitating,FOLLOWING TOO CLOSELY,SR37S & TAPP,39.16828969,-86.5544281
901980615,2013,2,4,Weekday,1500,2-Car,No injury/unknown,FAILURE TO YIELD RIGHT OF WAY,7TH & UNION ST,39.16825839,-86.5093136
902078558,2013,9,4,Weekday,1900,2-Car,No injury/unknown,,N GATES DR,39.16825801,-86.5763399
902095898,2013,10,2,Weekday,900,2-Car,No injury/unknown,IMPROPER TURNING,11TH & 709 N FEE GARAGE LN,39.16825648,-86.54174
901985785,2013,3,4,Weekday,800,3+ Cars,No injury/unknown,SPEED TOO FAST FOR WEATHER CONDITIONS,7TH ST & ROSE,39.16822509,-86.51123526
902027249,2013,5,3,Weekday,1700,2-Car,No injury/unknown,UNSAFE BACKING,7TH & N CLARK ST,39.168224,-86.504832
901996214,2013,3,5,Weekday,1600,1-Car,No injury/unknown,UNSAFE BACKING,BRAESIDE DR,39.16819967,-86.49439707
901966620,2013,1,5,Weekday,1800,1-Car,No injury/unknown,ROADWAY SURFACE CONDITION,7TH ST & UNION,39.168176,-86.509312
901966648,2013,1,5,Weekday,1900,2-Car,No injury/unknown,SPEED TOO FAST FOR WEATHER CONDITIONS,7TH ST & UNION,39.168176,-86.509312
901991386,2013,3,1,Weekend,800,2-Car,No injury/unknown,UNSAFE BACKING,NORTH COLLEGE AVE,39.16810057,-86.534784
901991192,2013,3,2,Weekday,1600,2-Car,No injury/unknown,DRIVER DISTRACTED - EXPLAIN IN NARRATIVE,7TH ST & UNION,39.16809976,-86.50945968
902059825,2013,7,3,Weekday,900,2-Car,No injury/unknown,FAILURE TO YIELD RIGHT OF WAY,7TH & UNION ST,39.16809976,-86.50945968
901974895,2013,2,6,Weekend,1900,2-Car,No injury/unknown,UNSAFE BACKING,N GATES DR,39.16803807,-86.57621853
902090775,2013,9,6,Weekday,400,2-Car,No injury/unknown,FOLLOWING TOO CLOSELY,JONATHAN DR,39.16797638,-86.58177185
902101559,2013,10,3,Weekday,1500,1-Car,No injury/unknown,RAN OFF ROAD RIGHT,BRAESIDE & PETE ELLIS DR,39.16791735,-86.49504
902134228,2013,12,1,Weekday,2200,2-Car,No injury/unknown,FOLLOWING TOO CLOSELY,FISHERS & JORDAN AVE,39.16790047,-86.5168599
901967930,2013,2,6,Weekday,1700,2-Car,No injury/unknown,OTHER (DRIVER) - EXPLAIN IN NARRATIVE,S FRANKLIN RD,39.16789246,-86.57160186
902000533,2013,4,5,Weekday,700,1-Car,No injury/unknown,OTHER (DRIVER) - EXPLAIN IN NARRATIVE,N MADISON ST,39.16787298,-86.537296
902042601,2013,6,3,Weekday,1300,Cyclist,Non-incapacitating,OTHER (DRIVER) - EXPLAIN IN NARRATIVE,6TH & MORTON ST,39.16786999,-86.536
901993641,2013,3,7,Weekend,1600,2-Car,No injury/unknown,,N GATES DR,39.16781209,-86.57606229
902106275,2013,10,5,Weekday,1500,2-Car,No injury/unknown,UNSAFE BACKING,N GATES DR,39.16781209,-86.57606229
901988402,2013,3,4,Weekday,700,2-Car,No injury/unknown,ROADWAY SURFACE CONDITION,DANIELS & SR48W,39.16778946,-86.5989685
902054868,2013,7,7,Weekend,1200,2-Car,No injury/unknown,,NORTH MORTON ST,39.16778743,-86.536
902000639,2013,4,1,Weekend,1700,2-Car,No injury/unknown,FOLLOWING TOO CLOSELY,6TH & ADAMS ST,39.167728,-86.5496
902116268,2013,11,7,Weekend,1500,2-Car,No injury/unknown,FAILURE TO YIELD RIGHT OF WAY,ADAMS & WEST 6TH ST,39.167728,-86.5496
902059762,2013,7,3,Weekday,800,2-Car,No injury/unknown,UNSAFE BACKING,N ELM ST & W 6TH,39.167712,-86.5452
901954857,2013,1,3,Weekday,1600,2-Car,No injury/unknown,FOLLOWING TOO CLOSELY,N ROGERS ST & WEST 6TH,39.16768,-86.538592
902034461,2013,6,3,Weekday,1400,2-Car,No injury/unknown,FAILURE TO YIELD RIGHT OF WAY,N ROGERS & WEST 6TH ST,39.16768,-86.538592
902125856,2013,11,1,Weekday,2000,2-Car,No injury/unknown,,NORTH ROGERS & WEST 6TH ST,39.16768,-86.538592
902078934,2013,9,5,Weekday,1200,2-Car,No injury/unknown,FAILURE TO YIELD RIGHT OF WAY,6TH ST & MADISON,39.167664,-86.53701374
901990456,2013,3,2,Weekday,0,2-Car,No injury/unknown,UNSAFE BACKING,N MORTON ST & W 6TH,39.167664,-86.536
902080268,2013,9,2,Weekday,1000,Pedestrian,Non-incapacitating,UNSAFE BACKING,N MORTON ST & W 6TH,39.167664,-86.536
902081527,2013,9,4,Weekday,1100,Pedestrian,Incapacitating,FAILURE TO YIELD RIGHT OF WAY,MORTON & W 6TH ST,39.167664,-86.536
902126640,2013,11,2,Weekday,1500,2-Car,No injury/unknown,UNSAFE BACKING,6TH & MORTON ST,39.167664,-86.536
902043197,2013,6,5,Weekday,1200,2-Car,No injury/unknown,FAILURE TO YIELD RIGHT OF WAY,6TH & MADISON ST,39.167664,-86.537296
902091530,2013,9,1,Weekend,1800,2-Car,No injury/unknown,UNSAFE BACKING,BLOCK OF E 6TH AND DUNN ST,39.167664,-86.537296
901961819,2013,1,4,Weekday,1400,2-Car,No injury/unknown,UNSAFE BACKING,6TH ST & WALNUT,39.16765038,-86.53340761
902102709,2013,10,6,Weekday,1600,2-Car,No injury/unknown,FAILURE TO YIELD RIGHT OF WAY,6TH & ADAMS ST,39.16764982,-86.54965996
902032647,2013,6,6,Weekday,1200,2-Car,No injury/unknown,FOLLOWING TOO CLOSELY,6TH ST & WALNUT,39.167648,-86.53376041
901982413,2013,3,1,Weekend,1700,2-Car,No injury/unknown,UNSAFE LANE MOVEMENT,E 6TH & N WALNUT ST,39.167648,-86.533584
902035345,2013,6,4,Weekday,2100,2-Car,No injury/unknown,UNSAFE LANE MOVEMENT,6TH & WALNUT ST,39.167648,-86.533584
902010572,2013,4,7,Weekend,1200,2-Car,No injury/unknown,UNSAFE LANE MOVEMENT,100 N WALNUT ST & 6TH,39.167648,-86.533584
902025146,2013,5,6,Weekday,1100,2-Car,Non-incapacitating,IMPROPER TURNING,6TH & WALNUT ST,39.167648,-86.533584
901991560,2013,3,3,Weekday,1100,2-Car,No injury/unknown,UNSAFE BACKING,COLLEGE & W 6TH ST,39.167648,-86.534784
902113549,2013,11,3,Weekday,1300,2-Car,No injury/unknown,DISREGARD SIGNAL/REG SIGN,6TH & COLLEGE AVE,39.167648,-86.534784
902120881,2013,11,7,Weekend,1300,Bus,No injury/unknown,IMPROPER TURNING,COLLEGE & W 6TH ST,39.167648,-86.534784
902008266,2013,4,3,Weekday,1300,2-Car,No injury/unknown,FAILURE TO YIELD RIGHT OF WAY,6TH ST & ELM,39.16763976,-86.54527992
902057189,2013,7,2,Weekday,1900,2-Car,No injury/unknown,FOLLOWING TOO CLOSELY,ROGERS ST & SIXTH,39.16759014,-86.53867967
902060047,2013,7,3,Weekday,1300,2-Car,Non-incapacitating,FAILURE TO YIELD RIGHT OF WAY,6 TH & ROGERS ST,39.16759014,-86.53867967
902094752,2013,10,6,Weekday,1800,2-Car,Non-incapacitating,FAILURE TO YIELD RIGHT OF WAY,6TH & ROGERS ST,39.16759014,-86.53867967
902141927,2013,12,4,Weekday,1200,2-Car,No injury/unknown,DRIVER DISTRACTED - EXPLAIN IN NARRATIVE,6TH & N MORTON ST,39.16758008,-86.53611011
902059494,2013,7,2,Weekday,1600,2-Car,No injury/unknown,DISREGARD SIGNAL/REG SIGN,6 TH & COLLEGE AVE,39.16757002,-86.5348602
902082170,2013,9,4,Weekday,2100,2-Car,No injury/unknown,UNSAFE BACKING,NORTH JORDAN AVE,39.16756058,-86.51656341
902109651,2013,10,3,Weekday,2200,1-Car,No injury/unknown,IMPROPER LANE USAGE,NORTH JORDAN AVE,39.16756058,-86.51656341
902027806,2013,5,1,Weekend,1500,Moped/Motorcycle,Non-incapacitating,OTHER (VEHICLE) - EXPLAIN IN NARRATIVE,6TH & WALNUT ST,39.16754991,-86.53360024
902076137,2013,8,7,Weekend,1800,2-Car,No injury/unknown,UNSAFE LANE MOVEMENT,6TH & WALNUT ST,39.16754991,-86.53360024
901993220,2013,3,6,Weekday,1100,2-Car,No injury/unknown,IMPROPER TURNING,GRANT ST & SIXTH,39.16753985,-86.52979016
902032826,2013,6,6,Weekday,1300,2-Car,No injury/unknown,,6TH ST & DUNN,39.16752979,-86.52825996
902056691,2013,7,1,Weekend,1700,2-Car,No injury/unknown,UNSAFE BACKING,INDIANA AVE & SIXTH,39.16751336,-86.5269452
902074022,2013,8,3,Weekday,1300,Cyclist,Non-incapacitating,FOLLOWING TOO CLOSELY,6TH & N DUNN ST,39.16745336,-86.52820396
902006617,2013,4,6,Weekend,1900,2-Car,No injury/unknown,UNSAFE BACKING,E LONGVIEW AVE,39.16742706,-86.49233245
902087312,2013,9,7,Weekend,1200,2-Car,No injury/unknown,OTHER (DRIVER) - EXPLAIN IN NARRATIVE,KINGSTON DR,39.16742706,-86.49314117
902076417,2013,9,1,Weekend,1500,1-Car,No injury/unknown,RAN OFF ROAD RIGHT,CONCORD & LONGVIEW AVE,39.16734003,-86.48723886
902093518,2013,9,2,Weekday,2100,1-Car,No injury/unknown,ANIMAL/OBJECT IN ROADWAY,GETTYS CREEK & SR46E,39.1673317,-86.41666713
902045552,2013,7,3,Weekday,100,2-Car,No injury/unknown,,FRANKLIN RD,39.16729736,-86.57054138
902133995,2013,12,6,Weekday,1200,2-Car,No injury/unknown,UNSAFE BACKING,FRANKLIN RD,39.16729736,-86.57054138
901964568,2013,1,2,Weekday,1000,2-Car,No injury/unknown,UNSAFE BACKING,E KIRKWOOD AVE,39.16724212,-86.52359627
902082075,2013,9,5,Weekday,1200,2-Car,No injury/unknown,UNSAFE BACKING,S FRANKLIN RD,39.16719437,-86.57176971
902077083,2013,8,4,Weekday,1000,Cyclist,Non-incapacitating,FAILURE TO YIELD RIGHT OF WAY,JORDAN AVE & READ N,39.16716892,-86.51593924
902003784,2013,4,1,Weekend,1400,1-Car,No injury/unknown,OTHER (DRIVER) - EXPLAIN IN NARRATIVE,NORTH JORDAN AVE,39.16711003,-86.51624299
902032524,2013,6,5,Weekday,1300,2-Car,No injury/unknown,OTHER (VEHICLE) - EXPLAIN IN NARRATIVE,N DANIELS WAY,39.16710265,-86.59823788
902098705,2013,10,5,Weekday,1800,1-Car,No injury/unknown,,N JOHNSON AVE,39.16708441,-86.564992
901973366,2013,2,3,Weekday,300,2-Car,No injury/unknown,OTHER (DRIVER) - EXPLAIN IN NARRATIVE,W KIRKWOOD AVE,39.16697693,-86.55130767
902054411,2013,7,2,Weekday,800,Moped/Motorcycle,Non-incapacitating,OTHER (DRIVER) - EXPLAIN IN NARRATIVE,W KIRKWOOD AVE,39.1669693,-86.55064392
902089035,2013,9,3,Weekday,1500,2-Car,No injury/unknown,DRIVER DISTRACTED - EXPLAIN IN NARRATIVE,E LONGVIEW DR & PETE ELLIS,39.166944,-86.495056
902121751,2013,11,2,Weekday,0,2-Car,No injury/unknown,,KIRKWOOD & PINE ST,39.16693722,-86.5482951
901993105,2013,3,6,Weekday,1000,2-Car,No injury/unknown,DISREGARD SIGNAL/REG SIGN,LONGVIEW & PETE ELLIS DR,39.1669102,-86.4949201
902129103,2013,11,7,Weekend,1700,2-Car,Non-incapacitating,FAILURE TO YIELD RIGHT OF WAY,LONGVIEW & PETE ELLIS DR,39.1669102,-86.4949201
902101342,2013,10,4,Weekday,1200,1-Car,No injury/unknown,OTHER (DRIVER) - EXPLAIN IN NARRATIVE,E KIRKWOOD AVE,39.16686662,-86.52211166
901986557,2013,3,7,Weekend,1500,1-Car,No injury/unknown,DRIVER DISTRACTED - EXPLAIN IN NARRATIVE,FORREST AVE & KIRKWOOD,39.16684985,-86.52156986
901973014,2013,2,3,Weekday,400,1-Car,No injury/unknown,RAN OFF ROAD RIGHT,HOPEWELL & KIRKWOOD AVE,39.16684985,-86.55232589
902065811,2013,8,1,Weekend,1700,1-Car,No injury/unknown,OTHER (DRIVER) - EXPLAIN IN NARRATIVE,E LONGVIEW DR,39.166848,-86.495088
902026223,2013,5,4,Weekday,2100,2-Car,No injury/unknown,UNSAFE BACKING,E 5TH & N ROOSEVELT ST,39.166848,-86.505888
901983240,2013,3,2,Weekday,1800,2-Car,No injury/unknown,FAILURE TO YIELD RIGHT OF WAY,5TH & N JEFFERSON ST,39.166848,-86.506992