Master Record Number,Year,Month,Day,Weekend?,Hour,Collision Type,Injury Type,Primary Factor,Reported_Location,Latitude,Longitude
902086746,2013,9,6,Weekday,1800,2-Car,No injury/unknown,UNSAFE BACKING,FAIRVIEW LN & KIRKWOOD,39.16684133,-86.5408
901997070,2013,3,5,Weekday,2000,2-Car,No injury/unknown,IMPROPER TURNING,EAST KIRKWOOD AVE,39.16681671,-86.52758789
902036874,2013,6,1,Weekend,1100,2-Car,No injury/unknown,FOLLOWING TOO CLOSELY,KIRKWOOD & S ADAMS ST,39.166816,-86.549488
902141555,2013,12,7,Weekend,700,2-Car,No injury/unknown,UNSAFE BACKING,JORDAN AVE,39.16680895,-86.51620209
902134591,2013,12,3,Weekday,900,2-Car,No injury/unknown,IMPROPER TURNING,DUNN ST & KIRKWOOD,39.16680478,-86.52819442
902099041,2013,10,6,Weekday,1500,2-Car,No injury/unknown,OTHER (ENVIRONMENTAL) - EXPLAIN IN NARR,PINE & WEST KIRKWOOD ST,39.1668,-86.548288
902021941,2013,5,7,Weekend,800,2-Car,No injury/unknown,FAILURE TO YIELD RIGHT OF WAY,KIRKWOOD AVE & OAK,39.1667878,-86.54715279
901954853,2013,1,3,Weekday,1700,2-Car,No injury/unknown,UNSAFE BACKING,E KIRKWOOD AVE,39.16678078,-86.52203053
901966644,2013,1,5,Weekday,1900,1-Car,No injury/unknown,SPEED TOO FAST FOR WEATHER CONDITIONS,E KIRKWOOD AVE,39.16678078,-86.52203053
901973545,2013,2,4,Weekday,800,2-Car,No injury/unknown,OTHER (DRIVER) - EXPLAIN IN NARRATIVE,EAST KIRKWOOD AVE,39.16678078,-86.52203053
901978157,2013,2,6,Weekday,1700,2-Car,No injury/unknown,UNSAFE BACKING,E KIRKWOOD AVE,39.16678078,-86.52203053
902081181,2013,9,3,Weekday,1800,2-Car,No injury/unknown,IMPROPER LANE USAGE,EAST KIRKWOOD AVE,39.16678078,-86.52203053
902093506,2013,10,4,Weekday,2000,1-Car,No injury/unknown,UNSAFE BACKING,E KIRKWOOD AVE,39.16678078,-86.52203053
901998077,2013,4,2,Weekday,1500,2-Car,No injury/unknown,IMPROPER LANE USAGE,KIRKWOOD & N COLLEGE AVE,39.16677732,-86.53479782
902091938,2013,9,2,Weekday,1100,2-Car,No injury/unknown,UNSAFE BACKING,N ROGERS ST,39.16677486,-86.53860637
902009344,2013,4,5,Weekday,800,2-Car,Non-incapacitating,FAILURE TO YIELD RIGHT OF WAY,ELM ST & KIRKWOOD,39.166768,-86.5452
902091209,2013,9,1,Weekend,100,Bus,No injury/unknown,FAILURE TO YIELD RIGHT OF WAY,N ELM & W KIRKWOOD AVE,39.166768,-86.5452
902115797,2013,11,6,Weekday,0,2-Car,No injury/unknown,UNSAFE BACKING,E KIRKWOOD AVE,39.16674793,-86.52246639
901953304,2013,1,7,Weekend,1600,2-Car,No injury/unknown,UNSAFE BACKING,GRANT ST & KIRKWOOD,39.16673613,-86.529696
902036497,2013,6,4,Weekday,1100,2-Car,No injury/unknown,OVERCORRECTING/OVERSTEERING,N DANIELS WAY,39.16673116,-86.59909039
902074652,2013,8,4,Weekday,1900,2-Car,No injury/unknown,UNSAFE BACKING,N DANIELS WAY,39.16673116,-86.59909039
902097779,2013,10,4,Weekday,1200,2-Car,No injury/unknown,UNSAFE BACKING,NORTH DANIELS WAY,39.16673116,-86.59909039
901979416,2013,2,2,Weekday,1600,3+ Cars,No injury/unknown,FOLLOWING TOO CLOSELY,KIRKWOOD AVE & MAPLE,39.16672,-86.542096
901995571,2013,3,4,Weekday,200,2-Car,No injury/unknown,UNSAFE LANE MOVEMENT,KIRKWOOD AVE & MAPLE,39.16671674,-86.54183142
901958617,2013,1,4,Weekday,1000,2-Car,No injury/unknown,UNSAFE BACKING,EAST KIRKWOOD ST,39.166704,-86.5408
902068357,2013,8,5,Weekday,1400,2-Car,No injury/unknown,UNSAFE BACKING,N FAIRVIEW ST & W KIRKWOOD,39.166704,-86.5408
902004490,2013,4,2,Weekday,1600,2-Car,No injury/unknown,FOLLOWING TOO CLOSELY,ADAMS & KIRKWOOD AVE,39.16670032,-86.54963985
901976966,2013,2,4,Weekday,1500,2-Car,No injury/unknown,OTHER (DRIVER) - EXPLAIN IN NARRATIVE,KIRKWOOD AVE,39.1666849,-86.54194727
902066118,2013,8,2,Weekday,900,2-Car,No injury/unknown,FAILURE TO YIELD RIGHT OF WAY,ROGERS & W KIRKWOOD AVE,39.16667482,-86.53881966
902112891,2013,11,2,Weekday,1100,2-Car,No injury/unknown,FAILURE TO YIELD RIGHT OF WAY,KIRKWOOD AVE & ROGERS,39.16667435,-86.53878439
902065384,2013,8,7,Weekend,900,Moped/Motorcycle,Non-incapacitating,OTHER (DRIVER) - EXPLAIN IN NARRATIVE,W KIRKWOOD AVE,39.16667233,-86.53863249
901993652,2013,3,7,Weekend,1600,Moped/Motorcycle,Incapacitating,OTHER (DRIVER) - EXPLAIN IN NARRATIVE,KIRKWOOD & ROGERS ST,39.166672,-86.538608
902134394,2013,12,2,Weekday,2300,2-Car,Non-incapacitating,DISREGARD SIGNAL/REG SIGN,ROGERS & W KIRKWOOD AVE,39.166672,-86.538608
901997038,2013,3,6,Weekday,1300,2-Car,No injury/unknown,FAILURE TO YIELD RIGHT OF WAY,KIRKWOOD AVE & MADISON,39.166656,-86.537296
901994328,2013,3,2,Weekday,0,2-Car,No injury/unknown,,KIRKWOOD AVE & MADISON,39.1666513,-86.53694323
901973859,2013,2,4,Weekday,1400,2-Car,No injury/unknown,IMPROPER PASSING,NORTH CURRY PIKE,39.16664802,-86.58291265
902012726,2013,5,4,Weekday,1700,3+ Cars,No injury/unknown,FOLLOWING TOO CLOSELY,E KIRKWOOD AVE & FAIRVIEW,39.16664424,-86.54092183
902087307,2013,9,7,Weekend,1200,2-Car,No injury/unknown,UNSAFE BACKING,E KIRKWOOD AVE & GRANT,39.16664,-86.52872574
902082491,2013,9,6,Weekday,400,Pedestrian,Non-incapacitating,FAILURE TO YIELD RIGHT OF WAY,INDIANA & KIRKWOOD AVE,39.16664,-86.52707241
902064222,2013,8,4,Weekday,1300,2-Car,No injury/unknown,UNSAFE BACKING,GRANT & KIRKWOOD AVE,39.16664,-86.52946667
902038005,2013,6,2,Weekday,1100,2-Car,No injury/unknown,IMPROPER TURNING,KIRKWOOD AVE & WALNUT,39.16664,-86.53324718
902030892,2013,5,6,Weekday,700,3+ Cars,No injury/unknown,FAILURE TO YIELD RIGHT OF WAY,E KIRKWOOD AVE & WALNUT,39.16664,-86.53342359
902089540,2013,9,4,Weekday,1800,2-Car,No injury/unknown,UNSAFE BACKING,COLLEGE & KIRKWOOD AVE,39.16664,-86.53453538
901960146,2013,1,7,Weekend,1700,3+ Cars,Non-incapacitating,FOLLOWING TOO CLOSELY,KINGS & SR46E,39.16664,-86.454992
902093583,2013,10,5,Weekday,200,1-Car,No injury/unknown,ANIMAL/OBJECT IN ROADWAY,KERR CREEK & SR46E,39.16664,-86.462496
902103297,2013,10,7,Weekend,1100,2-Car,No injury/unknown,SPEED TOO FAST FOR WEATHER CONDITIONS,46 & SR4546N,39.16664,-86.462496
902091210,2013,9,7,Weekend,2300,2-Car,No injury/unknown,FAILURE TO YIELD RIGHT OF WAY,DUNN ST & KIRKWOOD,39.16664,-86.528192
902099573,2013,10,1,Weekend,1100,2-Car,No injury/unknown,UNSAFE LANE MOVEMENT,E KIRKWOOD & N DUNN ST,39.16664,-86.528192
902129080,2013,11,7,Weekend,1400,Pedestrian,Non-incapacitating,OTHER (DRIVER) - EXPLAIN IN NARRATIVE,DUNN ST & KIRKWOOD,39.16664,-86.528192
902125091,2013,11,7,Weekend,300,1-Car,No injury/unknown,RAN OFF ROAD RIGHT,DUNN & KIRKWOOD AVE,39.16664,-86.528192
902029187,2013,6,7,Weekend,200,1-Car,No injury/unknown,OTHER (DRIVER) - EXPLAIN IN NARRATIVE,E KIRKWOOD AVE,39.16664,-86.52923559
902145682,2013,12,3,Weekday,200,2-Car,No injury/unknown,IMPROPER TURNING,E KIRKWOOD AVE,39.16664,-86.52923559
901992750,2013,3,5,Weekday,1300,2-Car,No injury/unknown,UNSAFE BACKING,KIRKWOOD & S GRANT ST,39.16664,-86.529696
902116122,2013,11,7,Weekend,900,Cyclist,Non-incapacitating,FAILURE TO YIELD RIGHT OF WAY,110 S LINCOLN & S LINCOLN ST,39.16664,-86.530992
902030006,2013,6,2,Weekday,700,1-Car,No injury/unknown,RAN OFF ROAD RIGHT,E KIRKWOOD AVE & N WASHINGTON,39.16664,-86.5324
902070771,2013,8,6,Weekday,1600,2-Car,No injury/unknown,UNSAFE BACKING,KIRKWOOD AVE,39.16664,-86.5324
901985366,2013,3,5,Weekday,1200,2-Car,No injury/unknown,FOLLOWING TOO CLOSELY,KIRKWOOD & WALNUT ST,39.16664,-86.5336
902034585,2013,6,3,Weekday,1800,Cyclist,Incapacitating,DISREGARD SIGNAL/REG SIGN,KIRKWOOD AVE & N WALNUT,39.16664,-86.5336
902007910,2013,4,2,Weekday,1600,3+ Cars,Non-incapacitating,FAILURE TO YIELD RIGHT OF WAY,E KIRKWOOD AVE & WALNUT,39.16664,-86.5336
902010552,2013,4,1,Weekend,200,3+ Cars,No injury/unknown,WRONG WAY ON ONE WAY,KIRKWOOD & S WALNUT ST,39.16664,-86.5336
902042492,2013,6,4,Weekday,1000,Pedestrian,Incapacitating,FAILURE TO YIELD RIGHT OF WAY,KIRKWOOD & N WALNUT ST,39.16664,-86.5336
902049052,2013,7,3,Weekday,800,2-Car,Non-incapacitating,UNSAFE LANE MOVEMENT,KIRKWOOD & S WALNUT ST,39.16664,-86.5336
902081198,2013,9,3,Weekday,1800,2-Car,No injury/unknown,DISREGARD SIGNAL/REG SIGN,KIRKWOOD & WALNUT ST,39.16664,-86.5336
902143948,2013,12,6,Weekday,1400,2-Car,No injury/unknown,UNSAFE BACKING,KIRKWOOD & WALNUT ST,39.16664,-86.5336
901955045,2013,1,3,Weekday,1100,2-Car,No injury/unknown,FAILURE TO YIELD RIGHT OF WAY,COLLEGE & KIRKWOOD AVE,39.16664,-86.5348
901963674,2013,1,7,Weekend,900,2-Car,No injury/unknown,DISREGARD SIGNAL/REG SIGN,KIRKWOOD & N COLLEGE AVE,39.16664,-86.5348
901996682,2013,3,6,Weekday,0,3+ Cars,No injury/unknown,IMPROPER LANE USAGE,N COLLEGE AVE & W KIRKWOOD,39.16664,-86.5348
902017901,2013,5,7,Weekend,900,2-Car,No injury/unknown,DISREGARD SIGNAL/REG SIGN,COLLEGE AVE & KIRKWOOD,39.16664,-86.5348
902056928,2013,7,4,Weekday,900,2-Car,Non-incapacitating,DISREGARD SIGNAL/REG SIGN,COLLEGE & KIRKWOOD AVE,39.16664,-86.5348
902072493,2013,8,7,Weekend,1200,2-Car,No injury/unknown,FAILURE TO YIELD RIGHT OF WAY,COLLEGE AVE & KIRKWOOD,39.16664,-86.5348
902127526,2013,11,3,Weekday,1200,2-Car,No injury/unknown,UNSAFE LANE MOVEMENT,N COLLEGE & W KIRKWOOD AVE,39.16664,-86.5348
902144251,2013,12,7,Weekend,700,2-Car,No injury/unknown,DISREGARD SIGNAL/REG SIGN,COLLEGE AVE & KIRKWOOD,39.16664,-86.5348
902106885,2013,10,6,Weekday,1500,2-Car,No injury/unknown,UNSAFE BACKING,FAIRVIEW & W KIRKWOOD AVE,39.16663997,-86.54091566
901958801,2013,1,1,Weekend,1700,3+ Cars,No injury/unknown,FOLLOWING TOO CLOSELY,KIRKWOOD AVE & MAPLE,39.16663997,-86.54220007
902067605,2013,8,4,Weekday,1400,2-Car,No injury/unknown,OTHER (VEHICLE) - EXPLAIN IN NARRATIVE,KIRKWOOD AVE & MAPLE,39.16663997,-86.54220007
901980114,2013,2,3,Weekday,1700,3+ Cars,No injury/unknown,DRIVER DISTRACTED - EXPLAIN IN NARRATIVE,JACKSON & KIRKWOOD AVE,39.16662991,-86.53985335
902038472,2013,6,3,Weekday,1700,2-Car,No injury/unknown,FOLLOWING TOO CLOSELY,JACKSON & KIRKWOOD AVE,39.16662991,-86.53985984
901962546,2013,1,5,Weekday,400,2-Car,No injury/unknown,OTHER (VEHICLE) - EXPLAIN IN NARRATIVE,S JORDAN AVE,39.1666165,-86.51632212
901974341,2013,2,5,Weekday,1700,2-Car,No injury/unknown,UNSAFE BACKING,S JORDAN AVE,39.1666165,-86.51632212
902008510,2013,4,3,Weekday,1600,2-Car,No injury/unknown,FAILURE TO YIELD RIGHT OF WAY,KIRKWOOD AVE & ROGERS,39.16660979,-86.53868324
901981852,2013,3,6,Weekday,1700,2-Car,No injury/unknown,FAILURE TO YIELD RIGHT OF WAY,KIRKWOOD AVE & ROGERS,39.16660979,-86.53868973
902084222,2013,9,2,Weekday,1400,2-Car,No injury/unknown,FAILURE TO YIELD RIGHT OF WAY,KIRKWOOD AVE & ROGERS,39.16660979,-86.53868973
902021229,2013,5,6,Weekday,1200,2-Car,No injury/unknown,FAILURE TO YIELD RIGHT OF WAY,E KIRKWOOD AVE,39.16660376,-86.53088383
902022568,2013,5,1,Weekday,2300,2-Car,No injury/unknown,OTHER (DRIVER) - EXPLAIN IN NARRATIVE,COLLEGE AVE & KIRKWOOD,39.16659974,-86.53488032
902084856,2013,9,6,Weekday,1400,2-Car,No injury/unknown,IMPROPER TURNING,COLLEGE AVE & KIRKWOOD,39.16659974,-86.53488032
902107088,2013,10,5,Weekday,1800,2-Car,No injury/unknown,UNSAFE BACKING,COLLEGE & KIRKWOOD AVE,39.16659974,-86.53488032
902042866,2013,6,4,Weekday,1400,Pedestrian,Non-incapacitating,PEDESTRIAN ACTION,RODGERS & WEST KIRKWOOD AVE,39.16659496,-86.53870046
902017172,2013,5,5,Weekday,1500,2-Car,No injury/unknown,OTHER (VEHICLE) - EXPLAIN IN NARRATIVE,E KINGS & SR46E,39.16659254,-86.45501392
902136593,2013,12,6,Weekday,700,1-Car,No injury/unknown,RAN OFF ROAD RIGHT,KINGS & SR46,39.16659092,-86.45510893
902010869,2013,4,1,Weekend,1800,2-Car,No injury/unknown,OTHER (DRIVER) - EXPLAIN IN NARRATIVE,KIRKWOOD & MORTON ST,39.16658968,-86.53604976
902149302,2013,12,3,Weekday,1100,Cyclist,Non-incapacitating,IMPROPER PASSING,KIRKWOOD AVE & MORTON,39.16658968,-86.53604976
901954191,2013,1,2,Weekday,1400,1-Car,No injury/unknown,RAN OFF ROAD RIGHT,KIRKWOOD & WALNUT ST,39.16658029,-86.53361029
902086127,2013,9,5,Weekday,1800,Pedestrian,No injury/unknown,FAILURE TO YIELD RIGHT OF WAY,KIRKWOOD & WALNUT ST,39.16658029,-86.53361029
902101422,2013,10,4,Weekday,1400,1-Car,No injury/unknown,OTHER (DRIVER) - EXPLAIN IN NARRATIVE,KIRKWOOD AVE & WALNUT,39.16658029,-86.53361029
902101764,2013,10,5,Weekday,900,2-Car,No injury/unknown,DISREGARD SIGNAL/REG SIGN,KIRKWOOD & WALNUT ST,39.16658029,-86.53361029
902070938,2013,8,4,Weekday,800,2-Car,No injury/unknown,DRIVER DISTRACTED - EXPLAIN IN NARRATIVE,LINGLEBACH & NORTH JORDAN AVE,39.16657237,-86.51253014
901956211,2013,1,6,Weekday,500,1-Car,No injury/unknown,OTHER (DRIVER) - EXPLAIN IN NARRATIVE,WEST KIRKWOOD AVE,39.16656822,-86.53888486
902057956,2013,7,6,Weekday,1000,1-Car,No injury/unknown,BRAKE FAILURE OR DEFECTIVE,WEST KIRKWOOD AVE,39.16656822,-86.53888486
902054402,2013,7,5,Weekday,2000,Moped/Motorcycle,No injury/unknown,FAILURE TO YIELD RIGHT OF WAY,GRANT ST & KIRKWOOD,39.16655011,-86.52981027
902075628,2013,8,5,Weekday,1500,Cyclist,Non-incapacitating,FAILURE TO YIELD RIGHT OF WAY,GRANT & KIRKWOOD AVE,39.16655011,-86.52981027
902069141,2013,8,1,Weekend,300,Moped/Motorcycle,No injury/unknown,UNSAFE BACKING,DUNN & KIRKWOOD AVE,39.16654006,-86.52824298
902005067,2013,4,3,Weekday,1700,2-Car,No injury/unknown,UNSAFE LANE MOVEMENT,DUNN ST & KIRKWOOD,39.16654006,-86.5282499
902068693,2013,8,6,Weekday,1800,Bus,No injury/unknown,IMPROPER TURNING,DUNN ST & KIRKWOOD,39.16654006,-86.5282499
902017053,2013,5,5,Weekday,1500,2-Car,No injury/unknown,UNSAFE BACKING,E KIRKWOOD AVE,39.16650385,-86.52963392
902000215,2013,4,6,Weekday,1200,2-Car,No injury/unknown,FOLLOWING TOO CLOSELY,DUNN ST & KIRKWOOD,39.16650277,-86.52818536
901974844,2013,2,6,Weekday,1600,2-Car,No injury/unknown,FAILURE TO YIELD RIGHT OF WAY,KIRKWOOD & S COLLEGE AVE,39.16650267,-86.5348
901961329,2013,1,3,Weekday,1400,2-Car,No injury/unknown,FAILURE TO YIELD RIGHT OF WAY,KIRKWOOD AVE,39.16650251,-86.52938783
902141705,2013,12,7,Weekend,1000,1-Car,No injury/unknown,OTHER (DRIVER) - EXPLAIN IN NARRATIVE,S FRANKLIN RD,39.166496,-86.571216
902109011,2013,10,3,Weekday,1500,2-Car,Non-incapacitating,FAILURE TO YIELD RIGHT OF WAY,CURRY PIKE & GRAND,39.16648977,-86.58297032
901984969,2013,3,4,Weekday,1600,2-Car,No injury/unknown,SPEED TOO FAST FOR WEATHER CONDITIONS,MORNINGSIDE & SMITH RD,39.166432,-86.4812
901992970,2013,3,6,Weekday,500,2-Car,No injury/unknown,FOLLOWING TOO CLOSELY,MORNINGSIDE & SMITH RD,39.166432,-86.4812
902061461,2013,8,6,Weekday,1100,2-Car,No injury/unknown,FAILURE TO YIELD RIGHT OF WAY,E MORNINGSIDE & N SMITH RD,39.166432,-86.4812
902086815,2013,9,6,Weekday,1500,2-Car,Non-incapacitating,SPEED TOO FAST FOR WEATHER CONDITIONS,MORNINGSIDE & SMITH RD,39.166432,-86.4812
902109675,2013,10,4,Weekday,400,2-Car,No injury/unknown,OVERCORRECTING/OVERSTEERING,MORNINGSIDE & SARATOGA DR,39.16638985,-86.48047479
902115136,2013,11,5,Weekday,1900,2-Car,No injury/unknown,FAILURE TO YIELD RIGHT OF WAY,3RD & SOUTH FRANKLIN RD,39.16633588,-86.57121338
902050422,2013,7,5,Weekday,1400,Moped/Motorcycle,Incapacitating,ACCELERATOR FAILURE OR DEFECTIVE,W KIRKWOOD AVE,39.16630554,-86.53767395
902110309,2013,10,5,Weekday,1500,3+ Cars,No injury/unknown,FAILURE TO YIELD RIGHT OF WAY,10TH & UNION ST,39.16626159,-86.5094503
902050509,2013,7,5,Weekday,0,2-Car,No injury/unknown,UNSAFE BACKING,EAST KIRKWOOD AVE,39.16624832,-86.52851104
902075926,2013,8,6,Weekday,1400,2-Car,No injury/unknown,,E KIRWOOD AVE,39.16624832,-86.52851104
901953654,2013,1,1,Weekday,2200,2-Car,No injury/unknown,UNSAFE BACKING,N ROSE AVE,39.1662177,-86.51097988
902032900,2013,6,6,Weekend,2300,2-Car,No injury/unknown,UNSAFE BACKING,SOUTH ROSE AVE,39.1662177,-86.51097988
902120238,2013,11,4,Weekday,2100,2-Car,No injury/unknown,IMPROPER TURNING,N ROSE AVE,39.1662177,-86.51097988
902081211,2013,9,3,Weekday,2000,2-Car,No injury/unknown,FAILURE TO YIELD RIGHT OF WAY,E 3RD & SR46N,39.16619049,-86.46728758
902023079,2013,5,3,Weekday,400,2-Car,Non-incapacitating,UNSAFE SPEED,CR480N & SR45W,39.16612236,-86.57302593
902073580,2013,8,2,Weekday,1600,2-Car,No injury/unknown,FOLLOWING TOO CLOSELY,NORTH ROGERS ST & WEST 10TH,39.16611058,-86.53859778
902144354,2013,12,7,Weekend,1200,2-Car,No injury/unknown,UNSAFE BACKING,N GATES DR,39.16609012,-86.57594829
902033789,2013,6,2,Weekday,800,2-Car,Non-incapacitating,OTHER TELEMATICS IN USE,SR37N & VERNAL,39.1660428,-86.56252288
901959937,2013,1,6,Weekday,1200,2-Car,No injury/unknown,FAILURE TO YIELD RIGHT OF WAY,E BUICK CADILLAC & SO COLLEGE MALL RD,39.16603939,-86.49788998
901962941,2013,1,6,Weekday,900,3+ Cars,No injury/unknown,ROADWAY SURFACE CONDITION,4TH & S WALNUT ST,39.16592266,-86.5336
901954187,2013,1,2,Weekday,1200,2-Car,Non-incapacitating,FOLLOWING TOO CLOSELY,3RD & SR37S,39.16584824,-86.57304798
902019887,2013,5,4,Weekday,1000,2-Car,Non-incapacitating,FAILURE TO YIELD RIGHT OF WAY,ROGERS & W 4TH ST,39.165696,-86.53894482
901960180,2013,1,1,Weekend,100,2-Car,No injury/unknown,FAILURE TO YIELD RIGHT OF WAY,4TH & N ROGERS ST,39.165696,-86.538592
902000186,2013,4,7,Weekend,0,2-Car,No injury/unknown,OTHER (DRIVER) - EXPLAIN IN NARRATIVE,S ROGERS ST,39.165696,-86.538592
901976783,2013,2,4,Weekday,1200,2-Car,No injury/unknown,FOLLOWING TOO CLOSELY,S ROGERS ST & W 4TH,39.165696,-86.538592
901981934,2013,3,6,Weekday,1200,2-Car,No injury/unknown,FOLLOWING TOO CLOSELY,4TH & S ROGERS ST,39.165696,-86.538592
902034471,2013,6,2,Weekday,1700,2-Car,No injury/unknown,DISREGARD SIGNAL/REG SIGN,COLLEGE & W 4TH ST,39.165664,-86.5348
902104988,2013,10,3,Weekday,2300,2-Car,No injury/unknown,DISREGARD SIGNAL/REG SIGN,4TH & S COLLEGE AVE,39.165664,-86.5348
902127962,2013,11,3,Weekday,1600,2-Car,No injury/unknown,UNSAFE BACKING,W 4TH ST,39.16564865,-86.53364898
901982446,2013,3,1,Weekday,2000,2-Car,No injury/unknown,,4TH ST & INDIANA,39.165648,-86.52755364
902085005,2013,9,3,Weekday,1500,2-Car,No injury/unknown,OTHER (DRIVER) - EXPLAIN IN NARRATIVE,BLOCK OF S INDIANA (GILMORE) AVE,39.165648,-86.526848
902087071,2013,9,6,Weekend,2200,Pedestrian,Non-incapacitating,PEDESTRIAN ACTION,E 4TH & S INDIANA AVE,39.165648,-86.526848
901971982,2013,2,7,Weekend,1500,2-Car,No injury/unknown,UNSAFE BACKING,E 4TH ST,39.165648,-86.52774727
901970573,2013,2,4,Weekday,1200,2-Car,No injury/unknown,FOLLOWING TOO CLOSELY,E 4TH & S LINCOLN ST,39.165648,-86.531008
901969111,2013,2,7,Weekend,2100,2-Car,No injury/unknown,SPEED TOO FAST FOR WEATHER CONDITIONS,N WALNUT ST,39.165648,-86.5336
901984291,2013,3,4,Weekday,300,1-Car,No injury/unknown,SPEED TOO FAST FOR WEATHER CONDITIONS,NORTH WALNUT ST,39.165648,-86.5336
901986225,2013,3,6,Weekend,1900,2-Car,No injury/unknown,UNSAFE BACKING,NORTH WALNUT ST,39.165648,-86.5336
902016585,2013,5,4,Weekday,1900,1-Car,Non-incapacitating,RAN OFF ROAD RIGHT,N WALNUT ST,39.165648,-86.5336
902039717,2013,6,5,Weekday,2200,1-Car,No injury/unknown,UNSAFE BACKING,SOUTH WALNUT ST,39.165648,-86.5336
902042977,2013,6,3,Weekday,1300,2-Car,No injury/unknown,FAILURE TO YIELD RIGHT OF WAY,4TH ST & WALNUT,39.165648,-86.5336
902058931,2013,7,1,Weekend,1200,2-Car,No injury/unknown,,WALNUT STREET PIKE,39.165648,-86.5336
902059036,2013,7,2,Weekday,800,2-Car,No injury/unknown,FAILURE TO YIELD RIGHT OF WAY,N WALNUT ST,39.165648,-86.5336
902103341,2013,10,1,Weekend,1000,2-Car,No injury/unknown,DISREGARD SIGNAL/REG SIGN,E 4TH & S WALNUT ST,39.165648,-86.5336
902115994,2013,11,7,Weekend,0,2-Car,No injury/unknown,OTHER (DRIVER) - EXPLAIN IN NARRATIVE,WALNUT SPRINGS DR,39.165648,-86.5336
902119542,2013,11,5,Weekday,1900,2-Car,No injury/unknown,,N WALNUT ST,39.165648,-86.5336
902120412,2013,11,7,Weekend,300,2-Car,No injury/unknown,UNSAFE BACKING,4TH & CLARK ST,39.16562006,-86.50497972
901971747,2013,2,5,Weekday,1900,3+ Cars,No injury/unknown,CELL PHONE USAGE,4TH ST & MADISON,39.16561,-86.53742543
902031800,2013,6,4,Weekday,1300,Bus,No injury/unknown,UNSAFE LANE MOVEMENT,S MADISON & W 4TH ST,39.16561,-86.53742976
902131667,2013,12,3,Weekday,1800,3+ Cars,Non-incapacitating,FOLLOWING TOO CLOSELY,SR46E & TRAILWAY,39.16559982,-86.42546331
902094757,2013,10,5,Weekday,1200,2-Car,Non-incapacitating,FOLLOWING TOO CLOSELY,4TH & COLLEGE AVE,39.16558988,-86.53488971
901957316,2013,1,2,Weekday,900,1-Car,No injury/unknown,ANIMAL/OBJECT IN ROADWAY,AZALEA & HIGHLAND AVE,39.16558806,-86.51739969
901993149,2013,3,6,Weekday,1500,2-Car,Non-incapacitating,FOLLOWING TOO CLOSELY,4TH ST & LINCOLN,39.16557983,-86.53108969
902085819,2013,9,5,Weekday,800,2-Car,Non-incapacitating,DISREGARD SIGNAL/REG SIGN,4TH ST & LINCOLN,39.16557983,-86.53108969
901983039,2013,3,2,Weekday,1400,2-Car,No injury/unknown,DISREGARD SIGNAL/REG SIGN,4TH ST & WALNUT,39.16557983,-86.53361968
902112704,2013,11,1,Weekday,2100,2-Car,No injury/unknown,,4TH & WALNUT ST,39.16557983,-86.53361968
902124949,2013,11,6,Weekend,1900,2-Car,No injury/unknown,DISREGARD SIGNAL/REG SIGN,4TH ST & WALNUT,39.16557983,-86.53361968
902118151,2013,11,2,Weekday,2300,Pedestrian,Non-incapacitating,FAILURE TO YIELD RIGHT OF WAY,4TH & DUNN ST,39.16555971,-86.52822978
902006129,2013,4,5,Weekday,2200,2-Car,No injury/unknown,SPEED TOO FAST FOR WEATHER CONDITIONS,4TH & GRANT ST,39.16555971,-86.52981966
902019402,2013,5,3,Weekday,1200,2-Car,No injury/unknown,UNSAFE BACKING,4TH ST & INDIANA,39.16555032,-86.52689283
902079111,2013,9,6,Weekday,1300,2-Car,No injury/unknown,UNSAFE LANE MOVEMENT,4TH & INDIANA AVE,39.16555032,-86.52691014
902050705,2013,7,6,Weekday,1100,2-Car,No injury/unknown,OTHER (DRIVER) - EXPLAIN IN NARRATIVE,DUNN & FOURTH ST,39.16554922,-86.52753224
902079609,2013,9,7,Weekend,1300,2-Car,No injury/unknown,IMPROPER LANE USAGE,FOURTH ST & INDIANA,39.16554919,-86.52753862
902142464,2013,12,4,Weekday,1300,2-Car,No injury/unknown,UNSAFE BACKING,EAST 4TH ST,39.1655349,-86.53344266
902041321,2013,6,4,Weekday,1300,2-Car,No injury/unknown,FAILURE TO YIELD RIGHT OF WAY,GATES DR,39.1654826,-86.57605759
902112687,2013,11,2,Weekday,1500,2-Car,No injury/unknown,OTHER (DRIVER) - EXPLAIN IN NARRATIVE,SOUTH WALNUT ST,39.16546286,-86.5336
901980121,2013,2,3,Weekday,2000,2-Car,No injury/unknown,FAILURE TO YIELD RIGHT OF WAY,JONES & JORDAN AVE,39.16540012,-86.51640996
902133293,2013,12,7,Weekend,1900,2-Car,No injury/unknown,FOLLOWING TOO CLOSELY,JONES & JORDAN AVE,39.16540012,-86.51640996
902102588,2013,10,6,Weekday,1000,2-Car,No injury/unknown,UNSAFE BACKING,JONES AVE & JORDAN,39.16540012,-86.51642726
901957361,2013,1,2,Weekday,900,2-Car,No injury/unknown,OTHER (VEHICLE) - EXPLAIN IN NARRATIVE,JONES AVE & JORDAN,39.16540012,-86.51643591
902082266,2013,9,5,Weekday,1500,2-Car,No injury/unknown,FAILURE TO YIELD RIGHT OF WAY,4TH & S INDIANA AVE,39.16537348,-86.52683702
902015322,2013,5,2,Weekday,1900,1-Car,No injury/unknown,UNSAFE BACKING,SOUTH HAWTHORNE DR,39.1653163,-86.52071893