Master Record Number,Year,Month,Day,Weekend?,Hour,Collision Type,Injury Type,Primary Factor,Reported_Location,Latitude,Longitude
902068681,2013,8,6,Weekday,1500,1-Car,No injury/unknown,OBSTRUCTION NOT MARKED,JONES & ROSE AVE,39.16529015,-86.51089354
901957107,2013,1,6,Weekend,2000,2-Car,No injury/unknown,UNSAFE LANE MOVEMENT,SR446 & SR46,39.16527834,-86.46954813
902003476,2013,4,7,Weekend,900,1-Car,No injury/unknown,OTHER (DRIVER) - EXPLAIN IN NARRATIVE,SO PETE ELLIS DR,39.16527808,-86.49487584
901992675,2013,3,5,Weekday,1400,2-Car,No injury/unknown,FAILURE TO YIELD RIGHT OF WAY,JACOB DR,39.1652565,-86.57556915
902002577,2013,4,5,Weekday,1400,2-Car,No injury/unknown,UNSAFE LANE MOVEMENT,9TH & COLLEGE AVE,39.16517209,-86.53485015
902050059,2013,7,4,Weekday,1300,2-Car,No injury/unknown,UNSAFE BACKING,WEST THIRD ST,39.16516876,-86.57852172
902013655,2013,5,6,Weekday,1400,2-Car,No injury/unknown,FOLLOWING TOO CLOSELY,HILLSDALE & S HILLSDALE DR,39.165152,-86.50296
902021934,2013,5,1,Weekend,600,1-Car,No injury/unknown,RAN OFF ROAD RIGHT,N TRAILWAY & SR46E,39.16510298,-86.42990248
902004830,2013,4,3,Weekday,1200,2-Car,No injury/unknown,FOLLOWING TOO CLOSELY,3700 W 3RD ST & LIBERTY,39.165016,-86.57989001
902070848,2013,8,4,Weekday,800,2-Car,Non-incapacitating,FOLLOWING TOO CLOSELY,3700 W 3RD ST & LIBERTY,39.165016,-86.57989434
901983774,2013,3,3,Weekday,1600,2-Car,No injury/unknown,IMPROPER TURNING,3RD & DUNN ST,39.16499705,-86.52811796
902129246,2013,11,7,Weekend,1000,2-Car,No injury/unknown,FAILURE TO YIELD RIGHT OF WAY,N HARTSTRAIT RD & W STATE 48,39.164944,-86.611296
902126197,2013,11,2,Weekday,600,2-Car,Non-incapacitating,FOLLOWING TOO CLOSELY,HARTSTRAIGHT ROAD & SR48W,39.164944,-86.611296
902102726,2013,10,5,Weekday,800,2-Car,Non-incapacitating,FAILURE TO YIELD RIGHT OF WAY,KIRBY RD & SR48,39.16491475,-86.61097062
901962456,2013,1,4,Weekday,1600,2-Car,No injury/unknown,UNSAFE SPEED,WEST 3RD ST,39.164848,-86.57487674
902128523,2013,11,6,Weekday,800,2-Car,No injury/unknown,FAILURE TO YIELD RIGHT OF WAY,W 3RD ST,39.164848,-86.57634041
902097035,2013,10,3,Weekday,1600,2-Car,Non-incapacitating,FAILURE TO YIELD RIGHT OF WAY,W 3RD ST,39.164848,-86.57962482
901996897,2013,3,6,Weekday,1300,2-Car,No injury/unknown,,W 3RD ST,39.16484379,-86.58164716
902101542,2013,10,4,Weekday,1300,2-Car,No injury/unknown,UNSAFE BACKING,W 3RD ST,39.16484379,-86.58164716
902147900,2013,12,7,Weekend,1600,1-Car,No injury/unknown,OTHER (DRIVER) - EXPLAIN IN NARRATIVE,W 3RD ST,39.16484379,-86.58164716
902054858,2013,7,7,Weekend,1200,1-Car,No injury/unknown,UNSAFE BACKING,W 3RD ST,39.164832,-86.582048
902017111,2013,5,5,Weekday,1400,2-Car,No injury/unknown,LEFT OF CENTER,W 3RD ST,39.16482122,-86.5789551
902034425,2013,6,3,Weekday,1300,Moped/Motorcycle,Non-incapacitating,ENGINE FAILURE OR DEFECTIVE,13 & WEST 3RD ST,39.16480652,-86.57295227
901985632,2013,3,5,Weekday,1600,2-Car,Non-incapacitating,OTHER (DRIVER) - EXPLAIN IN NARRATIVE,3RD ST & SR37,39.1648,-86.573792
902017960,2013,5,7,Weekend,1300,2-Car,No injury/unknown,DISREGARD SIGNAL/REG SIGN,SOUTH 37 & WEST 3RD ST,39.1648,-86.573792
901978450,2013,2,7,Weekend,1300,2-Car,No injury/unknown,FAILURE TO YIELD RIGHT OF WAY,3RD & PETE ELLIS DR,39.16478931,-86.495088
902089839,2013,9,5,Weekday,1100,2-Car,No injury/unknown,OTHER (DRIVER) - EXPLAIN IN NARRATIVE,E THIRD ST,39.16477585,-86.4952774
901975228,2013,2,7,Weekend,600,2-Car,No injury/unknown,FOLLOWING TOO CLOSELY,KINGS & SR46E,39.164763,-86.45072501
902047614,2013,4,4,Weekday,700,2-Car,No injury/unknown,OTHER (DRIVER) - EXPLAIN IN NARRATIVE,3RD ST & JACKSON,39.164752,-86.53984
901954129,2013,1,2,Weekday,1200,2-Car,Non-incapacitating,FOLLOWING TOO CLOSELY,3RD & SR37S,39.164752,-86.573104
902028692,2013,5,6,Weekday,1100,2-Car,No injury/unknown,OTHER (DRIVER) - EXPLAIN IN NARRATIVE,SR37 & W 3RD ST,39.164752,-86.573104
902037197,2013,6,7,Weekend,1800,Pedestrian,Non-incapacitating,PEDESTRIAN ACTION,3RD ST & US37N,39.164752,-86.573104
902043526,2013,6,5,Weekday,2200,2-Car,No injury/unknown,DISREGARD SIGNAL/REG SIGN,37 & WEST 3RD ST ST,39.164752,-86.573104
902052516,2013,7,3,Weekday,1000,2-Car,No injury/unknown,FOLLOWING TOO CLOSELY,SR37 & W 3RD ST,39.164752,-86.573104
902084726,2013,9,3,Weekday,700,2-Car,No injury/unknown,FAILURE TO YIELD RIGHT OF WAY,SR37 & SR48W,39.164752,-86.573104
902090742,2013,9,6,Weekday,1700,2-Car,Non-incapacitating,FOLLOWING TOO CLOSELY,SR37 & W 3RD ST,39.164752,-86.573104
902092049,2013,9,1,Weekday,2100,2-Car,No injury/unknown,FOLLOWING TOO CLOSELY,3RD ST & SR37,39.164752,-86.573104
902098248,2013,10,5,Weekday,1300,3+ Cars,Non-incapacitating,FOLLOWING TOO CLOSELY,3RD & SR37,39.164752,-86.573104
902103103,2013,10,7,Weekend,1600,2-Car,No injury/unknown,FOLLOWING TOO CLOSELY,3RD & SR37N,39.164752,-86.573104
902122251,2013,11,3,Weekday,500,2-Car,No injury/unknown,FAILURE TO YIELD RIGHT OF WAY,SR37 & W 3RD ST,39.164752,-86.573104
902140255,2013,12,2,Weekday,1200,3+ Cars,No injury/unknown,FOLLOWING TOO CLOSELY,3RD ST & STATE ROAD 37,39.164752,-86.573104
901958395,2013,1,3,Weekday,2200,2-Car,No injury/unknown,UNSAFE LANE MOVEMENT,3RD ST,39.16474251,-86.57282163
901959466,2013,1,3,Weekday,1900,2-Car,No injury/unknown,,W 3RD ST,39.16474251,-86.57282163
901995579,2013,3,4,Weekday,0,2-Car,No injury/unknown,OTHER (VEHICLE) - EXPLAIN IN NARRATIVE,W 3RD ST,39.16474251,-86.57282163
902002226,2013,4,4,Weekday,1600,2-Car,No injury/unknown,SPEED TOO FAST FOR WEATHER CONDITIONS,PARK SQUARE DR & WEST STATE ROAD 48,39.16474029,-86.59259006
902063950,2013,8,4,Weekday,1400,2-Car,No injury/unknown,OVERCORRECTING/OVERSTEERING,W 3RD ST,39.16473898,-86.57271675
902090080,2013,9,3,Weekday,1600,3+ Cars,No injury/unknown,UNSAFE SPEED,PROFILE & SR48,39.16473203,-86.59292201
901996798,2013,3,6,Weekday,1200,2-Car,No injury/unknown,FOLLOWING TOO CLOSELY,SR37 & WEST 3RD ST,39.16472831,-86.57239903
902030426,2013,6,7,Weekend,1500,2-Car,No injury/unknown,,E 3RD ST,39.16472732,-86.57236983
901987485,2013,3,2,Weekday,2000,1-Car,No injury/unknown,UNSAFE SPEED,ROGERS ST,39.16472,-86.538592
902025721,2013,5,7,Weekend,1100,1-Car,No injury/unknown,RAN OFF ROAD RIGHT,SOUTH ROGERS ST,39.16472,-86.538592
902052733,2013,7,3,Weekday,1500,1-Car,No injury/unknown,DRIVER DISTRACTED - EXPLAIN IN NARRATIVE,S ROGERS ST,39.16472,-86.538592
902051016,2013,7,6,Weekend,2000,2-Car,No injury/unknown,UNSAFE BACKING,E 3RD ST,39.16470933,-86.57183467
902081633,2013,9,4,Weekday,1500,2-Car,No injury/unknown,OTHER (DRIVER) - EXPLAIN IN NARRATIVE,E 3RD ST,39.16470933,-86.57183467
902094634,2013,10,6,Weekday,1400,2-Car,No injury/unknown,OTHER (DRIVER) - EXPLAIN IN NARRATIVE,E 3RD ST,39.16470933,-86.57183467
901996550,2013,3,5,Weekday,1600,2-Car,No injury/unknown,UNSAFE BACKING,E 3RD ST,39.16470536,-86.57171634
902124053,2013,11,5,Weekday,1800,Cyclist,Non-incapacitating,,3RD & S MADISON ST,39.164704,-86.537296
902050984,2013,7,6,Weekday,1700,2-Car,No injury/unknown,OTHER (DRIVER) - EXPLAIN IN NARRATIVE,E 3RD ST,39.1647021,-86.57161953
902098318,2013,10,5,Weekday,1700,3+ Cars,No injury/unknown,OTHER (DRIVER) - EXPLAIN IN NARRATIVE,FRANKLIN & W 3RD ST,39.16469985,-86.57155249
902050564,2013,7,5,Weekday,1200,2-Car,No injury/unknown,OTHER (DRIVER) - EXPLAIN IN NARRATIVE,FRANKLIN & WEST THIRD ST,39.164688,-86.5712
902088420,2013,9,3,Weekday,300,1-Car,Non-incapacitating,UNSAFE LANE MOVEMENT,FRANKLIN RD & W 3RD,39.164688,-86.5712
901962548,2013,1,5,Weekday,1300,Bus,No injury/unknown,FOLLOWING TOO CLOSELY,WEST 3RD ST & WYNNDALE,39.164672,-86.570288
902032783,2013,6,6,Weekend,1900,2-Car,No injury/unknown,FAILURE TO YIELD RIGHT OF WAY,EAST 3RD ST,39.16466933,-86.57021333
902007555,2013,4,1,Weekend,1200,2-Car,No injury/unknown,UNSAFE BACKING,E 3RD ST,39.16466933,-86.57021333
902047271,2013,7,6,Weekday,1100,2-Car,No injury/unknown,OTHER (DRIVER) - EXPLAIN IN NARRATIVE,EAST 3RD ST,39.16466933,-86.57021333
902060064,2013,7,3,Weekday,1500,2-Car,No injury/unknown,FAILURE TO YIELD RIGHT OF WAY,E 3RD ST,39.16466933,-86.57021333
902030180,2013,6,2,Weekday,1200,2-Car,No injury/unknown,,WEST THIRD ST,39.1646605,-86.57929301
901956938,2013,1,1,Weekend,1400,2-Car,Incapacitating,FAILURE TO YIELD RIGHT OF WAY,3RD ST & CURRY,39.16465983,-86.58292002
902003089,2013,4,5,Weekday,1200,2-Car,No injury/unknown,FOLLOWING TOO CLOSELY,S CURRY & SR 48 RD,39.16465983,-86.58292002
902068276,2013,8,5,Weekday,1700,2-Car,No injury/unknown,FOLLOWING TOO CLOSELY,CURRY & W 3RD ST,39.16465983,-86.58292002
902084557,2013,9,3,Weekday,700,2-Car,Non-incapacitating,FAILURE TO YIELD RIGHT OF WAY,CURRY PIKE & W THIRD,39.16465983,-86.58292002
902091296,2013,9,3,Weekday,1100,2-Car,No injury/unknown,OTHER (DRIVER) - EXPLAIN IN NARRATIVE,3RD ST & CURRY,39.16465983,-86.58292002
902102064,2013,10,5,Weekday,1600,2-Car,No injury/unknown,OTHER (ENVIRONMENTAL) - EXPLAIN IN NARR,3RD & CURRY PIKE,39.16465983,-86.58292002
902077514,2013,9,3,Weekday,1800,2-Car,No injury/unknown,FOLLOWING TOO CLOSELY,CURRY & THIRD ST,39.16465983,-86.58293734
902073326,2013,8,2,Weekday,600,2-Car,Non-incapacitating,IMPROPER TURNING,S CURRY & W 3RD ST,39.16465983,-86.58293951
902133400,2013,12,7,Weekend,2200,3+ Cars,No injury/unknown,FOLLOWING TOO CLOSELY,S COLLEGE AVE & W 1ST,39.16465636,-86.53499029
902052248,2013,7,2,Weekday,1400,2-Car,Non-incapacitating,FAILURE TO YIELD RIGHT OF WAY,3800 BLK W 3RD ST & S CURRY,39.16465575,-86.58296153
902142403,2013,12,4,Weekday,1200,2-Car,No injury/unknown,FAILURE TO YIELD RIGHT OF WAY,W 3RD ST,39.16465513,-86.57863721
902101659,2013,10,4,Weekday,1300,2-Car,No injury/unknown,DRIVER DISTRACTED - EXPLAIN IN NARRATIVE,3RD ST & WASHINGTON,39.16464,-86.53257641
901976286,2013,2,2,Weekday,2000,1-Car,No injury/unknown,ANIMAL/OBJECT IN ROADWAY,3RD ST & WALNUT,39.16464,-86.53324719
901999431,2013,4,5,Weekday,1100,2-Car,Non-incapacitating,FOLLOWING TOO CLOSELY,3RD ST & WALNUT,39.16464,-86.53333539
901968195,2013,2,1,Weekend,1200,2-Car,No injury/unknown,FAILURE TO YIELD RIGHT OF WAY,E 3RD ST & GRANT,39.16464,-86.529728
901956569,2013,1,7,Weekend,900,2-Car,No injury/unknown,FAILURE TO YIELD RIGHT OF WAY,3RD ST & GRANT,39.16464,-86.529728
901974364,2013,2,5,Weekday,1900,2-Car,No injury/unknown,FAILURE TO YIELD RIGHT OF WAY,EAST 3RD ST & GRANT,39.16464,-86.529728
902003959,2013,4,2,Weekday,200,2-Car,No injury/unknown,OTHER (DRIVER) - EXPLAIN IN NARRATIVE,3RD & GRANT ST,39.16464,-86.529728
902010356,2013,4,7,Weekend,1200,2-Car,No injury/unknown,FAILURE TO YIELD RIGHT OF WAY,E 3RD ST & S GRANT,39.16464,-86.529728
902106884,2013,10,6,Weekday,1300,2-Car,No injury/unknown,UNSAFE LANE MOVEMENT,E 3RD ST & GRANT,39.16464,-86.529728
902012987,2013,5,4,Weekday,1100,Bus,No injury/unknown,UNSAFE SPEED,3RD ST & LINCOLN,39.16464,-86.531024
902101451,2013,10,4,Weekday,1300,2-Car,No injury/unknown,DISREGARD SIGNAL/REG SIGN,EAST 3RD ST & SOUTH LINCOLN,39.16464,-86.531024
901967435,2013,2,6,Weekday,1600,3+ Cars,Non-incapacitating,DISREGARD SIGNAL/REG SIGN,3RD ST & WASHINGTON,39.16464,-86.5324
901966589,2013,1,5,Weekday,1900,2-Car,No injury/unknown,DISREGARD SIGNAL/REG SIGN,E 3RD ST & S WASHINGTON,39.16464,-86.5324
901999821,2013,4,6,Weekday,1100,2-Car,No injury/unknown,,S WASHINGTON ST,39.16464,-86.5324
902107989,2013,10,2,Weekday,1100,2-Car,Non-incapacitating,CELL PHONE USAGE,E 3RD ST & WASHINGTON,39.16464,-86.5324
902113390,2013,11,3,Weekday,900,2-Car,No injury/unknown,UNSAFE BACKING,E 3RD ST,39.16464,-86.5324
902143374,2013,12,5,Weekday,1200,2-Car,No injury/unknown,DISREGARD SIGNAL/REG SIGN,3RD ST & WASHINGTON,39.16464,-86.5324
902145845,2013,12,3,Weekday,1100,2-Car,No injury/unknown,DISREGARD SIGNAL/REG SIGN,3RD ST & WASHINGTON,39.16464,-86.5324
901963943,2013,1,1,Weekend,100,2-Car,No injury/unknown,OTHER (VEHICLE) - EXPLAIN IN NARRATIVE,SOUTH WALNUT ST,39.16464,-86.5336
901993283,2013,3,6,Weekday,1500,2-Car,No injury/unknown,,S WALNUT ST,39.16464,-86.5336
902019275,2013,5,3,Weekday,1000,3+ Cars,No injury/unknown,FOLLOWING TOO CLOSELY,3RD & S WALNUT ST,39.16464,-86.5336
902063645,2013,8,3,Weekday,1600,2-Car,No injury/unknown,FAILURE TO YIELD RIGHT OF WAY,S WALNUT ST,39.16464,-86.5336
902117800,2013,11,3,Weekday,1100,2-Car,No injury/unknown,UNSAFE BACKING,SOUTH WALNUT ST,39.16464,-86.5336
902118784,2013,11,3,Weekday,1200,2-Car,No injury/unknown,UNSAFE BACKING,S WALNUT ST & SR37,39.16464,-86.5336
901967827,2013,1,5,Weekday,2200,3+ Cars,No injury/unknown,SPEED TOO FAST FOR WEATHER CONDITIONS,COLLEGE & SR37S,39.16464,-86.534816
901961178,2013,1,3,Weekday,1100,2-Car,No injury/unknown,IMPROPER TURNING,SO COLLEGE AVE & W 3RD,39.16464,-86.534816
901975894,2013,2,2,Weekday,1900,2-Car,Non-incapacitating,DISREGARD SIGNAL/REG SIGN,3RD ST & COLLEGE,39.16464,-86.534816
901998579,2013,4,3,Weekday,1400,2-Car,Non-incapacitating,FAILURE TO YIELD RIGHT OF WAY,COLLEGE & WEST 3RD ST,39.16464,-86.534816
902018241,2013,5,1,Weekend,1100,2-Car,No injury/unknown,DISREGARD SIGNAL/REG SIGN,S COLLEGE AVE & W 3RD,39.16464,-86.534816
902068088,2013,8,4,Weekday,1800,2-Car,No injury/unknown,DISREGARD SIGNAL/REG SIGN,3RD & COLLEGE AVE,39.16464,-86.534816
902047283,2013,7,6,Weekday,1200,Cyclist,Non-incapacitating,DISREGARD SIGNAL/REG SIGN,S COLLEGE AVE & W 3RD,39.16464,-86.534816
902128445,2013,11,5,Weekday,2300,2-Car,Non-incapacitating,FAILURE TO YIELD RIGHT OF WAY,E 3RD & S COLLEGE AVE,39.16464,-86.534816
901999367,2013,4,5,Weekday,1100,2-Car,No injury/unknown,FOLLOWING TOO CLOSELY,3RD ST & KIMBLE,39.16464,-86.568
902032291,2013,6,5,Weekday,1500,3+ Cars,Non-incapacitating,FOLLOWING TOO CLOSELY,KIMBLE & WEST THIRD ST,39.16464,-86.568
902033299,2013,6,7,Weekend,1300,3+ Cars,No injury/unknown,DRIVER DISTRACTED - EXPLAIN IN NARRATIVE,2500 W 3RD ST & S KIMBLE,39.16464,-86.568
902035225,2013,6,4,Weekday,1300,2-Car,No injury/unknown,FOLLOWING TOO CLOSELY,KIMBLE & W 3RD ST,39.16464,-86.568
902021071,2013,5,6,Weekday,1200,2-Car,No injury/unknown,FOLLOWING TOO CLOSELY,KIMBLE & WEST 3RD ST,39.16464,-86.568
902085703,2013,9,4,Weekday,2100,2-Car,No injury/unknown,IMPROPER LANE USAGE,3RD ST & KIMBLE,39.16464,-86.568
902124095,2013,11,5,Weekday,1600,2-Car,No injury/unknown,UNSAFE BACKING,E 3RD ST,39.16464,-86.56905455
901996139,2013,3,4,Weekday,1300,2-Car,No injury/unknown,UNSAFE BACKING,E 3RD ST,39.16464,-86.56913891
902105192,2013,10,4,Weekday,800,3+ Cars,Non-incapacitating,FOLLOWING TOO CLOSELY,CURRY & W 3RD ST,39.16463971,-86.58292002
902113824,2013,11,4,Weekday,1000,2-Car,No injury/unknown,FOLLOWING TOO CLOSELY,3RD ST & CURRY,39.16463971,-86.58292002
902120808,2013,11,7,Weekend,2200,2-Car,No injury/unknown,FAILURE TO YIELD RIGHT OF WAY,3RD & CURRY PIKE,39.16463971,-86.58292002
902129152,2013,11,6,Weekday,1800,2-Car,No injury/unknown,FOLLOWING TOO CLOSELY,S CURRY & W 3RD ST,39.16463971,-86.58296332
902002224,2013,4,4,Weekday,1700,2-Car,No injury/unknown,FAILURE TO YIELD RIGHT OF WAY,W THIRD ST,39.16462563,-86.57083064
902078908,2013,9,6,Weekday,800,1-Car,Non-incapacitating,OTHER (DRIVER) - EXPLAIN IN NARRATIVE,W 3RD ST,39.16462094,-86.58336393
902056319,2013,7,3,Weekday,1100,2-Car,No injury/unknown,FAILURE TO YIELD RIGHT OF WAY,3RD ST & MADISON,39.16462027,-86.53741031
901996818,2013,3,5,Weekday,1900,2-Car,No injury/unknown,FAILURE TO YIELD RIGHT OF WAY,3RD ST & LIBERTY,39.16461021,-86.57908677
902140619,2013,12,3,Weekday,1200,2-Car,No injury/unknown,OTHER (DRIVER) - EXPLAIN IN NARRATIVE,3RD ST & LIBERTY,39.16461021,-86.57911708
901987082,2013,3,2,Weekday,900,2-Car,No injury/unknown,DISREGARD SIGNAL/REG SIGN,3RD ST & LIBERTY,39.16461021,-86.57913006
902023756,2013,5,3,Weekday,2200,2-Car,No injury/unknown,FAILURE TO YIELD RIGHT OF WAY,3RD ST & LIBERTY,39.16461021,-86.57913006
902047441,2013,7,2,Weekday,2000,2-Car,No injury/unknown,FAILURE TO YIELD RIGHT OF WAY,3RD ST & LIBERTY,39.16461021,-86.57913006
902074687,2013,8,2,Weekday,1300,2-Car,No injury/unknown,FOLLOWING TOO CLOSELY,S LIBERTY & W 3RD ST,39.16461021,-86.57913006
902141703,2013,12,5,Weekday,800,2-Car,No injury/unknown,FAILURE TO YIELD RIGHT OF WAY,3RD & LIBERTY DR,39.16461021,-86.57913006
902091003,2013,9,7,Weekend,1300,2-Car,No injury/unknown,UNSAFE LANE MOVEMENT,LIBERTY & W 3RD ST,39.16461021,-86.57913872
901993728,2013,3,7,Weekend,1100,2-Car,No injury/unknown,FAILURE TO YIELD RIGHT OF WAY,SO LIBERTY & W 3RD ST,39.16461021,-86.57914045
902070747,2013,8,3,Weekday,1800,2-Car,Non-incapacitating,DISREGARD SIGNAL/REG SIGN,3RD ST & WASHINGTON,39.16460015,-86.53235971
902100816,2013,10,7,Weekend,1600,2-Car,Non-incapacitating,FOLLOWING TOO CLOSELY,3RD ST & WASHINGTON,39.16460015,-86.53235971
902118932,2013,11,4,Weekday,1600,2-Car,No injury/unknown,DISREGARD SIGNAL/REG SIGN,3RD ST & WASHINGTON,39.16460015,-86.53235971
902054410,2013,7,6,Weekday,1100,Moped/Motorcycle,Non-incapacitating,FAILURE TO YIELD RIGHT OF WAY,3RD & WALNUT ST,39.16460015,-86.53362974
902112449,2013,11,2,Weekday,1300,2-Car,No injury/unknown,FOLLOWING TOO CLOSELY,THIRD ST & WALNUT,39.16460015,-86.53362974
901971787,2013,2,6,Weekend,2000,2-Car,No injury/unknown,FAILURE TO YIELD RIGHT OF WAY,3RD ST & COLLEGE,39.16460015,-86.53489977
902083022,2013,9,6,Weekday,1500,2-Car,No injury/unknown,FAILURE TO YIELD RIGHT OF WAY,3RD ST & COLLEGE,39.16460015,-86.53489977
902111264,2013,11,6,Weekday,1200,2-Car,No injury/unknown,DISREGARD SIGNAL/REG SIGN,3RD & COLLEGE AVE,39.16460015,-86.53489977
902120790,2013,11,7,Weekend,2100,2-Car,No injury/unknown,DISREGARD SIGNAL/REG SIGN,3RD ST & COLLEGE,39.16460015,-86.53489977
902105249,2013,10,4,Weekday,700,1-Car,No injury/unknown,OTHER (DRIVER) - EXPLAIN IN NARRATIVE,W 3RD ST,39.16460015,-86.58302865
902055079,2013,7,1,Weekend,0,Moped/Motorcycle,Non-incapacitating,RAN OFF ROAD RIGHT,3RD & ROGERS ST,39.16459641,-86.538592
902048844,2013,7,2,Weekday,1700,2-Car,No injury/unknown,FOLLOWING TOO CLOSELY,3RD & LINCOLN ST,39.16459009,-86.5311098
902090143,2013,9,5,Weekday,1600,3+ Cars,Non-incapacitating,FOLLOWING TOO CLOSELY,GATES & W 3RD ST,39.16459009,-86.57617378
901971314,2013,2,5,Weekday,1600,2-Car,No injury/unknown,DRIVER DISTRACTED - EXPLAIN IN NARRATIVE,GATES & W 3RD ST,39.16459009,-86.57619975
901992376,2013,3,4,Weekday,1800,Bus,No injury/unknown,DISREGARD SIGNAL/REG SIGN,3RD ST & GATES,39.16459009,-86.57619975
902003487,2013,4,7,Weekend,1100,2-Car,No injury/unknown,FAILURE TO YIELD RIGHT OF WAY,GATES & W 3RD ST,39.16459009,-86.57619975
902015380,2013,5,2,Weekday,2200,2-Car,No injury/unknown,DISREGARD SIGNAL/REG SIGN,GATES & WEST 3RD ST,39.16459009,-86.57619975
902016542,2013,4,4,Weekday,1600,Bus,No injury/unknown,FAILURE TO YIELD RIGHT OF WAY,3RD & GATES DR,39.16459009,-86.57619975
902070444,2013,8,3,Weekday,1100,2-Car,No injury/unknown,FOLLOWING TOO CLOSELY,GATES & W 3RD ST,39.16459009,-86.57619975
902071608,2013,8,5,Weekday,1400,2-Car,No injury/unknown,FOLLOWING TOO CLOSELY,3RD ST & GATES,39.16459009,-86.57619975
902040796,2013,6,1,Weekend,1800,1-Car,Non-incapacitating,RAN OFF ROAD RIGHT,3RD ST & GATES,39.16459009,-86.57619975
902042135,2013,6,3,Weekday,1600,3+ Cars,Non-incapacitating,FOLLOWING TOO CLOSELY,GATES & W 3RD ST,39.16459009,-86.57619975
902064612,2013,8,5,Weekday,1600,3+ Cars,No injury/unknown,FOLLOWING TOO CLOSELY,GATES & W 3RD ST,39.16459009,-86.57619975
902122678,2013,11,3,Weekday,1600,3+ Cars,No injury/unknown,FOLLOWING TOO CLOSELY,3RD ST & GATES,39.16459009,-86.57619975
902135764,2013,12,4,Weekday,1400,2-Car,No injury/unknown,FAILURE TO YIELD RIGHT OF WAY,3RD ST & GATES,39.16459009,-86.57619975
901961044,2013,1,3,Weekday,800,2-Car,No injury/unknown,FAILURE TO YIELD RIGHT OF WAY,GATES & SR48,39.16458572,-86.57618347
901972234,2013,2,1,Weekend,1200,1-Car,No injury/unknown,OTHER (DRIVER) - EXPLAIN IN NARRATIVE,400 3RD ST & DUNN,39.16457778,-86.52830149
901960301,2013,1,1,Weekend,1700,1-Car,No injury/unknown,RAN OFF ROAD RIGHT,GRANT ST & THIRD,39.16456997,-86.52982972
902013585,2013,5,6,Weekday,1300,2-Car,No injury/unknown,,3RD ST & GRANT,39.16456997,-86.52982972
902023641,2013,5,3,Weekday,1400,2-Car,Non-incapacitating,FAILURE TO YIELD RIGHT OF WAY,3RD ST & GRANT,39.16456997,-86.52982972
902049367,2013,7,3,Weekday,1500,2-Car,No injury/unknown,FOLLOWING TOO CLOSELY,3RD ST & GRANT,39.16456997,-86.52982972
902111784,2013,11,1,Weekend,1200,2-Car,Non-incapacitating,UNSAFE LANE MOVEMENT,E 3RD ST & S GRANT,39.16456997,-86.52982972
901982005,2013,3,7,Weekend,1200,2-Car,No injury/unknown,UNSAFE BACKING,(NS ALLEY) E 3RD ST & S GRANT,39.16456997,-86.52984703
902027219,2013,5,3,Weekday,1400,2-Car,No injury/unknown,UNSAFE BACKING,EAST 3RD ST,39.16456,-86.5550845
902062825,2013,8,2,Weekday,1500,2-Car,No injury/unknown,FAILURE TO YIELD RIGHT OF WAY,THIRD ST & YANCY,39.16455992,-86.56948015
901967081,2013,2,6,Weekday,1200,2-Car,No injury/unknown,DRIVER DISTRACTED - EXPLAIN IN NARRATIVE,3RD ST & FRANKLIN,39.16455992,-86.5701816
902007950,2013,4,1,Weekend,1300,Moped/Motorcycle,Non-incapacitating,FAILURE TO YIELD RIGHT OF WAY,3RD ST & FRANKLIN,39.16455992,-86.57019026
902072293,2013,8,6,Weekday,1600,2-Car,Non-incapacitating,FOLLOWING TOO CLOSELY,3RD ST & FRANKLIN,39.16455992,-86.57019026
902091424,2013,9,1,Weekend,1500,2-Car,Non-incapacitating,BRAKE FAILURE OR DEFECTIVE,3RD ST & WYNNEDALE,39.16455992,-86.57019026
902132454,2013,12,6,Weekday,300,1-Car,No injury/unknown,RAN OFF ROAD RIGHT,FRANKLIN RD & W 3RD,39.16455992,-86.57019026
902145697,2013,12,2,Weekday,2200,3+ Cars,No injury/unknown,FOLLOWING TOO CLOSELY,THIRD & WYNNEDALE DR,39.16455992,-86.57019026
901980018,2013,2,1,Weekend,1800,2-Car,No injury/unknown,,W 3RD ST,39.16455981,-86.55584763
902059613,2013,7,3,Weekday,100,2-Car,No injury/unknown,UNSAFE BACKING,W 3RD ST,39.16454406,-86.55360366
901976983,2013,2,4,Weekday,1600,2-Car,No injury/unknown,FAILURE TO YIELD RIGHT OF WAY,3RD & CORY LN,39.164544,-86.560096
901991585,2013,3,2,Weekday,1700,2-Car,No injury/unknown,DRIVER ASLEEP OR FATIGUED,S CURRY PIKE & W 3RD,39.164544,-86.560096
902015296,2013,5,2,Weekday,1300,2-Car,No injury/unknown,UNSAFE LANE MOVEMENT,3RD & CURRY PIKE,39.164544,-86.560096
902072569,2013,8,7,Weekend,1600,2-Car,No injury/unknown,FAILURE TO YIELD RIGHT OF WAY,CORY & THIRD ST,39.164544,-86.560096
902105442,2013,10,4,Weekday,1600,2-Car,Non-incapacitating,FOLLOWING TOO CLOSELY,KIMBLE & THIRD ST,39.1645398,-86.56798152
901966758,2013,1,3,Weekday,200,1-Car,No injury/unknown,RAN OFF ROAD RIGHT,S KIMBLE DR & W 3RD,39.1645398,-86.56799018