Master Record Number,Year,Month,Day,Weekend?,Hour,Collision Type,Injury Type,Primary Factor,Reported_Location,Latitude,Longitude
902013772,2013,5,5,Weekday,1700,2-Car,No injury/unknown,FOLLOWING TOO CLOSELY,3RD ST & KIMBLE,39.1645398,-86.56799018
902043381,2013,6,5,Weekday,1700,2-Car,Non-incapacitating,FOLLOWING TOO CLOSELY,3RD ST & KIMBLE,39.1645398,-86.56799018
902120295,2013,11,6,Weekday,1700,2-Car,No injury/unknown,FOLLOWING TOO CLOSELY,3RD ST & KIMBLE,39.1645398,-86.56799018
902084133,2013,9,5,Weekday,1100,2-Car,No injury/unknown,LEFT OF CENTER,S ADAMS & W 3RD ST,39.164512,-86.550624
902029061,2013,5,6,Weekday,1700,2-Car,No injury/unknown,DRIVER DISTRACTED - EXPLAIN IN NARRATIVE,3RD ST & MULLER,39.16450024,-86.56267422
901966569,2013,1,5,Weekday,1900,2-Car,No injury/unknown,SPEED TOO FAST FOR WEATHER CONDITIONS,MULLER & W 3RD ST,39.16450024,-86.56270019
901977009,2013,2,4,Weekday,1600,2-Car,Non-incapacitating,FAILURE TO YIELD RIGHT OF WAY,3RD ST & MULLER,39.16450024,-86.56270019
901982803,2013,3,6,Weekday,1700,2-Car,No injury/unknown,UNSAFE LANE MOVEMENT,MULLER & WEST 3 ST ST,39.16450024,-86.56270019
901994376,2013,3,2,Weekday,800,2-Car,No injury/unknown,SPEED TOO FAST FOR WEATHER CONDITIONS,MULLER PKWY & W 3RD,39.16450024,-86.56270019
902032476,2013,6,6,Weekday,200,1-Car,No injury/unknown,RAN OFF ROAD RIGHT,S MULLER PKWY & W 3RD,39.16450024,-86.56270019
902010657,2013,4,7,Weekend,1900,2-Car,No injury/unknown,FAILURE TO YIELD RIGHT OF WAY,MULLER & WEST THIRD ST,39.16450024,-86.56270019
902064468,2013,8,5,Weekday,1400,1-Car,No injury/unknown,DISREGARD SIGNAL/REG SIGN,3RD ST & MULLER,39.16450024,-86.56270019
902010318,2013,4,7,Weekend,800,1-Car,No injury/unknown,,MULLER & W 3RD ST,39.16450024,-86.56271318
902080955,2013,9,3,Weekday,1200,3+ Cars,No injury/unknown,OTHER (VEHICLE) - EXPLAIN IN NARRATIVE,E 3RD ST,39.164491,-86.549814
901953726,2013,1,1,Weekend,1400,2-Car,No injury/unknown,UNSAFE BACKING,3RD ST,39.164488,-86.54969829
902143964,2013,12,6,Weekday,1600,1-Car,No injury/unknown,OBSTRUCTION NOT MARKED,E 3RD ST,39.164488,-86.54969829
902083026,2013,9,6,Weekday,1600,2-Car,No injury/unknown,DRIVER ASLEEP OR FATIGUED,3RD ST & CORY,39.16448012,-86.56015008
902136641,2013,12,4,Weekday,1000,2-Car,No injury/unknown,IMPROPER LANE USAGE,CORY & THIRD ST,39.16448012,-86.56015008
902032941,2013,6,7,Weekend,1300,1-Car,Non-incapacitating,RAN OFF ROAD RIGHT,WEST 3RD ST,39.16447742,-86.54929031
902048856,2013,7,2,Weekday,900,2-Car,No injury/unknown,FOLLOWING TOO CLOSELY,SR37N,39.16446797,-86.57233285
902090954,2013,9,6,Weekday,800,2-Car,No injury/unknown,,S COLLEGE AVE,39.16446694,-86.53481763
902020543,2013,5,3,Weekday,1200,2-Car,No injury/unknown,UNSAFE BACKING,EAST 3RD ST,39.1644625,-86.54871471
902123358,2013,11,4,Weekday,1200,2-Car,No injury/unknown,OVERCORRECTING/OVERSTEERING,E 3RD ST,39.1644625,-86.54871471
902132461,2013,12,6,Weekday,0,2-Car,No injury/unknown,SPEED TOO FAST FOR WEATHER CONDITIONS,3RD ST & DUNN,39.16444995,-86.52821972
901960992,2013,1,2,Weekday,1300,2-Car,Non-incapacitating,FOLLOWING TOO CLOSELY,E 3RD ST & SR 45 46 BYPASS,39.164448,-86.471888
901970405,2013,2,4,Weekday,800,3+ Cars,Non-incapacitating,FOLLOWING TOO CLOSELY,3RD ST & SR 45 46,39.164448,-86.471888
901991442,2013,3,2,Weekday,1300,2-Car,No injury/unknown,FOLLOWING TOO CLOSELY,3RD & SR 45 46 BYP,39.164448,-86.471888
902047265,2013,7,6,Weekday,1200,2-Car,Non-incapacitating,FOLLOWING TOO CLOSELY,EAST THIRD ST & SR4546,39.164448,-86.471888
901965171,2013,1,3,Weekday,800,2-Car,No injury/unknown,FOLLOWING TOO CLOSELY,FESS & THIRD ST,39.164448,-86.525792
901985410,2013,3,5,Weekday,1300,2-Car,Non-incapacitating,FAILURE TO YIELD RIGHT OF WAY,FESS & THIRD ST,39.164448,-86.525792
902086843,2013,9,6,Weekday,1700,3+ Cars,No injury/unknown,FOLLOWING TOO CLOSELY,E 3RD ST & S FESS,39.164448,-86.525792
902121059,2013,11,1,Weekend,1500,3+ Cars,No injury/unknown,FOLLOWING TOO CLOSELY,3RD ST & FESS,39.164448,-86.525792
902135615,2013,12,4,Weekday,1200,2-Car,No injury/unknown,FAILURE TO YIELD RIGHT OF WAY,FESS & THIRD ST,39.164448,-86.525792
902045522,2013,7,2,Weekday,1200,2-Car,No injury/unknown,FAILURE TO YIELD RIGHT OF WAY,3RD ST & INDIANA,39.164448,-86.52591797
901961382,2013,1,3,Weekday,1500,2-Car,No injury/unknown,FOLLOWING TOO CLOSELY,3RD ST & INDIANA,39.164448,-86.52669416
902073886,2013,8,2,Weekday,1400,2-Car,No injury/unknown,UNSAFE LANE MOVEMENT,INDIANA & THIRD ST,39.164448,-86.5268
902075603,2013,8,6,Weekday,800,1-Car,No injury/unknown,UNSAFE BACKING,3RD ST & INDIANA,39.164448,-86.5268
902088160,2013,9,2,Weekday,1300,2-Car,No injury/unknown,FOLLOWING TOO CLOSELY,3RD ST & INDIANA,39.164448,-86.5268
902138032,2013,12,7,Weekend,100,2-Car,No injury/unknown,SPEED TOO FAST FOR WEATHER CONDITIONS,E 3RD ST & S INDIANA,39.164448,-86.5268
902138169,2013,12,6,Weekend,2100,2-Car,No injury/unknown,FAILURE TO YIELD RIGHT OF WAY,INDIANA 37 & W 3RD ST,39.164448,-86.5268
901961466,2013,1,3,Weekday,2000,2-Car,No injury/unknown,LEFT OF CENTER,3RD ST & ATWATER,39.164448,-86.528096
901966637,2013,1,1,Weekday,1900,2-Car,No injury/unknown,ROADWAY SURFACE CONDITION,DUNN & THIRD ST,39.164448,-86.528096
902000790,2013,4,2,Weekday,600,2-Car,No injury/unknown,DISREGARD SIGNAL/REG SIGN,DUNN & E 3RD ST,39.164448,-86.528096
901981941,2013,3,6,Weekday,1200,3+ Cars,Non-incapacitating,UNSAFE LANE MOVEMENT,E 3RD & S DUNN ST,39.164448,-86.528096
902024959,2013,5,6,Weekday,200,1-Car,No injury/unknown,UNSAFE BACKING,ATWATER AVE & DUNN,39.164448,-86.528096
902083385,2013,9,7,Weekend,1900,2-Car,No injury/unknown,UNSAFE LANE MOVEMENT,3RD ST & DUNN,39.164448,-86.528096
902105748,2013,10,5,Weekday,700,2-Car,No injury/unknown,UNSAFE LANE MOVEMENT,DUNN & E 3RD ST,39.164448,-86.528096
902080466,2013,9,7,Weekend,1600,2-Car,No injury/unknown,UNSAFE BACKING,E 3RD ST,39.16444703,-86.52575968
901991337,2013,3,2,Weekday,2300,2-Car,No injury/unknown,FAILURE TO YIELD RIGHT OF WAY,E 3RD ST,39.16443758,-86.54775367
902081798,2013,9,4,Weekday,2000,2-Car,No injury/unknown,FOLLOWING TOO CLOSELY,3RD ST & FESS,39.16443214,-86.52526318
902001017,2013,4,2,Weekday,1100,2-Car,No injury/unknown,FAILURE TO YIELD RIGHT OF WAY,LANDMARK & W  3RD ST,39.16442983,-86.55629252
901959856,2013,1,5,Weekday,1500,2-Car,No injury/unknown,FOLLOWING TOO CLOSELY,LANDMARK & WEST THIRD ST,39.16442983,-86.55630983
902067592,2013,8,4,Weekday,1400,2-Car,No injury/unknown,FAILURE TO YIELD RIGHT OF WAY,LANDMARK & THIRD ST,39.16442983,-86.55630983
902068825,2013,8,6,Weekday,1200,2-Car,No injury/unknown,FAILURE TO YIELD RIGHT OF WAY,3RD ST & LANDMARK,39.16442983,-86.55630983
902078483,2013,9,4,Weekday,900,Cyclist,Non-incapacitating,BRAKE FAILURE OR DEFECTIVE,S LANDMARK & W 3RD ST,39.16442983,-86.55630983
902100982,2013,10,3,Weekday,1700,3+ Cars,Non-incapacitating,DISREGARD SIGNAL/REG SIGN,3RD ST & LANDMARK,39.16442983,-86.55630983
902035447,2013,6,4,Weekday,1200,2-Car,No injury/unknown,UNSAFE LANE MOVEMENT,LANDMARK & WEST THIRD ST,39.16442983,-86.5563358
902057187,2013,7,4,Weekday,1700,2-Car,No injury/unknown,UNSAFE BACKING,WEST THIRD ST,39.16442983,-86.57200276
901967328,2013,1,5,Weekday,1400,2-Car,No injury/unknown,UNSAFE BACKING,EAST 3RD ST,39.16442667,-86.52508089
902096977,2013,10,3,Weekday,1500,2-Car,No injury/unknown,FOLLOWING TOO CLOSELY,E 3RD ST,39.16442667,-86.52508089
902096998,2013,10,3,Weekday,1600,2-Car,No injury/unknown,FAILURE TO YIELD RIGHT OF WAY,E 3RD ST,39.16442667,-86.52508089
902043528,2013,6,6,Weekday,1300,2-Car,No injury/unknown,UNSAFE BACKING,3RD ST & WESTPLEX,39.16440971,-86.5538964
902000006,2013,4,3,Weekday,1700,2-Car,Non-incapacitating,FOLLOWING TOO CLOSELY,3RD ST & WESTPLEX,39.16440971,-86.55389986
902080981,2013,9,2,Weekday,1700,2-Car,Non-incapacitating,FOLLOWING TOO CLOSELY,3RD ST & WESTPLEX,39.16440971,-86.55389986
902090958,2013,9,7,Weekend,800,2-Car,No injury/unknown,UNSAFE LANE MOVEMENT,E 3RD ST & SR446,39.1644096,-86.47214797
902080891,2013,9,2,Weekday,1900,1-Car,No injury/unknown,,W THIRD ST & WALKER,39.1644,-86.546304
902047523,2013,7,7,Weekend,0,1-Car,No injury/unknown,UNSAFE LANE MOVEMENT,S PATTERSON & W 3RD ST,39.16439943,-86.55195948
902091471,2013,9,1,Weekend,1700,2-Car,No injury/unknown,FOLLOWING TOO CLOSELY,SOUTH PATTERSON & WEST 3RD ST,39.16439943,-86.55195948
902016111,2013,5,3,Weekday,1300,2-Car,No injury/unknown,,W THIRD ST,39.16438675,-86.58110809
902107421,2013,10,7,Weekend,1200,2-Car,No injury/unknown,FAILURE TO YIELD RIGHT OF WAY,400 E 3RD ST & S GRANT,39.164375,-86.52949665
902001479,2013,4,3,Weekday,800,2-Car,No injury/unknown,IMPROPER TURNING,HENDERSON ST & HUNTER,39.1643687,-86.52682873
902002898,2013,4,6,Weekday,500,1-Car,No injury/unknown,RAN OFF ROAD RIGHT,S UNION ST,39.16435494,-86.509296
901993496,2013,3,7,Weekend,1000,2-Car,No injury/unknown,FOLLOWING TOO CLOSELY,E 3RD & SO HIGH ST,39.164352,-86.508288
901991458,2013,3,3,Weekday,900,2-Car,Non-incapacitating,FOLLOWING TOO CLOSELY,3RD ST & HIGH,39.164352,-86.50855261
901990232,2013,3,7,Weekend,1400,3+ Cars,No injury/unknown,FOLLOWING TOO CLOSELY,3RD ST & UNION,39.164352,-86.5088
902091595,2013,9,1,Weekday,1900,1-Car,No injury/unknown,IMPROPER TURNING,E 3RD & UNION ST,39.164352,-86.5088
902015702,2013,5,3,Weekday,1100,Cyclist,Non-incapacitating,OTHER (DRIVER) - EXPLAIN IN NARRATIVE,EAST 3RD ST & ROSE,39.164352,-86.510944
902101517,2013,10,4,Weekday,1800,2-Car,No injury/unknown,IMPROPER TURNING,3RD ST & ROSE,39.164352,-86.510944
901965919,2013,1,4,Weekday,1400,1-Car,No injury/unknown,UNSAFE BACKING,E 3RD ST,39.164352,-86.521088
902102999,2013,10,7,Weekend,1000,2-Car,No injury/unknown,SPEED TOO FAST FOR WEATHER CONDITIONS,3RD ST & FACULTY,39.164352,-86.521088
902141913,2013,12,4,Weekday,1200,2-Car,No injury/unknown,FOLLOWING TOO CLOSELY,S FACULTY & THIRD ST,39.164352,-86.521088
902142679,2013,12,4,Weekday,1200,2-Car,No injury/unknown,FOLLOWING TOO CLOSELY,FACULTY & THIRD ST,39.164352,-86.521088
902019302,2013,5,3,Weekday,1100,1-Car,No injury/unknown,OTHER (DRIVER) - EXPLAIN IN NARRATIVE,SOUTH WOODLAWN AVE,39.164352,-86.522592
902056624,2013,7,3,Weekday,1700,1-Car,No injury/unknown,UNSAFE BACKING,S WOODLAWN AVE,39.164352,-86.522592
901966959,2013,2,6,Weekday,800,1-Car,No injury/unknown,SPEED TOO FAST FOR WEATHER CONDITIONS,WEST 3RD ST,39.16432953,-86.5832901
902005567,2013,4,4,Weekday,1600,2-Car,No injury/unknown,FAILURE TO YIELD RIGHT OF WAY,W 3RD ST,39.16432953,-86.5832901
901977331,2013,2,5,Weekday,1300,2-Car,No injury/unknown,FOLLOWING TOO CLOSELY,E 3RD ST & S BRYAN,39.16432,-86.50824
902018246,2013,5,1,Weekend,1200,2-Car,Incapacitating,FAILURE TO YIELD RIGHT OF WAY,BURMA ROAD & SR37N,39.16432,-86.50824
902050074,2013,7,4,Weekday,1300,2-Car,No injury/unknown,FOLLOWING TOO CLOSELY,E 3RD ST & SO BRYAN,39.16432,-86.50824
902109954,2013,10,4,Weekday,1500,2-Car,No injury/unknown,IMPROPER LANE USAGE,E THIRD ST,39.16431248,-86.50218285
901956437,2013,1,6,Weekday,1400,3+ Cars,No injury/unknown,DRIVER DISTRACTED - EXPLAIN IN NARRATIVE,E 3RD ST & ROOSEVELT,39.164304,-86.505792
901997024,2013,3,6,Weekday,1300,2-Car,No injury/unknown,FOLLOWING TOO CLOSELY,E 3RD ST & S ROOSEVELT,39.164304,-86.505792
902082816,2013,9,6,Weekday,100,2-Car,No injury/unknown,FAILURE TO YIELD RIGHT OF WAY,EAST THIRD ST & ROOSEVELT,39.164304,-86.505792
902088433,2013,9,2,Weekday,1200,2-Car,No injury/unknown,FOLLOWING TOO CLOSELY,EAST 3RD ST & ROOSEVELT,39.164304,-86.505792
902095302,2013,10,1,Weekend,1200,2-Car,No injury/unknown,FOLLOWING TOO CLOSELY,E 3RD ST & S ROOSEVELT,39.164304,-86.505792
901980822,2013,2,4,Weekday,1200,2-Car,No injury/unknown,FOLLOWING TOO CLOSELY,3RD ST & JEFFERSON,39.164304,-86.506992
901980826,2013,2,4,Weekday,1300,2-Car,No injury/unknown,FOLLOWING TOO CLOSELY,3RD ST & JEFFERSON,39.164304,-86.506992
902005135,2013,4,4,Weekday,300,1-Car,No injury/unknown,IMPROPER TURNING,E 3RD ST & JEFFERSON,39.164304,-86.506992
902066837,2013,8,3,Weekday,900,2-Car,No injury/unknown,UNSAFE BACKING,MAPLE ST & WEST 3RD,39.16429974,-86.54222019
902143725,2013,12,5,Weekday,900,2-Car,No injury/unknown,UNSAFE BACKING,EAST 3RD ST,39.16429505,-86.49985268
901969945,2013,2,3,Weekday,1500,Moped/Motorcycle,Non-incapacitating,OTHER (DRIVER) - EXPLAIN IN NARRATIVE,E 3RD ST & FESS,39.16428968,-86.52587444
901975629,2013,2,2,Weekday,1100,2-Car,No injury/unknown,FAILURE TO YIELD RIGHT OF WAY,FESS & THIRD ST,39.16428968,-86.52589174
902089017,2013,9,3,Weekday,1700,Cyclist,Non-incapacitating,IMPROPER LANE USAGE,HENDERSON & THIRD ST,39.16427777,-86.52588752
902049694,2013,7,4,Weekday,1100,2-Car,Non-incapacitating,UNSAFE LANE MOVEMENT,FESS & THIRD ST,39.1642777,-86.52587125
902020108,2013,5,2,Weekday,1600,2-Car,No injury/unknown,OTHER (DRIVER) - EXPLAIN IN NARRATIVE,S MADISON ST,39.16427589,-86.537296
901953603,2013,1,1,Weekday,1900,2-Car,No injury/unknown,FAILURE TO YIELD RIGHT OF WAY,JORDAN AVE & THIRD,39.16427532,-86.51640856
901954286,2013,1,2,Weekday,1500,Pedestrian,Non-incapacitating,PEDESTRIAN ACTION,JORDAN AVE & THIRD,39.16427532,-86.51640856
902038430,2013,6,3,Weekday,1700,2-Car,No injury/unknown,IMPROPER PASSING,JORDAN AVE & THIRD,39.16427532,-86.51640856
902056968,2013,7,4,Weekday,1200,2-Car,No injury/unknown,UNSAFE LANE MOVEMENT,JORDAN & THIRD ST,39.16427532,-86.51640856
902074626,2013,8,4,Weekday,1700,2-Car,No injury/unknown,UNSAFE BACKING,E JONES & JORDAN AVE,39.16427532,-86.51640856
901971742,2013,2,5,Weekday,1900,2-Car,Non-incapacitating,IMPROPER TURNING,BALLANTINE RD & THIRD,39.16427388,-86.5191192
902073737,2013,8,2,Weekday,1400,2-Car,No injury/unknown,UNSAFE LANE MOVEMENT,BALLANTINE RD & THIRD,39.16427388,-86.5191192
902059243,2013,7,2,Weekday,1300,2-Car,Non-incapacitating,IMPROPER LANE USAGE,SWAIN & THIRD ST,39.16427358,-86.51583434
901955887,2013,1,5,Weekday,1700,3+ Cars,No injury/unknown,UNSAFE LANE MOVEMENT,E THIRD ST & OVERHILL,39.164272,-86.501488
901985893,2013,3,6,Weekday,1000,2-Car,No injury/unknown,FAILURE TO YIELD RIGHT OF WAY,E 3RD ST & S OVERHILL,39.164272,-86.501488
902046237,2013,7,4,Weekday,700,2-Car,No injury/unknown,FAILURE TO YIELD RIGHT OF WAY,EAST THIRD ST & OVERHILL,39.164272,-86.501488
902038021,2013,6,7,Weekend,1100,2-Car,No injury/unknown,IMPROPER TURNING,E 3RD ST,39.164272,-86.50177208
901978161,2013,2,6,Weekday,1300,2-Car,No injury/unknown,UNSAFE BACKING,E 3RD ST,39.164272,-86.50199935
902089058,2013,9,3,Weekday,2200,2-Car,No injury/unknown,UNSAFE BACKING,W 3RD ST,39.164272,-86.50232131
901995011,2013,3,2,Weekday,1200,2-Car,No injury/unknown,FAILURE TO YIELD RIGHT OF WAY,3RD & SO WOODSCREST DR,39.164272,-86.502416
901996137,2013,3,4,Weekday,1200,2-Car,No injury/unknown,FOLLOWING TOO CLOSELY,3RD & WOODSCREST DR,39.164272,-86.502416
902006345,2013,4,6,Weekday,1000,2-Car,No injury/unknown,OTHER (DRIVER) - EXPLAIN IN NARRATIVE,3RD & WOODSCREST DR,39.164272,-86.502416
902031957,2013,6,4,Weekday,1000,2-Car,No injury/unknown,FOLLOWING TOO CLOSELY,3RD & SR46E,39.16427161,-86.47362489
902096270,2013,10,2,Weekday,0,2-Car,No injury/unknown,OTHER (DRIVER) - EXPLAIN IN NARRATIVE,MITCHELL ST & THIRD,39.16427137,-86.51420373
901996739,2013,3,4,Weekday,1200,2-Car,No injury/unknown,DISREGARD SIGNAL/REG SIGN,3RD ST & WOODSCREST,39.16427024,-86.50241017
902106883,2013,10,6,Weekday,1400,2-Car,No injury/unknown,FAILURE TO YIELD RIGHT OF WAY,E 3RD ST & S WOODSCREST,39.16427024,-86.50241882
902083060,2013,9,5,Weekday,700,2-Car,No injury/unknown,UNSAFE BACKING,3RD ST & ROOSEVELT,39.16427024,-86.50600969
901991621,2013,3,3,Weekday,1200,2-Car,No injury/unknown,FOLLOWING TOO CLOSELY,3RD ST & ROOSEVELT,39.16427024,-86.50601834
902051007,2013,7,6,Weekday,1800,3+ Cars,No injury/unknown,FOLLOWING TOO CLOSELY,3RD ST & JEFFERSON,39.16427024,-86.50710001
902087141,2013,9,7,Weekend,1900,2-Car,No injury/unknown,FOLLOWING TOO CLOSELY,3RD ST & JEFFERSON,39.16427024,-86.50710001
902110264,2013,10,5,Weekday,1500,2-Car,No injury/unknown,FOLLOWING TOO CLOSELY,3RD ST & JEFFERSON,39.16427024,-86.50710001
902075010,2013,8,5,Weekday,1200,2-Car,Non-incapacitating,FOLLOWING TOO CLOSELY,3RD ST & UNION,39.16427024,-86.50910027
902100983,2013,10,3,Weekday,2000,2-Car,No injury/unknown,FAILURE TO YIELD RIGHT OF WAY,3RD ST & UNION,39.16427024,-86.50910027
902118200,2013,11,3,Weekday,1800,2-Car,No injury/unknown,IMPROPER PASSING,3RD ST & UNION,39.16427024,-86.50910027
901953796,2013,1,7,Weekend,1000,2-Car,No injury/unknown,DISREGARD SIGNAL/REG SIGN,E 3RD ST & S ARBUTUS,39.16427024,-86.51217006
902017712,2013,5,6,Weekday,1600,2-Car,No injury/unknown,IMPROPER TURNING,3RD ST & ARBUTUS,39.16427024,-86.51217006
902071068,2013,8,4,Weekday,1300,2-Car,No injury/unknown,IMPROPER TURNING,EASTSIDE & THIRD ST,39.16427024,-86.51321008
901953837,2013,1,2,Weekday,700,2-Car,No injury/unknown,FOLLOWING TOO CLOSELY,3RD ST & HIGHLAND,39.16427024,-86.51772022
901982994,2013,3,2,Weekday,1300,2-Car,No injury/unknown,IMPROPER LANE USAGE,HIGHLAND & THIRD ST,39.16427024,-86.51772022
902075956,2013,8,6,Weekday,1300,2-Car,No injury/unknown,IMPROPER LANE USAGE,3RD ST & HIGHLAND,39.16427024,-86.51772022
902111855,2013,11,1,Weekend,1400,2-Car,No injury/unknown,IMPROPER TURNING,3RD ST & HIGHLAND,39.16427024,-86.51772022
902038419,2013,6,3,Weekday,1600,2-Car,No injury/unknown,FAILURE TO YIELD RIGHT OF WAY,3RD ST & HIGHLAND,39.16427024,-86.51772454
902106663,2013,10,6,Weekday,1100,2-Car,No injury/unknown,UNSAFE LANE MOVEMENT,3RD ST & HIGHLAND,39.16427024,-86.51772454
901961101,2013,1,3,Weekday,1000,2-Car,No injury/unknown,UNSAFE LANE MOVEMENT,BALLANTINE & EAST THIRD ST,39.16427024,-86.51912972
901984135,2013,3,3,Weekday,1700,2-Car,No injury/unknown,UNSAFE LANE MOVEMENT,3RD ST & BALLANTINE,39.16427024,-86.51912972
902038206,2013,6,3,Weekday,900,2-Car,No injury/unknown,IMPROPER LANE USAGE,3RD ST & BALLANTINE,39.16427024,-86.51912972
902096705,2013,10,3,Weekday,1200,2-Car,No injury/unknown,FOLLOWING TOO CLOSELY,3RD ST & BALLANTINE,39.16427024,-86.51912972
902124008,2013,11,5,Weekday,1800,2-Car,No injury/unknown,UNSAFE LANE MOVEMENT,3RD ST & BALLENTINE,39.16427024,-86.51912972
902043705,2013,6,6,Weekday,1100,2-Car,Non-incapacitating,UNSAFE SPEED,FACULTY & THIRD ST,39.16427024,-86.52104499
902077560,2013,9,3,Weekday,1700,2-Car,No injury/unknown,FOLLOWING TOO CLOSELY,3RD ST & FACULTY,39.16427024,-86.52104672
901967735,2013,2,7,Weekend,1100,2-Car,No injury/unknown,IMPROPER TURNING,SWAIN & THIRD ST,39.16426988,-86.51527565
901978164,2013,2,6,Weekday,1500,2-Car,Non-incapacitating,FAILURE TO YIELD RIGHT OF WAY,SWAIN AVE & THIRD,39.16426988,-86.51527565
902065472,2013,8,7,Weekend,1800,2-Car,No injury/unknown,IMPROPER TURNING,SWAIN & THIRD ST,39.16426988,-86.51527565
902069014,2013,8,7,Weekend,1900,2-Car,No injury/unknown,IMPROPER TURNING,SWAIN AVE & THIRD,39.16426988,-86.51527565
902051008,2013,7,6,Weekend,1900,2-Car,No injury/unknown,UNSAFE LANE MOVEMENT,SWAIN & THIRD ST,39.16426988,-86.51527565
901955462,2013,1,5,Weekday,500,1-Car,No injury/unknown,RAN OFF ROAD RIGHT,ARBUTUS & SR46E,39.16426849,-86.51208237
902001377,2013,4,2,Weekday,1400,2-Car,No injury/unknown,UNSAFE LANE MOVEMENT,3RD ST & FESS,39.16426449,-86.5226336
902055017,2013,7,7,Weekend,2000,2-Car,No injury/unknown,IMPROPER TURNING,THIRD & WOODLAWN AVE,39.16426449,-86.5226336
902098406,2013,10,5,Weekday,2100,2-Car,No injury/unknown,FAILURE TO YIELD RIGHT OF WAY,THIRD ST & UNION,39.16426449,-86.50938642
902006077,2013,4,5,Weekday,2000,2-Car,No injury/unknown,FOLLOWING TOO CLOSELY,CLIFTON AVE & THIRD,39.16426413,-86.50969852
902045361,2013,7,2,Weekday,1900,2-Car,No injury/unknown,IMPROPER TURNING,HIGHLAND AVE & THIRD,39.16426229,-86.51775641
902086803,2013,9,6,Weekday,1600,2-Car,No injury/unknown,IMPROPER TURNING,HIGHLAND & THIRD ST,39.16426229,-86.51775641
902088430,2013,9,2,Weekday,1200,2-Car,No injury/unknown,UNSAFE BACKING,E 3RD ST,39.16426048,-86.50037632
901967053,2013,2,6,Weekday,1000,2-Car,Non-incapacitating,FOLLOWING TOO CLOSELY,3RD ST & OVERHILL,39.16426018,-86.50164976
901956883,2013,1,1,Weekend,1300,2-Car,No injury/unknown,UNSAFE LANE MOVEMENT,3RD ST & JORDAN,39.16426018,-86.5163999
901964685,2013,1,2,Weekday,1200,2-Car,Non-incapacitating,FAILURE TO YIELD RIGHT OF WAY,3RD ST & JORDAN,39.16426018,-86.5163999
901988779,2013,3,4,Weekday,2200,2-Car,No injury/unknown,IMPROPER PASSING,3RD & JORDAN AVE,39.16426018,-86.5163999
902047326,2013,7,6,Weekday,1300,2-Car,No injury/unknown,IMPROPER LANE USAGE,EAST 3RD ST & JORDAN,39.16426018,-86.5163999
902053265,2013,7,4,Weekday,1200,2-Car,No injury/unknown,DISREGARD SIGNAL/REG SIGN,JORDAN & THIRD ST,39.16426018,-86.5163999
902054002,2013,7,5,Weekday,1500,2-Car,No injury/unknown,DISREGARD SIGNAL/REG SIGN,3RD ST & JORDAN,39.16426018,-86.5163999
902082265,2013,9,5,Weekday,1600,2-Car,No injury/unknown,UNSAFE LANE MOVEMENT,3RD ST & JORDAN,39.16426018,-86.5163999
902101971,2013,10,5,Weekday,900,Bus,No injury/unknown,FOLLOWING TOO CLOSELY,3RD ST & JORDAN,39.16426018,-86.5163999
902111723,2013,11,7,Weekend,1300,Cyclist,Non-incapacitating,PEDESTRIAN ACTION,3RD & JORDAN AVE,39.16426018,-86.5163999
902113839,2013,11,4,Weekday,1000,2-Car,No injury/unknown,UNSAFE SPEED,EAST 3RD ST & JORDAN,39.16426018,-86.51640639
902092889,2013,10,3,Weekday,1500,2-Car,No injury/unknown,UNSAFE BACKING,E 3RD ST,39.16425856,-86.50019104
902118217,2013,11,2,Weekday,1600,2-Car,Non-incapacitating,FOLLOWING TOO CLOSELY,SR37N,39.16425751,-86.57243729
902142638,2013,12,6,Weekday,1000,1-Car,No injury/unknown,DRIVER DISTRACTED - EXPLAIN IN NARRATIVE,E 3RD ST,39.16425344,-86.49969696
902074903,2013,8,5,Weekday,900,2-Car,No injury/unknown,UNSAFE LANE MOVEMENT,FACULTY & THIRD ST,39.16425212,-86.52107176
902138009,2013,12,6,Weekday,1600,2-Car,No injury/unknown,IMPROPER TURNING,FACULTY AVE & THIRD,39.16425212,-86.52107176
902062329,2013,8,1,Weekend,1600,2-Car,No injury/unknown,UNSAFE LANE MOVEMENT,3RD ST & SR446S,39.16425012,-86.47205024
902109297,2013,10,3,Weekday,1100,2-Car,No injury/unknown,UNSAFE LANE MOVEMENT,MITCHELL & THIRD ST,39.16425012,-86.51422134
901982254,2013,3,1,Weekend,600,1-Car,No injury/unknown,WRONG WAY ON ONE WAY,MITCHELL & THIRD ST,39.16425012,-86.51422999
901982011,2013,3,7,Weekend,1100,2-Car,No injury/unknown,FAILURE TO YIELD RIGHT OF WAY,3RD ST & SWAIN,39.16425012,-86.51525131
901972672,2013,2,2,Weekday,1200,2-Car,No injury/unknown,IMPROPER LANE USAGE,3RD ST & SWAIN,39.16425012,-86.51525996