Master Record Number,Year,Month,Day,Weekend?,Hour,Collision Type,Injury Type,Primary Factor,Reported_Location,Latitude,Longitude
901974652,2013,2,6,Weekday,1100,2-Car,No injury/unknown,IMPROPER LANE USAGE,3RD ST & SWAIN,39.16425012,-86.51525996
902003113,2013,4,6,Weekday,1300,2-Car,No injury/unknown,IMPROPER LANE USAGE,3RD ST & SWAIN,39.16425012,-86.51525996
902037103,2013,6,1,Weekday,2000,2-Car,No injury/unknown,IMPROPER LANE USAGE,3RD ST & SWAIN,39.16425012,-86.51525996
902012332,2013,5,4,Weekday,800,2-Car,No injury/unknown,IMPROPER TURNING,EAST 3RD ST & SWAIN,39.16425012,-86.51525996
902037920,2013,6,2,Weekday,2000,2-Car,No injury/unknown,UNSAFE LANE MOVEMENT,3RD ST & SWAIN,39.16425012,-86.51525996
902070068,2013,8,2,Weekday,1700,2-Car,No injury/unknown,UNSAFE LANE MOVEMENT,3RD ST & SWAIN,39.16425012,-86.51525996
902070712,2013,8,3,Weekday,1900,2-Car,No injury/unknown,UNSAFE LANE MOVEMENT,3RD ST & SWAIN,39.16425012,-86.51525996
902070713,2013,8,3,Weekday,1900,2-Car,No injury/unknown,IMPROPER TURNING,3RD ST & SWAIN,39.16425012,-86.51525996
902072057,2013,8,6,Weekday,1200,2-Car,No injury/unknown,IMPROPER LANE USAGE,3RD ST & SWAIN,39.16425012,-86.51525996
902078755,2013,9,5,Weekday,1900,3+ Cars,No injury/unknown,UNSAFE LANE MOVEMENT,3RD ST & SWAIN,39.16425012,-86.51525996
902098122,2013,10,4,Weekday,1700,Pedestrian,Non-incapacitating,IMPROPER TURNING,3RD ST & SWAIN,39.16425012,-86.51525996
901965941,2013,1,4,Weekday,1500,2-Car,No injury/unknown,UNSAFE LANE MOVEMENT,HAWTHORNE & THIRD ST,39.16425012,-86.52008995
901992802,2013,3,5,Weekday,1600,2-Car,No injury/unknown,UNSAFE LANE MOVEMENT,E 3RD ST & S HAWTHORNE,39.16425012,-86.52008995
902004824,2013,4,3,Weekday,1200,1-Car,No injury/unknown,UNSAFE BACKING,HAWTHORNE & THIRD ST,39.16425012,-86.52008995
902090777,2013,9,6,Weekday,800,2-Car,No injury/unknown,FOLLOWING TOO CLOSELY,3RD ST & HAWTHORNE,39.16425012,-86.52008995
902010762,2013,4,1,Weekend,1500,2-Car,Non-incapacitating,FOLLOWING TOO CLOSELY,3RD ST & WOODLAWN,39.16425012,-86.52257668
901963428,2013,1,6,Weekday,1500,2-Car,No injury/unknown,FOLLOWING TOO CLOSELY,3RD ST & WOODLAWN,39.16425012,-86.52261994
902081188,2013,9,3,Weekday,1900,2-Car,No injury/unknown,FOLLOWING TOO CLOSELY,3RD ST & WOODLAWN,39.16425012,-86.52261994
902090678,2013,9,6,Weekday,1400,2-Car,No injury/unknown,FOLLOWING TOO CLOSELY,3RD ST & WOODLAWN,39.16425012,-86.52261994
902061161,2013,8,5,Weekday,2300,1-Car,No injury/unknown,ANIMAL/OBJECT IN ROADWAY,PARK SQUARE & SR48W,39.16424942,-86.59249774
902106265,2013,10,5,Weekday,1500,2-Car,No injury/unknown,FOLLOWING TOO CLOSELY,PARK SQUARE & SR48W,39.16424942,-86.5925064
902106280,2013,10,5,Weekday,1500,Pedestrian,Non-incapacitating,DRIVER DISTRACTED - EXPLAIN IN NARRATIVE,PARK SQUARE & SR48W,39.16424942,-86.5925064
902044932,2013,7,2,Weekday,1100,Pedestrian,Non-incapacitating,PEDESTRIAN ACTION,CLARIZZ BLVD & EAST THIRD,39.16424087,-86.49102688
902036389,2013,6,6,Weekday,1300,2-Car,No injury/unknown,FAILURE TO YIELD RIGHT OF WAY,3RD ST & COLLEGE MALL,39.16424006,-86.49820098
901992303,2013,3,4,Weekday,1600,2-Car,No injury/unknown,FAILURE TO YIELD RIGHT OF WAY,3RD ST & COLLEGE MALL,39.16424006,-86.49827018
902008595,2013,4,3,Weekday,2200,2-Car,No injury/unknown,FOLLOWING TOO CLOSELY,3RD & COLLEGE MALL RD,39.16424006,-86.49827018
902038976,2013,6,4,Weekday,2000,2-Car,No injury/unknown,UNSAFE BACKING,SR46S & THIRD,39.16424006,-86.49827018
902013586,2013,5,5,Weekday,100,2-Car,No injury/unknown,FOLLOWING TOO CLOSELY,COLLEGE MALL & THIRD ST,39.16424006,-86.49828056
901983153,2013,3,2,Weekday,1500,2-Car,No injury/unknown,FAILURE TO YIELD RIGHT OF WAY,E 3RD ST & PARK RIDGE,39.16424001,-86.47786005
902087830,2013,9,2,Weekday,800,2-Car,No injury/unknown,FOLLOWING TOO CLOSELY,3RD ST & MEADOWBROOK,39.16424001,-86.48473681
902024832,2013,5,5,Weekday,1600,2-Car,Non-incapacitating,FOLLOWING TOO CLOSELY,3900 BLK E 3RD ST & SMITH,39.16424,-86.47857115
901980332,2013,2,4,Weekday,800,2-Car,No injury/unknown,SPEED TOO FAST FOR WEATHER CONDITIONS,EAST THIRD ST & SR46,39.16424,-86.473296
901982004,2013,3,7,Weekend,1000,2-Car,No injury/unknown,UNSAFE LANE MOVEMENT,E 3RD ST & MORNINGSIDE,39.16424,-86.473696
902028788,2013,5,6,Weekday,1200,2-Car,No injury/unknown,FOLLOWING TOO CLOSELY,E 3RD ST & MORNINGSIDE,39.16424,-86.473696
902038491,2013,6,3,Weekday,1900,2-Car,No injury/unknown,DRIVER DISTRACTED - EXPLAIN IN NARRATIVE,E 3RD ST & MORNINGSIDE,39.16424,-86.473696
902085836,2013,9,5,Weekday,800,3+ Cars,Non-incapacitating,FOLLOWING TOO CLOSELY,E 3RD ST & MORNINGSIDE,39.16424,-86.473696
902032438,2013,6,6,Weekday,200,2-Car,No injury/unknown,DISREGARD SIGNAL/REG SIGN,3RD ST & PARK RIDGE,39.16424,-86.476096
902008928,2013,4,4,Weekday,1100,2-Car,No injury/unknown,FAILURE TO YIELD RIGHT OF WAY,E 3RD ST & PARK RIDGE,39.16424,-86.476096
902041273,2013,6,2,Weekday,1300,2-Car,No injury/unknown,FAILURE TO YIELD RIGHT OF WAY,E 3RD ST & PARK RIDGE,39.16424,-86.476096
902100999,2013,10,3,Weekday,1600,2-Car,No injury/unknown,SPEED TOO FAST FOR WEATHER CONDITIONS,EAST 3RD ST & SMITH,39.16424,-86.47962957
902022904,2013,5,2,Weekday,1500,1-Car,No injury/unknown,RAN OFF ROAD RIGHT,WEST 3RD ST,39.16424,-86.48057698
901962628,2013,1,5,Weekday,1800,2-Car,No injury/unknown,IMPROPER LANE USAGE,EAST 3RD ST & SMITH,39.16424,-86.480688
901986301,2013,3,6,Weekday,1700,3+ Cars,No injury/unknown,OTHER (DRIVER) - EXPLAIN IN NARRATIVE,EAST THIRD ST & NORTH SMITH,39.16424,-86.480688
901991364,2013,3,7,Weekend,900,1-Car,No injury/unknown,LEFT OF CENTER,SMITHVILLE RD & SR37,39.16424,-86.480688
902012262,2013,5,4,Weekday,500,2-Car,No injury/unknown,DRIVER ASLEEP OR FATIGUED,SMITHVILLE & SR37S,39.16424,-86.480688
902028825,2013,5,6,Weekday,1200,2-Car,Non-incapacitating,BRAKE FAILURE OR DEFECTIVE,3RD & N SMITH RD,39.16424,-86.480688
902076863,2013,9,2,Weekday,1400,1-Car,Non-incapacitating,DRIVER ILLNESS,SMITHVILLE & SR37S,39.16424,-86.480688
902131671,2013,12,4,Weekday,2100,2-Car,Non-incapacitating,FOLLOWING TOO CLOSELY,3RD & SMITH RD,39.16424,-86.480688
902045392,2013,7,2,Weekday,1800,3+ Cars,No injury/unknown,LEFT OF CENTER,E SMITHVILLE RD,39.16424,-86.4812
902041951,2013,6,3,Weekday,1200,2-Car,No injury/unknown,,W 3RD ST,39.16424,-86.488
901958444,2013,1,2,Weekday,1200,2-Car,No injury/unknown,UNSAFE BACKING,WEST 3RD ST,39.16424,-86.48955556
902112941,2013,11,1,Weekend,1300,1-Car,No injury/unknown,UNSAFE BACKING,WEST 3RD ST,39.16424,-86.4903102
901955353,2013,1,1,Weekday,1900,2-Car,No injury/unknown,FAILURE TO YIELD RIGHT OF WAY,3RD & S CLARIZZ BLVD,39.16424,-86.4908
902044146,2013,6,6,Weekday,1200,2-Car,Non-incapacitating,FAILURE TO YIELD RIGHT OF WAY,E3RD & SO CLARIZZ BLVD,39.16424,-86.4908
902137725,2013,12,6,Weekday,900,2-Car,Non-incapacitating,FOLLOWING TOO CLOSELY,3RD ST & CLARIZZ,39.16424,-86.4908
902036181,2013,6,6,Weekday,800,2-Car,No injury/unknown,UNSAFE BACKING,E 3RD ST,39.16424,-86.49250645
902094044,2013,10,5,Weekday,1600,2-Car,No injury/unknown,FAILURE TO YIELD RIGHT OF WAY,E 3RD ST,39.16424,-86.49250645
902013780,2013,5,5,Weekday,1600,1-Car,No injury/unknown,UNSAFE BACKING,E 3RD ST,39.16424,-86.49259396
902002079,2013,4,4,Weekday,1200,2-Car,No injury/unknown,DRIVER DISTRACTED - EXPLAIN IN NARRATIVE,3200 E THIRD ST & KINGSTON,39.16424,-86.492944
901978468,2013,2,7,Weekend,1600,2-Car,No injury/unknown,FAILURE TO YIELD RIGHT OF WAY,E 3RD & S KINGSTON DR,39.16424,-86.492944
901988133,2013,3,4,Weekday,300,1-Car,No injury/unknown,RAN OFF ROAD RIGHT,E THIRD ST & KINGSTON,39.16424,-86.492944
902020522,2013,5,5,Weekday,1000,Pedestrian,Non-incapacitating,FAILURE TO YIELD RIGHT OF WAY,E 3RD ST & SOUTH KINGSTON,39.16424,-86.492944
902083389,2013,9,7,Weekend,1300,2-Car,Non-incapacitating,FOLLOWING TOO CLOSELY,3RD ST & KINGSTON,39.16424,-86.492944
902086727,2013,9,6,Weekday,1300,3+ Cars,No injury/unknown,UNSAFE SPEED,E 3RD ST & KINGSTON,39.16424,-86.492944
902101553,2013,10,4,Weekday,1500,2-Car,Non-incapacitating,FAILURE TO YIELD RIGHT OF WAY,E 3RD ST & KINGSTON,39.16424,-86.492944
902040261,2013,6,6,Weekday,1300,2-Car,No injury/unknown,OTHER (DRIVER) - EXPLAIN IN NARRATIVE,W 3RD ST,39.16424,-86.49307941
902085256,2013,9,4,Weekday,1000,2-Car,No injury/unknown,OTHER (DRIVER) - EXPLAIN IN NARRATIVE,W 3RD ST,39.16424,-86.49307941
901974998,2013,2,6,Weekend,2100,1-Car,No injury/unknown,UNSAFE BACKING,E 3RD ST,39.16424,-86.49368135
902044067,2013,6,7,Weekend,2200,2-Car,No injury/unknown,IMPROPER TURNING,E 3RD ST,39.16424,-86.4939483
901967598,2013,2,6,Weekday,1300,2-Car,No injury/unknown,UNSAFE BACKING,E 3RD ST,39.16424,-86.49406114
901997848,2013,4,2,Weekday,1300,2-Car,No injury/unknown,IMPROPER TURNING,E 3RD ST,39.16424,-86.49425989
902010645,2013,4,7,Weekend,1000,2-Car,No injury/unknown,UNSAFE BACKING,E 3RD ST,39.16424,-86.49425989
902024571,2013,5,5,Weekday,1200,2-Car,No injury/unknown,UNSAFE BACKING,E 3RD ST,39.16424,-86.49425989
902057700,2013,7,5,Weekday,1600,2-Car,No injury/unknown,UNSAFE BACKING,E 3RD ST,39.16424,-86.49425989
902079461,2013,9,6,Weekday,1100,2-Car,No injury/unknown,UNSAFE BACKING,E 3RD ST,39.16424,-86.49425989
902084389,2013,9,2,Weekday,1400,2-Car,No injury/unknown,,E 3RD ST,39.16424,-86.49425989
902046958,2013,7,5,Weekday,2100,1-Car,No injury/unknown,UNSAFE BACKING,E 3RD ST,39.16424,-86.49462535
901986817,2013,3,1,Weekday,2000,2-Car,Non-incapacitating,DISREGARD SIGNAL/REG SIGN,3RD ST & PETE ELLIS,39.16424,-86.495088
902068381,2013,8,5,Weekday,1100,2-Car,Non-incapacitating,FAILURE TO YIELD RIGHT OF WAY,E 3RD ST & PETE ELLIS,39.16424,-86.495088
902061939,2013,8,7,Weekend,1300,2-Car,No injury/unknown,FAILURE TO YIELD RIGHT OF WAY,E 3RD ST & PETE ELLIS,39.16424,-86.495088
902095917,2013,10,2,Weekday,1100,2-Car,No injury/unknown,FAILURE TO YIELD RIGHT OF WAY,E THIRD ST & PETE ELLIS,39.16424,-86.495088
902137113,2013,12,5,Weekday,1500,2-Car,No injury/unknown,FOLLOWING TOO CLOSELY,3RD ST & PETE ELLIS,39.16424,-86.495088
901967054,2013,2,6,Weekday,1200,2-Car,No injury/unknown,FOLLOWING TOO CLOSELY,3RD & S COLLEGE MALL RD,39.16424,-86.4984
901953075,2013,1,7,Weekend,900,2-Car,No injury/unknown,FAILURE TO YIELD RIGHT OF WAY,COLLEGE MALL RD & E 3RD,39.16424,-86.4984
901959390,2013,1,6,Weekday,1200,2-Car,No injury/unknown,DISREGARD SIGNAL/REG SIGN,3RD ST & COLLEGE MALL,39.16424,-86.4984
901972305,2013,2,7,Weekend,2000,2-Car,No injury/unknown,IMPROPER TURNING,E 3RD ST,39.16424,-86.4984
902000272,2013,4,7,Weekend,1100,2-Car,No injury/unknown,UNSAFE BACKING,E 3RD ST,39.16424,-86.4984
902000640,2013,4,1,Weekend,1500,2-Car,No injury/unknown,UNSAFE LANE MOVEMENT,3RD ST & COLLEGE MALL,39.16424,-86.4984
901976506,2013,2,3,Weekday,1900,2-Car,Non-incapacitating,LEFT OF CENTER,3RD & COLLEGE MALL RD,39.16424,-86.4984
902035116,2013,6,3,Weekday,1200,2-Car,No injury/unknown,FAILURE TO YIELD RIGHT OF WAY,3RD & COLLEGE MALL RD,39.16424,-86.4984
902004591,2013,4,2,Weekday,2300,2-Car,Non-incapacitating,FOLLOWING TOO CLOSELY,EAST 3RD ST & SOUTH COLLEGE MALL,39.16424,-86.4984
902008832,2013,4,7,Weekend,1400,2-Car,No injury/unknown,FAILURE TO YIELD RIGHT OF WAY,E 3RD ST & S COLLEGE MALL,39.16424,-86.4984
902010696,2013,4,7,Weekend,1800,2-Car,No injury/unknown,FOLLOWING TOO CLOSELY,3RD & SOUTH COLLEGE MALL RD,39.16424,-86.4984
902019751,2013,5,3,Weekday,1200,2-Car,No injury/unknown,OTHER (DRIVER) - EXPLAIN IN NARRATIVE,COLLEGE MALL & EAST THIRD ST,39.16424,-86.4984
902044232,2013,6,6,Weekday,1800,2-Car,No injury/unknown,FAILURE TO YIELD RIGHT OF WAY,3RD ST & COLLEGE MALL,39.16424,-86.4984
902052226,2013,7,1,Weekday,1900,2-Car,No injury/unknown,IMPROPER TURNING,3RD ST & COLLEGE MALL,39.16424,-86.4984
902062242,2013,8,1,Weekend,1200,3+ Cars,No injury/unknown,FOLLOWING TOO CLOSELY,E 3RD & S COLLEGE MALL RD,39.16424,-86.4984
902129426,2013,12,1,Weekend,1800,2-Car,No injury/unknown,FOLLOWING TOO CLOSELY,3RD & S COLLEGE MALL RD,39.16424,-86.4984
902141262,2013,12,3,Weekday,1400,2-Car,Non-incapacitating,OTHER (DRIVER) - EXPLAIN IN NARRATIVE,3RD ST & COLLEGE MALL,39.16424,-86.4984
901952454,2013,1,5,Weekday,800,2-Car,No injury/unknown,OTHER (DRIVER) - EXPLAIN IN NARRATIVE,EAST THIRD ST & SWAIN,39.16424,-86.5152
901967841,2013,2,7,Weekend,1300,2-Car,No injury/unknown,UNSAFE BACKING,EAST 3RD ST,39.16424,-86.51605714
902096342,2013,10,2,Weekday,2100,2-Car,No injury/unknown,UNSAFE BACKING,EAST 3RD ST,39.16424,-86.51605714
902037901,2013,6,2,Weekday,1800,1-Car,No injury/unknown,OTHER (DRIVER) - EXPLAIN IN NARRATIVE,E 3RD ST,39.16424,-86.51757551
902014546,2013,5,1,Weekend,1600,2-Car,No injury/unknown,FOLLOWING TOO CLOSELY,3RD ST & HIGHLAND,39.16424,-86.5176
901972729,2013,2,2,Weekday,1400,2-Car,No injury/unknown,OTHER (DRIVER) - EXPLAIN IN NARRATIVE,E 3RD ST,39.16423861,-86.49522852
902002899,2013,4,5,Weekday,1200,1-Car,No injury/unknown,RAN OFF ROAD RIGHT,E 3RD ST,39.16423861,-86.49522852
902015114,2013,5,2,Weekday,1500,2-Car,No injury/unknown,FAILURE TO YIELD RIGHT OF WAY,E 3RD ST,39.16423861,-86.49522852
902022595,2013,5,2,Weekday,800,1-Car,No injury/unknown,OTHER (DRIVER) - EXPLAIN IN NARRATIVE,EAST THIRD ST,39.16423604,-86.52510769
901974660,2013,2,6,Weekday,1100,2-Car,No injury/unknown,FAILURE TO YIELD RIGHT OF WAY,E 3RD ST & PARK RIDGE,39.16421995,-86.4763002
902003344,2013,4,6,Weekday,1700,2-Car,No injury/unknown,FOLLOWING TOO CLOSELY,3RD ST & PARK RIDGE,39.16421995,-86.4763002
902040463,2013,6,7,Weekend,1700,2-Car,Non-incapacitating,SPEED TOO FAST FOR WEATHER CONDITIONS,E 3RD ST & PARKRIDGE,39.16421995,-86.4763002
902065192,2013,8,6,Weekday,1300,2-Car,Non-incapacitating,FAILURE TO YIELD RIGHT OF WAY,PARK RIDGE & THIRD ST,39.16421995,-86.4763002
902056056,2013,7,2,Weekday,1900,2-Car,Non-incapacitating,FOLLOWING TOO CLOSELY,3RD & SR37N,39.1642189,-86.48274993
902098628,2013,10,6,Weekday,1100,2-Car,No injury/unknown,FOLLOWING TOO CLOSELY,3RD & SR46E,39.1642189,-86.48274993
902021339,2013,5,6,Weekday,1400,1-Car,Non-incapacitating,RAN OFF ROAD RIGHT,E 3RD ST & S PARKRIDGE,39.16421882,-86.47630972
902079959,2013,9,1,Weekend,1700,2-Car,No injury/unknown,OTHER (DRIVER) - EXPLAIN IN NARRATIVE,3RD & S HIGH ST,39.16421467,-86.508288
901981640,2013,3,6,Weekday,1100,2-Car,No injury/unknown,UNSAFE BACKING,E THIRD ST,39.16421391,-86.51622354
902115888,2013,11,6,Weekday,1400,2-Car,Non-incapacitating,FOLLOWING TOO CLOSELY,3RD & SR46N,39.16421127,-86.49083709
902131333,2013,12,4,Weekday,1100,3+ Cars,Non-incapacitating,OTHER (DRIVER) - EXPLAIN IN NARRATIVE,3RD & SR46E,39.16421127,-86.49083709
901962423,2013,1,4,Weekday,1200,2-Car,Non-incapacitating,OTHER (DRIVER) - EXPLAIN IN NARRATIVE,3RD ST & SMITH,39.16420989,-86.48122005
901986227,2013,3,6,Weekday,1800,2-Car,No injury/unknown,LEFT OF CENTER,SMITH RD & THIRD,39.16420989,-86.48122005
902107598,2013,10,1,Weekday,1900,2-Car,Non-incapacitating,DISREGARD SIGNAL/REG SIGN,3RD ST & SMITH,39.16420989,-86.48122005
902104260,2013,10,2,Weekday,1600,2-Car,No injury/unknown,UNSAFE LANE MOVEMENT,3RD ST & SMITH,39.16420989,-86.48129356
902020185,2013,5,4,Weekday,1800,2-Car,No injury/unknown,FOLLOWING TOO CLOSELY,3RD ST & PLEASANT RIDGE,39.16420989,-86.48928008
902056669,2013,7,3,Weekday,1800,2-Car,Non-incapacitating,DISREGARD SIGNAL/REG SIGN,3RD ST & KINGSTON,39.16420989,-86.49303987
902132105,2013,12,5,Weekday,1400,Bus,No injury/unknown,FOLLOWING TOO CLOSELY,3RD ST & KINGSTON,39.16420989,-86.49303987
902120321,2013,11,6,Weekday,1600,2-Car,No injury/unknown,UNSAFE BACKING,3RD ST,39.16420519,-86.49962872
902132845,2013,12,6,Weekday,1300,2-Car,No injury/unknown,ROADWAY SURFACE CONDITION,BASSWOOD DR & GREEN LEAF,39.16420139,-86.5725097
901985603,2013,3,5,Weekday,1800,2-Car,No injury/unknown,DISREGARD SIGNAL/REG SIGN,E THIRD ST,39.16416496,-86.49437427
902011566,2013,4,2,Weekday,1500,2-Car,No injury/unknown,OTHER (DRIVER) - EXPLAIN IN NARRATIVE,THIRD ST,39.16416496,-86.49437427
902030497,2013,5,2,Weekday,1900,2-Car,No injury/unknown,UNSAFE BACKING,EAST THIRD ST,39.16416496,-86.4947424
902067502,2013,7,4,Weekday,1400,2-Car,No injury/unknown,UNSAFE BACKING,EAST THIRD ST,39.16416496,-86.4947424
902086310,2013,9,5,Weekday,100,2-Car,No injury/unknown,FAILURE TO YIELD RIGHT OF WAY,EAST THIRD ST,39.16416496,-86.4947424
902099503,2013,10,7,Weekend,1300,2-Car,No injury/unknown,FAILURE TO YIELD RIGHT OF WAY,E THIRD ST,39.16416496,-86.4947424
902127503,2013,11,3,Weekday,1200,2-Car,No injury/unknown,OTHER (DRIVER) - EXPLAIN IN NARRATIVE,WEST 3RD ST,39.16414261,-86.58426666
901955438,2013,1,4,Weekday,2100,2-Car,No injury/unknown,OTHER (DRIVER) - EXPLAIN IN NARRATIVE,3RD & CLIFTON AVE,39.16410267,-86.5096
901996861,2013,3,5,Weekday,1800,2-Car,No injury/unknown,UNSAFE BACKING,S FESS AVE,39.16406237,-86.52593381
902025356,2013,5,5,Weekday,2100,1-Car,No injury/unknown,IMPROPER TURNING,S FESS AVE,39.16406237,-86.52593381
902111923,2013,11,7,Weekend,1200,2-Car,No injury/unknown,IMPROPER TURNING,SOUTH FESS AVE,39.16406237,-86.52593381
902145916,2013,12,3,Weekday,1500,2-Car,No injury/unknown,FAILURE TO YIELD RIGHT OF WAY,S COLLEGE MALL RD,39.16405257,-86.49835886
902118228,2013,10,7,Weekend,2100,2-Car,No injury/unknown,,3RD & S COLLEGE MALL RD,39.16403695,-86.49835543
902056407,2013,7,3,Weekday,1300,2-Car,No injury/unknown,UNSAFE SPEED,OARD & SR48W,39.16400931,-86.62335763
901979749,2013,2,3,Weekday,1000,2-Car,No injury/unknown,UNSAFE BACKING,HENDERSON AVE,39.16398928,-86.52733393
902104220,2013,10,2,Weekday,1800,2-Car,No injury/unknown,FAILURE TO YIELD RIGHT OF WAY,3RD & KINGSTON DR,39.16396575,-86.49296313
902003543,2013,4,7,Weekend,1300,2-Car,No injury/unknown,IMPROPER TURNING,S COLLEGE MALL RD,39.16394547,-86.49833535
902051728,2013,7,6,Weekday,800,1-Car,No injury/unknown,DRIVER ASLEEP OR FATIGUED,CAVE & SR48W,39.16394376,-86.63364868
902102317,2013,10,5,Weekday,1500,2-Car,No injury/unknown,UNSAFE BACKING,EAST THIRD ST,39.16390228,-86.52293395
901975110,2013,2,7,Weekend,1300,2-Car,No injury/unknown,UNSAFE BACKING,S COLLEGE MALL RD,39.16387595,-86.49826213
902121372,2013,11,6,Weekday,1800,1-Car,No injury/unknown,ANIMAL/OBJECT IN ROADWAY,CAVE & SR48,39.16387512,-86.6342742
902083220,2013,9,5,Weekday,1600,2-Car,No injury/unknown,UNSAFE SPEED,CAVE & SR48,39.16377133,-86.63544109
902005608,2013,4,4,Weekday,500,1-Car,No injury/unknown,UNSAFE SPEED,S WALNUT ST ST,39.16376229,-86.5336
902095008,2013,10,7,Weekend,1500,Pedestrian,Non-incapacitating,UNSAFE BACKING,S CURRY PIKE,39.16371971,-86.58282481
902072844,2013,8,4,Weekday,1800,2-Car,No injury/unknown,UNSAFE BACKING,SOUTH SWAIN AVE,39.16365433,-86.51498413
902003783,2013,1,5,Weekday,2100,1-Car,No injury/unknown,ANIMAL/OBJECT IN ROADWAY,BENDER & SR46E,39.163648,-86.438
902045334,2013,6,1,Weekday,2000,1-Car,No injury/unknown,ANIMAL/OBJECT IN ROADWAY,BENDER & SR46E,39.16362283,-86.43932262
901974787,2013,2,6,Weekday,1400,2-Car,Non-incapacitating,FOLLOWING TOO CLOSELY,3000 W 3RD ST & RAMP 13,39.16362,-86.49514
902127590,2013,11,4,Weekday,600,2-Car,Non-incapacitating,FOLLOWING TOO CLOSELY,SR37N,39.16360866,-86.57265186
901953637,2013,1,6,Weekend,2200,2-Car,No injury/unknown,FOLLOWING TOO CLOSELY,SR46E & TWINLEAF,39.16359844,-86.44433578
902017173,2013,5,5,Weekday,1600,2-Car,No injury/unknown,FOLLOWING TOO CLOSELY,SR46E & TWINLEAF,39.16359844,-86.44436171
901975647,2013,2,2,Weekday,1100,2-Car,Non-incapacitating,FAILURE TO YIELD RIGHT OF WAY,SO COLLEGE MALL RD,39.16355896,-86.49880218
901986274,2013,3,6,Weekend,2000,2-Car,No injury/unknown,UNSAFE BACKING,S SWAIN AVE,39.16355811,-86.51532769
902014339,2013,5,7,Weekend,1200,2-Car,No injury/unknown,OTHER (DRIVER) - EXPLAIN IN NARRATIVE,GARRISON CHAPEL & SR48W,39.163552,-86.649696
902054715,2013,7,5,Weekday,2200,1-Car,No injury/unknown,IMPROPER TURNING,GARRISON CHAPEL & SR48W,39.163552,-86.649696
902111171,2013,11,6,Weekend,1900,2-Car,No injury/unknown,UNSAFE BACKING,KIRBY RD & SR48,39.16352949,-86.61068058
902060096,2013,7,3,Weekday,1500,2-Car,No injury/unknown,,S COLLEGE MALL RD,39.16348837,-86.49819239
902084464,2013,9,2,Weekday,1400,2-Car,No injury/unknown,FOLLOWING TOO CLOSELY,SR48W & STONECHASE,39.16347885,-86.59490863
901955012,2013,1,4,Weekday,700,2-Car,No injury/unknown,UNSAFE BACKING,3RD ST & PATTERSON,39.16344009,-86.55128002
901988185,2013,3,4,Weekday,700,2-Car,No injury/unknown,SPEED TOO FAST FOR WEATHER CONDITIONS,PATTERSON & W 3RD ST,39.16344009,-86.55128002
901988262,2013,3,4,Weekday,700,2-Car,No injury/unknown,SPEED TOO FAST FOR WEATHER CONDITIONS,PATTERSON & THIRD ST,39.16344009,-86.55128002
902030470,2013,6,2,Weekday,1500,2-Car,No injury/unknown,OTHER (DRIVER) - EXPLAIN IN NARRATIVE,PATTERSON & W 3RD ST,39.16344009,-86.55128002
902040272,2013,6,6,Weekday,1200,2-Car,No injury/unknown,UNSAFE LANE MOVEMENT,PATTERSON & THIRD ST,39.16344009,-86.55128002
902142203,2013,12,3,Weekday,1500,2-Car,No injury/unknown,FOLLOWING TOO CLOSELY,PATTERSON & WEST THIRD ST,39.16344009,-86.55128002
902147981,2013,12,7,Weekend,2300,2-Car,No injury/unknown,FOLLOWING TOO CLOSELY,PATTERSON & THIRD ST,39.16344009,-86.55128002
901970238,2013,2,3,Weekday,500,1-Car,No injury/unknown,DRIVER DISTRACTED - EXPLAIN IN NARRATIVE,PATTERSON & WEST 3RD ST,39.16344009,-86.55128867
902054078,2013,7,5,Weekday,1800,2-Car,Non-incapacitating,FAILURE TO YIELD RIGHT OF WAY,S PATTERSON & W 3RD ST,39.16344009,-86.55130598
902033382,2013,6,1,Weekend,1000,2-Car,No injury/unknown,OTHER (DRIVER) - EXPLAIN IN NARRATIVE,S PARKWAY DR,39.16344,-86.5888
902068741,2013,8,6,Weekday,1800,2-Car,Non-incapacitating,FAILURE TO YIELD RIGHT OF WAY,CLARIZZ BLVD & WILMINGTON,39.16343004,-86.49082973
902049925,2013,7,4,Weekday,1800,2-Car,No injury/unknown,FAILURE TO YIELD RIGHT OF WAY,CLARIZZ BLVD & WILLMINGTON,39.16343004,-86.49082973
902012136,2013,4,3,Weekday,1400,2-Car,No injury/unknown,FAILURE TO YIELD RIGHT OF WAY,3RD & S COLLEGE MALL RD,39.16342781,-86.49822171
901956019,2013,1,6,Weekday,200,1-Car,No injury/unknown,ANIMAL/OBJECT IN ROADWAY,GARRISON CHAPEL & SR48W,39.16339763,-86.64617348
901996873,2013,3,4,Weekday,1300,2-Car,No injury/unknown,,LANDMARK DR,39.16334534,-86.55659484
902058235,2013,7,6,Weekday,1500,2-Car,No injury/unknown,UNSAFE BACKING,SOUTH LANDMARK AVE,39.16334534,-86.55659484
901981805,2013,3,6,Weekday,1800,2-Car,No injury/unknown,OTHER (DRIVER) - EXPLAIN IN NARRATIVE,E ATWATER AVE,39.16334152,-86.51577758