Master Record Number,Year,Month,Day,Weekend?,Hour,Collision Type,Injury Type,Primary Factor,Reported_Location,Latitude,Longitude
901976624,2013,2,3,Weekday,1300,2-Car,No injury/unknown,OTHER (DRIVER) - EXPLAIN IN NARRATIVE,EAST ATWATER AVE,39.16333008,-86.51999664
902121439,2013,11,2,Weekday,800,2-Car,No injury/unknown,FAILURE TO YIELD RIGHT OF WAY,ATWATER AVE & FESS,39.163328,-86.525808
902087525,2013,9,1,Weekend,1800,2-Car,No injury/unknown,UNSAFE BACKING,S CURRY & W BELLE AVE,39.16331408,-86.58302262
902109230,2013,10,4,Weekday,700,Cyclist,Non-incapacitating,FAILURE TO YIELD RIGHT OF WAY,2222 E 3RD ST & S ROOSERVELT,39.163303,-86.50644483
902120608,2013,11,7,Weekend,1300,1-Car,No injury/unknown,UNSAFE LANE MOVEMENT,48 & SR37S,39.16330196,-86.57312605
902092256,2013,9,2,Weekday,1600,2-Car,No injury/unknown,DISREGARD SIGNAL/REG SIGN,BELLE AVE & PARKWAY,39.16327983,-86.58895969
901965511,2013,1,3,Weekday,1500,Pedestrian,Non-incapacitating,FAILURE TO YIELD RIGHT OF WAY,ATWATER & S HAWTHORNE DR,39.163232,-86.520176
902081618,2013,9,4,Weekday,1500,1-Car,No injury/unknown,OVERCORRECTING/OVERSTEERING,ATWATER AVE & INDIANA,39.16323021,-86.52783013
902038477,2013,6,3,Weekday,1900,2-Car,No injury/unknown,IMPROPER TURNING,SOUTH HIGHLAND AVE,39.1632,-86.517584
902121243,2013,11,1,Weekday,2300,2-Car,No injury/unknown,DISREGARD SIGNAL/REG SIGN,E ATWATER AVE & JORDAN,39.163168,-86.516384
902107523,2013,10,1,Weekend,1600,2-Car,No injury/unknown,WRONG WAY ON ONE WAY,E ATWATER AVE,39.16315913,-86.52214653
902111092,2013,11,6,Weekday,1200,2-Car,No injury/unknown,UNSAFE BACKING,E ATWATER AVE,39.16315913,-86.52214653
902141594,2013,12,6,Weekday,700,2-Car,No injury/unknown,UNSAFE BACKING,E ATWATER AVE,39.16315913,-86.52214653
902005337,2013,4,4,Weekday,1200,2-Car,No injury/unknown,UNSAFE BACKING,LANDMARK AVE,39.1631484,-86.55621595
902008757,2013,4,4,Weekday,800,2-Car,No injury/unknown,OTHER (DRIVER) - EXPLAIN IN NARRATIVE,S LANDMARK AVE,39.1631484,-86.55621595
902071606,2013,8,5,Weekday,1000,2-Car,No injury/unknown,DISREGARD SIGNAL/REG SIGN,ATWATER AVE & HENDERSON,39.16313969,-86.52727022
902139858,2013,12,2,Weekday,1300,2-Car,No injury/unknown,FAILURE TO YIELD RIGHT OF WAY,ATWATER & MITCHELL ST,39.163136,-86.514096
901959229,2013,1,5,Weekday,1500,2-Car,No injury/unknown,UNSAFE BACKING,S LINCOLN ST & SMITH,39.16312265,-86.53103755
902130487,2013,12,3,Weekday,900,2-Car,No injury/unknown,FAILURE TO YIELD RIGHT OF WAY,ATWATER AVE AVE & FESS,39.16312024,-86.52590028
901980674,2013,2,4,Weekday,1500,2-Car,Non-incapacitating,FAILURE TO YIELD RIGHT OF WAY,E ATWATER AVE & S EASTSIDE,39.16312,-86.513088
902101569,2013,10,4,Weekday,1900,2-Car,No injury/unknown,UNSAFE BACKING,ATWATER AVE & FACULTY,39.16311023,-86.5217975
901977832,2013,2,6,Weekday,900,2-Car,No injury/unknown,SPEED TOO FAST FOR WEATHER CONDITIONS,E  ATWATER AVE & S PARK,39.16311018,-86.52403011
902087353,2013,9,1,Weekend,1100,1-Car,No injury/unknown,RAN OFF ROAD RIGHT,ATWATER AVE & PARK,39.16311018,-86.52403011
902111096,2013,11,6,Weekday,1500,1-Car,No injury/unknown,RAN OFF ROAD RIGHT,ARBUTUS & E ATWATER AVE,39.16310628,-86.51223709
902092843,2013,10,3,Weekday,0,2-Car,No injury/unknown,OTHER (DRIVER) - EXPLAIN IN NARRATIVE,S BALLANTINE RD,39.16309649,-86.51902596
902042626,2013,6,4,Weekday,0,1-Car,No injury/unknown,RAN OFF ROAD RIGHT,ATWATER & HIGH ST,39.16308001,-86.50846995
902042908,2013,6,4,Weekday,2200,1-Car,No injury/unknown,SPEED TOO FAST FOR WEATHER CONDITIONS,ATWATER & HIGH ST,39.16308001,-86.50846995
902119248,2013,11,7,Weekend,1300,2-Car,No injury/unknown,FAILURE TO YIELD RIGHT OF WAY,ATWATER AVE & MITCHELL,39.16308001,-86.5141797
902105883,2013,10,5,Weekday,1100,2-Car,No injury/unknown,IMPROPER TURNING,ATWATER AVE & SWAIN,39.16308001,-86.51527002
901954323,2013,1,2,Weekday,1800,Bus,No injury/unknown,OVERCORRECTING/OVERSTEERING,ATWATER & JORDAN AVE,39.16307055,-86.51640172
902125061,2013,11,7,Weekend,0,2-Car,No injury/unknown,OTHER (DRIVER) - EXPLAIN IN NARRATIVE,ATWATER AVE & JORDAN,39.16307055,-86.51640172
901955716,2013,1,2,Weekday,1000,Bus,No injury/unknown,FAILURE TO YIELD RIGHT OF WAY,ATWATER AVE & BALLANTINE,39.16306995,-86.51912972
901998070,2013,4,2,Weekday,1700,2-Car,No injury/unknown,FAILURE TO YIELD RIGHT OF WAY,ATWATER AVE & BALLANTINE,39.16306995,-86.51912972
902096931,2013,10,3,Weekday,1500,2-Car,No injury/unknown,FOLLOWING TOO CLOSELY,ATWATER AVE & JORDAN,39.16306824,-86.51584473
902020423,2013,5,4,Weekday,900,2-Car,No injury/unknown,FAILURE TO YIELD RIGHT OF WAY,EAST ATWATER AVE,39.1630666,-86.52385242
901966623,2013,1,5,Weekday,1900,2-Car,No injury/unknown,OTHER (ENVIRONMENTAL) - EXPLAIN IN NARR,E ATWATER AVE & HIGHLAND,39.16305989,-86.5177173
901966630,2013,1,5,Weekday,1800,Bus,No injury/unknown,ROADWAY SURFACE CONDITION,ATWATER AVE & HIGHLAND,39.16305989,-86.51773028
902001967,2013,4,3,Weekday,1300,2-Car,No injury/unknown,FAILURE TO YIELD RIGHT OF WAY,ATWATER AVE & HIGHLAND,39.16305989,-86.51773028
902039917,2013,6,6,Weekday,1200,2-Car,Non-incapacitating,FOLLOWING TOO CLOSELY,ATWATER ST & HIGHLAND,39.16305989,-86.51773028
902074759,2013,8,3,Weekday,1300,2-Car,No injury/unknown,FAILURE TO YIELD RIGHT OF WAY,ATWATER AVE & HIGHLAND,39.16305989,-86.51773028
902105511,2013,10,4,Weekday,1700,2-Car,No injury/unknown,UNSAFE BACKING,ALLEY EAST OF JORDAN AVE & ATWATER,39.16305243,-86.5163888
901958851,2013,1,4,Weekday,1800,2-Car,No injury/unknown,IMPROPER LANE USAGE,ATWATER & JORDAN AVE,39.16304983,-86.51638984
902000191,2013,4,7,Weekend,100,2-Car,Non-incapacitating,DISREGARD SIGNAL/REG SIGN,ATWATER AVE & JORDAN,39.16304983,-86.51638984
902110048,2013,10,5,Weekday,1100,2-Car,No injury/unknown,SPEED TOO FAST FOR WEATHER CONDITIONS,ATWATER AVE & JORDAN,39.16304983,-86.51638984
901972043,2013,2,7,Weekend,2000,1-Car,No injury/unknown,ANIMAL/OBJECT IN ROADWAY,FAIRFAX RD & SMITHVILLE,39.16304,-86.5408
902133005,2013,12,6,Weekday,1300,2-Car,Non-incapacitating,DISREGARD SIGNAL/REG SIGN,EASTLAND PLAZA & S COLLEGE MALL RD,39.16300972,-86.498124
902041511,2013,6,2,Weekday,1600,Bus,No injury/unknown,IMPROPER TURNING,HAGAN ST & SMITH,39.16294992,-86.48080028
901960198,2013,1,7,Weekend,100,2-Car,No injury/unknown,FAILURE TO YIELD RIGHT OF WAY,500 S LIBERTY DR & NORTHWEST DR  WHITAHALL PLAZA,39.162895,-86.580246
902097934,2013,10,5,Weekday,800,2-Car,Non-incapacitating,UNSAFE LANE MOVEMENT,SMITH & WALNUT ST,39.16285001,-86.53362974
902077554,2013,9,3,Weekday,1700,Cyclist,Incapacitating,IMPROPER TURNING,COLLEGE AVE & SMITH,39.16285001,-86.53494
902035281,2013,6,4,Weekday,1800,2-Car,Non-incapacitating,FAILURE TO YIELD RIGHT OF WAY,E SMITH AVE & HENDERSON,39.162848,-86.527184
901971576,2013,2,6,Weekday,1100,2-Car,No injury/unknown,FAILURE TO YIELD RIGHT OF WAY,S WASHINGTON ST & SMITH,39.162848,-86.5324
902006897,2013,4,7,Weekend,1800,2-Car,No injury/unknown,OTHER (DRIVER) - EXPLAIN IN NARRATIVE,WASHINGTON ST,39.162848,-86.5324
902036387,2013,6,6,Weekday,1600,2-Car,No injury/unknown,IMPROPER PASSING,E SMITH AVE & S WASHINGTON,39.16283995,-86.53238989
901953250,2013,1,7,Weekend,1400,2-Car,No injury/unknown,UNSAFE BACKING,SOUTH COLLEGE AVE,39.16272914,-86.53483429
902094191,2013,10,6,Weekday,200,3+ Cars,No injury/unknown,OTHER (DRIVER) - EXPLAIN IN NARRATIVE,GRANT ST & SMITH,39.16271068,-86.52974556
901977320,2013,2,5,Weekday,1300,2-Car,No injury/unknown,UNSAFE BACKING,400 E 7TH (SOUTH ALLEY) ST & GRANT,39.162685,-86.53008192
901974843,2013,2,6,Weekday,1000,2-Car,No injury/unknown,OTHER (DRIVER) - EXPLAIN IN NARRATIVE,400 EAST SMITH AVE & DUNN,39.162682,-86.529694
902067375,2013,8,4,Weekday,800,1-Car,No injury/unknown,RAN OFF ROAD RIGHT,W HOWE ST,39.16265869,-86.54165649
902124094,2013,11,4,Weekday,2000,1-Car,No injury/unknown,UNSAFE BACKING,W HOWE ST,39.16265869,-86.54165649
902045727,2013,7,2,Weekday,900,2-Car,Non-incapacitating,FAILURE TO YIELD RIGHT OF WAY,BIRDIE GALYAN & SR46E,39.162656,-86.413296
902136376,2013,12,4,Weekday,2200,1-Car,No injury/unknown,ANIMAL/OBJECT IN ROADWAY,BIRDIE GALYAN & SR46E,39.16254879,-86.41318576
902001743,2013,4,3,Weekday,1600,2-Car,No injury/unknown,UNSAFE LANE MOVEMENT,CURRY PIKE & THIRD,39.16254494,-86.58292002
901975837,2013,2,2,Weekday,1600,2-Car,No injury/unknown,UNSAFE LANE MOVEMENT,9TH & COLLEGE AVE,39.16252809,-86.53485015
902112599,2013,11,2,Weekday,1300,2-Car,No injury/unknown,OTHER (DRIVER) - EXPLAIN IN NARRATIVE,9TH & COLLEGE AVE,39.16252809,-86.53485015
902101020,2013,10,2,Weekday,1700,1-Car,No injury/unknown,IMPROPER TURNING,CURRY PIKE,39.16251373,-86.58200836
901961557,2013,1,3,Weekday,900,Bus,No injury/unknown,UNSAFE LANE MOVEMENT,800 BLK W HOWE ST & EUCLID,39.1624866,-86.5429434
902138065,2013,12,6,Weekday,1600,2-Car,No injury/unknown,,HOWE ST & ROGERS,39.1624,-86.538592
902083733,2013,9,1,Weekday,1900,2-Car,No injury/unknown,OTHER (DRIVER) - EXPLAIN IN NARRATIVE,S PARK RIDGE RD,39.16235849,-86.47618889
902045289,2013,7,2,Weekday,1600,3+ Cars,Non-incapacitating,FOLLOWING TOO CLOSELY,6TH & ROGERS ST,39.16230252,-86.53867967
902011536,2013,4,2,Weekday,1700,2-Car,Incapacitating,FAILURE TO YIELD RIGHT OF WAY,HENDERSON & HUNTER AVE,39.16225992,-86.52728331
901955868,2013,1,5,Weekday,100,2-Car,No injury/unknown,,EAST HUNTER & SOUTH FESS AVE,39.16224986,-86.52590967
902060193,2013,7,4,Weekday,100,2-Car,No injury/unknown,FAILURE TO YIELD RIGHT OF WAY,HUNTER AVE & JORDAN,39.16224,-86.516368
902071557,2013,8,5,Weekday,900,2-Car,No injury/unknown,IMPROPER LANE USAGE,HIGHLAND AVE & HUNTER,39.16224,-86.5176
902122152,2013,11,2,Weekday,2200,2-Car,No injury/unknown,FAILURE TO YIELD RIGHT OF WAY,FESS & HUNTER AVE,39.16224,-86.525824
901978649,2013,2,1,Weekend,700,1-Car,Non-incapacitating,LEFT OF CENTER,CURRY & SR46W,39.16222,-86.58275355
902105246,2013,10,4,Weekday,1200,2-Car,No injury/unknown,FAILURE TO YIELD RIGHT OF WAY,HUNTER AVE & PARK,39.16221969,-86.52402006
901995404,2013,3,3,Weekday,1500,2-Car,No injury/unknown,FOLLOWING TOO CLOSELY,ROGERS ST,39.16221835,-86.5387474
901975850,2013,2,2,Weekday,1600,2-Car,Non-incapacitating,FAILURE TO YIELD RIGHT OF WAY,HAWTHORNE DR & HUNTER,39.1622103,-86.52019992
902067468,2013,8,5,Weekday,2100,2-Car,No injury/unknown,UNSAFE BACKING,S COLLEGE MALL RD,39.16220093,-86.49866485
901963435,2013,1,6,Weekday,1700,2-Car,No injury/unknown,FAILURE TO YIELD RIGHT OF WAY,BALLANTINE & HUNTER AVE,39.16220024,-86.51913978
902034465,2013,6,3,Weekday,1300,2-Car,No injury/unknown,FAILURE TO YIELD RIGHT OF WAY,HUNTER & JORDAN AVE,39.16218013,-86.51637978
902100181,2013,10,7,Weekend,1300,2-Car,Non-incapacitating,LEFT OF CENTER,SPRIGGS & STONECHASE XING,39.16195325,-86.59598708
902148957,2013,12,2,Weekday,1400,2-Car,No injury/unknown,OTHER (VEHICLE) - EXPLAIN IN NARRATIVE,S COLLEGE MALL RD,39.16191346,-86.49789927
902089037,2013,9,3,Weekday,1900,2-Car,No injury/unknown,,S PARK RIDGE RD,39.1619072,-86.47730255
902091269,2013,9,3,Weekday,700,2-Car,No injury/unknown,FAILURE TO YIELD RIGHT OF WAY,2ND & MADISON ST,39.16189999,-86.537296
902049951,2013,7,4,Weekday,1700,2-Car,No injury/unknown,UNSAFE BACKING,S MULLER PKWY,39.16180998,-86.56743228
902007204,2013,4,1,Weekend,1600,2-Car,No injury/unknown,UNSAFE BACKING,MULLER PKWY,39.16177176,-86.567327
902100906,2013,10,3,Weekday,1700,2-Car,No injury/unknown,UNSAFE BACKING,MULLER PKWY,39.1617503,-86.56746782
902007065,2013,4,7,Weekend,1000,2-Car,No injury/unknown,UNSAFE BACKING,MULLER PKWY,39.16171275,-86.56736254
902053464,2013,7,4,Weekday,1200,2-Car,No injury/unknown,,SOUTH MULLER PKWY,39.16169129,-86.56750336
902067614,2013,8,3,Weekday,1500,1-Car,No injury/unknown,RAN OFF ROAD RIGHT,SOUTH MULLER PKWY,39.16163228,-86.5675389
902002988,2013,4,6,Weekday,0,2-Car,No injury/unknown,,E SECOND ST,39.16160965,-86.50016784
901993044,2013,3,6,Weekday,800,2-Car,Incapacitating,DRIVER DISTRACTED - EXPLAIN IN NARRATIVE,SR37N & VERNAL,39.16158141,-86.55998992
902050129,2013,7,3,Weekday,2200,1-Car,No injury/unknown,OTHER (VEHICLE) - EXPLAIN IN NARRATIVE,500 BLK W 2ND ST & ROGERS,39.16154417,-86.54035571
902024507,2013,5,5,Weekday,700,2-Car,No injury/unknown,IMPROPER TURNING,W 2ND ST,39.16153675,-86.53981487
901979693,2013,2,3,Weekday,900,2-Car,No injury/unknown,FOLLOWING TOO CLOSELY,ROGERS & W 2ND ST,39.16152,-86.538592
901996148,2013,3,4,Weekday,600,3+ Cars,Non-incapacitating,VIEW OBSTRUCTED,ROGERS & W 2ND ST,39.16152,-86.538592
902014295,2013,5,7,Weekend,2300,Cyclist,Non-incapacitating,FAILURE TO YIELD RIGHT OF WAY,2ND ST & ROGERS,39.16152,-86.538592
902057759,2013,7,5,Weekday,1300,2-Car,Non-incapacitating,DISREGARD SIGNAL/REG SIGN,ROGERS & SECOND ST,39.16152,-86.538592
902111173,2013,11,6,Weekend,2100,2-Car,No injury/unknown,FOLLOWING TOO CLOSELY,2ND ST & COLLEGE,39.16145959,-86.53555315
901981759,2013,3,6,Weekday,1500,2-Car,No injury/unknown,OTHER (DRIVER) - EXPLAIN IN NARRATIVE,SOUTH MULLER PKWY,39.16145392,-86.56764551
902003227,2013,4,7,Weekend,1800,2-Car,No injury/unknown,FAILURE TO YIELD RIGHT OF WAY,S MULLER PKWY,39.16145392,-86.56764551
902032664,2013,6,6,Weekday,0,Moped/Motorcycle,Non-incapacitating,WRONG WAY ON ONE WAY,2ND & HENDERSON ST,39.16144,-86.527152
902053494,2013,7,4,Weekday,1900,2-Car,No injury/unknown,OTHER (DRIVER) - EXPLAIN IN NARRATIVE,W 2ND ST,39.16144,-86.527152
902065836,2013,8,1,Weekend,800,1-Car,No injury/unknown,RAN OFF ROAD RIGHT,E 2ND ST,39.16144,-86.52929516
902079464,2013,9,7,Weekend,800,1-Car,No injury/unknown,RAN OFF ROAD RIGHT,WEST 2ND ST,39.16144,-86.52952758
902075925,2013,8,6,Weekday,1300,1-Car,No injury/unknown,RAN OFF ROAD RIGHT,2ND ST & GRANT,39.16144,-86.52976
902076005,2013,8,7,Weekend,1200,2-Car,No injury/unknown,FAILURE TO YIELD RIGHT OF WAY,E 2ND ST & SO GRANT,39.16144,-86.52976
902140260,2013,12,3,Weekday,1300,2-Car,No injury/unknown,FAILURE TO YIELD RIGHT OF WAY,E 2ND ST & GRANT,39.16144,-86.52976
901991573,2013,3,3,Weekday,1200,2-Car,No injury/unknown,FAILURE TO YIELD RIGHT OF WAY,2ND & S LINCOLN ST,39.16144,-86.531056
902088308,2013,9,2,Weekday,1700,2-Car,No injury/unknown,,E 2ND ST,39.16144,-86.5324
902090677,2013,9,6,Weekday,1600,2-Car,No injury/unknown,FOLLOWING TOO CLOSELY,2ND & S WASHINGTON ST,39.16144,-86.5324
902089680,2013,9,4,Weekday,1300,2-Car,No injury/unknown,BRAKE FAILURE OR DEFECTIVE,2ND & WALNUT ST,39.16144,-86.5336
902033393,2013,6,1,Weekend,1000,2-Car,Non-incapacitating,DISREGARD SIGNAL/REG SIGN,2ND ST & COLLEGE,39.16144,-86.534848
902008890,2013,4,5,Weekday,2000,2-Car,No injury/unknown,FOLLOWING TOO CLOSELY,2ND ST & COLLEGE,39.16144,-86.534848
901960183,2013,1,1,Weekend,200,Moped/Motorcycle,Non-incapacitating,OTHER (DRIVER) - EXPLAIN IN NARRATIVE,2ND ST & WALKER,39.16142978,-86.54613591
902091392,2013,9,1,Weekend,1400,2-Car,Non-incapacitating,DISREGARD SIGNAL/REG SIGN,2ND ST & WALKER,39.16142978,-86.54614023
902110729,2013,11,6,Weekday,1100,2-Car,No injury/unknown,FOLLOWING TOO CLOSELY,2ND ST & WALKER,39.16142978,-86.54614456
901985004,2013,3,4,Weekday,1400,2-Car,Non-incapacitating,FOLLOWING TOO CLOSELY,BLOOMFIELD RD & WALKER,39.16142978,-86.54614889
901991891,2013,3,3,Weekday,1700,1-Car,Incapacitating,RAN OFF ROAD RIGHT,2ND ST & WALKER,39.16142978,-86.54615754
902034002,2013,6,2,Weekday,1700,3+ Cars,No injury/unknown,FOLLOWING TOO CLOSELY,MAPLE & WEST 2ND ST,39.16141033,-86.54224969
902102615,2013,10,6,Weekday,1400,3+ Cars,Non-incapacitating,FOLLOWING TOO CLOSELY,2ND ST & MAPLE,39.16141033,-86.54224969
902047613,2013,7,7,Weekend,1000,2-Car,No injury/unknown,FOLLOWING TOO CLOSELY,2ND & WALNUT ST,39.16140027,-86.53362974
902095546,2013,10,2,Weekday,300,1-Car,No injury/unknown,UNSAFE SPEED,2ND ST & WALNUT,39.16140027,-86.53362974
902108330,2013,10,2,Weekday,700,Cyclist,Non-incapacitating,FAILURE TO YIELD RIGHT OF WAY,2ND ST & WALNUT,39.16140027,-86.53362974
902122679,2013,11,4,Weekday,1500,1-Car,No injury/unknown,IMPROPER TURNING,2ND ST & WALNUT,39.16140027,-86.53362974
902133411,2013,12,7,Weekend,2200,2-Car,No injury/unknown,FAILURE TO YIELD RIGHT OF WAY,2ND ST & WALNUT,39.16140027,-86.53362974
902003345,2013,4,6,Weekday,1700,Pedestrian,Non-incapacitating,PEDESTRIAN ACTION,2ND ST & WALNUT,39.16140027,-86.53364272
901956220,2013,1,6,Weekday,800,2-Car,No injury/unknown,OVERCORRECTING/OVERSTEERING,2ND ST & ROGERS,39.16140027,-86.53858374
902139984,2013,12,2,Weekday,1600,2-Car,No injury/unknown,FAILURE TO YIELD RIGHT OF WAY,SOUTH ROGERS & WEST 2ND ST,39.16140027,-86.53865297
901962215,2013,1,5,Weekday,700,2-Car,Non-incapacitating,FOLLOWING TOO CLOSELY,2ND & ROGERS ST,39.16140027,-86.53867028
901979879,2013,2,3,Weekday,1400,2-Car,No injury/unknown,SPEED TOO FAST FOR WEATHER CONDITIONS,2ND & ROGERS ST,39.16140027,-86.53867028
902030803,2013,6,3,Weekday,900,2-Car,No injury/unknown,DISREGARD SIGNAL/REG SIGN,ROGERS & WEST 2ND ST,39.16140027,-86.53867028
902031002,2013,6,3,Weekday,1300,2-Car,Non-incapacitating,FOLLOWING TOO CLOSELY,2ND ST & ROGERS,39.16140027,-86.53867028
902008688,2013,4,4,Weekday,800,2-Car,No injury/unknown,FAILURE TO YIELD RIGHT OF WAY,S ROGERS & W 2ND ST,39.16140027,-86.53867028
902039832,2013,6,6,Weekday,800,2-Car,Non-incapacitating,FAILURE TO YIELD RIGHT OF WAY,2ND ST & ROGERS,39.16140027,-86.53867028
902131652,2013,12,4,Weekday,1600,2-Car,No injury/unknown,FAILURE TO YIELD RIGHT OF WAY,ROGERS & WEST 2ND ST,39.16140027,-86.53867028
902141227,2013,12,2,Weekday,1600,2-Car,No injury/unknown,FAILURE TO YIELD RIGHT OF WAY,2ND ST & ROGERS,39.16140027,-86.53867028
902046663,2013,7,4,Weekday,1500,2-Car,Non-incapacitating,FOLLOWING TOO CLOSELY,2ND ST & MORTON,39.16139022,-86.53630994
902120299,2013,11,6,Weekday,1700,3+ Cars,No injury/unknown,FOLLOWING TOO CLOSELY,2ND ST & MORTON,39.16139022,-86.53630994
902123655,2013,11,5,Weekday,900,2-Car,No injury/unknown,FOLLOWING TOO CLOSELY,2ND ST & MORTON,39.16139022,-86.53630994
902081403,2013,9,3,Weekday,700,2-Car,No injury/unknown,DISREGARD SIGNAL/REG SIGN,COLLEGE & WEST 2ND ST,39.16138016,-86.53492994
902113406,2013,11,3,Weekday,1600,2-Car,No injury/unknown,FAILURE TO YIELD RIGHT OF WAY,2ND & COLLEGE AVE,39.16138016,-86.53492994
902131998,2013,12,5,Weekday,1100,2-Car,Non-incapacitating,DISREGARD SIGNAL/REG SIGN,2ND ST & COLLEGE,39.16138016,-86.53492994
902085867,2013,9,5,Weekday,600,2-Car,Non-incapacitating,IMPROPER LANE USAGE,2ND ST & COLLEGE,39.16138016,-86.53493427
902055549,2013,7,1,Weekend,1200,2-Car,No injury/unknown,FAILURE TO YIELD RIGHT OF WAY,S COLLEGE AVE & W 2ND,39.16137851,-86.53492981
901971090,2013,2,5,Weekday,1100,2-Car,No injury/unknown,UNSAFE BACKING,W 2ND ST,39.16137077,-86.54158517
901956516,2013,1,7,Weekend,100,Cyclist,No injury/unknown,OTHER (VEHICLE) - EXPLAIN IN NARRATIVE,2ND & WASHINGTON ST,39.16136004,-86.53241001
902109705,2013,10,4,Weekday,2200,2-Car,No injury/unknown,FOLLOWING TOO CLOSELY,2ND ST & WASHINGTON,39.16136004,-86.53241001
902102556,2013,10,6,Weekday,1200,2-Car,No injury/unknown,OTHER (DRIVER) - EXPLAIN IN NARRATIVE,W 2ND ST,39.16135535,-86.53980821
902085011,2013,9,3,Weekday,1900,2-Car,No injury/unknown,FAILURE TO YIELD RIGHT OF WAY,2ND ST & DUNN,39.16134998,-86.52841016
902095061,2013,10,7,Weekend,1400,2-Car,No injury/unknown,FAILURE TO YIELD RIGHT OF WAY,2ND ST & DUNN,39.16134998,-86.52841449
902051675,2013,7,2,Weekday,300,1-Car,No injury/unknown,RAN OFF ROAD RIGHT,2ND ST & PARK,39.16131981,-86.52399994
902017916,2013,5,7,Weekend,1000,2-Car,No injury/unknown,DISREGARD SIGNAL/REG SIGN,2ND ST & WOODLAWN,39.161312,-86.522576
901960304,2013,1,1,Weekend,1600,2-Car,No injury/unknown,OTHER (DRIVER) - EXPLAIN IN NARRATIVE,2ND ST & WOODLAWN,39.16130509,-86.52222332
902115761,2013,11,3,Weekday,1200,2-Car,No injury/unknown,UNSAFE BACKING,WEST S R 45 HWY,39.161296,-86.589792
902019531,2013,5,1,Weekday,2100,1-Car,No injury/unknown,ANIMAL/OBJECT IN ROADWAY,PARK SQUARE & SR48W,39.16121292,-86.59181007
902002281,2013,4,4,Weekday,1400,Pedestrian,Non-incapacitating,FAILURE TO YIELD RIGHT OF WAY,2ND & JORDAN AVE,39.161168,-86.516352
902075256,2013,8,5,Weekday,2000,2-Car,No injury/unknown,FAILURE TO YIELD RIGHT OF WAY,2ND & S JORDAN AVE,39.161168,-86.516352
902033071,2013,6,7,Weekend,1100,2-Car,No injury/unknown,FAILURE TO YIELD RIGHT OF WAY,S COLLEGE AVE,39.16115717,-86.53485253
902004537,2013,4,2,Weekday,1900,2-Car,No injury/unknown,OTHER (DRIVER) - EXPLAIN IN NARRATIVE,SOUTH COLLEGE AVE,39.16115717,-86.53485253
902013039,2013,5,5,Weekday,1200,2-Car,No injury/unknown,OTHER (DRIVER) - EXPLAIN IN NARRATIVE,S COLLEGE AVE,39.16115717,-86.53485253
902138911,2013,12,1,Weekend,1100,2-Car,No injury/unknown,,S COLLEGE AVE,39.16115717,-86.53485253
902144497,2013,12,7,Weekend,2200,Pedestrian,Non-incapacitating,VIEW OBSTRUCTED,COLLEGE AVE,39.16115717,-86.53485253
902061675,2013,7,3,Weekday,1700,2-Car,No injury/unknown,FAILURE TO YIELD RIGHT OF WAY,2ND ST & HAWTHORNE,39.16106969,-86.52019992
901984442,2013,3,4,Weekday,800,2-Car,No injury/unknown,FAILURE TO YIELD RIGHT OF WAY,E 2ND ST & WOODLAWN,39.16106969,-86.52264006
901998860,2013,4,4,Weekday,1000,2-Car,No injury/unknown,DISREGARD SIGNAL/REG SIGN,2ND ST & WOODLAWN,39.16106969,-86.52264006
902109546,2013,10,4,Weekday,1600,2-Car,No injury/unknown,DISREGARD SIGNAL/REG SIGN,2ND ST & WOODLAWN,39.16106969,-86.52264006
902100996,2013,10,2,Weekday,1400,2-Car,No injury/unknown,DISREGARD SIGNAL/REG SIGN,2ND ST & BALLANTINE,39.1610603,-86.51913978
902021508,2013,5,6,Weekday,1700,2-Car,Non-incapacitating,FOLLOWING TOO CLOSELY,S LANDMARK AVE,39.16104889,-86.55483245
902121540,2013,11,2,Weekday,900,2-Car,No injury/unknown,IMPROPER TURNING,LANDMARK AVE,39.16104889,-86.55483245
902134296,2013,12,2,Weekday,1800,2-Car,No injury/unknown,UNSAFE BACKING,S LANDMARK AVE,39.16104889,-86.55483245
902086656,2013,9,6,Weekday,1500,2-Car,No injury/unknown,UNSAFE BACKING,S WALNUT ST,39.16101225,-86.5336
901954865,2013,1,3,Weekday,1600,2-Car,No injury/unknown,FAILURE TO YIELD RIGHT OF WAY,E SECOND ST,39.16099325,-86.50563217
902011513,2013,4,2,Weekday,1500,2-Car,No injury/unknown,,E 2ND ST,39.16097581,-86.4992237
902080980,2013,9,2,Weekday,1500,Cyclist,Non-incapacitating,PEDESTRIAN ACTION,2ND ST & COLLEGE MALL,39.16094401,-86.49857798
901981849,2013,3,6,Weekend,1900,2-Car,Non-incapacitating,FAILURE TO YIELD RIGHT OF WAY,2ND & COLLEGE MALL RD,39.160944,-86.497696
902071623,2013,8,5,Weekday,1400,3+ Cars,Non-incapacitating,BRAKE FAILURE OR DEFECTIVE,2ND & COLLEGE MALL RD,39.160944,-86.497696