Master Record Number,Year,Month,Day,Weekend?,Hour,Collision Type,Injury Type,Primary Factor,Reported_Location,Latitude,Longitude
901995080,2013,3,3,Weekday,700,2-Car,No injury/unknown,SPEED TOO FAST FOR WEATHER CONDITIONS,COLLEGE MALL RD & COVENANTER,39.15518023,-86.49773977
901995082,2013,3,3,Weekday,800,2-Car,No injury/unknown,SPEED TOO FAST FOR WEATHER CONDITIONS,COLLEGE MALL & COVENANTER DR,39.15518023,-86.49773977
902022435,2013,5,2,Weekday,800,2-Car,No injury/unknown,DISREGARD SIGNAL/REG SIGN,COLLEGE MALL RD & COVENANTER,39.15518023,-86.49773977
902104530,2013,10,3,Weekday,1100,Cyclist,Non-incapacitating,FAILURE TO YIELD RIGHT OF WAY,COLLEGE MALL & COVENANTER DR,39.15518023,-86.49773977
902127334,2013,11,3,Weekday,1600,2-Car,No injury/unknown,DISREGARD SIGNAL/REG SIGN,COLLEGE MALL RD & COVENANTER,39.15518023,-86.49773977
902100423,2013,10,2,Weekday,1200,2-Car,No injury/unknown,FAILURE TO YIELD RIGHT OF WAY,COLLEGE MALL & COVENANTER AVE,39.15518023,-86.49774323
901983922,2013,3,3,Weekday,1800,2-Car,No injury/unknown,OTHER (DRIVER) - EXPLAIN IN NARRATIVE,COLLEGE MALL & COVENANTER DR,39.155152,-86.497888
902014667,2013,5,1,Weekday,2300,2-Car,No injury/unknown,DISREGARD SIGNAL/REG SIGN,COLLEGE MALL RD & COVENANTER,39.155152,-86.497888
902040145,2013,6,6,Weekday,1600,2-Car,No injury/unknown,FAILURE TO YIELD RIGHT OF WAY,COLLEGE MALL & COVENANTER DR,39.155152,-86.497888
902062122,2013,8,7,Weekend,2200,2-Car,No injury/unknown,FAILURE TO YIELD RIGHT OF WAY,COLLEGE MALL RD & COVENANTER,39.155152,-86.497888
902134951,2013,12,3,Weekday,1800,2-Car,No injury/unknown,IMPROPER TURNING,COLLEGE MALL & COVENANTER DR,39.1551397,-86.49771233
902058558,2013,7,7,Weekend,1600,3+ Cars,No injury/unknown,OTHER (VEHICLE) - EXPLAIN IN NARRATIVE,E COVENANTER DR,39.1551172,-86.4975728
902018968,2013,5,1,Weekend,1600,2-Car,No injury/unknown,UNSAFE LANE MOVEMENT,CURRY PIKE & STEBU,39.15486977,-86.58261023
902141693,2013,12,3,Weekday,800,2-Car,No injury/unknown,UNSAFE BACKING,W CHERRY ORCHARD CT,39.15480405,-86.58910855
902017237,2013,5,6,Weekday,100,2-Car,No injury/unknown,OTHER (DRIVER) - EXPLAIN IN NARRATIVE,CHERRY ORCHARD CT,39.15479198,-86.59007146
902017396,2013,5,6,Weekday,100,2-Car,No injury/unknown,OTHER (DRIVER) - EXPLAIN IN NARRATIVE,CHERRY ORCHARD CT,39.15479198,-86.59007146
902052475,2013,7,2,Weekday,600,1-Car,No injury/unknown,RAN OFF ROAD RIGHT,S GARRISON CHAPPEL RD,39.15463257,-86.64633178
901980328,2013,2,4,Weekday,2000,2-Car,No injury/unknown,,S COLLEGE MALL RD,39.1546049,-86.49765931
902141372,2013,12,3,Weekday,300,1-Car,No injury/unknown,OVERCORRECTING/OVERSTEERING,COLLEGE AVE & SR4546,39.15458914,-86.53453968
902111317,2013,11,7,Weekend,800,3+ Cars,No injury/unknown,UNSAFE BACKING,COVENANTER DR,39.15457916,-86.49330139
902147312,2013,12,6,Weekday,1300,2-Car,No injury/unknown,OTHER (DRIVER) - EXPLAIN IN NARRATIVE,E DAVIS ST,39.15452049,-86.51687869
902039789,2013,6,5,Weekday,1000,2-Car,No injury/unknown,OTHER (DRIVER) - EXPLAIN IN NARRATIVE,SO PICKWICK PL,39.1544075,-86.50424194
902120351,2013,11,6,Weekday,1800,1-Car,No injury/unknown,ANIMAL/OBJECT IN ROADWAY,CAVE & SR48,39.15439987,-86.62882971
902111541,2013,11,7,Weekend,1900,1-Car,No injury/unknown,ANIMAL/OBJECT IN ROADWAY,CAVE & SR48W,39.15439987,-86.62902029
902138725,2013,12,7,Weekend,2300,1-Car,No injury/unknown,RAN OFF ROAD RIGHT,HICKORY GROVE & W GIFFORD RD,39.1543702,-86.5903303
902057749,2013,7,5,Weekday,1700,2-Car,Non-incapacitating,FAILURE TO YIELD RIGHT OF WAY,S WEIMER & W BLOOMFIELD RD,39.154272,-86.564176
902023289,2013,5,2,Weekday,1600,2-Car,No injury/unknown,OVERCORRECTING/OVERSTEERING,S COLLEGE MALL RD,39.15427029,-86.49764657
902043954,2013,6,6,Weekday,1600,1-Car,Non-incapacitating,UNSAFE SPEED,S COLLEGE MALL RD,39.15427029,-86.49764657
902061812,2013,8,7,Weekend,200,2-Car,No injury/unknown,OTHER (DRIVER) - EXPLAIN IN NARRATIVE,COLLEGE MALL RD,39.15427029,-86.49764657
902079586,2013,8,6,Weekend,2200,2-Car,No injury/unknown,,SOUTH COLLEGE MALL RD,39.15427029,-86.49764657
902117245,2013,11,2,Weekday,1700,2-Car,No injury/unknown,IMPROPER TURNING,S COLLEGE MALL RD,39.15427029,-86.49764657
901984362,2013,3,3,Weekday,1200,2-Car,No injury/unknown,FAILURE TO YIELD RIGHT OF WAY,BLOOMFIELD RD & WEIMER,39.15424012,-86.56435624
902111810,2013,10,1,Weekend,1700,Moped/Motorcycle,No injury/unknown,UNSAFE BACKING,TIMBERS TRL,39.15415898,-86.56969875
902116551,2013,11,1,Weekend,1400,2-Car,No injury/unknown,IMPROPER TURNING,S COLLEGE MALL RD,39.15412578,-86.49786768
902072821,2013,8,1,Weekend,1400,2-Car,No injury/unknown,OTHER (DRIVER) - EXPLAIN IN NARRATIVE,3RD & MADISON ST,39.15404582,-86.53741031
902111071,2013,11,6,Weekday,1700,2-Car,No injury/unknown,FOLLOWING TOO CLOSELY,LIBERTY DR & THIRD,39.15403576,-86.57913006
902047649,2013,7,7,Weekend,500,1-Car,No injury/unknown,RAN OFF ROAD RIGHT,700 BLK S GREENLEAF & BASSWOOD DR,39.15400507,-86.57251054
901951888,2013,1,5,Weekday,700,1-Car,No injury/unknown,RAN OFF ROAD RIGHT,LAKECREST LN & SHADELAND,39.153952,-86.561504
902012848,2013,5,4,Weekday,900,2-Car,No injury/unknown,UNSAFE BACKING,WEST BLOOMFIELD RD,39.15394373,-86.56493045
902069011,2013,8,7,Weekend,1800,2-Car,No injury/unknown,,MONROE ST & ORRIS,39.15384524,-86.5471702
902010564,2013,4,7,Weekend,2200,1-Car,No injury/unknown,RAN OFF ROAD RIGHT,S ROGERS ST & W PATTERSON,39.15379018,-86.53875008
902077497,2013,9,3,Weekday,1700,3+ Cars,No injury/unknown,FOLLOWING TOO CLOSELY,PATTERSON DR & ROGERS,39.15379018,-86.53875008
902018112,2013,5,1,Weekend,0,1-Car,No injury/unknown,OVERCORRECTING/OVERSTEERING,PATTERSON DR & ROGERS,39.15379018,-86.53875873
901962812,2013,1,5,Weekday,1200,2-Car,No injury/unknown,FAILURE TO YIELD RIGHT OF WAY,3RD & WOODSCREST DR,39.15369588,-86.50241017
901998311,2013,4,3,Weekday,700,2-Car,No injury/unknown,FAILURE TO YIELD RIGHT OF WAY,WEST PATTERSON DR,39.15368356,-86.53781935
902025416,2013,5,6,Weekday,1500,2-Car,No injury/unknown,UNSAFE LANE MOVEMENT,LIBERTY & SR45E,39.15365982,-86.57530975
902070109,2013,8,2,Weekday,1700,Moped/Motorcycle,Incapacitating,FAILURE TO YIELD RIGHT OF WAY,LIBERTY & SR45W,39.15365982,-86.57530975
902070451,2013,8,2,Weekday,1600,2-Car,Non-incapacitating,FAILURE TO YIELD RIGHT OF WAY,LIBERTY & SR45W,39.15365982,-86.57530975
902049195,2013,7,6,Weekday,1600,2-Car,No injury/unknown,FOLLOWING TOO CLOSELY,LIBERTY & SR45E,39.15365982,-86.57530975
902050425,2013,7,5,Weekday,1700,3+ Cars,Non-incapacitating,FAILURE TO YIELD RIGHT OF WAY,LIBERTY & SR45W,39.15365982,-86.57530975
902110421,2013,10,5,Weekday,1700,3+ Cars,Non-incapacitating,FOLLOWING TOO CLOSELY,LIBERTY & SR45W,39.15365982,-86.57530975
902115884,2013,11,6,Weekday,1400,2-Car,No injury/unknown,FOLLOWING TOO CLOSELY,LIBERTY & SR45W,39.15365982,-86.57530975
902118494,2013,11,4,Weekday,600,2-Car,Incapacitating,FAILURE TO YIELD RIGHT OF WAY,LIBERTY & SR45W,39.15365982,-86.57530975
902055352,2013,7,7,Weekend,300,1-Car,Incapacitating,RAN OFF ROAD RIGHT,MADISON & PATTERSON DR,39.15363997,-86.53757996
902091101,2013,9,7,Weekend,1600,2-Car,No injury/unknown,OTHER (DRIVER) - EXPLAIN IN NARRATIVE,3100 BLK E COVENANTER DR & S AUTO MALL,39.153622,-86.49202654
902091102,2013,9,7,Weekend,1600,2-Car,No injury/unknown,FAILURE TO YIELD RIGHT OF WAY,3100 BLK E COVENANTER DR & S AUTO MALL,39.153622,-86.49202654
902113898,2013,11,4,Weekday,1100,2-Car,No injury/unknown,FAILURE TO YIELD RIGHT OF WAY,W GRIMES LN & WALNUT,39.15344,-86.53377638
902068104,2013,8,5,Weekday,1300,2-Car,Non-incapacitating,DRIVER DISTRACTED - EXPLAIN IN NARRATIVE,GRIMES & SOUTH WALNUT ST,39.15344,-86.5336
902061071,2013,8,5,Weekday,1700,Cyclist,Non-incapacitating,FAILURE TO YIELD RIGHT OF WAY,S WALNUT ST,39.15342171,-86.5336
902044496,2013,6,1,Weekend,200,2-Car,No injury/unknown,,E COVENANTER DR,39.15341869,-86.49102352
902091080,2013,9,7,Weekend,1400,Cyclist,Non-incapacitating,DISREGARD SIGNAL/REG SIGN,GRIMES LN & HENDERSON,39.153392,-86.527008
901980649,2013,2,4,Weekday,1600,2-Car,No injury/unknown,UNSAFE BACKING,GRIMES LN & PARK,39.15336,-86.52430551
901985965,2013,3,6,Weekday,1100,2-Car,No injury/unknown,OTHER (DRIVER) - EXPLAIN IN NARRATIVE,GRIMES & WALNUT ST ST,39.15335487,-86.53371457
902113762,2013,11,4,Weekday,800,2-Car,Non-incapacitating,FOLLOWING TOO CLOSELY,GRIMES LN & WALNUT,39.15335029,-86.53366694
902034273,2013,6,2,Weekday,1200,2-Car,No injury/unknown,FOLLOWING TOO CLOSELY,GRIMES LN & WALNUT,39.15335029,-86.53369723
901992507,2013,3,5,Weekday,800,2-Car,No injury/unknown,OTHER (DRIVER) - EXPLAIN IN NARRATIVE,S WALNUT & W GRIMES LN,39.15335029,-86.53370372
901977413,2013,2,5,Weekday,1800,2-Car,No injury/unknown,,GRIMES LN & WALNUT,39.15335029,-86.53371021
901998660,2013,4,3,Weekday,1900,2-Car,No injury/unknown,FAILURE TO YIELD RIGHT OF WAY,GRIMES LN & WALNUT,39.15335029,-86.53371021
902028775,2013,5,6,Weekday,1100,2-Car,No injury/unknown,FOLLOWING TOO CLOSELY,GRIMES LN & WALNUT,39.15335029,-86.53371021
902082675,2013,9,6,Weekday,900,2-Car,No injury/unknown,FAILURE TO YIELD RIGHT OF WAY,GRIMES LN & WALNUT,39.15335029,-86.53371021
902117221,2013,11,2,Weekday,1400,2-Car,Non-incapacitating,FOLLOWING TOO CLOSELY,GRIMES LN & WALNUT,39.15335029,-86.53371021
902032774,2013,6,6,Weekday,1600,2-Car,No injury/unknown,FAILURE TO YIELD RIGHT OF WAY,GRIMES LN & HENDERSON,39.1533,-86.52696982
902018965,2013,5,2,Weekday,1400,2-Car,No injury/unknown,DISREGARD SIGNAL/REG SIGN,EAST GRIMES LN & SOUTH HENDERSON,39.1533,-86.52696982
902094903,2013,10,7,Weekend,700,Cyclist,Non-incapacitating,FAILURE TO YIELD RIGHT OF WAY,E GRIMES LN & S HENDERSON,39.1532991,-86.5269577
901958673,2013,1,4,Weekday,800,1-Car,No injury/unknown,RAN OFF ROAD RIGHT,GIFFORD & PARK SQUARE DR,39.15307717,-86.59180145
901966634,2013,1,5,Weekday,2100,1-Car,No injury/unknown,OTHER (DRIVER) - EXPLAIN IN NARRATIVE,S FENBROOK LN,39.15304586,-86.48636788
902022911,2013,5,2,Weekday,1600,2-Car,No injury/unknown,DRIVER DISTRACTED - EXPLAIN IN NARRATIVE,S COLLEGE MALL RD,39.15300429,-86.4976184
902042204,2013,6,3,Weekday,1500,2-Car,No injury/unknown,IMPROPER TURNING,S COLLEGE MALL RD,39.15300429,-86.4976184
902131993,2013,12,5,Weekday,1100,2-Car,No injury/unknown,,S COLLEGE MALL RD,39.15300429,-86.4976184
902029143,2013,5,6,Weekend,2200,1-Car,No injury/unknown,RAN OFF ROAD RIGHT,1300 W 3RD ST & PATTERSON,39.152962,-86.54313419
901963708,2013,1,7,Weekend,1100,2-Car,No injury/unknown,FAILURE TO YIELD RIGHT OF WAY,S COLLEGE MALL RD,39.15292396,-86.49788454
902132690,2013,12,6,Weekday,1100,1-Car,No injury/unknown,RAN OFF ROAD RIGHT,BROWN COUNTY LINE & SR46E,39.15287018,-86.370695
902044679,2013,6,1,Weekend,1500,1-Car,Non-incapacitating,SPEED TOO FAST FOR WEATHER CONDITIONS,BROWN COUNTY LINE & SR46E,39.15287018,-86.37073387
902063971,2013,8,4,Weekday,1400,1-Car,No injury/unknown,OTHER (DRIVER) - EXPLAIN IN NARRATIVE,3RD & PATTERSON DR,39.15286596,-86.55128002
902016573,2013,5,7,Weekend,1600,2-Car,No injury/unknown,IMPROPER TURNING,ROLLING RIDGE WAY,39.15279007,-86.56282043
901981536,2013,3,6,Weekday,900,2-Car,No injury/unknown,UNSAFE BACKING,7TH & WALNUT ST,39.15268644,-86.53359018
902072347,2013,8,6,Weekday,1400,2-Car,No injury/unknown,UNSAFE BACKING,S CLARRIZ BLVD,39.15263367,-86.49272918
902083390,2013,9,2,Weekday,2200,2-Car,No injury/unknown,UNSAFE BACKING,CLARIZZ BLVD,39.15263367,-86.49272918
902088432,2013,9,2,Weekday,1000,2-Car,No injury/unknown,FAILURE TO YIELD RIGHT OF WAY,CLARIZZ BLVD,39.15263367,-86.49272918
902110751,2013,11,6,Weekday,900,1-Car,No injury/unknown,UNSAFE SPEED,S CLARIZZ BLVD,39.15263367,-86.49272918
902115135,2013,11,5,Weekday,2000,2-Car,No injury/unknown,,S CLARIZZ BLVD,39.15263367,-86.49272918
902133259,2013,12,1,Weekend,1500,2-Car,No injury/unknown,FAILURE TO YIELD RIGHT OF WAY,SOUTH CLARIZZ BLVD,39.15263367,-86.49272918
902140629,2013,12,3,Weekday,1200,2-Car,No injury/unknown,FAILURE TO YIELD RIGHT OF WAY,S CLARIZZ BLVD,39.15263367,-86.49272918
902145364,2013,12,2,Weekday,100,2-Car,No injury/unknown,,S CLARIZZ BLVD,39.15263367,-86.49272918
902013049,2013,5,4,Weekday,1800,2-Car,No injury/unknown,FOLLOWING TOO CLOSELY,HIGH ST & VIVA,39.15258989,-86.50845989
902060123,2013,7,3,Weekday,1600,2-Car,No injury/unknown,FAILURE TO YIELD RIGHT OF WAY,DRISCOLL & DUNN ST,39.152544,-86.528
901972485,2013,2,1,Weekend,0,2-Car,No injury/unknown,,BASSWOOD CIR,39.15253624,-86.57184183
902090330,2013,9,6,Weekday,700,2-Car,No injury/unknown,UNSAFE BACKING,ATWATER & PARK AVE,39.15253614,-86.52403011
902131492,2013,12,4,Weekday,1500,1-Car,No injury/unknown,RAN OFF ROAD RIGHT,CLARIZZ BLVD & COVENANTER,39.15246986,-86.49051994
902138328,2013,12,6,Weekday,1000,2-Car,Non-incapacitating,FAILURE TO YIELD RIGHT OF WAY,CLARIZZ BLVD & COVENANTER,39.15246986,-86.49051994
902074805,2013,8,5,Weekday,0,2-Car,No injury/unknown,,BASSWOOD CIR,39.15245511,-86.57238028
902083888,2013,9,6,Weekday,1400,3+ Cars,Non-incapacitating,UNSAFE SPEED,SR37S & TAPP,39.15243937,-86.5544281
902095263,2013,10,1,Weekend,400,2-Car,No injury/unknown,RAN OFF ROAD RIGHT,S SWEETBRIAR & S SWEETBRIAR CT,39.15231801,-86.52541011
902070671,2013,8,3,Weekday,1700,2-Car,No injury/unknown,FOLLOWING TOO CLOSELY,MONON & SOUTH WALNUT ST,39.15224,-86.5336
902078810,2013,9,5,Weekday,1800,1-Car,No injury/unknown,ANIMAL/OBJECT IN ROADWAY,8900 RICE RD & GARRISON CHAPEL,39.15219854,-86.65224653
902039873,2013,6,6,Weekday,1100,2-Car,No injury/unknown,UNSAFE BACKING,2200 S SWEETBRIAR DR & SWEETBRIAR,39.15216223,-86.525192
901992965,2013,3,6,Weekday,0,1-Car,No injury/unknown,ANIMAL/OBJECT IN ROADWAY,BAYLES & SR37N,39.1521193,-86.54286956
901957115,2013,1,1,Weekend,1700,2-Car,No injury/unknown,UNSAFE LANE MOVEMENT,SIERRA & SIERRA DR,39.15210977,-86.58777239
902128422,2013,11,5,Weekday,2000,3+ Cars,Non-incapacitating,UNSAFE SPEED,E WOODVIEW & SR46E,39.152,-86.3812
902033169,2013,6,7,Weekend,1700,3+ Cars,No injury/unknown,UNSAFE SPEED,SEWELL & SR46E,39.15175008,-86.38285838
902099404,2013,10,3,Weekday,1500,2-Car,No injury/unknown,UNSAFE BACKING,LIBERTY DR,39.15169907,-86.57738494
901978547,2013,2,7,Weekend,2100,2-Car,No injury/unknown,UNSAFE BACKING,FENBROOK LN,39.1516766,-86.48675411
902034849,2013,6,4,Weekday,900,3+ Cars,No injury/unknown,IMPROPER TURNING,S FENBROOKE LN,39.1516766,-86.48675411
902022498,2013,5,2,Weekday,800,2-Car,No injury/unknown,,FENBROOK LN,39.1516766,-86.48675411
902025543,2013,5,6,Weekend,2200,1-Car,No injury/unknown,ANIMAL/OBJECT IN ROADWAY,BRUMMETS CREEK & SR46E,39.15167405,-86.38975712
902053812,2013,7,2,Weekday,1800,2-Car,No injury/unknown,FOLLOWING TOO CLOSELY,SOUTH WALNUT ST & WILSON,39.151648,-86.5336
902070274,2013,8,3,Weekday,0,2-Car,No injury/unknown,OTHER (DRIVER) - EXPLAIN IN NARRATIVE,HUNTER & WOODLAWN AVE,39.1516365,-86.52263
901993773,2013,3,1,Weekend,1100,2-Car,No injury/unknown,OTHER (DRIVER) - EXPLAIN IN NARRATIVE,1400 S WASHINGTON ST & E WILSON,39.151616,-86.5324
901951328,2013,1,4,Weekday,1100,2-Car,No injury/unknown,ROADWAY SURFACE CONDITION,8758 W RICE RD & S GARRISON CHAPEL,39.151552,-86.643504
902095481,2013,10,6,Weekend,2100,1-Car,No injury/unknown,RAN OFF ROAD RIGHT,CAVE RD & GIFFORD,39.15147007,-86.62891991
902002825,2013,4,5,Weekday,1600,1-Car,No injury/unknown,RAN OFF ROAD RIGHT,W GIFFORD RD,39.15136479,-86.60666093
902137089,2013,12,7,Weekend,1300,1-Car,No injury/unknown,RAN OFF ROAD RIGHT,ENDWRIGHT & GIFFORD RD,39.15135611,-86.59816367
902115820,2013,11,6,Weekday,1400,Pedestrian,Non-incapacitating,DISREGARD SIGNAL/REG SIGN,KIRBY RD & SR45,39.15134698,-86.61031799
902003686,2013,4,1,Weekend,0,2-Car,No injury/unknown,OTHER (DRIVER) - EXPLAIN IN NARRATIVE,BASSWOOD CIR,39.15121841,-86.57061767
902118950,2013,11,4,Weekday,1300,2-Car,No injury/unknown,FOLLOWING TOO CLOSELY,CONSTITUTION & LIBERTY DR,39.15119983,-86.5768703
902132307,2013,12,5,Weekday,1500,2-Car,No injury/unknown,FOLLOWING TOO CLOSELY,CONSTITUTION & LIBERTY DR,39.15119983,-86.5768703
901988752,2013,3,3,Weekday,1800,2-Car,No injury/unknown,UNSAFE LANE MOVEMENT,S CURRY PIKE,39.15113278,-86.58267796
901960208,2013,1,1,Weekend,800,2-Car,No injury/unknown,FAILURE TO YIELD RIGHT OF WAY,S CLARIZZ BLVD,39.1509638,-86.49129711
901962043,2013,1,4,Weekday,2300,2-Car,No injury/unknown,FAILURE TO YIELD RIGHT OF WAY,SOUTH CLARIZZ BLVD,39.1509638,-86.49129711
902003312,2013,4,6,Weekday,1500,2-Car,No injury/unknown,UNSAFE BACKING,S CLARIZZ BLVD,39.1509638,-86.49129711
902021677,2013,5,6,Weekday,1000,2-Car,No injury/unknown,OTHER (DRIVER) - EXPLAIN IN NARRATIVE,S CLARIZZ BLVD,39.1509638,-86.49129711
901966633,2013,1,5,Weekday,1800,3+ Cars,No injury/unknown,SPEED TOO FAST FOR WEATHER CONDITIONS,HILLSIDE & WOODLAWN AVE,39.15072,-86.522496
901990071,2013,3,7,Weekend,1400,2-Car,No injury/unknown,DRIVER DISTRACTED - EXPLAIN IN NARRATIVE,KIRKWOOD & WALNUT ST,39.15071782,-86.53361029
902121085,2013,11,1,Weekend,1600,2-Car,No injury/unknown,SPEED TOO FAST FOR WEATHER CONDITIONS,HENDERSON & HILLSIDE DR,39.15070392,-86.5251985
902035464,2013,6,6,Weekday,1300,2-Car,Non-incapacitating,FOLLOWING TOO CLOSELY,HILLSIDE DR & HUNTINGTON,39.150688,-86.520896
902092409,2013,10,3,Weekday,0,1-Car,No injury/unknown,ANIMAL/OBJECT IN ROADWAY,E HILLSIDE DR & HUNTINGTON,39.150688,-86.520896
901959815,2013,1,5,Weekday,1600,2-Car,Non-incapacitating,FOLLOWING TOO CLOSELY,HILLSIDE & S ROGERS ST,39.15064,-86.538592
901990439,2013,3,1,Weekday,2200,1-Car,No injury/unknown,RAN OFF ROAD RIGHT,S ROGERS ST & W HILLSIDE,39.15064,-86.538592
901992084,2013,3,4,Weekday,1000,2-Car,No injury/unknown,UNSAFE BACKING,HILLSIDE & ROGERS ST,39.15064,-86.538592
901967757,2013,2,7,Weekend,2300,2-Car,No injury/unknown,FOLLOWING TOO CLOSELY,HILLSIDE DR & MAXWELL,39.150576,-86.515088
902048615,2013,7,2,Weekday,1400,2-Car,No injury/unknown,FOLLOWING TOO CLOSELY,HILLSIDE DR & MAXWELL,39.15056013,-86.51511408
902025927,2013,5,1,Weekend,100,2-Car,No injury/unknown,FOLLOWING TOO CLOSELY,HILLSIDE DR & WEATHERSTONE,39.15056013,-86.51882998
901957999,2013,1,3,Weekday,700,Pedestrian,Non-incapacitating,FAILURE TO YIELD RIGHT OF WAY,HENDERSON ST & HILLSIDE,39.15056013,-86.52691014
902020435,2013,5,5,Weekday,800,3+ Cars,Non-incapacitating,FOLLOWING TOO CLOSELY,HENDESON & HILLSIDE DR,39.15056013,-86.52691014
902095300,2013,10,1,Weekend,1200,2-Car,No injury/unknown,OTHER (DRIVER) - EXPLAIN IN NARRATIVE,E HILLSIDE DR & S HENDERSON,39.15056013,-86.52691014
902141225,2013,12,2,Weekday,2200,2-Car,Non-incapacitating,FOLLOWING TOO CLOSELY,E HILLSIDE DR & S HENDERSON,39.15056013,-86.52691014
902091107,2013,9,7,Weekend,1300,2-Car,No injury/unknown,FOLLOWING TOO CLOSELY,DUNN & HILLSIDE DR,39.15055007,-86.5281701
901977425,2013,2,5,Weekday,1900,2-Car,No injury/unknown,FOLLOWING TOO CLOSELY,DUNN & HILLSIDE DR,39.15055007,-86.52818308
902064289,2013,8,4,Weekday,1200,2-Car,No injury/unknown,OTHER (DRIVER) - EXPLAIN IN NARRATIVE,HIGH & HILLSIDE DR,39.150544,-86.50844673
902048872,2013,7,2,Weekday,1700,Pedestrian,Incapacitating,PEDESTRIAN ACTION,E HILLSIDE DR & NANCY,39.150544,-86.51135256
902099700,2013,10,1,Weekend,1600,3+ Cars,No injury/unknown,FOLLOWING TOO CLOSELY,E MOORES PIKE & VALLEY FORGE,39.150544,-86.502992
902090743,2013,9,6,Weekday,1500,2-Car,No injury/unknown,FOLLOWING TOO CLOSELY,CAPE COD & E MOORES PIKE,39.150544,-86.506784
901992564,2013,3,5,Weekday,1100,3+ Cars,No injury/unknown,FOLLOWING TOO CLOSELY,E MOORES PIKE & S HIGH,39.150544,-86.508288
902035580,2013,6,5,Weekday,800,2-Car,No injury/unknown,DISREGARD SIGNAL/REG SIGN,HIGH ST & MOORES,39.150544,-86.508288
902123613,2013,11,5,Weekday,800,2-Car,Non-incapacitating,OTHER (DRIVER) - EXPLAIN IN NARRATIVE,E HILLSIDE DR & NANCY,39.150544,-86.511088
902112925,2013,11,2,Weekday,1300,2-Car,No injury/unknown,FAILURE TO YIELD RIGHT OF WAY,DORCHESTER & HILLSIDE DR,39.150544,-86.512592
902125607,2013,11,1,Weekend,1100,2-Car,No injury/unknown,FAILURE TO YIELD RIGHT OF WAY,HILLSIDE DR & LONGWOOD,39.150544,-86.51276837
902086860,2013,9,6,Weekend,2100,2-Car,Non-incapacitating,FAILURE TO YIELD RIGHT OF WAY,HILLSIDE & WALNUT ST,39.150544,-86.5336
902089328,2013,9,4,Weekday,1200,2-Car,No injury/unknown,FOLLOWING TOO CLOSELY,HILLSIDE DR & S WALNUT,39.150544,-86.5336
902056722,2013,7,3,Weekday,1600,2-Car,Incapacitating,UNSAFE LANE MOVEMENT,FARMER & S CURRY PIKE,39.15054001,-86.58262029
902058133,2013,7,6,Weekday,1100,2-Car,No injury/unknown,FAILURE TO YIELD RIGHT OF WAY,CURRY PIKE PIKE & FARMER,39.15054001,-86.58262029
901970106,2013,2,3,Weekday,1700,2-Car,No injury/unknown,FAILURE TO YIELD RIGHT OF WAY,HILLSIDE DR & WOODLAWN,39.15052995,-86.52261994
901967035,2013,2,6,Weekday,1000,2-Car,No injury/unknown,FAILURE TO YIELD RIGHT OF WAY,HILLSIDE & WALNUT ST,39.15051989,-86.53366997
901992870,2013,3,5,Weekday,1700,2-Car,No injury/unknown,FAILURE TO YIELD RIGHT OF WAY,HILLSIDE & WALNUT ST,39.15051989,-86.53366997
902003481,2013,4,7,Weekend,1000,2-Car,Non-incapacitating,FOLLOWING TOO CLOSELY,HILLSIDE & WALNUT ST,39.15051989,-86.53366997
902070902,2013,8,4,Weekday,1000,2-Car,No injury/unknown,FOLLOWING TOO CLOSELY,HILLSIDE & WALNUT ST,39.15051989,-86.53366997
902082339,2013,9,5,Weekday,1600,2-Car,No injury/unknown,,HILLSIDE & WALNUT ST,39.15051989,-86.53366997
902104045,2013,10,2,Weekday,1400,2-Car,No injury/unknown,FOLLOWING TOO CLOSELY,EAST HILLSIDE DR & SOUTH WALNUT,39.15051989,-86.53366997
902078157,2013,9,4,Weekday,1700,2-Car,No injury/unknown,FOLLOWING TOO CLOSELY,HILLSIDE DR & NANCY,39.15050983,-86.51106029
901993219,2013,3,6,Weekday,1500,2-Car,No injury/unknown,BRAKE FAILURE OR DEFECTIVE,CLIFTON & HILLSIDE DR,39.15049978,-86.50953009
902053760,2013,7,4,Weekday,800,2-Car,No injury/unknown,FOLLOWING TOO CLOSELY,COLLEGE MALL & MOORES PIKE,39.15048033,-86.49825006
902069794,2013,8,2,Weekday,900,1-Car,No injury/unknown,ANIMAL/OBJECT IN ROADWAY,MOORES PIKE & VALLEY FORGE,39.15048033,-86.50294348
901955326,2013,1,4,Weekday,1500,3+ Cars,Non-incapacitating,DRIVER ILLNESS,HIGH & HILLSIDE DR,39.15048033,-86.50842247
901995507,2013,3,3,Weekday,1300,1-Car,No injury/unknown,ANIMAL/OBJECT IN ROADWAY,HIGH & MOORES PIKE,39.15048033,-86.50852628
901955891,2013,1,5,Weekday,1800,2-Car,No injury/unknown,FOLLOWING TOO CLOSELY,MOORES & S COLLEGE MALL RD,39.150448,-86.498
902109981,2013,10,5,Weekday,1100,2-Car,Non-incapacitating,SPEED TOO FAST FOR WEATHER CONDITIONS,COLLEGE MALL & E MOORES PIKE,39.150448,-86.498