Master Record Number,Year,Month,Day,Weekend?,Hour,Collision Type,Injury Type,Primary Factor,Reported_Location,Latitude,Longitude
902045802,2013,7,2,Weekday,1700,2-Car,No injury/unknown,IMPROPER TURNING,INDUSTRIAL & SOUTH CURRY PIKE,39.143808,-86.582592
902128847,2013,11,6,Weekday,800,2-Car,No injury/unknown,UNSAFE BACKING,WEST INDUSTRIAL BLVD,39.143808,-86.582592
902142182,2013,12,4,Weekday,1600,2-Car,No injury/unknown,IMPROPER TURNING,CURRY PIKE & INDUSTRIAL,39.143808,-86.582592
902016513,2013,5,4,Weekday,1700,3+ Cars,Incapacitating,FOLLOWING TOO CLOSELY,SOUTH WEIMER & SR45E,39.14378738,-86.56359863
902030580,2013,6,7,Weekend,2100,2-Car,No injury/unknown,OTHER (DRIVER) - EXPLAIN IN NARRATIVE,W 2ND ST,39.14363358,-86.58037049
902115611,2013,11,6,Weekday,1100,2-Car,No injury/unknown,FAILURE TO YIELD RIGHT OF WAY,3RD & LIBERTY DR,39.14346132,-86.57913006
902122288,2013,11,2,Weekday,1300,2-Car,No injury/unknown,FOLLOWING TOO CLOSELY,LIBERTY DR & W 3RD,39.14346132,-86.57913006
902127960,2013,11,4,Weekday,1300,3+ Cars,No injury/unknown,FAILURE TO YIELD RIGHT OF WAY,3RD & LIBERTY DR,39.14346132,-86.57913006
902049165,2013,7,3,Weekday,1300,2-Car,Non-incapacitating,FOLLOWING TOO CLOSELY,THIRD & WALNUT ST,39.14345126,-86.53362974
902046013,2013,7,3,Weekday,1600,2-Car,No injury/unknown,FOLLOWING TOO CLOSELY,FULLERTON & SR37S,39.14333745,-86.57353973
901993444,2013,3,6,Weekday,1000,1-Car,Non-incapacitating,RAN OFF ROAD RIGHT,JED & ROGERS ST,39.14307003,-86.53867909
902148977,2013,12,2,Weekday,1400,2-Car,No injury/unknown,OTHER (DRIVER) - EXPLAIN IN NARRATIVE,W STATE ROAD 45 HWY,39.143013,-86.57486724
902145153,2013,12,4,Weekday,800,2-Car,No injury/unknown,OTHER (DRIVER) - EXPLAIN IN NARRATIVE,S WALNUT ST,39.142555,-86.531238
902041512,2013,6,2,Weekday,1700,3+ Cars,No injury/unknown,FOLLOWING TOO CLOSELY,CURRY PIKE & SR45S,39.14223567,-86.58233447
902046704,2013,7,4,Weekday,2200,2-Car,No injury/unknown,OTHER (DRIVER) - EXPLAIN IN NARRATIVE,HUNTERS GLN & SARE,39.14218593,-86.49656071
902059686,2013,7,2,Weekday,1200,2-Car,No injury/unknown,UNSAFE BACKING,SOUTH DR & SOUTH WALNUT,39.14212445,-86.52756237
901959957,2013,1,7,Weekend,900,2-Car,No injury/unknown,UNSAFE LANE MOVEMENT,LEONARD SPRINGS & SR45E,39.142048,-86.582592
902014164,2013,5,7,Weekend,1600,2-Car,No injury/unknown,FOLLOWING TOO CLOSELY,S LEONARD SPRINGS RD & SR45W,39.142048,-86.582592
902093254,2013,9,4,Weekday,1900,2-Car,No injury/unknown,UNSAFE BACKING,S LEONARD SPRINGS RD,39.142048,-86.582592
902097869,2013,10,4,Weekday,2300,1-Car,No injury/unknown,UNSAFE SPEED,CURRY & SR45W,39.142048,-86.582592
902119956,2013,11,3,Weekday,1800,2-Car,No injury/unknown,FAILURE TO YIELD RIGHT OF WAY,LEONARD SPRINGS & SR45W,39.142048,-86.582592
902012789,2013,5,4,Weekday,1600,2-Car,Non-incapacitating,IMPROPER PASSING,LEONARD SPRINGS & STATE ROAD 45 RD,39.14195115,-86.5825912
902062827,2013,7,4,Weekday,1700,2-Car,No injury/unknown,FAILURE TO YIELD RIGHT OF WAY,LEONARD SPRINGS RD & SR45W,39.14195023,-86.58259011
901996088,2013,3,2,Weekday,1600,2-Car,No injury/unknown,FOLLOWING TOO CLOSELY,CURRY PIKE & SR45,39.14194196,-86.58260381
902023003,2013,5,2,Weekday,2100,1-Car,No injury/unknown,RAN OFF ROAD RIGHT,LEONARD SPRINGS RD & SR45,39.14194196,-86.58260381
902123960,2013,11,5,Weekday,1500,2-Car,Non-incapacitating,DISREGARD SIGNAL/REG SIGN,BLOOMFIELD RD & CURRY,39.14191052,-86.58260822
902081264,2013,9,2,Weekday,2300,2-Car,Non-incapacitating,FOLLOWING TOO CLOSELY,HENDERSON ST & WYLIE FARM,39.14191,-86.52694031
902125530,2013,11,1,Weekend,400,2-Car,No injury/unknown,UNSAFE BACKING,S LEONARD SPRINGS RD,39.14187494,-86.58259037
902076020,2013,8,7,Weekend,1200,2-Car,No injury/unknown,UNSAFE BACKING,W STATE 45 RD,39.14186096,-86.57994842
902130299,2013,12,2,Weekday,1800,2-Car,No injury/unknown,IMPROPER TURNING,WEST STATE RD 45 RD,39.14186096,-86.57994842
902128105,2013,11,4,Weekday,1600,2-Car,No injury/unknown,FOLLOWING TOO CLOSELY,WEST STATE ROAD 45 HWY,39.14186096,-86.57994842
902133309,2013,12,3,Weekday,1400,2-Car,No injury/unknown,FAILURE TO YIELD RIGHT OF WAY,WEST STATE ROAD 45 HWY,39.14186096,-86.57994842
902133582,2013,12,6,Weekday,200,2-Car,No injury/unknown,UNSAFE BACKING,W STATE ROAD 45 HWY,39.14186096,-86.57994842
902134451,2013,12,1,Weekend,1200,2-Car,No injury/unknown,UNSAFE BACKING,SR45 RD,39.14186096,-86.57994842
901955067,2013,1,4,Weekday,900,2-Car,No injury/unknown,UNSAFE BACKING,S HIGHLAND AVE,39.14185333,-86.51425933
901991855,2013,3,3,Weekday,1800,2-Car,No injury/unknown,UNSAFE BACKING,S HIGHLAND AVE,39.14185333,-86.51425933
902012999,2013,5,4,Weekday,600,2-Car,No injury/unknown,,S HIGHLAND AVE,39.14185333,-86.51425933
902038511,2013,6,3,Weekday,1900,2-Car,No injury/unknown,OTHER (DRIVER) - EXPLAIN IN NARRATIVE,HIGHLAND AVE,39.14185333,-86.51425933
902014614,2013,5,1,Weekend,1600,1-Car,No injury/unknown,SPEED TOO FAST FOR WEATHER CONDITIONS,WAPEHANI & WEIMER RD,39.14178403,-86.56204368
902086100,2013,9,4,Weekday,1300,2-Car,No injury/unknown,OTHER (DRIVER) - EXPLAIN IN NARRATIVE,LINCOLN ST & SMITH,39.14168196,-86.53117015
902136283,2013,12,4,Weekday,2100,1-Car,No injury/unknown,SPEED TOO FAST FOR WEATHER CONDITIONS,S GARRISON CHAPEL RD & W SPICER,39.141648,-86.6428
902100353,2013,10,2,Weekday,1800,3+ Cars,No injury/unknown,FOLLOWING TOO CLOSELY,LEONARD SPRINGS & SR45W,39.14145928,-86.58418054
901966613,2013,1,5,Weekday,1900,1-Car,No injury/unknown,SPEED TOO FAST FOR WEATHER CONDITIONS,COOLIDGE & ROCKPORT RD,39.14144,-86.543632
902092068,2013,9,2,Weekday,1100,2-Car,No injury/unknown,OTHER (DRIVER) - EXPLAIN IN NARRATIVE,COOLIDGE & ROCKPORT RD,39.14144,-86.543632
901979223,2013,2,1,Weekend,1700,2-Car,No injury/unknown,UNSAFE BACKING,LEONARD SPRINGS RD & SR45,39.14141588,-86.58260737
901958276,2013,1,3,Weekday,1400,2-Car,Non-incapacitating,FAILURE TO YIELD RIGHT OF WAY,COOLIDGE & ROCKPORT RD,39.14137021,-86.54383018
902076858,2013,8,3,Weekday,800,1-Car,No injury/unknown,RAN OFF ROAD RIGHT,ROCKEAST & ROCKPORT RD,39.14135716,-86.61335974
902072304,2013,8,6,Weekday,1700,2-Car,No injury/unknown,FOLLOWING TOO CLOSELY,S WALNUT ST & SOUTH,39.14124404,-86.53086088
902107509,2013,10,7,Weekend,1500,Moped/Motorcycle,No injury/unknown,OTHER (DRIVER) - EXPLAIN IN NARRATIVE,S LEONARD SPRINGS RD,39.14107513,-86.58297729
902096888,2013,10,5,Weekday,1500,2-Car,No injury/unknown,UNSAFE BACKING,2510 SOUTH LEONARD SPRINGS RD,39.141075,-86.582977
901976417,2013,2,1,Weekday,2300,2-Car,No injury/unknown,OTHER (DRIVER) - EXPLAIN IN NARRATIVE,ROCKPORT RD,39.14097525,-86.54427073
902099894,2013,10,2,Weekday,500,1-Car,No injury/unknown,RAN OFF ROAD RIGHT,ADAMS & COUNTRYSIDE LN,39.14096989,-86.55616722
901976699,2013,2,3,Weekday,800,2-Car,No injury/unknown,OTHER (DRIVER) - EXPLAIN IN NARRATIVE,ADDISYN LN,39.14090484,-86.55673161
902117316,2013,11,2,Weekday,1400,2-Car,No injury/unknown,IMPROPER TURNING,HICKORY LEAF & SR45W,39.14070129,-86.57745258
902035354,2013,6,3,Weekday,1900,2-Car,No injury/unknown,UNSAFE BACKING,ENDWRIGHT & W KARST FARM PARK DR,39.14064658,-86.59822121
901988488,2013,3,4,Weekday,900,2-Car,Non-incapacitating,SPEED TOO FAST FOR WEATHER CONDITIONS,CROSSOVER & SR37S,39.14029095,-86.51947021
902094361,2013,10,6,Weekday,1200,2-Car,No injury/unknown,SPEED TOO FAST FOR WEATHER CONDITIONS,GRAHAM & ROCKPORT RD,39.140144,-86.54496
902003377,2013,4,6,Weekday,400,1-Car,Non-incapacitating,RAN OFF ROAD RIGHT,SR45W,39.14012146,-86.58942413
902106882,2013,10,6,Weekday,1600,2-Car,Non-incapacitating,UNSAFE BACKING,E GRAHAM PL,39.13993763,-86.53889208
901968852,2013,2,2,Weekday,0,2-Car,No injury/unknown,OTHER (DRIVER) - EXPLAIN IN NARRATIVE,EAST GRAHAM DR,39.13992882,-86.53865404
902028191,2013,5,5,Weekday,1200,2-Car,Non-incapacitating,FAILURE TO YIELD RIGHT OF WAY,GRAHAM & S ROGERS ST,39.13992,-86.538416
902117277,2013,11,2,Weekday,1500,2-Car,No injury/unknown,,GRAHAM DR & MILTON,39.13985007,-86.53982028
902126839,2013,11,2,Weekday,700,2-Car,No injury/unknown,UNSAFE LANE MOVEMENT,SR37S & TAPP,39.13978646,-86.57292991
902021484,2013,5,6,Weekend,1900,2-Car,No injury/unknown,UNSAFE BACKING,GRAHAM & WINSLOW CT,39.1395101,-86.52417026
902051209,2013,7,1,Weekend,1700,1-Car,Non-incapacitating,RAN OFF ROAD RIGHT,FOSTER CURRY & KIRBY RD,39.13950004,-86.61024972
901999580,2013,4,5,Weekday,1700,2-Car,Non-incapacitating,OTHER (ENVIRONMENTAL) - EXPLAIN IN NARR,EAST GRAHM & SOUTH HENDERSON ST,39.13943969,-86.52692019
902100563,2013,10,3,Weekday,800,Bus,No injury/unknown,UNSAFE BACKING,RALSTON & S ROCKPORT RD,39.13874792,-86.54637094
901971199,2013,2,5,Weekday,1300,2-Car,No injury/unknown,FAILURE TO YIELD RIGHT OF WAY,OLD SR 37 HWY,39.138688,-86.465968
902008972,2013,4,2,Weekday,1700,2-Car,No injury/unknown,UNSAFE BACKING,SOUTH OLD STATE ROAD 37 HWY,39.138688,-86.465968
902089573,2013,9,3,Weekday,1800,2-Car,No injury/unknown,IMPROPER TURNING,SOUTH OLD STATE ROAD 37 HWY,39.138688,-86.465968
902103001,2013,10,7,Weekend,1300,2-Car,No injury/unknown,FAILURE TO YIELD RIGHT OF WAY,OLD SR 37 RD,39.138688,-86.465968
902111155,2013,10,1,Weekend,400,2-Car,No injury/unknown,IMPROPER TURNING,SOUTH OLD ST RD 37 HWY,39.138688,-86.465968
902133260,2013,12,6,Weekday,1400,2-Car,No injury/unknown,FAILURE TO YIELD RIGHT OF WAY,DAVID & SOUTH SARE RD,39.13856998,-86.4965301
902055688,2013,7,6,Weekday,1700,1-Car,No injury/unknown,UNSAFE SPEED,S FAIRFAX RD & SCHACHT,39.13856632,-86.52378
901962080,2013,1,6,Weekday,1700,2-Car,Non-incapacitating,OTHER (DRIVER) - EXPLAIN IN NARRATIVE,AIRPORT & SR45W,39.13851891,-86.59099291
902116325,2013,11,6,Weekday,1700,2-Car,Non-incapacitating,FOLLOWING TOO CLOSELY,AIRPORT & SR45W,39.13851891,-86.59099291
902054029,2013,7,5,Weekday,1700,2-Car,No injury/unknown,FOLLOWING TOO CLOSELY,SR37S & TAPP,39.13841323,-86.57291295
902019088,2013,5,2,Weekday,2200,Bus,No injury/unknown,UNSAFE BACKING,S LEONARD SPRINGS RD & STAPLETON,39.138336,-86.582528
902106239,2013,10,3,Weekday,1900,3+ Cars,No injury/unknown,BRAKE FAILURE OR DEFECTIVE,S LEONARD SPRINGS RD & W STAPLETON,39.138336,-86.582528
902002229,2013,4,4,Weekday,1600,2-Car,Non-incapacitating,FOLLOWING TOO CLOSELY,LEONARD SPRINGS RD & STAPLETON,39.13824007,-86.58261023
901988084,2013,3,3,Weekday,2200,1-Car,No injury/unknown,RAN OFF ROAD RIGHT,S LEONARD SPRINGS RD,39.13810261,-86.58266656
902005355,2013,4,3,Weekday,2300,2-Car,No injury/unknown,,E GRAHAM PL,39.13808441,-86.52873229
902029330,2013,6,7,Weekend,1100,2-Car,No injury/unknown,UNSAFE BACKING,S HENDERSON ST,39.13782881,-86.52677815
902142168,2013,12,4,Weekday,1700,2-Car,No injury/unknown,UNSAFE BACKING,S WINSLOW CT,39.13781257,-86.52400286
901997808,2013,4,2,Weekday,1300,2-Car,No injury/unknown,UNSAFE BACKING,S WALNUT ST,39.137744,-86.530288
901970094,2013,2,3,Weekday,1500,2-Car,No injury/unknown,UNSAFE BACKING,S HENDERSON ST,39.13761511,-86.52683705
902058276,2013,7,6,Weekday,1400,2-Car,No injury/unknown,FAILURE TO YIELD RIGHT OF WAY,SR37S & TAPP,39.13758929,-86.57290278
902062037,2013,8,7,Weekend,1800,2-Car,No injury/unknown,UNSAFE BACKING,S WALNUT ST,39.137392,-86.529936
902035854,2013,6,5,Weekday,1700,2-Car,No injury/unknown,,S WINSLOW CT,39.13734488,-86.52422726
902057592,2013,7,4,Weekday,1100,2-Car,No injury/unknown,UNSAFE BACKING,E CARDINAL GLEN DR,39.137248,-86.512096
902135986,2013,12,3,Weekday,1600,3+ Cars,No injury/unknown,FOLLOWING TOO CLOSELY,E WEXLEY & S HIGH ST,39.137168,-86.508112
902054491,2013,7,5,Weekday,1300,2-Car,Non-incapacitating,FAILURE TO YIELD RIGHT OF WAY,MADISON & WATSON ST,39.13711019,-86.53723999
902058911,2013,7,2,Weekday,700,2-Car,No injury/unknown,FAILURE TO YIELD RIGHT OF WAY,S OLD STATE ROAD 37 RD,39.137088,-86.53056
902059592,2013,7,2,Weekday,1900,1-Car,No injury/unknown,UNSAFE BACKING,S OLD STATE ROAD 37 HWY,39.137088,-86.53056
901962788,2013,1,4,Weekday,700,2-Car,No injury/unknown,UNSAFE SPEED,SR37 & W TAPP,39.13704451,-86.57289716
902118451,2013,11,3,Weekday,700,1-Car,Non-incapacitating,RAN OFF ROAD RIGHT,AIRPORT RD & GARRISON CHAPEL,39.13704003,-86.63569027
902020000,2013,5,2,Weekday,1700,2-Car,No injury/unknown,FOLLOWING TOO CLOSELY,RAYLE & WEST TAPP RD,39.13704001,-86.57785668
901959730,2013,1,6,Weekday,800,1-Car,No injury/unknown,OTHER (DRIVER) - EXPLAIN IN NARRATIVE,SR37N & TAPP,39.13704,-86.572896
901974411,2013,2,4,Weekday,1900,2-Car,No injury/unknown,FAILURE TO YIELD RIGHT OF WAY,SR37S & TAPP,39.13704,-86.572896
902000411,2013,4,7,Weekend,1600,2-Car,No injury/unknown,FOLLOWING TOO CLOSELY,SR37S & TAPP,39.13704,-86.572896
901977386,2013,2,4,Weekday,1800,3+ Cars,No injury/unknown,FAILURE TO YIELD RIGHT OF WAY,SR37N & TAPP,39.13704,-86.572896
901997471,2013,3,6,Weekday,1400,2-Car,No injury/unknown,FOLLOWING TOO CLOSELY,SR37S & TAPP RD,39.13704,-86.572896
902057594,2013,7,5,Weekday,1300,3+ Cars,No injury/unknown,DRIVER ILLNESS,SR37S & W TAPP,39.13704,-86.572896
902119674,2013,11,3,Weekday,1700,2-Car,No injury/unknown,FOLLOWING TOO CLOSELY,SR37S & W TAPP RD,39.13704,-86.572896
902142021,2013,12,3,Weekday,800,2-Car,No injury/unknown,FOLLOWING TOO CLOSELY,SR37S & W TAPP,39.13704,-86.572896
901988938,2013,3,5,Weekday,700,2-Car,No injury/unknown,FOLLOWING TOO CLOSELY,TAPP RD & YONKERS,39.13704,-86.575296
902096282,2013,10,7,Weekend,2000,2-Car,Non-incapacitating,SPEED TOO FAST FOR WEATHER CONDITIONS,RAYLE & W TAPP RD,39.13704,-86.577504
902054102,2013,7,5,Weekday,1900,Pedestrian,Non-incapacitating,PEDESTRIAN ACTION,S LEONARD & W TAPP RD,39.13704,-86.582512
902036891,2013,6,5,Weekday,1300,2-Car,No injury/unknown,FAILURE TO YIELD RIGHT OF WAY,AIRPORT & GARRISON CHAPEL ROAD RD,39.13704,-86.642832
902137809,2013,12,6,Weekday,1700,1-Car,No injury/unknown,OTHER (ENVIRONMENTAL) - EXPLAIN IN NARR,AIRPORT RD & GARRISON CHAPEL RD RD,39.13704,-86.642832
902100180,2013,10,6,Weekday,1800,1-Car,No injury/unknown,ANIMAL/OBJECT IN ROADWAY,AIRPORT RD & GARRISON CHAPEL,39.13702972,-86.64313905
902015089,2013,5,1,Weekday,1900,1-Car,No injury/unknown,RAN OFF ROAD RIGHT,S CAVE & WEST AIRPORT RD,39.13688,-86.628768
902093584,2013,10,4,Weekday,600,1-Car,No injury/unknown,ANIMAL/OBJECT IN ROADWAY,AIRPORT RD & ENDWRIGHT,39.13685005,-86.59675267
902049040,2013,7,3,Weekday,700,2-Car,No injury/unknown,FAILURE TO YIELD RIGHT OF WAY,AIRPORT RD & BUNGER,39.136848,-86.606
902040293,2013,6,6,Weekday,900,1-Car,No injury/unknown,ANIMAL/OBJECT IN ROADWAY,AIRPORT RD & KIRBY,39.136848,-86.610192
902099542,2013,10,1,Weekend,500,1-Car,No injury/unknown,RAN OFF ROAD RIGHT,AIRPORT & KIRBY RD,39.136848,-86.610192
902007908,2013,4,2,Weekday,1700,2-Car,No injury/unknown,FOLLOWING TOO CLOSELY,LEONARD SPRINGS RD & TAPP,39.1368299,-86.58261023
902135365,2013,12,3,Weekday,800,2-Car,No injury/unknown,FAILURE TO YIELD RIGHT OF WAY,LEONARD SPRINGS & TAPP RD,39.1368299,-86.58261023
902018358,2013,5,7,Weekend,2200,1-Car,No injury/unknown,DISREGARD SIGNAL/REG SIGN,AIRPORT & KIRBY RD,39.13681984,-86.61025978
901965282,2013,1,3,Weekday,1200,2-Car,No injury/unknown,FAILURE TO YIELD RIGHT OF WAY,SR37S & TAPP,39.1368103,-86.5819931
901991375,2013,3,2,Weekday,1400,2-Car,No injury/unknown,FOLLOWING TOO CLOSELY,SR37S & TAPP,39.1368103,-86.5819931
902000155,2013,4,6,Weekday,1700,2-Car,No injury/unknown,OTHER (DRIVER) - EXPLAIN IN NARRATIVE,RAYLE PL & TAPP,39.13679972,-86.57776013
902053410,2013,7,4,Weekday,1400,2-Car,No injury/unknown,UNSAFE LANE MOVEMENT,WALNUT ST & WINSLOW,39.13679409,-86.52933809
901996439,2013,3,3,Weekday,1700,2-Car,Non-incapacitating,IMPROPER TURNING,LEONARD SPRINGS & TAPP RD,39.13679128,-86.58261363
902028358,2013,5,5,Weekday,1600,2-Car,No injury/unknown,DRIVER DISTRACTED - EXPLAIN IN NARRATIVE,AIRPORT & SR45,39.13678957,-86.59378836
902106236,2013,10,1,Weekend,1700,2-Car,Non-incapacitating,UNSAFE SPEED,AIRPORT RD & BUNGER,39.13678787,-86.60604346
901959155,2013,1,5,Weekday,700,2-Car,No injury/unknown,FOLLOWING TOO CLOSELY,AIRPORT & SR45W,39.1367836,-86.64755766
902077550,2013,9,2,Weekday,1700,3+ Cars,No injury/unknown,FOLLOWING TOO CLOSELY,AIRPORT & SR45W,39.13677979,-86.64751764
902063160,2013,8,2,Weekday,700,2-Car,No injury/unknown,UNSAFE SPEED,AIR PORT & SR45W,39.13677979,-86.64752197
902063693,2013,8,3,Weekday,2100,2-Car,No injury/unknown,FOLLOWING TOO CLOSELY,AIRPORT & SR45W,39.13677979,-86.64752197
902089898,2013,9,4,Weekday,1300,2-Car,No injury/unknown,FOLLOWING TOO CLOSELY,AIRPORT & SR45W,39.13677979,-86.64752197
902092333,2013,9,1,Weekend,1600,2-Car,No injury/unknown,FOLLOWING TOO CLOSELY,AIRPORT & SR45W,39.13677979,-86.64752197
902125529,2013,11,3,Weekday,600,1-Car,No injury/unknown,ANIMAL/OBJECT IN ROADWAY,AIR PORT & SR45W,39.13677979,-86.64752197
901962598,2013,1,4,Weekday,1800,2-Car,Non-incapacitating,FAILURE TO YIELD RIGHT OF WAY,SR37 & TAPP RD,39.13676894,-86.57289398
901996709,2013,3,5,Weekday,1300,2-Car,Non-incapacitating,DISREGARD SIGNAL/REG SIGN,SR37 & TAPP,39.13676894,-86.57289398
902012713,2013,5,4,Weekday,1700,2-Car,No injury/unknown,FAILURE TO YIELD RIGHT OF WAY,SR37 & TAPP,39.13676894,-86.57289398
902056895,2013,7,2,Weekday,800,2-Car,Non-incapacitating,UNSAFE SPEED,SR37 & TAPP,39.13676894,-86.57289398
902074210,2013,8,3,Weekday,1900,2-Car,No injury/unknown,FOLLOWING TOO CLOSELY,SR37 & W TAPP,39.13676894,-86.57289398
902074651,2013,8,3,Weekday,1400,2-Car,Incapacitating,DISREGARD SIGNAL/REG SIGN,SR37 & TAPP,39.13676894,-86.57289398
902112812,2013,11,1,Weekend,1800,1-Car,No injury/unknown,ANIMAL/OBJECT IN ROADWAY,SR37S & TAPP,39.13676534,-86.572896
902145399,2013,12,2,Weekday,1200,2-Car,No injury/unknown,UNSAFE BACKING,SOUTH WALNUT ST,39.13668442,-86.53144836
902055126,2013,7,6,Weekday,1000,2-Car,No injury/unknown,FOLLOWING TOO CLOSELY,AIRPORT & SR45W,39.13666541,-86.59405546
901980721,2013,2,3,Weekday,2300,1-Car,No injury/unknown,RAN OFF ROAD RIGHT,DEBORAH & WEST TAPP RD,39.13666025,-86.56783998
902014587,2013,5,1,Weekend,1600,1-Car,No injury/unknown,RAN OFF ROAD RIGHT,DEBORAH & TAPP RD,39.13666025,-86.56785729
901975498,2013,2,5,Weekday,2200,1-Car,No injury/unknown,RAN OFF ROAD RIGHT,DEBORAH & TAPP RD,39.13666025,-86.56786595
901992419,2013,3,5,Weekday,200,1-Car,Non-incapacitating,UNSAFE SPEED,DEBORAH & TAPP RD,39.13666025,-86.56786595
901952582,2013,1,6,Weekday,1000,2-Car,Non-incapacitating,FOLLOWING TOO CLOSELY,HIGH & ROGERS RD,39.13664,-86.508096
902131615,2013,12,4,Weekday,2000,1-Car,No injury/unknown,SPEED TOO FAST FOR WEATHER CONDITIONS,HIGH & ROGERS RD,39.13664,-86.508096
902144839,2013,12,1,Weekend,1800,1-Car,Non-incapacitating,OVERCORRECTING/OVERSTEERING,TAPP RD & WEIMER,39.13663426,-86.56447972
901977419,2013,2,5,Weekday,1800,2-Car,No injury/unknown,FOLLOWING TOO CLOSELY,SOUTH ADAMS ST & WEST TAPP,39.13662001,-86.55431024
902014579,2013,5,1,Weekend,1600,2-Car,No injury/unknown,SPEED TOO FAST FOR WEATHER CONDITIONS,ADAMS & TAPP RD,39.13662001,-86.55431024
902109813,2013,10,5,Weekday,700,2-Car,No injury/unknown,SPEED TOO FAST FOR WEATHER CONDITIONS,S ADAMS & W TAPP RD,39.13662001,-86.55431024
902132268,2013,12,5,Weekday,1600,2-Car,No injury/unknown,FOLLOWING TOO CLOSELY,S ADAMS & W TAPP RD,39.13662001,-86.55431024
902058337,2013,7,6,Weekday,1700,2-Car,Non-incapacitating,FOLLOWING TOO CLOSELY,S ADAMS & W TAPP RD,39.13662001,-86.55435352
902060335,2013,6,3,Weekday,700,2-Car,No injury/unknown,DRIVER DISTRACTED - EXPLAIN IN NARRATIVE,SR37N & TAPP ROAD,39.13658905,-86.5544281
902061887,2013,8,6,Weekday,800,2-Car,No injury/unknown,FOLLOWING TOO CLOSELY,SR37N & TAPP,39.13658905,-86.5544281
902089572,2013,9,3,Weekday,1700,2-Car,No injury/unknown,FOLLOWING TOO CLOSELY,SR37S & TAPP,39.13658905,-86.5544281
902127000,2013,11,3,Weekday,0,2-Car,No injury/unknown,OTHER (DRIVER) - EXPLAIN IN NARRATIVE,COUNTRY CLUB DR,39.13657379,-86.53639221
902130451,2013,12,2,Weekday,800,2-Car,No injury/unknown,UNSAFE BACKING,W TAPP RD & WEIMER,39.13653384,-86.56430197
902078160,2013,9,4,Weekday,1900,2-Car,Non-incapacitating,FOLLOWING TOO CLOSELY,TAPP RD & WEIMER,39.13653016,-86.56190352
902117233,2013,11,2,Weekday,1800,2-Car,Non-incapacitating,FOLLOWING TOO CLOSELY,TAPP RD & WEIMER,39.13653016,-86.56190352
902049196,2013,7,2,Weekday,1600,Moped/Motorcycle,Non-incapacitating,OTHER (DRIVER) - EXPLAIN IN NARRATIVE,TAPP RD & WEIMER,39.13653016,-86.5619468
902130655,2013,12,3,Weekday,1200,Moped/Motorcycle,Non-incapacitating,OTHER (DRIVER) - EXPLAIN IN NARRATIVE,TAPP RD & WEIMER,39.13653016,-86.56197276
901955468,2013,1,4,Weekday,1300,1-Car,No injury/unknown,OVERCORRECTING/OVERSTEERING,TAPP RD & WEIMER,39.13653016,-86.56198575
902046533,2013,7,2,Weekday,1600,2-Car,No injury/unknown,FOLLOWING TOO CLOSELY,TAPP RD & WEIMER,39.13653016,-86.56199008
902095893,2013,10,7,Weekend,1200,2-Car,No injury/unknown,FAILURE TO YIELD RIGHT OF WAY,TAPP RD & WEIMER,39.13653016,-86.56199008
902040124,2013,6,6,Weekday,1700,3+ Cars,No injury/unknown,FOLLOWING TOO CLOSELY,TAPP RD & WEIMER,39.136512,-86.562016
902130261,2013,12,2,Weekday,2000,Cyclist,Non-incapacitating,FAILURE TO YIELD RIGHT OF WAY,KEGG & TAPP RD,39.13649326,-86.5603888
902082678,2013,9,6,Weekday,300,1-Car,No injury/unknown,LEFT OF CENTER,W COUNTRYSIDE LN,39.136448,-86.548704
902144701,2013,12,7,Weekend,1700,2-Car,Non-incapacitating,LEFT OF CENTER,COUNTRY CLUB DR & ROCKPORT,39.13642333,-86.54799937
902138909,2013,12,7,Weekend,800,1-Car,No injury/unknown,ROADWAY SURFACE CONDITION,E WINSLOW RD & S HIGH,39.13641211,-86.50832377
902094407,2013,10,5,Weekday,2100,2-Car,No injury/unknown,UNSAFE BACKING,E WINSLOW RD,39.13640213,-86.5273056
902114398,2013,11,4,Weekday,1300,2-Car,No injury/unknown,FOLLOWING TOO CLOSELY,COUNTRY CLUB DR & ROCKPORT,39.13639867,-86.54729473
901961610,2013,1,4,Weekday,700,2-Car,No injury/unknown,FOLLOWING TOO CLOSELY,PINEHURST & TAPP RD,39.13637996,-86.54994025
901962461,2013,1,4,Weekday,1700,2-Car,No injury/unknown,FOLLOWING TOO CLOSELY,COUNTRY CLUB & ROCKPORT RD,39.13634978,-86.54875002
901972151,2013,2,1,Weekend,300,1-Car,Non-incapacitating,RAN OFF ROAD RIGHT,COUNTRY CLUB DR & ROCKPORT,39.13634978,-86.54875002
901988253,2013,3,4,Weekday,800,2-Car,No injury/unknown,ROADWAY SURFACE CONDITION,S ROCKPORT RD & W COUNTRY CLUB,39.13634978,-86.54875002
902014383,2013,5,7,Weekend,1300,2-Car,No injury/unknown,SPEED TOO FAST FOR WEATHER CONDITIONS,COUNTRY CLUB DR & ROCKPORT,39.13634978,-86.54875002
902091483,2013,9,1,Weekend,1400,2-Car,No injury/unknown,FOLLOWING TOO CLOSELY,ROCKPORT & TAPP RD,39.13634978,-86.54875002