Master Record Number,Year,Month,Day,Weekend?,Hour,Collision Type,Injury Type,Primary Factor,Reported_Location,Latitude,Longitude
902026559,2013,5,2,Weekday,1500,2-Car,No injury/unknown,,W STATE ROAD 45 HWY,39.125312,-86.610496
902029017,2013,5,5,Weekday,1500,2-Car,No injury/unknown,IMPROPER TURNING,WEST STATE ROAD 45 HWY,39.125312,-86.610496
902069490,2013,8,1,Weekday,2100,2-Car,No injury/unknown,FOLLOWING TOO CLOSELY,W SR 45 HWY,39.125312,-86.610496
902071310,2013,8,3,Weekday,2000,2-Car,No injury/unknown,UNSAFE BACKING,WEST STATE ROAD 45 HWY,39.125312,-86.610496
902045026,2013,6,1,Weekend,1300,2-Car,No injury/unknown,UNSAFE BACKING,SR45W,39.125312,-86.610496
902048641,2013,7,7,Weekend,1700,2-Car,No injury/unknown,IMPROPER LANE USAGE,WEST STATE ROAD 45 HWY,39.125312,-86.610496
902053432,2013,7,3,Weekday,1500,2-Car,No injury/unknown,UNSAFE BACKING,WEST STATE ROAD 45 HWY,39.125312,-86.610496
902060663,2013,7,4,Weekday,1900,Pedestrian,Non-incapacitating,PEDESTRIAN ACTION,W SR 45 RD,39.125312,-86.610496
902077374,2013,9,2,Weekday,1500,2-Car,No injury/unknown,FOLLOWING TOO CLOSELY,W STATE ROAD 45 HWY,39.125312,-86.610496
902085664,2013,9,4,Weekday,1400,2-Car,No injury/unknown,FAILURE TO YIELD RIGHT OF WAY,W SR 45 RD,39.125312,-86.610496
902100182,2013,10,7,Weekend,1800,2-Car,No injury/unknown,IMPROPER LANE USAGE,STATE ROAD 45 HWY,39.125312,-86.610496
902101021,2013,10,3,Weekday,300,2-Car,No injury/unknown,SPEED TOO FAST FOR WEATHER CONDITIONS,STATE ROAD 45 HWY,39.125312,-86.610496
902107508,2013,10,7,Weekend,1500,2-Car,No injury/unknown,FAILURE TO YIELD RIGHT OF WAY,WEST STATE ROAD 45 RD,39.125312,-86.610496
902110352,2013,10,3,Weekday,2200,2-Car,No injury/unknown,IMPROPER TURNING,WEST STATE ROAD 45 HWY,39.125312,-86.610496
902112811,2013,11,7,Weekend,1400,2-Car,No injury/unknown,UNSAFE BACKING,W STATE ROAD 45 HWY,39.125312,-86.610496
902116323,2013,11,6,Weekday,1400,2-Car,No injury/unknown,UNSAFE BACKING,WEST STATE ROAD 45 HWY,39.125312,-86.610496
902133304,2013,12,7,Weekend,1500,1-Car,No injury/unknown,IMPROPER LANE USAGE,SR45W,39.125312,-86.610496
902140254,2013,12,7,Weekend,1300,2-Car,No injury/unknown,VIEW OBSTRUCTED,SR45W,39.125312,-86.610496
902145649,2013,12,2,Weekday,2000,1-Car,Non-incapacitating,RAN OFF ROAD RIGHT,SR45W,39.125312,-86.610496
901978172,2013,2,5,Weekday,2200,2-Car,No injury/unknown,ROADWAY SURFACE CONDITION,3700 SOUTH WICKENS ST & LEIGHTON,39.12526797,-86.550928
902133385,2013,12,1,Weekend,1600,2-Car,No injury/unknown,FAILURE TO YIELD RIGHT OF WAY,RHORER & SNODDY RD,39.12501287,-86.48957199
901959653,2013,1,5,Weekday,700,2-Car,No injury/unknown,UNSAFE BACKING,S MILL STONE WAY,39.12489319,-86.50860595
901998669,2013,4,3,Weekday,1700,2-Car,Non-incapacitating,FOLLOWING TOO CLOSELY,SR37N & VERNAL,39.12455872,-86.55998992
901989331,2013,3,6,Weekday,0,1-Car,No injury/unknown,RAN OFF ROAD RIGHT,FULLERTON & ROCKPORT RD,39.12440105,-86.56053861
902115265,2013,11,5,Weekday,500,1-Car,No injury/unknown,SPEED TOO FAST FOR WEATHER CONDITIONS,LEONARD SPRINGS & LEONARD SPRINGS RD,39.12423192,-86.58257102
901978149,2013,2,6,Weekday,1300,2-Car,No injury/unknown,SPEED TOO FAST FOR WEATHER CONDITIONS,HEATHER & WALNUT ST PIKE,39.12398305,-86.52670641
902000369,2013,4,7,Weekend,1600,Moped/Motorcycle,Non-incapacitating,ROADWAY SURFACE CONDITION,HEATHER & SOUTH WALNUT STREET PIKE,39.1239801,-86.52669019
902057184,2013,7,4,Weekday,1500,2-Car,No injury/unknown,UNSAFE BACKING,SOUTH WALNUT ST,39.12376088,-86.5266497
902091649,2013,9,1,Weekend,800,2-Car,No injury/unknown,BRAKE FAILURE OR DEFECTIVE,S HAYS DR,39.12372971,-86.53766632
902061163,2013,8,5,Weekday,2300,2-Car,No injury/unknown,UNSAFE SPEED,ADAMS ST & SUNSTONE,39.1236787,-86.55608989
902095910,2013,10,2,Weekday,1200,2-Car,No injury/unknown,DRIVER DISTRACTED - EXPLAIN IN NARRATIVE,PINEWOOD & S WALNUT ST,39.12359566,-86.53143033
902000284,2013,4,6,Weekday,1400,1-Car,No injury/unknown,DISREGARD SIGNAL/REG SIGN,FULLERTON & LEONARD SPRINGS RD,39.123376,-86.582592
902101113,2013,10,3,Weekday,2300,1-Car,No injury/unknown,RAN OFF ROAD RIGHT,LEONARD SPRINGS & WEST LEONARD SPRINGS RD,39.123376,-86.582592
902132520,2013,12,6,Weekday,700,1-Car,No injury/unknown,SPEED TOO FAST FOR WEATHER CONDITIONS,FULLERTON & LEONARD SPRINGS RD,39.12317125,-86.58269437
901975326,2013,2,1,Weekend,1100,2-Car,No injury/unknown,FAILURE TO YIELD RIGHT OF WAY,NORTH & WALNUT ST,39.12297226,-86.53180986
902025638,2013,5,6,Weekday,700,1-Car,No injury/unknown,OTHER (DRIVER) - EXPLAIN IN NARRATIVE,4000 BLK S ROCKPORT RD & FULLERTON,39.12266249,-86.56226322
902012766,2013,5,4,Weekday,2000,1-Car,Non-incapacitating,UNSAFE SPEED,13TH & MADISON ST,39.12264318,-86.53774023
902044753,2013,7,2,Weekday,300,1-Car,No injury/unknown,RAN OFF ROAD RIGHT,FULLERTON PIKE & JUDD,39.122448,-86.574
902137087,2013,12,6,Weekday,700,1-Car,No injury/unknown,RAN OFF ROAD RIGHT,FULLERTON PIKE & JUDD,39.122448,-86.574
901959816,2013,1,6,Weekday,1400,3+ Cars,Incapacitating,DISREGARD SIGNAL/REG SIGN,SR37S & W FULLERTON,39.122352,-86.5712
902086645,2013,9,6,Weekday,1100,1-Car,No injury/unknown,FOLLOWING TOO CLOSELY,FULLERTON & SR37S,39.122352,-86.5712
901971201,2013,2,5,Weekday,1100,1-Car,Incapacitating,UNSAFE SPEED,ISON RD & LEONARD SPRINGS,39.122352,-86.6056
902006956,2013,4,6,Weekend,2300,1-Car,No injury/unknown,RAN OFF ROAD RIGHT,S ISON RD & W LEONARD SPRINGS,39.122352,-86.6056
901966666,2013,1,5,Weekday,2000,1-Car,No injury/unknown,SPEED TOO FAST FOR WEATHER CONDITIONS,37 & FULLERTON PIKE,39.12229906,-86.56767463
902015338,2013,5,1,Weekend,1600,2-Car,No injury/unknown,FAILURE TO YIELD RIGHT OF WAY,FULLERTON PIKE & ROCKPORT,39.122224,-86.562688
902076754,2013,9,2,Weekday,1700,2-Car,Non-incapacitating,DISREGARD SIGNAL/REG SIGN,FULLERTON & SR37S,39.12221146,-86.57353973
902087172,2013,9,7,Weekend,2000,3+ Cars,Non-incapacitating,FAILURE TO YIELD RIGHT OF WAY,FULLERTON & SR37S,39.12221146,-86.57353973
902115063,2013,11,5,Weekday,1500,2-Car,Non-incapacitating,FAILURE TO YIELD RIGHT OF WAY,FULLERTON & SR37S,39.12221146,-86.57353973
902040199,2013,6,5,Weekday,1600,2-Car,Non-incapacitating,FAILURE TO YIELD RIGHT OF WAY,RENDY & WEST ELLER RD,39.122208,-86.615792
901964979,2013,1,2,Weekday,1700,2-Car,No injury/unknown,FAILURE TO YIELD RIGHT OF WAY,FULLERTON & SR37S,39.12220001,-86.56779479
902014340,2013,4,5,Weekday,1200,3+ Cars,No injury/unknown,FOLLOWING TOO CLOSELY,FULERTON & SR37S,39.12220001,-86.56779479
901966907,2013,1,5,Weekday,2000,2-Car,No injury/unknown,SPEED TOO FAST FOR WEATHER CONDITIONS,37 & FULLERTON PIKE,39.12220001,-86.56788136
902005629,2013,4,3,Weekday,1700,2-Car,No injury/unknown,FOLLOWING TOO CLOSELY,FULLERTON PIKE & JUDD,39.12209988,-86.57402984
902133891,2013,12,2,Weekday,700,1-Car,No injury/unknown,RAN OFF ROAD RIGHT,DILLMAN & SR37N,39.12189278,-86.54577636
901967528,2013,1,5,Weekday,2000,2-Car,No injury/unknown,SPEED TOO FAST FOR WEATHER CONDITIONS,GORDON PIKE & WICKENS,39.12181218,-86.54791696
902000160,2013,4,6,Weekend,2200,1-Car,No injury/unknown,RAN OFF ROAD RIGHT,E RHORER RD & HARRELL,39.1217467,-86.49666988
902114134,2013,11,4,Weekday,1600,2-Car,No injury/unknown,SPEED TOO FAST FOR WEATHER CONDITIONS,HARTSTRAIGHT RD & TEMPERANCE,39.12174554,-86.61594003
902083896,2013,9,1,Weekend,1300,1-Car,Non-incapacitating,TIRE FAILURE OR DEFECTIVE,HARRELL & RHORER RD,39.12160351,-86.49173694
901989786,2013,3,5,Weekday,1700,1-Car,Non-incapacitating,RAN OFF ROAD RIGHT,EAST MOORES CREEK RD & SNODDY,39.121584,-86.489744
902090922,2013,9,7,Weekend,300,1-Car,No injury/unknown,RAN OFF ROAD RIGHT,E MOORES CREEK RD & SNODDY,39.121584,-86.489744
901981270,2013,2,4,Weekday,1900,1-Car,No injury/unknown,RAN OFF ROAD RIGHT,GORDON PIKE & ROGERS,39.12156008,-86.53916411
901950636,2013,1,3,Weekday,0,2-Car,No injury/unknown,UNSAFE BACKING,GORDON & GORDON PIKE,39.121552,-86.531296
901960022,2013,1,3,Weekday,700,2-Car,No injury/unknown,FOLLOWING TOO CLOSELY,GORDON & OLD SR 37 RD,39.121552,-86.531296
901978264,2013,2,6,Weekday,300,1-Car,No injury/unknown,RAN OFF ROAD RIGHT,GORDON & S OLD STATE ROAD 37 RD,39.121552,-86.531296
902029708,2013,6,7,Weekend,2100,1-Car,No injury/unknown,ANIMAL/OBJECT IN ROADWAY,RHORER & SOUTH OLD STATE ROAD 37 HWY,39.121552,-86.531296
902049508,2013,7,4,Weekday,1400,2-Car,No injury/unknown,FAILURE TO YIELD RIGHT OF WAY,GORDON & OLD SR 37 RD,39.121552,-86.531296
902111156,2013,10,5,Weekday,2100,1-Car,No injury/unknown,ANIMAL/OBJECT IN ROADWAY,GORDON & SOUTH OLD STATE ROAD 37 HWY,39.121552,-86.531296
902135564,2013,11,6,Weekday,1200,1-Car,No injury/unknown,IMPROPER LANE USAGE,4025 SOUTH OLD SR 37 RD & RHORER,39.121552,-86.531296
902018088,2013,5,7,Weekend,1700,2-Car,No injury/unknown,UNSAFE BACKING,W GORDON PIKE,39.12154418,-86.53386009
901985142,2013,3,5,Weekday,500,1-Car,No injury/unknown,ANIMAL/OBJECT IN ROADWAY,1600 E RHORER RD & S JAMIE,39.12152,-86.51792
902060108,2013,7,7,Weekend,2100,1-Car,No injury/unknown,RAN OFF ROAD RIGHT,285 E RHORER RD & KENNEDY,39.121488,-86.528304
902087383,2013,9,6,Weekday,1600,2-Car,Non-incapacitating,FAILURE TO YIELD RIGHT OF WAY,E RHORER RD & S DEERFIELD,39.12146017,-86.50459782
902125078,2013,11,6,Weekday,700,2-Car,No injury/unknown,FOLLOWING TOO CLOSELY,RHORER RD & S WALNUT ST,39.12145871,-86.52720079
902040198,2013,6,3,Weekday,1700,2-Car,No injury/unknown,ROADWAY SURFACE CONDITION,NIMIT & RHORER RD,39.12145011,-86.52383968
901985737,2013,3,3,Weekday,2300,1-Car,No injury/unknown,RAN OFF ROAD RIGHT,NIMMIT & RHORER RD,39.12144607,-86.52387219
902068897,2013,8,7,Weekend,1200,2-Car,No injury/unknown,FAILURE TO YIELD RIGHT OF WAY,RHORER RD & WALNUT,39.12144282,-86.52614342
901962632,2013,1,5,Weekday,1400,3+ Cars,Non-incapacitating,FOLLOWING TOO CLOSELY,RHORER RD & SARE,39.12144005,-86.51149346
902026201,2013,5,2,Weekday,0,1-Car,Non-incapacitating,SPEED TOO FAST FOR WEATHER CONDITIONS,E ROHOER RD & S SARE,39.12144005,-86.51149346
902013824,2013,5,5,Weekday,1500,2-Car,No injury/unknown,FOLLOWING TOO CLOSELY,RHORER RD & SARE,39.12144005,-86.51156699
902002761,2013,4,5,Weekday,1800,2-Car,No injury/unknown,FAILURE TO YIELD RIGHT OF WAY,E RHORER RD & S SARE,39.12144005,-86.51157997
902012437,2013,4,3,Weekday,1200,3+ Cars,Non-incapacitating,FAILURE TO YIELD RIGHT OF WAY,RHORER RD & SARE,39.12144005,-86.51157997
902057170,2013,7,4,Weekday,1600,2-Car,No injury/unknown,FOLLOWING TOO CLOSELY,RHORER & SARE RD,39.12144005,-86.51157997
902110038,2013,10,5,Weekday,700,2-Car,No injury/unknown,FOLLOWING TOO CLOSELY,RHORER RD & SARE,39.12144005,-86.51166648
901966605,2013,1,5,Weekday,1700,2-Car,Non-incapacitating,FOLLOWING TOO CLOSELY,EAST RHORER & SOUTH WALNUT ST,39.12144,-86.526496
901970036,2013,2,3,Weekday,1300,2-Car,Non-incapacitating,DISREGARD SIGNAL/REG SIGN,E RHORER RD & S WALNUT,39.12144,-86.526496
902065729,2013,8,4,Weekday,1800,2-Car,No injury/unknown,DISREGARD SIGNAL/REG SIGN,RHORER RD & WALNUT STREET,39.12144,-86.526496
902054621,2013,7,6,Weekday,1500,2-Car,No injury/unknown,FAILURE TO YIELD RIGHT OF WAY,RHORER & S WALNUT ST,39.12144,-86.526496
902087056,2013,9,5,Weekday,700,2-Car,No injury/unknown,FOLLOWING TOO CLOSELY,RHORER RD & S WALNUT ST,39.12144,-86.526496
902129138,2013,11,7,Weekend,1400,2-Car,Non-incapacitating,DISREGARD SIGNAL/REG SIGN,RHORER & SOUTH WALNUT ST,39.12144,-86.526496
902109027,2013,10,3,Weekday,500,1-Car,No injury/unknown,DRIVER ASLEEP OR FATIGUED,E RHORER RD & WALNUT STREET,39.12144,-86.526496
901986303,2013,3,5,Weekday,1500,2-Car,No injury/unknown,UNSAFE LANE MOVEMENT,W GORDON LOT 117 PIKE,39.12143201,-86.53530478
901998668,2013,4,3,Weekday,1700,2-Car,No injury/unknown,UNSAFE BACKING,GORDON PIKE,39.12143201,-86.53530478
902029707,2013,5,4,Weekday,1500,2-Car,No injury/unknown,DRIVER DISTRACTED - EXPLAIN IN NARRATIVE,GORDON LOT 20 PIKE,39.12143201,-86.53530478
902072484,2013,8,6,Weekday,700,2-Car,Non-incapacitating,FOLLOWING TOO CLOSELY,OLD ST RD 37 SOUTH RD & RHORER,39.12141994,-86.53134986
902141268,2013,12,3,Weekday,1600,2-Car,No injury/unknown,FOLLOWING TOO CLOSELY,S WALNUT & W GORDON PIKE,39.12141994,-86.53134986
901998973,2013,4,4,Weekday,1400,Moped/Motorcycle,Non-incapacitating,OVERCORRECTING/OVERSTEERING,HOOSIER & WALNUT ST,39.12140529,-86.53143874
902044279,2013,6,7,Weekend,1600,2-Car,No injury/unknown,FOLLOWING TOO CLOSELY,RHORER & SR37S,39.12137985,-86.49404907
902031291,2013,6,3,Weekday,1600,2-Car,No injury/unknown,UNSAFE BACKING,E MOORES CREEK RD & S STERLING,39.12106702,-86.48835874
902125489,2013,11,5,Weekday,100,2-Car,No injury/unknown,UNSAFE SPEED,SOUTH OLD 37 HWY,39.1210556,-86.53090667
902078321,2013,9,5,Weekday,700,2-Car,No injury/unknown,FOLLOWING TOO CLOSELY,PINEWOOD & WALNUT ST,39.12095428,-86.53143033
902109812,2013,10,5,Weekday,700,2-Car,No injury/unknown,SPEED TOO FAST FOR WEATHER CONDITIONS,RHORER & S WALNUT ST,39.12075336,-86.526496
902072411,2013,8,3,Weekday,600,1-Car,No injury/unknown,ANIMAL/OBJECT IN ROADWAY,ELLER & SR45W,39.11961458,-86.61847596
901955047,2013,1,4,Weekday,800,2-Car,No injury/unknown,FOLLOWING TOO CLOSELY,SOUTH & WALNUT ST,39.11961185,-86.526808
902002409,2013,4,5,Weekday,700,2-Car,Non-incapacitating,FOLLOWING TOO CLOSELY,SOUTH & WALNUT ST,39.11961185,-86.526808
902091678,2013,9,7,Weekend,1000,1-Car,No injury/unknown,RAN OFF ROAD RIGHT,E BRYN MAWR & SNODDY RD,39.11954381,-86.48959296
901988403,2013,3,4,Weekday,700,1-Car,Non-incapacitating,ROADWAY SURFACE CONDITION,E BRYN MAWR & SNODDY RD,39.1195438,-86.48959295
902017894,2013,5,7,Weekend,900,1-Car,No injury/unknown,RAN OFF ROAD RIGHT,DUNLAP & SR45W,39.119344,-86.618896
902049509,2013,7,5,Weekday,800,2-Car,No injury/unknown,FOLLOWING TOO CLOSELY,DUNLAP RD & SR45W,39.119344,-86.618896
902115452,2013,11,6,Weekday,1500,2-Car,No injury/unknown,UNSAFE LANE MOVEMENT,DUNLAP & SR45W,39.119344,-86.618896
901978233,2013,2,6,Weekday,1800,1-Car,No injury/unknown,RAN OFF ROAD RIGHT,S ORCHARD LN,39.11902021,-86.53168845
902012273,2013,4,3,Weekday,1200,2-Car,No injury/unknown,BRAKE FAILURE OR DEFECTIVE,S OLD ST RD 37 RD & S ORCHARD,39.11893018,-86.53130024
902052479,2013,7,3,Weekday,900,2-Car,No injury/unknown,LEFT OF CENTER,DUNLAP & SR45W,39.11886349,-86.61975529
902095384,2013,10,1,Weekend,1300,2-Car,No injury/unknown,FOLLOWING TOO CLOSELY,2ND & SR37S,39.11883666,-86.54765319
902134969,2013,12,6,Weekday,200,2-Car,No injury/unknown,UNSAFE BACKING,JUDEE DR,39.11849316,-86.49050349
902072674,2013,8,1,Weekday,2300,2-Car,No injury/unknown,OTHER (VEHICLE) - EXPLAIN IN NARRATIVE,HOLLAND DR,39.1180687,-86.52586364
902051181,2013,7,6,Weekday,200,2-Car,No injury/unknown,LEFT OF CENTER,GARRISON CHAPLE & SR48W,39.11790085,-86.64187841
902055354,2013,7,4,Weekday,500,1-Car,No injury/unknown,RAN OFF ROAD RIGHT,FULLERTON & SR37S,39.11780593,-86.56724151
902145536,2013,12,7,Weekend,1700,2-Car,No injury/unknown,UNSAFE LANE MOVEMENT,S ROCKPORT & SR37S,39.117648,-86.567104
902031990,2013,6,4,Weekday,1300,2-Car,No injury/unknown,FAILURE TO YIELD RIGHT OF WAY,ROCKPORT & SR37,39.11755374,-86.56705561
902083340,2013,9,4,Weekday,1600,2-Car,No injury/unknown,FAILURE TO YIELD RIGHT OF WAY,ROCKPORT & SR37,39.11755374,-86.56705561
902044324,2013,6,7,Weekend,1700,1-Car,No injury/unknown,ROADWAY SURFACE CONDITION,ROCKPORT & SR37S,39.11744736,-86.56686323
902057965,2013,7,6,Weekday,600,1-Car,Incapacitating,RAN OFF ROAD RIGHT,S GARRISON CHAPPEL RD,39.11739731,-86.6419754
901963226,2013,1,6,Weekday,900,2-Car,No injury/unknown,SPEED TOO FAST FOR WEATHER CONDITIONS,DANIELS WAY & ZENITH,39.11727061,-86.59829981
902121763,2013,11,2,Weekday,1100,2-Car,Non-incapacitating,FAILURE TO YIELD RIGHT OF WAY,GORDAN PIKE,39.11717606,-86.53736114
902089580,2013,9,7,Weekend,1800,2-Car,No injury/unknown,DRIVER DISTRACTED - EXPLAIN IN NARRATIVE,GORDON PIKE LOT 11 PIKE,39.117176,-86.537361
901977156,2013,2,5,Weekday,1300,1-Car,No injury/unknown,RAN OFF ROAD RIGHT,LEONARD SPRINGS RD & SIMS,39.11607599,-86.58258005
902132479,2013,12,5,Weekday,2300,1-Car,No injury/unknown,SPEED TOO FAST FOR WEATHER CONDITIONS,7TH & JORDAN AVE,39.11597216,-86.51615984
901998136,2013,4,2,Weekday,1800,2-Car,No injury/unknown,FAILURE TO YIELD RIGHT OF WAY,SR37S & THAT RD,39.115552,-86.564592
902008129,2013,4,2,Weekday,900,2-Car,Non-incapacitating,FOLLOWING TOO CLOSELY,SR37 & THAT RD,39.115552,-86.564592
902026155,2013,5,1,Weekend,1600,1-Car,No injury/unknown,SPEED TOO FAST FOR WEATHER CONDITIONS,SR37S & W THAT RD,39.115552,-86.564592
902128488,2013,11,6,Weekday,500,1-Car,No injury/unknown,ANIMAL/OBJECT IN ROADWAY,SR37S & THAT,39.115552,-86.564592
902120616,2013,11,6,Weekday,1700,2-Car,No injury/unknown,FAILURE TO YIELD RIGHT OF WAY,SR37S & THAT,39.115552,-86.564592
902143407,2013,12,6,Weekday,700,1-Car,No injury/unknown,ANIMAL/OBJECT IN ROADWAY,SR37S & THAT,39.115552,-86.564592
902051015,2013,7,6,Weekday,800,1-Car,No injury/unknown,ANIMAL/OBJECT IN ROADWAY,SR37 & TAPP,39.11545529,-86.5544281
902074220,2013,8,2,Weekday,1600,2-Car,No injury/unknown,UNSAFE LANE MOVEMENT,SR37 & THAT,39.11536877,-86.56469338
902100352,2013,10,2,Weekday,1700,2-Car,No injury/unknown,FOLLOWING TOO CLOSELY,DUNLAP & SR45W,39.11513138,-86.61884204
902055689,2013,7,7,Weekend,1600,2-Car,No injury/unknown,FOLLOWING TOO CLOSELY,DUNLAP & SR45W,39.11513138,-86.6188507
901996502,2013,3,5,Weekday,600,1-Car,Non-incapacitating,RAN OFF ROAD RIGHT,SR37S & THAT,39.11507327,-86.56396013
902082873,2013,9,4,Weekday,1500,2-Car,No injury/unknown,UNSAFE SPEED,SR45W & W DINSMORE,39.11504,-86.630992
902140193,2013,12,7,Weekend,1000,1-Car,No injury/unknown,ROADWAY SURFACE CONDITION,HUGHES & MOORES CREEK RD,39.11503024,-86.47097037
902111289,2013,11,6,Weekday,600,2-Car,No injury/unknown,SPEED TOO FAST FOR WEATHER CONDITIONS,PATRICIA & THAT RD,39.11501013,-86.57337002
902072921,2013,8,7,Weekend,1600,1-Car,Non-incapacitating,LEFT OF CENTER,DINSMORE & SR45W,39.11500139,-86.62746724
902021164,2013,5,6,Weekday,800,2-Car,No injury/unknown,OTHER (DRIVER) - EXPLAIN IN NARRATIVE,WALNUT ST & WINSLOW,39.11483868,-86.5311109
901967370,2013,1,5,Weekday,2100,1-Car,No injury/unknown,SPEED TOO FAST FOR WEATHER CONDITIONS,ROY BAILEY & THAT RD,39.11473989,-86.55655162
902069570,2013,8,3,Weekday,1400,2-Car,No injury/unknown,FAILURE TO YIELD RIGHT OF WAY,ROGERS & THAT RD,39.11462992,-86.53982028
902039679,2013,6,7,Weekend,2000,1-Car,Incapacitating,ANIMAL/OBJECT IN ROADWAY,SR37S & THAT,39.11421156,-86.56282277
902071297,2013,8,4,Weekday,2200,1-Car,No injury/unknown,RAN OFF ROAD RIGHT,HOLLY & PINE GROVE RD,39.11377028,-86.42555393
902064945,2013,8,6,Weekday,800,1-Car,No injury/unknown,BRAKE FAILURE OR DEFECTIVE,HOLLY & PINEGROVE RD,39.11377028,-86.42562307
902067480,2013,8,4,Weekday,700,3+ Cars,No injury/unknown,FOLLOWING TOO CLOSELY,ISON & SR45N,39.11338048,-86.63700103
902116688,2013,11,1,Weekend,600,1-Car,No injury/unknown,ANIMAL/OBJECT IN ROADWAY,CROSSOVER & SR45W,39.11289707,-86.63531144
902092370,2013,9,2,Weekday,1500,Bus,No injury/unknown,IMPROPER TURNING,ELWREN & WEST ELWREN RD,39.11275756,-86.66818891
901956432,2013,1,5,Weekday,2200,1-Car,No injury/unknown,UNSAFE SPEED,GARRISON CHAPEL & SR45S,39.11249112,-86.635973
902127157,2013,11,3,Weekday,1000,2-Car,No injury/unknown,RAN OFF ROAD RIGHT,S ROGERS STREET ST,39.11194229,-86.54027557
902051729,2013,7,1,Weekend,1100,1-Car,No injury/unknown,ANIMAL/OBJECT IN ROADWAY,GARRISON CHAPEL & SR45W,39.11188918,-86.63693506
902047740,2013,6,5,Weekday,1400,2-Car,No injury/unknown,FAILURE TO YIELD RIGHT OF WAY,LIBERTY DR & WEST THIRD,39.11173798,-86.57913006
901993497,2013,3,7,Weekend,900,2-Car,No injury/unknown,IMPROPER LANE USAGE,COLLEGE AVE & THIRD,39.11172794,-86.53489977
901971815,2013,2,6,Weekday,1600,2-Car,No injury/unknown,UNSAFE LANE MOVEMENT,W CLEAR CREEK DR,39.11111623,-86.53511434
902054535,2013,7,5,Weekday,1700,2-Car,No injury/unknown,FAILURE TO YIELD RIGHT OF WAY,HARMONY & SR45W,39.111024,-86.638304
902148385,2013,12,2,Weekday,500,1-Car,No injury/unknown,ANIMAL/OBJECT IN ROADWAY,SOUTH HARMONY & SR45W,39.111024,-86.638304
901997297,2013,3,7,Weekend,700,1-Car,No injury/unknown,ANIMAL/OBJECT IN ROADWAY,OAK RIDGE & SR446S,39.11074582,-86.45161013
902009658,2013,4,5,Weekday,1500,2-Car,No injury/unknown,FOLLOWING TOO CLOSELY,PINEWOOD & WALNUT ST,39.11038877,-86.53143033
902029521,2013,6,7,Weekend,1500,2-Car,Non-incapacitating,RAN OFF ROAD RIGHT,4720 OLD STATE RD 37 RD & WAYSIDE,39.109248,-86.53128
902017059,2013,5,4,Weekday,1700,3+ Cars,No injury/unknown,FOLLOWING TOO CLOSELY,SOUTH & WALNUT ST,39.1090467,-86.526808
902093061,2013,10,3,Weekday,2300,1-Car,No injury/unknown,RAN OFF ROAD RIGHT,HARMONY & ISON RD,39.108848,-86.6384
902069153,2013,8,3,Weekday,1700,2-Car,No injury/unknown,UNSAFE BACKING,OLD STATE ROAD 37 SOUTH RD,39.10851331,-86.53132114
901986627,2013,3,7,Weekend,600,2-Car,No injury/unknown,FAILURE TO YIELD RIGHT OF WAY,HARRELL RD & SCHACHT,39.10844526,-86.49855535
902131664,2013,11,5,Weekday,2100,3+ Cars,Non-incapacitating,UNSAFE SPEED,ISON RD & TOWER,39.10791032,-86.61038987
901967307,2013,2,6,Weekday,1100,2-Car,Non-incapacitating,SPEED TOO FAST FOR WEATHER CONDITIONS,ELWREN & SR45,39.10781407,-86.64342778
902090923,2013,9,6,Weekday,700,Bus,No injury/unknown,UNSAFE BACKING,W CHURCH LN,39.10748823,-86.54649362
902033634,2013,6,7,Weekend,200,1-Car,Non-incapacitating,RAN OFF ROAD RIGHT,CHURCH LN & VICTOR,39.10748449,-86.54626781
902001560,2013,4,2,Weekday,700,Bus,No injury/unknown,FAILURE TO YIELD RIGHT OF WAY,WALNUT ST & WALNUT STREET,39.107344,-86.5264
902023685,2013,5,3,Weekday,1600,2-Car,No injury/unknown,FAILURE TO YIELD RIGHT OF WAY,WALNUT & WALNUT ST,39.107344,-86.5264
902122906,2013,11,4,Weekday,800,2-Car,No injury/unknown,FAILURE TO YIELD RIGHT OF WAY,S WALNUT ST & WALNUT,39.107344,-86.5264
902125184,2013,11,7,Weekend,900,2-Car,Non-incapacitating,FOLLOWING TOO CLOSELY,WALNUT & WALNUT STREET PIKE,39.107344,-86.5264
901973461,2013,2,4,Weekday,100,1-Car,No injury/unknown,RAN OFF ROAD RIGHT,CHURCH LN & COLLEGE,39.107328,-86.534992
901993346,2013,3,6,Weekday,1800,1-Car,No injury/unknown,RAN OFF ROAD RIGHT,CHURCH LN & WALNUT,39.10731014,-86.5281621
902122207,2013,11,2,Weekday,700,2-Car,No injury/unknown,UNSAFE BACKING,FAIRFAX & SOUTH OLD STATE ROAD 37 RD,39.10725988,-86.53149001
902096448,2013,10,3,Weekday,700,1-Car,Incapacitating,RAN OFF ROAD RIGHT,FAIRFAX RD & S WALNUT ST,39.10715997,-86.52649684