Master Record Number,Year,Month,Day,Weekend?,Hour,Collision Type,Injury Type,Primary Factor,Reported_Location,Latitude,Longitude
901975211,2013,2,7,Weekend,1600,1-Car,No injury/unknown,RAN OFF ROAD RIGHT,FAIRFAX RD & WALNUT STREET,39.10715997,-86.52650982
902055028,2013,7,6,Weekday,1800,3+ Cars,No injury/unknown,UNSAFE LANE MOVEMENT,S FAIRFAX RD & S WALNUT STREET,39.10715997,-86.52655308
901966170,2013,1,5,Weekday,600,2-Car,No injury/unknown,ANIMAL/OBJECT IN ROADWAY,S ROCKPORT RD & W HENNESEY,39.10706061,-86.55672021
901966809,2013,1,5,Weekday,1800,2-Car,No injury/unknown,LEFT OF CENTER,E SCHACT & S FAIRFAX RD,39.10688974,-86.52378
902127158,2013,11,3,Weekday,1100,1-Car,No injury/unknown,OVERCORRECTING/OVERSTEERING,E SCHACT ROAD & S FAIRFAX ROAD RD,39.10688974,-86.52378
902006931,2013,4,7,Weekend,2000,2-Car,No injury/unknown,IMPROPER TURNING,W ARCH HAVEN BLVD,39.106512,-86.573504
901997296,2013,3,6,Weekday,900,2-Car,No injury/unknown,UNSAFE BACKING,S VICTOR PIKE,39.10649041,-86.55034722
902144097,2013,12,4,Weekday,400,3+ Cars,Non-incapacitating,FOLLOWING TOO CLOSELY,S VICTOR & SR37S,39.10611653,-86.55187435
902123120,2013,11,4,Weekday,1000,2-Car,No injury/unknown,ANIMAL/OBJECT IN ROADWAY,6100 SOUTH FAIRFAX RD & DILLMAN,39.10587248,-86.52253083
901977416,2013,2,5,Weekday,1800,2-Car,No injury/unknown,SPEED TOO FAST FOR WEATHER CONDITIONS,SR37 & VICTOR,39.10574018,-86.55136078
902029358,2013,5,6,Weekday,1100,1-Car,Non-incapacitating,OTHER (DRIVER) - EXPLAIN IN NARRATIVE,FAIRFAX RD & MARIE,39.10568006,-86.5224798
902004990,2013,4,7,Weekend,2100,2-Car,No injury/unknown,FAILURE TO YIELD RIGHT OF WAY,SR37 & VICTOR,39.10564948,-86.55126849
902008477,2013,4,3,Weekday,1600,2-Car,No injury/unknown,DISREGARD SIGNAL/REG SIGN,SR37 & VICTOR,39.10564948,-86.55126849
901999170,2013,4,3,Weekday,1700,2-Car,No injury/unknown,FOLLOWING TOO CLOSELY,SR37S & VICTOR,39.105552,-86.551104
902105797,2013,10,5,Weekday,700,2-Car,Incapacitating,FAILURE TO YIELD RIGHT OF WAY,SR37S & VICTOR,39.105552,-86.551104
902135936,2013,12,6,Weekday,1500,2-Car,No injury/unknown,SPEED TOO FAST FOR WEATHER CONDITIONS,SR37N & VICTOR,39.105552,-86.551104
902083471,2013,9,1,Weekend,0,1-Car,No injury/unknown,ANIMAL/OBJECT IN ROADWAY,ISON RD & TOWER,39.104944,-86.61032
902039196,2013,6,5,Weekday,600,1-Car,No injury/unknown,ANIMAL/OBJECT IN ROADWAY,SR37S & TAPP,39.10488841,-86.5544281
901979171,2013,2,1,Weekend,700,2-Car,No injury/unknown,FOLLOWING TOO CLOSELY,GREEN COUNTY LINE & SR45W,39.10462952,-86.68247222
902048885,2013,7,2,Weekday,1600,1-Car,No injury/unknown,DRIVER ASLEEP OR FATIGUED,GREEN COUNTY LINE & SR45W,39.10462952,-86.68248956
902076570,2013,9,1,Weekend,1200,2-Car,Non-incapacitating,UNSAFE LANE MOVEMENT,PINE GROVE & SR446S,39.10371277,-86.43020291
902079854,2013,8,4,Weekday,1600,1-Car,No injury/unknown,IMPROPER TURNING,COMMERCIAL ST,39.1036731,-86.55181981
902134442,2013,12,6,Weekday,1800,1-Car,No injury/unknown,OTHER (ENVIRONMENTAL) - EXPLAIN IN NARR,SR37N & VICTOR PIKE,39.1035127,-86.54931096
901967364,2013,1,5,Weekday,1800,2-Car,No injury/unknown,ROADWAY SURFACE CONDITION,BRENNICK & SR45W,39.103302,-86.64743041
902059196,2013,7,2,Weekday,900,3+ Cars,Incapacitating,LEFT OF CENTER,BRENNWICK ROAD & SR45W,39.10329819,-86.64743041
902059729,2013,7,2,Weekday,900,1-Car,No injury/unknown,RAN OFF ROAD RIGHT,BRENNICK ROAD & SR45W,39.10329819,-86.64743041
902095311,2013,10,1,Weekend,1100,3+ Cars,Non-incapacitating,FOLLOWING TOO CLOSELY,BRENNICK & SR7950S,39.10329819,-86.64743041
902121126,2013,11,1,Weekend,1200,1-Car,No injury/unknown,RAN OFF ROAD RIGHT,S STATE ROUTE 37 & VICTOR PIKE,39.10269217,-86.55683398
901974446,2013,2,2,Weekday,1300,1-Car,No injury/unknown,ANIMAL/OBJECT IN ROADWAY,HINDS & SR45W,39.10133773,-86.64986539
902013703,2013,5,5,Weekday,1800,Moped/Motorcycle,Non-incapacitating,RAN OFF ROAD RIGHT,MESSA & STIPP RD,39.10030022,-86.49100845
902134450,2013,12,7,Weekend,1300,2-Car,Non-incapacitating,LEFT OF CENTER,EAST MOFFET LANE RD & S FAIRFAX,39.09984,-86.5176
901995225,2013,3,3,Weekday,600,1-Car,No injury/unknown,SPEED TOO FAST FOR WEATHER CONDITIONS,OLD STATE 37 RD & ROGERS,39.099408,-86.537904
901995713,2013,3,3,Weekday,600,1-Car,Non-incapacitating,SPEED TOO FAST FOR WEATHER CONDITIONS,OLD STATE 37 RD & ROGERS,39.099408,-86.537904
902018973,2013,5,2,Weekday,1700,2-Car,No injury/unknown,FAILURE TO YIELD RIGHT OF WAY,HINDS RD & SR45W,39.099152,-86.652
902027491,2013,5,4,Weekday,700,2-Car,No injury/unknown,FAILURE TO YIELD RIGHT OF WAY,HINDS & SR45W,39.099152,-86.652
902040472,2013,6,1,Weekend,1600,1-Car,No injury/unknown,OTHER (ENVIRONMENTAL) - EXPLAIN IN NARR,EMPIRE MILL & S OLD ST RD 37 RD,39.09911173,-86.54225975
901955310,2013,1,4,Weekday,1400,2-Car,No injury/unknown,DRIVER DISTRACTED - EXPLAIN IN NARRATIVE,BOLIN & ROCKPORT RD,39.0978812,-86.57508999
901965638,2013,1,3,Weekday,700,2-Car,No injury/unknown,FOLLOWING TOO CLOSELY,FAIRFAX & OLD STATE ROAD 37 RD,39.09670092,-86.53149001
902077553,2013,9,1,Weekend,1400,2-Car,No injury/unknown,FOLLOWING TOO CLOSELY,S OLD 37 HWY & W CHURCH,39.09670092,-86.53149001
902003629,2013,4,7,Weekend,2000,1-Car,No injury/unknown,ANIMAL/OBJECT IN ROADWAY,HUNTINGTON DR & THORNTON,39.0964486,-86.52083024
902017340,2013,5,5,Weekday,600,1-Car,No injury/unknown,ANIMAL/OBJECT IN ROADWAY,FULLERTON & SR37S,39.09579253,-86.56779479
902133561,2013,12,2,Weekday,500,2-Car,No injury/unknown,ROADWAY SURFACE CONDITION,SR37N & WEST DILLMAN,39.09571236,-86.54595204
902133562,2013,12,2,Weekday,600,1-Car,No injury/unknown,ROADWAY SURFACE CONDITION,SR37N & W DILLMAN,39.09571236,-86.54595204
901972613,2013,2,2,Weekday,600,2-Car,Non-incapacitating,FAILURE TO YIELD RIGHT OF WAY,EMPIRE & OLD ST RD 37 RD,39.09541994,-86.54263995
902076571,2013,8,4,Weekday,800,1-Car,No injury/unknown,DRIVER DISTRACTED - EXPLAIN IN NARRATIVE,MAY & ROCKPORT RD,39.09535099,-86.58439683
902035643,2013,6,4,Weekday,900,2-Car,Non-incapacitating,DISREGARD SIGNAL/REG SIGN,SR37S & VICTOR,39.09431839,-86.55906677
902055490,2013,7,1,Weekend,1000,Moped/Motorcycle,Non-incapacitating,FOLLOWING TOO CLOSELY,SR37S & VICTOR,39.09431839,-86.55906677
902080652,2013,9,1,Weekend,1800,2-Car,No injury/unknown,FOLLOWING TOO CLOSELY,FISCUS & HANDY RD,39.09400279,-86.48905297
902111507,2013,10,5,Weekday,1400,2-Car,No injury/unknown,SPEED TOO FAST FOR WEATHER CONDITIONS,HINDS & SR45,39.09400177,-86.65358734
902052476,2013,7,2,Weekday,100,2-Car,No injury/unknown,UNSAFE BACKING,S HARMONY & W MAY RD,39.093744,-86.638304
902009680,2013,4,3,Weekday,1600,2-Car,No injury/unknown,FAILURE TO YIELD RIGHT OF WAY,SR45E,39.09357727,-86.66070073
902136954,2013,12,3,Weekday,1700,1-Car,No injury/unknown,RAN OFF ROAD RIGHT,WEST MAY RD,39.09336472,-86.63721466
902130363,2013,12,3,Weekday,400,1-Car,Non-incapacitating,ANIMAL/OBJECT IN ROADWAY,DILLMAN & SR37N,39.09324964,-86.5456784
901967355,2013,1,5,Weekday,1900,2-Car,No injury/unknown,FAILURE TO YIELD RIGHT OF WAY,DILLMAN & SR37S,39.09309006,-86.55418395
902035998,2013,6,7,Weekend,2000,1-Car,No injury/unknown,ANIMAL/OBJECT IN ROADWAY,PAYNETOWN & SR446S,39.09300355,-86.42329076
902053997,2013,7,4,Weekday,1900,2-Car,Non-incapacitating,FAILURE TO YIELD RIGHT OF WAY,DILLMAN & SR37S,39.092976,-86.545648
902031337,2013,6,2,Weekday,1900,2-Car,No injury/unknown,FAILURE TO YIELD RIGHT OF WAY,DILLMAN & WALNUT ST,39.09296938,-86.54417255
902068749,2013,8,6,Weekend,2000,2-Car,No injury/unknown,FAILURE TO YIELD RIGHT OF WAY,DILLMAN & SR37S,39.09296938,-86.54417255
902055636,2013,7,6,Weekend,2000,2-Car,No injury/unknown,FAILURE TO YIELD RIGHT OF WAY,DILLMAN RD & WALNUT,39.09296938,-86.54417255
902021593,2013,5,6,Weekday,900,2-Car,No injury/unknown,FAILURE TO YIELD RIGHT OF WAY,DILLMAN RD & OLD 37 SOUTH,39.09295969,-86.54416009
902032400,2013,6,4,Weekday,1600,2-Car,Non-incapacitating,FAILURE TO YIELD RIGHT OF WAY,DILLMAN & SOUTH OLD STATE ROAD 37 RD,39.092944,-86.544
902013908,2013,5,6,Weekend,2200,2-Car,Non-incapacitating,FAILURE TO YIELD RIGHT OF WAY,DILLMAN & OLD STATE ROAD 37 SOUTH RD,39.092944,-86.544
902137738,2013,12,6,Weekday,700,1-Car,No injury/unknown,ANIMAL/OBJECT IN ROADWAY,DILLMAN & FAIRFAX RD,39.09264,-86.51672
901955630,2013,1,3,Weekday,1700,1-Car,No injury/unknown,RAN OFF ROAD RIGHT,FAIRFAX RD & HUPP,39.09252898,-86.51706978
902085957,2013,9,3,Weekday,700,2-Car,No injury/unknown,FAILURE TO YIELD RIGHT OF WAY,E DILLMAN RD,39.09230804,-86.52320861
902132654,2013,12,6,Weekday,800,1-Car,No injury/unknown,RAN OFF ROAD RIGHT,RUSH RIDGE RD & SR446S,39.09225229,-86.42286855
902082679,2013,9,5,Weekday,800,2-Car,No injury/unknown,FOLLOWING TOO CLOSELY,ALLEN & PATTERSON ST,39.09219805,-86.54330983
902060087,2013,7,7,Weekend,2000,2-Car,No injury/unknown,FAILURE TO YIELD RIGHT OF WAY,PAYNETOWN & SR446S,39.092112,-86.422832
902139230,2013,12,1,Weekend,300,1-Car,Non-incapacitating,RAN OFF ROAD RIGHT,BURCH & SR45W,39.09171295,-86.66372607
902000281,2013,4,6,Weekday,1700,1-Car,Non-incapacitating,OVERCORRECTING/OVERSTEERING,2851 NORTH OLD SR 37 RD & CLUBHOUSE,39.09164213,-86.53674915
902038909,2013,6,4,Weekday,1600,2-Car,No injury/unknown,FAILURE TO YIELD RIGHT OF WAY,LIBERTY DR & W THIRD,39.09058909,-86.57913006
902120490,2013,11,7,Weekend,800,1-Car,No injury/unknown,ANIMAL/OBJECT IN ROADWAY,FULLERTON & SR37S,39.09052247,-86.57353973
902013622,2013,5,5,Weekday,1100,2-Car,No injury/unknown,OTHER (DRIVER) - EXPLAIN IN NARRATIVE,SR37S & VICTOR,39.0904007,-86.56349182
902076859,2013,8,4,Weekday,1300,2-Car,Non-incapacitating,FAILURE TO YIELD RIGHT OF WAY,SR45W & STANFORD,39.08993365,-86.66617511
901989797,2013,3,7,Weekend,0,1-Car,No injury/unknown,RAN OFF ROAD RIGHT,S HANDY RD,39.08984,-86.477104
902067191,2013,8,2,Weekday,1500,2-Car,No injury/unknown,UNSAFE BACKING,BURCH RD & SR45,39.08984,-86.666304
902077534,2013,8,6,Weekday,100,1-Car,No injury/unknown,ANIMAL/OBJECT IN ROADWAY,BIRCH & SR45,39.08982265,-86.66642368
902087203,2013,9,7,Weekend,1900,2-Car,No injury/unknown,WRONG WAY ON ONE WAY,PAYNETOWN RD,39.08946426,-86.42889643
902089571,2013,9,3,Weekday,1500,2-Car,No injury/unknown,FOLLOWING TOO CLOSELY,BURCH & SR45W,39.08942032,-86.66639709
902022184,2013,5,4,Weekday,1000,2-Car,No injury/unknown,FAILURE TO YIELD RIGHT OF WAY,S CENTER & W CENTER ST,39.08936855,-86.66519084
901969915,2013,2,2,Weekday,1400,2-Car,No injury/unknown,FOLLOWING TOO CLOSELY,LEONARD SPRINGS RD & STATE ROAD 45,39.0891086,-86.58259011
902128428,2013,11,3,Weekday,1800,3+ Cars,Fatal,LEFT OF CENTER,BREEDEN & SR45,39.0873344,-86.67042215
902148113,2013,12,1,Weekend,1100,1-Car,Non-incapacitating,ROADWAY SURFACE CONDITION,S BREEDEN & SR45W,39.0873344,-86.67042215
902079690,2013,9,1,Weekend,0,1-Car,No injury/unknown,RAN OFF ROAD RIGHT,BOLIN & ROCKPORT RD,39.08732335,-86.57508999
902064140,2013,8,4,Weekday,1800,1-Car,No injury/unknown,RAN OFF ROAD RIGHT,W SPARKS RD,39.08699417,-86.67037963
901967501,2013,1,5,Weekday,2100,2-Car,No injury/unknown,ROADWAY SURFACE CONDITION,BREEDEN & SR45W,39.086832,-86.671984
902059651,2013,7,3,Weekday,100,2-Car,Non-incapacitating,LEFT OF CENTER,BREEDEN & SR45W,39.08680743,-86.67480325
902134449,2013,12,7,Weekend,800,1-Car,No injury/unknown,RAN OFF ROAD RIGHT,8000 BLOCK WEST SR 45 RD & STANFORD,39.08680075,-86.67556892
902084035,2013,9,7,Weekend,1900,3+ Cars,No injury/unknown,FOLLOWING TOO CLOSELY,BREEDEN & SR45,39.08678588,-86.6772701
902138655,2013,12,7,Weekend,500,1-Car,No injury/unknown,OVERCORRECTING/OVERSTEERING,SR45W & STARKS,39.08671951,-86.66690856
902146734,2013,12,5,Weekday,1100,1-Car,Incapacitating,RAN OFF ROAD RIGHT,COUNTY LINE & SR45W,39.086689,-86.68230542
901952508,2013,1,6,Weekday,800,2-Car,No injury/unknown,DISREGARD SIGNAL/REG SIGN,OLD STATE ROAD 37 & SR37S,39.085632,-86.542304
902096889,2013,10,5,Weekday,1700,2-Car,No injury/unknown,FOLLOWING TOO CLOSELY,OLD STATE ROAD 37 & SR37S,39.085632,-86.542304
902065521,2013,8,7,Weekend,1800,2-Car,No injury/unknown,UNSAFE SPEED,SR37 & WALNUT,39.08547972,-86.54257852
902049687,2013,7,4,Weekday,700,3+ Cars,Non-incapacitating,FOLLOWING TOO CLOSELY,OLD SR37S & SR37N,39.08547972,-86.54257852
902141226,2013,12,3,Weekday,1700,3+ Cars,No injury/unknown,FOLLOWING TOO CLOSELY,S OLD STATE ROAD 37 & SR37S,39.08506103,-86.54181459
902004182,2013,4,2,Weekday,1000,2-Car,No injury/unknown,FAILURE TO YIELD RIGHT OF WAY,BLOOMFIELD & SR37N,39.08487992,-86.5715332
902100937,2013,10,3,Weekday,1800,1-Car,No injury/unknown,UNSAFE SPEED,RUSH RIDGE & SR446S,39.08472,-86.420688
902019053,2013,5,2,Weekday,2100,1-Car,No injury/unknown,ANIMAL/OBJECT IN ROADWAY,SOUTH OLD STATE ROAD 37 & SR37S,39.08426168,-86.54112943
902111290,2013,11,6,Weekday,700,1-Car,No injury/unknown,DRIVER ASLEEP OR FATIGUED,DUVALL RD,39.08322144,-86.60568237
902081456,2013,9,4,Weekday,700,2-Car,No injury/unknown,FOLLOWING TOO CLOSELY,ROGERS & SARE RD,39.08312665,-86.4965301
901996089,2013,3,3,Weekday,2000,1-Car,No injury/unknown,ANIMAL/OBJECT IN ROADWAY,FAIRFAX RD & LEISURE,39.08302925,-86.50356017
902057863,2013,7,5,Weekday,200,1-Car,No injury/unknown,ANIMAL/OBJECT IN ROADWAY,37 & SR37S,39.08029605,-86.53782338
902127198,2013,11,5,Weekday,1800,1-Car,No injury/unknown,ANIMAL/OBJECT IN ROADWAY,E FLEENER RD & E HASH,39.08008467,-86.40091001
902122716,2013,11,3,Weekday,700,1-Car,No injury/unknown,ANIMAL/OBJECT IN ROADWAY,OLD STATE ROAD 37 & SR37S,39.07988537,-86.53748218
901971400,2013,2,5,Weekday,2300,1-Car,No injury/unknown,RAN OFF ROAD RIGHT,KOONTZ RD & S HARMONY,39.07924801,-86.62969522
902139245,2013,12,7,Weekend,600,1-Car,No injury/unknown,ROADWAY SURFACE CONDITION,LODGE & ROCKPORT RD,39.07904,-86.594
902031260,2013,5,6,Weekday,1200,1-Car,No injury/unknown,RAN OFF ROAD RIGHT,LODGE & ROCKPORT RD,39.07883089,-86.59434062
902028802,2013,5,6,Weekday,1200,3+ Cars,No injury/unknown,FOLLOWING TOO CLOSELY,LEONARD SPRINGS RD & STATE ROAD 45,39.07854028,-86.58259011
902132009,2013,12,5,Weekday,1200,2-Car,Non-incapacitating,IMPROPER TURNING,CONSTITUTION & LIBERTY DR,39.07720406,-86.5768703
902125998,2013,11,2,Weekday,0,1-Car,Non-incapacitating,RAN OFF ROAD RIGHT,FLUCKMILL & VICTOR PIKE,39.07634285,-86.57097817
901990424,2013,3,1,Weekend,1500,2-Car,No injury/unknown,VIEW OBSTRUCTED,RAMP CREEK & S SHIELDS RDG,39.07623407,-86.46759869
901967356,2013,1,5,Weekday,2000,2-Car,No injury/unknown,LEFT OF CENTER,ALEXIS & FAIRFAX RD,39.07580679,-86.51703022
901955301,2013,1,4,Weekday,800,1-Car,No injury/unknown,RAN OFF ROAD RIGHT,HENNESSEY & ROCKPORT RD,39.07536678,-86.55672021
902116916,2013,11,6,Weekday,700,Bus,No injury/unknown,OTHER (DRIVER) - EXPLAIN IN NARRATIVE,ROCKPORT RD & W EVANS,39.07482334,-86.5988772
902111170,2013,10,5,Weekday,1800,1-Car,Non-incapacitating,SPEED TOO FAST FOR WEATHER CONDITIONS,CHURCH & RAMP CREEK RD,39.07399982,-86.48465739
902107021,2013,10,5,Weekday,1300,2-Car,Non-incapacitating,FAILURE TO YIELD RIGHT OF WAY,S SHIELDS RIDGE RD,39.0735928,-86.45449452
902068745,2013,8,5,Weekday,2000,1-Car,No injury/unknown,ANIMAL/OBJECT IN ROADWAY,EVANS & S ROCKPORT RD,39.07316566,-86.59987956
901967687,2013,2,7,Weekend,800,1-Car,No injury/unknown,SPEED TOO FAST FOR WEATHER CONDITIONS,ROCKPORT RD & TRAMWAY,39.07299727,-86.59276977
902074622,2013,8,4,Weekday,1700,Moped/Motorcycle,No injury/unknown,OTHER (DRIVER) - EXPLAIN IN NARRATIVE,METTATHA DRIVE DR,39.07188797,-86.4967041
902012209,2013,4,1,Weekday,1900,1-Car,No injury/unknown,ANIMAL/OBJECT IN ROADWAY,KETCHAM & SR37S,39.07170868,-86.545372
902017019,2013,5,5,Weekday,1500,2-Car,No injury/unknown,SPEED TOO FAST FOR WEATHER CONDITIONS,SR37N & VERNAL,39.07166916,-86.55998992
902082871,2013,9,3,Weekday,1900,2-Car,Non-incapacitating,FAILURE TO YIELD RIGHT OF WAY,S FAIRFAX RD & SMITHVILLE,39.071152,-86.503088
902018298,2013,5,6,Weekday,1200,2-Car,No injury/unknown,FAILURE TO YIELD RIGHT OF WAY,FAIRFAX & RAMP CREEK RD RD,39.07114112,-86.50317557
901966810,2013,1,5,Weekday,2200,2-Car,No injury/unknown,RAN OFF ROAD RIGHT,SMITHVILLE RD & ZIKES,39.07113992,-86.52535679
901966811,2013,1,5,Weekday,2200,1-Car,No injury/unknown,RAN OFF ROAD RIGHT,E SMITHVILLE RD & ZIKES,39.07113992,-86.52535679
902137878,2013,12,2,Weekday,1600,1-Car,No injury/unknown,RAN OFF ROAD RIGHT,S STRAIN RIDGE RD,39.07112,-86.507008
902035268,2013,6,4,Weekday,1400,2-Car,Non-incapacitating,FOLLOWING TOO CLOSELY,14 & SR45W,39.07110977,-86.50228881
902127156,2013,11,3,Weekday,800,2-Car,No injury/unknown,FAILURE TO YIELD RIGHT OF WAY,SITHVILLE ROAD & STRAIN RIDGE ROAD RD,39.07110974,-86.50704972
901992164,2013,3,4,Weekday,0,1-Car,No injury/unknown,SPEED TOO FAST FOR WEATHER CONDITIONS,MCCORMICK & SMITHVILLE RD,39.07109374,-86.50788183
902055686,2013,7,5,Weekday,1600,2-Car,No injury/unknown,VIEW OBSTRUCTED,SMITHVILLE & SR37S,39.0710907,-86.5088272
902034619,2013,6,3,Weekday,1800,1-Car,Non-incapacitating,UNSAFE SPEED,ROCKPORT RD,39.071088,-86.600928
902078980,2013,9,5,Weekday,700,2-Car,No injury/unknown,OTHER (DRIVER) - EXPLAIN IN NARRATIVE,HIGHWAY 37 SOUTH & SMITHVILLE RD,39.07097027,-86.53639979
902069426,2013,8,1,Weekend,1700,1-Car,Incapacitating,RAN OFF ROAD RIGHT,3555 RAMP CREEK RD & 3555 RAMPCREEK,39.07091847,-86.49124682
902022915,2013,5,2,Weekday,1600,2-Car,No injury/unknown,FOLLOWING TOO CLOSELY,SR37N & VERNAL,39.07084361,-86.56252288
902075765,2013,8,5,Weekday,1600,2-Car,No injury/unknown,FOLLOWING TOO CLOSELY,SR37N & VERNAL,39.07084361,-86.56252288
902044381,2013,6,7,Weekend,2300,1-Car,No injury/unknown,ANIMAL/OBJECT IN ROADWAY,SMITHVILLE RD & SR37,39.07081311,-86.52879767
902010534,2013,4,7,Weekend,2300,1-Car,No injury/unknown,RAN OFF ROAD RIGHT,E SMITHVILLE RD & S BAKERSFIELD,39.07062024,-86.51879037
902097384,2013,9,3,Weekday,700,1-Car,No injury/unknown,ANIMAL/OBJECT IN ROADWAY,FULLERTON & SR37S,39.06939647,-86.57353973
902016026,2013,5,3,Weekday,1300,2-Car,No injury/unknown,FOLLOWING TOO CLOSELY,14 & SR45W,39.06906128,-86.48796844
902120886,2013,11,7,Weekend,300,1-Car,No injury/unknown,OTHER (DRIVER) - EXPLAIN IN NARRATIVE,SOUTH OLD STATE ROAD 37 HWY & WEST GORDON,39.06859794,-86.53134887
902040711,2013,6,7,Weekend,1600,3+ Cars,No injury/unknown,ROADWAY SURFACE CONDITION,BERNICE & FAIRFAX RD,39.06838655,-86.50315137
902138322,2013,12,4,Weekday,800,1-Car,No injury/unknown,ANIMAL/OBJECT IN ROADWAY,SMITHVILLE ROAD & SR37S,39.06830953,-86.5356351
901984735,2013,3,4,Weekday,1200,1-Car,No injury/unknown,RAN OFF ROAD RIGHT,MOFFETT & SOUTH FAIRFAX RD,39.06823903,-86.5178503
901983368,2013,3,2,Weekday,0,2-Car,No injury/unknown,FOLLOWING TOO CLOSELY,SR446S,39.06389125,-86.41435861
902146209,2013,12,6,Weekend,2000,1-Car,No injury/unknown,RAN OFF ROAD RIGHT,CAROWINDS & S FAIRFAX RD,39.06104,-86.498448
901960196,2013,1,1,Weekend,500,1-Car,Non-incapacitating,RAN OFF ROAD RIGHT,E SECOND SANDERS & FAIRFAX RD,39.06099576,-86.51577025
901954822,2013,1,2,Weekday,2100,1-Car,No injury/unknown,ANIMAL/OBJECT IN ROADWAY,FAIRFAX RD & WILL SOWDERS,39.06000003,-86.49855986
902090750,2013,9,6,Weekend,1900,1-Car,Non-incapacitating,OVERCORRECTING/OVERSTEERING,SR37S & W THIRD,39.05885595,-86.53363037
902131751,2013,12,4,Weekday,700,1-Car,No injury/unknown,ANIMAL/OBJECT IN ROADWAY,FAIRFAX & SCOTT LN,39.05699907,-86.50107305
902017185,2013,5,5,Weekday,2100,1-Car,Non-incapacitating,DRIVER ILLNESS,SR37S & ZIKES,39.05688858,-86.52629089
902097819,2013,10,3,Weekday,1800,1-Car,No injury/unknown,ANIMAL/OBJECT IN ROADWAY,SR37S & ZIKES,39.05688858,-86.52629089
901995247,2013,3,3,Weekday,700,1-Car,Non-incapacitating,ROADWAY SURFACE CONDITION,SCOTT & SOUTH FAIRFAX RD,39.05687995,-86.49855986
902116326,2013,11,6,Weekday,1800,1-Car,No injury/unknown,ANIMAL/OBJECT IN ROADWAY,S ZIKES & SR37S,39.05670665,-86.53578801
901969665,2013,2,3,Weekday,600,1-Car,No injury/unknown,ROADWAY SURFACE CONDITION,5185 S FAIR FAX RD & WALNUT STREET,39.05645151,-86.52317
902095199,2013,10,7,Weekend,2200,1-Car,No injury/unknown,DRIVER ASLEEP OR FATIGUED,HARMONEY & SR45W,39.05585861,-86.61649116
901974024,2013,2,3,Weekday,2100,2-Car,No injury/unknown,LEFT OF CENTER,DELSVILLE & S OLD STATE ROAD 37 RD,39.05559242,-86.54152013
902093055,2013,10,4,Weekday,200,1-Car,No injury/unknown,RAN OFF ROAD RIGHT,BURGOON CHURCH & SR446S,39.05301072,-86.4077687
902017266,2013,5,5,Weekday,1000,1-Car,No injury/unknown,OTHER (VEHICLE) - EXPLAIN IN NARRATIVE,SR37S & ZIKES,39.05247711,-86.53584657
902069073,2013,8,7,Weekend,1600,Moped/Motorcycle,Incapacitating,IMPROPER PASSING,ALLENS CREEK & SR446S,39.05043758,-86.4416809
902126003,2013,11,1,Weekday,2300,1-Car,No injury/unknown,RAN OFF ROAD RIGHT,HARMONY RD,39.05023076,-86.60987824
902086272,2013,9,5,Weekday,900,1-Car,No injury/unknown,RAN OFF ROAD RIGHT,ANNE & S STRAIN RIDGE RD,39.04934026,-86.51104018
902068572,2013,8,4,Weekday,1700,1-Car,No injury/unknown,RAN OFF ROAD RIGHT,SOUTH OLD STATE ROAD 37 HWY,39.04816922,-86.54104841
901958883,2013,1,4,Weekday,400,1-Car,No injury/unknown,OVERCORRECTING/OVERSTEERING,ROCKPORT RD & WEST TARKINGTON,39.04703093,-86.61373721
902013034,2013,5,5,Weekday,700,2-Car,No injury/unknown,FOLLOWING TOO CLOSELY,3000 S WALNUT ST & W PINEWOOD,39.04613478,-86.532761
902099419,2013,10,7,Weekend,1800,2-Car,No injury/unknown,UNSAFE BACKING,ZIKES RD,39.0445552,-86.53508484
902042310,2013,6,3,Weekday,600,1-Car,No injury/unknown,RAN OFF ROAD RIGHT,HAYS & SR446S,39.04413864,-86.40735036
902087384,2013,9,6,Weekday,1700,1-Car,No injury/unknown,OTHER (DRIVER) - EXPLAIN IN NARRATIVE,CLEVE BUTCHER & FAIRFAX RD,39.04410097,-86.49121824
902103000,2013,10,7,Weekend,1200,2-Car,No injury/unknown,RAN OFF ROAD RIGHT,SMITHVILLE & STRAIN RIDGE RD,39.03946214,-86.50704972
902051583,2013,7,6,Weekend,2100,1-Car,No injury/unknown,ANIMAL/OBJECT IN ROADWAY,SR37 & ZIKES,39.03901302,-86.53613964
902142019,2013,12,2,Weekday,700,1-Car,No injury/unknown,ROADWAY SURFACE CONDITION,HARRODSBURG & SR37S,39.03740272,-86.54125976
902076355,2013,8,7,Weekend,1100,2-Car,Non-incapacitating,OTHER (DRIVER) - EXPLAIN IN NARRATIVE,EAST POINTE & STRAIN RIDGE RD,39.03492004,-86.51688002
902072632,2013,8,7,Weekend,1600,1-Car,No injury/unknown,OVERCORRECTING/OVERSTEERING,ALLENS CREEK & SR446N,39.03483594,-86.40770344
902076172,2013,8,7,Weekend,1800,1-Car,No injury/unknown,RAN OFF ROAD RIGHT,6400 E ALLENS CREEK RD & SR446,39.03448575,-86.40914126
902051586,2013,7,6,Weekend,1900,2-Car,No injury/unknown,UNSAFE BACKING,S FAIRFAX RD,39.03407288,-86.4906311