Master Record Number,Year,Month,Day,Weekend?,Hour,Collision Type,Injury Type,Primary Factor,Reported_Location,Latitude,Longitude
902142659,2013,12,5,Weekday,1100,1-Car,No injury/unknown,OTHER (VEHICLE) - EXPLAIN IN NARRATIVE,SOUTH POINTE RIDGE LANE RD,39.03360748,-86.50956726
902068823,2013,8,7,Weekend,0,1-Car,No injury/unknown,OTHER (DRIVER) - EXPLAIN IN NARRATIVE,POINTE CLUB DR & POINTE RETREAT,39.03340995,-86.51234976
902077280,2013,8,7,Weekend,900,1-Car,Non-incapacitating,OTHER (VEHICLE) - EXPLAIN IN NARRATIVE,FAIRFAX RD,39.03233573,-86.49001568
901995643,2013,3,4,Weekday,500,1-Car,No injury/unknown,ANIMAL/OBJECT IN ROADWAY,OLD STATE ROAD 37 HWY & ROGERS,39.03227831,-86.54097028
902025917,2013,5,7,Weekend,2200,1-Car,No injury/unknown,RAN OFF ROAD RIGHT,S CHAPEL HILL & SR446S,39.03107759,-86.40754521
902049564,2013,7,4,Weekday,700,2-Car,Non-incapacitating,FOLLOWING TOO CLOSELY,SR37S & TAPP,39.03092026,-86.5544281
902057593,2013,7,5,Weekday,700,1-Car,No injury/unknown,RAN OFF ROAD RIGHT,SNOW RD,39.030752,-86.660672
902007975,2013,4,1,Weekend,0,1-Car,Non-incapacitating,RAN OFF ROAD RIGHT,MONROE LAKE & SR37,39.03041108,-86.53417413
901976770,2013,2,4,Weekday,800,2-Car,No injury/unknown,FOLLOWING TOO CLOSELY,WALNUT ST & WINSLOW,39.03030313,-86.5311098
902072381,2013,8,6,Weekday,500,1-Car,No injury/unknown,RAN OFF ROAD RIGHT,S CHAPEL HILL & SR446S,39.02973795,-86.40788777
902036869,2013,6,7,Weekend,1200,2-Car,No injury/unknown,UNSAFE BACKING,FAIRFAX RD,39.02936116,-86.48948259
902068398,2013,8,4,Weekday,1100,1-Car,Non-incapacitating,RAN OFF ROAD RIGHT,E MORNING GLEN & S STRAIN RIDGE RD,39.02846163,-86.52142892
902014248,2013,5,7,Weekend,2100,2-Car,No injury/unknown,IMPROPER TURNING,S BAY POINTE CT,39.028032,-86.504368
902122028,2013,11,1,Weekend,400,1-Car,Incapacitating,RAN OFF ROAD RIGHT,8768 SOUTH OLD STATE ROAD 37 RD & GORE,39.02641863,-86.5405941
902038530,2013,6,3,Weekday,1800,2-Car,No injury/unknown,FOLLOWING TOO CLOSELY,MONROE DAM & SR37S,39.02545469,-86.53487473
901985662,2013,3,4,Weekday,1900,1-Car,No injury/unknown,ANIMAL/OBJECT IN ROADWAY,MONROE LAKE & SR37,39.02276509,-86.53554222
902089033,2013,9,3,Weekday,1800,Moped/Motorcycle,Non-incapacitating,OTHER (VEHICLE) - EXPLAIN IN NARRATIVE,MONROE DAM RD & SR37S,39.02048111,-86.53836059
902058648,2013,7,1,Weekend,200,1-Car,Non-incapacitating,RAN OFF ROAD RIGHT,MONROE DAM & SR37S,39.02032157,-86.5360806
902134448,2013,12,6,Weekday,1500,2-Car,No injury/unknown,RAN OFF ROAD RIGHT,MONROE DAM RD RD & SR37,39.020048,-86.536096
902115791,2013,11,6,Weekday,1300,2-Car,No injury/unknown,INSECURE/LEAKY LOAD,SR37S & WALNUT,39.01907975,-86.53352355
902117391,2013,11,2,Weekday,500,1-Car,No injury/unknown,ANIMAL/OBJECT IN ROADWAY,MONROE DAM & SR37N,39.01897096,-86.53637182
902054939,2013,7,7,Weekend,1400,2-Car,Incapacitating,DISREGARD SIGNAL/REG SIGN,MONROE DAM RD & STRAIN RIDGE,39.018656,-86.522896
902096564,2013,10,3,Weekday,800,2-Car,No injury/unknown,OVERCORRECTING/OVERSTEERING,MONROE DAM RD & S STRAIN RIDGE,39.018656,-86.522896
902028796,2013,5,6,Weekday,1100,2-Car,No injury/unknown,FAILURE TO YIELD RIGHT OF WAY,MONROE DAM RD & STRAIN RIDGE,39.01851408,-86.52289505
902048857,2013,7,2,Weekday,1100,1-Car,No injury/unknown,TIRE FAILURE OR DEFECTIVE,E MONRE DAM & SR37S,39.01773876,-86.53701591
902070895,2013,8,4,Weekday,700,2-Car,Non-incapacitating,FAILURE TO YIELD RIGHT OF WAY,ROCKPORT & SR37N,39.01723862,-86.59308624
901978266,2013,2,7,Weekend,100,1-Car,No injury/unknown,ANIMAL/OBJECT IN ROADWAY,SR37N & WINERY,39.01717383,-86.52164459
902081854,2013,9,5,Weekday,400,1-Car,No injury/unknown,ANIMAL/OBJECT IN ROADWAY,KETCHAM & THRASHER RD,39.01625606,-86.56601675
902090790,2013,9,6,Weekday,1800,2-Car,No injury/unknown,UNSAFE BACKING,S OLD 37 HWY,39.01391602,-86.5409851
902029799,2013,6,7,Weekend,2000,1-Car,No injury/unknown,UNSAFE SPEED,4TH & HARRODSBURG RD,39.013456,-86.544992
902103245,2013,10,7,Weekend,2000,1-Car,No injury/unknown,RAN OFF ROAD RIGHT,DEPOT HILL & MONROE DAM RD,39.01330009,-86.52369901
902085633,2013,9,4,Weekday,1800,1-Car,No injury/unknown,RAN OFF ROAD RIGHT,S HARRODSBURG RD & W POPCORN,39.012048,-86.545088
902055439,2013,7,7,Weekend,800,1-Car,Non-incapacitating,DRIVER DISTRACTED - EXPLAIN IN NARRATIVE,POPCORN RD & ROCKPORT,39.01173157,-86.56189639
902039195,2013,6,4,Weekday,800,2-Car,No injury/unknown,FOLLOWING TOO CLOSELY,BOTTOM & SR37N,39.01128581,-86.55792236
902137789,2013,12,6,Weekday,1200,2-Car,Non-incapacitating,FOLLOWING TOO CLOSELY,HARRODSBURG & SR37S,39.01107025,-86.54125976
902107616,2013,10,6,Weekday,1700,1-Car,No injury/unknown,,S CHAPEL HILL RD & S ROBERTS,39.01029983,-86.42812771
902011040,2013,4,1,Weekend,1800,1-Car,No injury/unknown,OVERSIZE/OVERWEIGHT LOAD,6464 HARDIN RIDGE RD & HARDIN RIDGE CAMPGROUND,39.00998595,-86.42831135
902136182,2013,12,2,Weekday,1600,1-Car,No injury/unknown,SPEED TOO FAST FOR WEATHER CONDITIONS,E MONROE DAM RD & S VALLEY MISSION,39.009344,-86.510096
901957068,2013,1,1,Weekend,1600,2-Car,No injury/unknown,FAILURE TO YIELD RIGHT OF WAY,MONROE DAM RD & TAILWATER,39.00892004,-86.51796028
902065520,2013,8,7,Weekend,1500,2-Car,No injury/unknown,ANIMAL/OBJECT IN ROADWAY,KETCHAM & POPCORN RD,39.0086723,-86.56489689
902058912,2013,7,7,Weekend,1300,1-Car,No injury/unknown,UNSAFE SPEED,MONROE DAM RD & VALLEY MISSION,39.00721915,-86.51232665
901997282,2013,3,7,Weekend,500,1-Car,No injury/unknown,ANIMAL/OBJECT IN ROADWAY,SR37S & W INGRAM,38.99888231,-86.53733007
902005113,2013,4,2,Weekday,1900,Moped/Motorcycle,Non-incapacitating,RAN OFF ROAD RIGHT,INGRAM & OLD SR 37 HWY,38.99686905,-86.54585944
902063795,2013,8,4,Weekday,700,2-Car,No injury/unknown,FOLLOWING TOO CLOSELY,INGRAM & SR37,38.99686839,-86.54585944
902141258,2013,12,4,Weekday,400,1-Car,Non-incapacitating,ANIMAL/OBJECT IN ROADWAY,INGRAM & SR37N,38.99283996,-86.53725785
901978798,2013,2,5,Weekday,2000,1-Car,No injury/unknown,OTHER (ENVIRONMENTAL) - EXPLAIN IN NARR,INGRAM & SR37S,38.99229065,-86.53725128
902086195,2013,9,1,Weekend,1300,2-Car,No injury/unknown,UNSAFE LANE MOVEMENT,S OLD SR 37 HWY,38.992032,-86.548272
902052478,2013,7,3,Weekday,700,2-Car,No injury/unknown,FAILURE TO YIELD RIGHT OF WAY,INGRAM & SR37S,38.992016,-86.537248
902094967,2013,10,7,Weekend,700,1-Car,Non-incapacitating,RAN OFF ROAD RIGHT,E GUTHRIE RD & KINSER CEMETERY,38.99152928,-86.47079274
902090789,2013,9,5,Weekday,2100,2-Car,No injury/unknown,ANIMAL/OBJECT IN ROADWAY,MONROE DAM & SR37S,38.98887452,-86.53836059
902079687,2013,9,1,Weekend,0,1-Car,No injury/unknown,SPEED TOO FAST FOR WEATHER CONDITIONS,ALLENS CREEK & SR446S,38.97667209,-86.4416809
901967005,2013,2,6,Weekday,1000,2-Car,No injury/unknown,LEFT OF CENTER,IDA & ROCKPORT RD,38.9509972,-86.57448984
902056052,2013,7,1,Weekend,1500,Moped/Motorcycle,Incapacitating,UNSAFE SPEED,ALLENS CREEK & SR446S,38.92398245,-86.4416809
902061934,2013,8,7,Weekend,0,2-Car,No injury/unknown,FAILURE TO YIELD RIGHT OF WAY,3RD & S LIBERTY DR,38.92308989,-86.57913006
902127417,2013,11,2,Weekday,2000,1-Car,No injury/unknown,RAN OFF ROAD RIGHT,E DEPOT HILL & E MONROE DAM RD,38.91144027,-86.52362979
902027927,2013,5,4,Weekday,1400,Moped/Motorcycle,Non-incapacitating,RAN OFF ROAD RIGHT,PEDIGO BAY & VALLEY MISSION RD,38.89825893,-86.50123179
902139674,2013,12,3,Weekday,700,1-Car,No injury/unknown,RAN OFF ROAD RIGHT,BELTHEL & HINKLE RD,38.89519639,-86.50541022
902128120,2013,11,3,Weekday,1800,1-Car,No injury/unknown,ANIMAL/OBJECT IN ROADWAY,CLEVE BUTCHER & FAIRFAX RD,38.88769431,-86.49055011
902017946,2013,5,7,Weekend,1100,2-Car,Incapacitating,LEFT OF CENTER,BREEDEN RD & SR45W,38.87571127,-86.67202971
902143240,2013,12,5,Weekday,1800,1-Car,No injury/unknown,SPEED TOO FAST FOR WEATHER CONDITIONS,MONROE DAM & VALLEY MISSION RD,38.85124447,-86.51009899
902034084,2013,6,1,Weekend,1600,1-Car,No injury/unknown,OBSTRUCTION NOT MARKED,CRUM & MT ZION RD,38.83581811,-86.63793012
902031693,2013,6,4,Weekday,600,1-Car,No injury/unknown,RAN OFF ROAD RIGHT,OLD RICHARDSON & SR446S,38.79539251,-86.43133871
902060462,2013,7,4,Weekday,600,2-Car,Non-incapacitating,LEFT OF CENTER,ROCKEAST & ROCKPORT RD,38.60467516,-86.61335974
901991583,2013,3,3,Weekday,1000,1-Car,No injury/unknown,SPEED TOO FAST FOR WEATHER CONDITIONS,POPCORN & SPRINGVILLE RD,38.57817164,-86.59165231
901956724,2013,1,7,Weekend,1800,1-Car,Non-incapacitating,OTHER (ENVIRONMENTAL) - EXPLAIN IN NARR,MAY & ROCKPORT RD,38.21724831,-86.58670999
902064411,2013,8,5,Weekday,1000,2-Car,Non-incapacitating,FAILURE TO YIELD RIGHT OF WAY,LEONARD SPRINGS RD & MAYBERRY,9.133738701,-86.58265114
901966640,2013,1,5,Weekday,2000,Pedestrian,Non-incapacitating,SPEED TOO FAST FOR WEATHER CONDITIONS,COVENANTER DR & STRATUM,1,1
902004233,2013,4,1,Weekend,1700,1-Car,Non-incapacitating,ANIMAL/OBJECT IN ROADWAY,BEAN BLOSSOM RD & CR4000N,1,1
902102828,2013,10,6,Weekday,1400,Moped/Motorcycle,Incapacitating,OTHER (DRIVER) - EXPLAIN IN NARRATIVE,KYLIE & S HARRELL RD,1,1
902105230,2013,10,6,Weekday,1300,1-Car,Non-incapacitating,ANIMAL/OBJECT IN ROADWAY,SHRINER & SR37S,1,1
901966785,2013,1,5,Weekday,2100,2-Car,No injury/unknown,ROADWAY SURFACE CONDITION,11TH & FEE LN,0,0
901966969,2013,2,6,Weekday,900,2-Car,No injury/unknown,FAILURE TO YIELD RIGHT OF WAY,EASTLAND PLAZA ENTRANCE & S COLLEGE MALL RD,0,0
901967066,2013,2,6,Weekday,900,2-Car,No injury/unknown,SPEED TOO FAST FOR WEATHER CONDITIONS,FULLERTON PIKE & SR37S,0,0
901967513,2013,1,5,Weekday,2200,2-Car,No injury/unknown,ROADWAY SURFACE CONDITION,ROCKPORT RD & STANIFER,0,0
901950722,2013,1,3,Weekday,1200,2-Car,No injury/unknown,UNSAFE BACKING,S CLARIZZ BLVD,0,0
901950909,2013,1,3,Weekday,200,1-Car,No injury/unknown,RAN OFF ROAD RIGHT,WEST POINTE & WOODHILL DR,0,0
901951239,2013,1,3,Weekday,1100,1-Car,No injury/unknown,RAN OFF ROAD RIGHT,DERRETT & NORTH SHORE DR,0,0
901951851,2013,1,4,Weekday,1100,2-Car,No injury/unknown,DRIVER DISTRACTED - EXPLAIN IN NARRATIVE,ARLINGTON ROAD RD & SHELBURNE DRIVE,0,0
901951907,2013,1,5,Weekday,600,2-Car,No injury/unknown,OTHER (DRIVER) - EXPLAIN IN NARRATIVE,WEST 2ND ST,0,0
901951929,2013,1,5,Weekday,700,2-Car,No injury/unknown,OTHER (DRIVER) - EXPLAIN IN NARRATIVE,E MILLER DR,0,0
901952435,2013,1,5,Weekday,1200,2-Car,No injury/unknown,UNSAFE BACKING,S HIGHLAND AVE,0,0
901953555,2013,1,7,Weekend,1900,Bus,No injury/unknown,IMPROPER LANE USAGE,BALFOUR & N JORDAN AVE,0,0
901954495,2013,1,2,Weekday,1300,2-Car,No injury/unknown,IMPROPER LANE USAGE,17TH & MEMORIAL STADIUM DR,0,0
901955358,2013,1,4,Weekday,1500,2-Car,No injury/unknown,,13TH & SUMMIT ST,0,0
901956660,2013,1,7,Weekend,1500,Cyclist,No injury/unknown,FAILURE TO YIELD RIGHT OF WAY,OUTBACK DR & SR46W,0,0
901958848,2013,1,4,Weekday,1600,2-Car,No injury/unknown,FOLLOWING TOO CLOSELY,BLOOMFIELD & RAMP 14 SB SR 37 RAMP,0,0
901961954,2013,1,3,Weekday,2200,2-Car,No injury/unknown,OTHER (DRIVER) - EXPLAIN IN NARRATIVE,10TH ST,0,0
901962216,2013,1,3,Weekday,1300,2-Car,No injury/unknown,FAILURE TO YIELD RIGHT OF WAY,MORTON & UNMARKED ALY,0,0
901962609,2013,1,5,Weekday,1500,2-Car,No injury/unknown,FOLLOWING TOO CLOSELY,NB STATE ROAD 37 OFF RAMP & SR45W,0,0
901963791,2013,1,7,Weekend,1400,2-Car,No injury/unknown,FOLLOWING TOO CLOSELY,NORTH DR TO COLLEGE MALL & S COLLEGE MALL RD,0,0
901964213,2013,1,7,Weekend,2100,1-Car,No injury/unknown,RAN OFF ROAD RIGHT,CUTRIGHT RD,0,0
901965387,2013,1,2,Weekday,1700,2-Car,No injury/unknown,FOLLOWING TOO CLOSELY,FORREST VIEW & N SMITH PIKE,0,0
901966617,2013,1,5,Weekday,2000,2-Car,No injury/unknown,ROADWAY SURFACE CONDITION,DUNN ST & INDIANA,0,0
901970820,2013,2,4,Weekday,1900,2-Car,No injury/unknown,FAILURE TO YIELD RIGHT OF WAY,ALLEY 100 BLK N WALNUT ST & ALLEY 100 BLOCK E KIRKWOOD ALY,0,0
901971483,2013,2,6,Weekday,800,1-Car,No injury/unknown,OTHER (DRIVER) - EXPLAIN IN NARRATIVE,JORDAN & MUSICAL ARTS CENTER DR,0,0
901971889,2013,2,7,Weekend,900,2-Car,No injury/unknown,FOLLOWING TOO CLOSELY,TENTH ST & TULIP TREE,0,0
901972587,2013,2,2,Weekday,800,2-Car,No injury/unknown,FOLLOWING TOO CLOSELY,SR37S,0,0
901973788,2013,1,6,Weekday,500,2-Car,No injury/unknown,UNSAFE BACKING,EAST TO WEST ALY & PARK,0,0
901973813,2013,2,3,Weekday,2100,1-Car,No injury/unknown,RAN OFF ROAD RIGHT,E TULIP TREE & N LOW GAP RD,0,0
901974416,2013,2,6,Weekday,200,2-Car,No injury/unknown,FAILURE TO YIELD RIGHT OF WAY,E 1OTH ST & N LINCOLN,0,0
901999226,2013,4,4,Weekday,1100,1-Car,No injury/unknown,ANIMAL/OBJECT IN ROADWAY,1400 E MAXWELL ST & JORDON,0,0
901975210,2013,2,5,Weekday,900,2-Car,No injury/unknown,FAILURE TO YIELD RIGHT OF WAY,SR45E & VIKINGRIDGE,0,0
901976976,2013,2,4,Weekday,1600,2-Car,No injury/unknown,FOLLOWING TOO CLOSELY,BLOOMFIELD RD & SOUTH BOUND STATE ROAD 37,0,0
901979235,2013,1,5,Weekday,1700,2-Car,No injury/unknown,LEFT OF CENTER,FOGGY MORNING & MONROE DAM RD,0,0
901982163,2013,3,7,Weekend,1800,1-Car,No injury/unknown,RAN OFF ROAD RIGHT,CAMPGROUND & STIPP RD,0,0
901982166,2013,3,7,Weekend,300,2-Car,No injury/unknown,UNSAFE BACKING,RILEY DR,0,0
901983953,2013,3,3,Weekday,1700,1-Car,No injury/unknown,SPEED TOO FAST FOR WEATHER CONDITIONS,INDIANA & NORTH DUNN ST,0,0
901984270,2013,3,4,Weekday,200,3+ Cars,No injury/unknown,SPEED TOO FAST FOR WEATHER CONDITIONS,WEST RILEY  APT I6 DR,0,0
901988464,2013,3,4,Weekday,800,2-Car,No injury/unknown,OTHER (ENVIRONMENTAL) - EXPLAIN IN NARR,10TH ST & ST ROAD 45 46,0,0
901988487,2013,3,4,Weekday,700,1-Car,No injury/unknown,SPEED TOO FAST FOR WEATHER CONDITIONS,37 STATE & COLLEGE AVE,0,0
901991581,2013,3,3,Weekday,1200,2-Car,No injury/unknown,FAILURE TO YIELD RIGHT OF WAY,CAPITAL & SR46W,0,0
901991890,2013,3,3,Weekday,1800,2-Car,No injury/unknown,FOLLOWING TOO CLOSELY,NB SR 37 RAMP 11 RAMP & WEST 3RD,0,0
901995814,2013,3,4,Weekday,1000,2-Car,No injury/unknown,UNSAFE BACKING,HANDY RIDGE RD & RAMP CREEK,0,0
901997411,2013,3,1,Weekend,1700,2-Car,No injury/unknown,UNSAFE BACKING,W RILEY DR,0,0
901998053,2013,4,2,Weekday,1500,2-Car,No injury/unknown,FOLLOWING TOO CLOSELY,RAMP 11 & W 3RD ST,0,0
901998079,2013,4,2,Weekday,1400,2-Car,No injury/unknown,FAILURE TO YIELD RIGHT OF WAY,BLOOMFIELD & LIBERTY DR,0,0
902003265,2013,4,5,Weekday,1700,2-Car,No injury/unknown,FAILURE TO YIELD RIGHT OF WAY,BLOOMFIELD & LIBERTY DR,0,0
902003334,2013,4,6,Weekend,1900,2-Car,No injury/unknown,UNSAFE LANE MOVEMENT,45 46 BYP & EASTGATE,0,0
902003601,2013,4,6,Weekend,2000,2-Car,No injury/unknown,UNSAFE LANE MOVEMENT,SR37N,0,0
902003716,2013,4,5,Weekday,1200,1-Car,No injury/unknown,RAN OFF ROAD RIGHT,SR37S,0,0
902030887,2013,5,6,Weekday,900,2-Car,No injury/unknown,FAILURE TO YIELD RIGHT OF WAY,ALLEY & N DUNN ST,0,0
902031520,2013,5,4,Weekday,1400,1-Car,No injury/unknown,RAN OFF ROAD RIGHT,BOWLEN LANE & ROCKPORT ROAD RD,0,0
902032090,2013,6,5,Weekday,1000,1-Car,No injury/unknown,IMPROPER LANE USAGE,JORDAN & MUSICAL ARTS CENTER CIR,0,0
902033540,2013,6,1,Weekday,2000,2-Car,No injury/unknown,FAILURE TO YIELD RIGHT OF WAY,3000 WEST3RD ST & ON RAMP ST RD 37 SOUTH BOUND,0,0
902004829,2013,4,6,Weekday,1300,2-Car,No injury/unknown,FAILURE TO YIELD RIGHT OF WAY,HOBART & S OLD SR37 HWY,0,0
902005035,2013,4,1,Weekday,2100,2-Car,No injury/unknown,DRIVER DISTRACTED - EXPLAIN IN NARRATIVE,SR46W & UNIONVALLEY,0,0
902007055,2013,4,7,Weekend,1900,2-Car,No injury/unknown,UNSAFE BACKING,FISHER & JORDAN AVE,0,0
902009203,2013,4,5,Weekday,1200,2-Car,No injury/unknown,UNSAFE BACKING,S OLD SR37 HWY,0,0
902010435,2013,4,6,Weekend,2000,2-Car,No injury/unknown,BRAKE FAILURE OR DEFECTIVE,ENTRENCE OF 600 SOUTH LIBERTY & LIBERTY DR,0,0
902010711,2013,1,5,Weekday,1800,2-Car,No injury/unknown,ROADWAY SURFACE CONDITION,COLLEGE AVE & SR37N,0,0
902012925,2013,5,5,Weekday,700,2-Car,No injury/unknown,OTHER (DRIVER) - EXPLAIN IN NARRATIVE,W7TH ST,0,0
902013775,2013,5,6,Weekday,1600,2-Car,No injury/unknown,DISREGARD SIGNAL/REG SIGN,3RD ST & SR37S,0,0
902014219,2013,5,7,Weekend,1900,2-Car,No injury/unknown,BRAKE FAILURE OR DEFECTIVE,3RD ST & RAMP 12,0,0
902014507,2013,5,1,Weekend,1400,2-Car,No injury/unknown,OTHER (DRIVER) - EXPLAIN IN NARRATIVE,HILLSIDE & ROCK CREEK DR,0,0
902014701,2013,5,2,Weekday,200,1-Car,No injury/unknown,RAN OFF ROAD RIGHT,LOSTMANS LN & TRUESDALE,0,0
902016556,2013,5,4,Weekday,1400,1-Car,No injury/unknown,RAN OFF ROAD RIGHT,SR37S,0,0
902020261,2013,5,5,Weekday,0,3+ Cars,No injury/unknown,FAILURE TO YIELD RIGHT OF WAY,BLOOMFIELD RD & LIBERTY,0,0
902020563,2013,5,3,Weekday,1000,2-Car,No injury/unknown,UNSAFE BACKING,OMAHA CROSSING RD & RED ROCK,0,0
902020791,2013,5,5,Weekday,1400,1-Car,No injury/unknown,UNSAFE SPEED,SR37N & STONE MILL RD,0,0
902022952,2013,5,2,Weekday,1500,2-Car,No injury/unknown,FAILURE TO YIELD RIGHT OF WAY,DILLMAN RD & OLD SR37S,0,0
902024620,2013,5,5,Weekday,900,2-Car,No injury/unknown,IMPROPER PASSING,COTA & TAPP RD,0,0
902027622,2013,5,4,Weekday,1100,2-Car,No injury/unknown,UNSAFE BACKING,S CURRY PIKE & W SR 48,0,0
902029418,2013,6,7,Weekend,1600,2-Car,No injury/unknown,OTHER (VEHICLE) - EXPLAIN IN NARRATIVE,EAST STRATIUM WAY,0,0
902037473,2013,6,2,Weekday,1200,2-Car,No injury/unknown,UNSAFE LANE MOVEMENT,BLOOMFIELD & LIBERTY DR,0,0
902067317,2013,8,4,Weekday,700,2-Car,No injury/unknown,OTHER (DRIVER) - EXPLAIN IN NARRATIVE,SR46W & THIRD,0,0
902067897,2013,8,4,Weekday,1200,2-Car,No injury/unknown,FAILURE TO YIELD RIGHT OF WAY,E BUICK CADILLAC & NORTH SOUTH ALY,0,0
902070260,2013,8,2,Weekday,1400,2-Car,No injury/unknown,FAILURE TO YIELD RIGHT OF WAY,SR46E & THIRD,0,0
902044502,2013,6,7,Weekend,1100,2-Car,No injury/unknown,FOLLOWING TOO CLOSELY,SR37S,0,0
902047424,2013,7,6,Weekday,1200,2-Car,No injury/unknown,,E MCCRACKEN WAY,0,0
902048107,2013,7,6,Weekend,1900,2-Car,No injury/unknown,OTHER (DRIVER) - EXPLAIN IN NARRATIVE,N NORWAY & S SMITH PIKE,0,0
902048587,2013,7,2,Weekday,1000,1-Car,No injury/unknown,UNSAFE SPEED,2ND & BASSWOOD DR,0,0
902049674,2013,7,6,Weekday,1300,1-Car,No injury/unknown,RAN OFF ROAD RIGHT,KETCHUM ROUND ABOUT & SMITHVILLE RD,0,0
902050801,2013,7,6,Weekday,800,1-Car,No injury/unknown,UNSAFE BACKING,FOREST EAST PARKING DR & UNIVERSITY APTS E,0,0
902053069,2013,6,4,Weekday,0,2-Car,No injury/unknown,,,0,0
902054500,2013,7,6,Weekday,1100,2-Car,No injury/unknown,FAILURE TO YIELD RIGHT OF WAY,3400 W STATE 45 RD & WALMART,0,0
902055133,2013,7,7,Weekend,800,1-Car,No injury/unknown,TIRE FAILURE OR DEFECTIVE,CURRY & UNKNOWN RD,0,0
902055780,2013,7,2,Weekday,800,2-Car,No injury/unknown,UNSAFE BACKING,READ N CIRCLE & WRIGHT EDUCATION NW SERVICE DR,0,0
902058236,2013,7,5,Weekday,1700,1-Car,No injury/unknown,RAN OFF ROAD RIGHT,FULLERTON PIKE & SOUTH MONROE MEDICAL,0,0
902058872,2013,7,7,Weekend,300,1-Car,No injury/unknown,ROADWAY SURFACE CONDITION,4303 S SR446 HWY & PINE GOVE,0,0
902061456,2013,8,6,Weekday,700,1-Car,No injury/unknown,RAN OFF ROAD RIGHT,BLK E KNOLLWOOD CIR,0,0
902062030,2013,8,7,Weekend,1800,2-Car,No injury/unknown,FAILURE TO YIELD RIGHT OF WAY,10TH ST & TULIP TREE,0,0
902064857,2013,8,6,Weekday,900,2-Car,No injury/unknown,UNSAFE BACKING,JORDAN & WRIGHT QUAD CIRCLE DR,0,0
902072276,2013,8,6,Weekday,1500,Bus,No injury/unknown,IMPROPER TURNING,17TH ST & GATE 2,0,0
902072424,2013,8,7,Weekend,500,1-Car,No injury/unknown,RAN OFF ROAD RIGHT,HEDRICK & RED HILL RD,0,0
902080424,2013,9,1,Weekday,2000,1-Car,No injury/unknown,ANIMAL/OBJECT IN ROADWAY,LAMPKINS & SR446S,0,0
902084707,2013,9,3,Weekday,900,1-Car,No injury/unknown,OTHER (DRIVER) - EXPLAIN IN NARRATIVE,900 E 7TH STREET (SOUTH DRIVE) AVE & KIRKWOOD,0,0
902084867,2013,9,3,Weekday,1500,2-Car,No injury/unknown,FOLLOWING TOO CLOSELY,SR45W,0,0
902086575,2013,9,6,Weekday,1400,1-Car,No injury/unknown,SPEED TOO FAST FOR WEATHER CONDITIONS,SR 37 ENTERANCE & WHITEHALL CROSSING BLVD,0,0
902086779,2013,9,6,Weekday,1700,2-Car,No injury/unknown,FAILURE TO YIELD RIGHT OF WAY,BLOOMFIELD & LIBERTY DR,0,0
902087779,2013,9,2,Weekday,800,Bus,No injury/unknown,OTHER (ENVIRONMENTAL) - EXPLAIN IN NARR,EDGEWOOD & POPLAR DR,0,0
902088310,2013,9,2,Weekday,1800,2-Car,No injury/unknown,FAILURE TO YIELD RIGHT OF WAY,E GRANT & S LINCOLN ST,0,0
902089031,2013,9,6,Weekday,1700,2-Car,No injury/unknown,OTHER (DRIVER) - EXPLAIN IN NARRATIVE,FORRESTPARK & SMITH PIKE,0,0
902089764,2013,9,4,Weekday,1300,2-Car,No injury/unknown,FAILURE TO YIELD RIGHT OF WAY,W GRIFFITH & W WOODYARD RD,0,0
902090927,2013,9,6,Weekday,1300,2-Car,No injury/unknown,DISREGARD SIGNAL/REG SIGN,ENTRANCE TO WHITE CASTLE & JACOB DR,0,0
902090945,2013,9,6,Weekday,1400,1-Car,No injury/unknown,INSECURE/LEAKY LOAD,SB RAMP TO SR 37 FROM 3RD ST & SR37S,0,0
902091298,2013,9,1,Weekend,900,1-Car,No injury/unknown,RAN OFF ROAD RIGHT,BOLTINGHOUSE & LENTZ RD,0,0
902091558,2013,9,1,Weekend,1700,2-Car,No injury/unknown,FAILURE TO YIELD RIGHT OF WAY,OLIVER WINERY & SR37N,0,0
902091762,2013,9,2,Weekday,800,2-Car,No injury/unknown,FOLLOWING TOO CLOSELY,OAKLAWN & S SARE RD,0,0
902092105,2013,9,2,Weekday,1300,1-Car,No injury/unknown,RAN OFF ROAD RIGHT,N OLD STATE & WHISNAND RD,0,0
902093076,2013,9,2,Weekday,1300,2-Car,No injury/unknown,FOLLOWING TOO CLOSELY,SR446S & UNNAME ROAD,0,0
902096555,2013,10,3,Weekday,1100,Bus,No injury/unknown,IMPROPER TURNING,2200 E 1OTH ST & N JEFFERSON,0,0
902097118,2013,10,4,Weekday,500,1-Car,No injury/unknown,ANIMAL/OBJECT IN ROADWAY,ENRIGHT & SR46W,0,0
902101647,2013,10,4,Weekday,2200,2-Car,No injury/unknown,DRIVER DISTRACTED - EXPLAIN IN NARRATIVE,2721 GARDEN PATH & E ROCKWELD,0,0
902101710,2013,10,4,Weekday,500,1-Car,No injury/unknown,ANIMAL/OBJECT IN ROADWAY,HARTS STRAIT & SR46W,0,0
902103607,2013,10,7,Weekend,2300,2-Car,No injury/unknown,FAILURE TO YIELD RIGHT OF WAY,N THOMAS RD & RATLIFF,0,0
902103928,2013,10,2,Weekday,900,2-Car,No injury/unknown,FAILURE TO YIELD RIGHT OF WAY,SR37N,0,0
902129498,2013,11,4,Weekday,900,1-Car,No injury/unknown,ANIMAL/OBJECT IN ROADWAY,S CURRY PIKE & SR46W,0,0
902130282,2013,11,4,Weekday,2100,2-Car,No injury/unknown,FAILURE TO YIELD RIGHT OF WAY,,0,0
902130650,2013,12,3,Weekday,400,1-Car,No injury/unknown,OTHER (ENVIRONMENTAL) - EXPLAIN IN NARR,IU FOUNDATION & SR46E,0,0
902105917,2013,10,5,Weekday,1200,2-Car,No injury/unknown,FAILURE TO YIELD RIGHT OF WAY,2ND & LANDMARK AVE,0,0
902106377,2013,10,6,Weekday,0,2-Car,No injury/unknown,OTHER (DRIVER) - EXPLAIN IN NARRATIVE,CAMPBELL PARK & HARTSTRIGHT RD,0,0
902106427,2013,10,5,Weekday,1300,2-Car,No injury/unknown,ROADWAY SURFACE CONDITION,SR37N,0,0