Master Record Number,Year,Month,Day,Weekend?,Hour,Collision Type,Injury Type,Primary Factor,Reported_Location,Latitude,Longitude
901773502,2012,2,5,Weekday,1700,2-Car,No injury/unknown,FOLLOWING TOO CLOSELY,RED HILL & SR46W,39.24597669,-86.64218588
901894584,2012,9,4,Weekday,1500,2-Car,No injury/unknown,IMPROPER LANE USAGE,RED HILL & SR46W,39.245744,-86.636896
901950429,2012,12,2,Weekday,1300,1-Car,No injury/unknown,RAN OFF ROAD RIGHT,BARBARA & W MAPLE GROVE RD,39.245744,-86.633296
901884736,2012,9,7,Weekend,1600,2-Car,No injury/unknown,DRIVER DISTRACTED - EXPLAIN IN NARRATIVE,REDHILL & SR46W,39.24574032,-86.63658982
901773405,2012,2,1,Weekend,1200,1-Car,Non-incapacitating,RAN OFF ROAD RIGHT,N MATTHEWS DR & W MAPLE GROVE,39.245408,-86.6204
901841370,2012,6,5,Weekday,1600,Cyclist,Non-incapacitating,IMPROPER TURNING,MAPLE GROVE RD & RIDGEWAY,39.24514268,-86.61407103
901933284,2012,12,1,Weekend,0,2-Car,No injury/unknown,SPEED TOO FAST FOR WEATHER CONDITIONS,ALLENS CREEK & SR446S,39.24475376,-86.40827083
901888670,2012,9,6,Weekday,1500,2-Car,No injury/unknown,OTHER (DRIVER) - EXPLAIN IN NARRATIVE,CONNAUGHT & SR37N,39.24465001,-86.53384029
901937922,2012,12,3,Weekday,1400,1-Car,No injury/unknown,FOLLOWING TOO CLOSELY,CONNAUGHT & SR37N,39.24464872,-86.53384058
901838841,2012,6,7,Weekend,1900,2-Car,No injury/unknown,LEFT OF CENTER,FAIRFAX RD & POINTE,39.24325529,-86.49009011
901805123,2012,4,1,Weekday,2000,2-Car,No injury/unknown,FOLLOWING TOO CLOSELY,BUSINESS OLD STATE ROAD 37 HWY & NORTH OLD STATE ROAD 37,39.241744,-86.499088
901873612,2012,8,6,Weekend,2100,1-Car,No injury/unknown,ANIMAL/OBJECT IN ROADWAY,KNIGHTRIDGE & SR446 RD,39.24153652,-86.45681999
901844276,2012,6,2,Weekday,1300,2-Car,No injury/unknown,UNSAFE BACKING,HOLLY & PERRY DR,39.240752,-86.604896
901827161,2012,5,7,Weekend,1600,Moped/Motorcycle,Non-incapacitating,RAN OFF ROAD RIGHT,RICHARDSON & SR45E,39.23984,-86.387696
901900755,2012,10,1,Weekend,100,1-Car,No injury/unknown,RAN OFF ROAD RIGHT,N RICHARDSON & SR45E,39.23984,-86.387696
901914850,2012,10,5,Weekday,1100,Moped/Motorcycle,Non-incapacitating,RAN OFF ROAD RIGHT,RICHARDSON & SR45E,39.23984,-86.387696
901835268,2012,6,2,Weekday,1000,2-Car,No injury/unknown,SPEED TOO FAST FOR WEATHER CONDITIONS,BOLTINGHOUSE RD & OLD 37 NORTH STATE,39.23974022,-86.49922706
901933061,2012,12,2,Weekday,500,1-Car,No injury/unknown,RAN OFF ROAD RIGHT,HARTSTRAIT RD & W VERNAL,39.23967209,-86.6112703
901842352,2012,6,7,Weekend,500,1-Car,No injury/unknown,RAN OFF ROAD RIGHT,SR45 & SR45N,39.238144,-86.372192
901857218,2012,7,5,Weekday,1700,2-Car,No injury/unknown,UNSAFE BACKING,CEDAR & POPLAR DR,39.23782982,-86.63873693
901755172,2012,1,2,Weekday,1700,2-Car,No injury/unknown,ROADWAY SURFACE CONDITION,MCNEELY ST & UNION VALLEY,39.23749991,-86.59277983
901827756,2012,5,7,Weekend,1800,Moped/Motorcycle,Non-incapacitating,ROADWAY SURFACE CONDITION,N UNION VALLEY & W MCNEELY ST,39.23749936,-86.59271485
901798819,2012,3,2,Weekday,1600,Bus,No injury/unknown,UNSAFE BACKING,ALLEN & KELLI ST,39.237376,-86.626816
901766576,2012,1,1,Weekend,1400,1-Car,No injury/unknown,RAN OFF ROAD RIGHT,BOTTOM & WOODALL RD,39.23718886,-86.57690669
901789012,2012,3,3,Weekday,700,2-Car,No injury/unknown,UNSAFE BACKING,SOUTH EDGEWOOD DR,39.2364,-86.631248
901829382,2012,5,2,Weekday,1900,Bus,No injury/unknown,UNSAFE BACKING,EDGEWOOD DR,39.2364,-86.631248
901838676,2012,6,7,Weekend,1200,2-Car,No injury/unknown,UNSAFE BACKING,S EDGEWOOD DR,39.2364,-86.631248
901925713,2012,11,1,Weekend,1500,Moped/Motorcycle,Incapacitating,OTHER (DRIVER) - EXPLAIN IN NARRATIVE,EDGEWOOD DR DR,39.2364,-86.631248
901835345,2012,6,1,Weekend,1800,2-Car,No injury/unknown,UNSAFE LANE MOVEMENT,SR37 & SR46E,39.23628727,-86.62833507
901758350,2012,1,2,Weekday,500,2-Car,No injury/unknown,OTHER (DRIVER) - EXPLAIN IN NARRATIVE,MAIN ST & MATTHEWS,39.236096,-86.625168
901758860,2012,1,3,Weekday,1700,2-Car,No injury/unknown,DISREGARD SIGNAL/REG SIGN,MAIN ST & MATTHEWS,39.236096,-86.625168
901924333,2012,11,6,Weekend,1900,1-Car,No injury/unknown,RAN OFF ROAD RIGHT,ALFRED & MT TABOR RDS,39.23607938,-86.62537001
901879671,2012,8,4,Weekday,1500,1-Car,Non-incapacitating,STEERING FAILURE,ASSOCIATION ST & S EDGEWOOD DRIVE DR,39.235952,-86.629696
901800678,2012,3,6,Weekday,0,2-Car,No injury/unknown,UNSAFE BACKING,VINE ST,39.235728,-86.626032
901788829,2012,3,6,Weekend,2200,2-Car,Non-incapacitating,FOLLOWING TOO CLOSELY,MAIN & SALE ST,39.23492968,-86.62342004
901859589,2012,7,7,Weekend,1000,2-Car,No injury/unknown,FAILURE TO YIELD RIGHT OF WAY,SALE & SR46W,39.23492968,-86.62342004
901780498,2012,2,7,Weekend,1200,2-Car,Non-incapacitating,DISREGARD SIGNAL/REG SIGN,MATTHEWS & SR46W,39.234768,-86.626384
901941425,2012,12,2,Weekday,1500,2-Car,No injury/unknown,FAILURE TO YIELD RIGHT OF WAY,MATTHEWS & SR46W,39.234768,-86.626384
901876520,2012,8,5,Weekday,2000,2-Car,No injury/unknown,DRIVER DISTRACTED - EXPLAIN IN NARRATIVE,SALE & VINE ST,39.234384,-86.624064
901931878,2012,12,7,Weekend,1900,1-Car,Non-incapacitating,OTHER (DRIVER) - EXPLAIN IN NARRATIVE,N CENTENNIAL DR,39.234288,-86.62072
901857219,2012,7,5,Weekday,2200,2-Car,No injury/unknown,OTHER (DRIVER) - EXPLAIN IN NARRATIVE,WEST TEMPERANCE ST,39.23388965,-86.62482149
901775623,2012,2,5,Weekday,1600,2-Car,No injury/unknown,IMPROPER TURNING,N SALE & W TEMPERANCE ST,39.23384,-86.624704
901825021,2012,5,4,Weekday,700,2-Car,No injury/unknown,FAILURE TO YIELD RIGHT OF WAY,SALE & SR46W,39.23384,-86.624704
901868570,2012,8,3,Weekday,700,Moped/Motorcycle,Non-incapacitating,FOLLOWING TOO CLOSELY,SALE & SR46E,39.23384,-86.624704
901883971,2012,9,6,Weekday,800,2-Car,No injury/unknown,FOLLOWING TOO CLOSELY,SALE ST & SR46,39.23384,-86.624704
901925047,2012,11,1,Weekend,1200,1-Car,No injury/unknown,ANIMAL/OBJECT IN ROADWAY,6166 N SHUFFLE CREEK RD RD & SR45,39.23380885,-86.41213936
901932215,2012,12,1,Weekend,1700,2-Car,No injury/unknown,FAILURE TO YIELD RIGHT OF WAY,SALE & TEMPERANCE ST,39.23376024,-86.62471018
901801148,2012,4,1,Weekend,1100,2-Car,No injury/unknown,UNSAFE LANE MOVEMENT,SALE ST & SR46E,39.23374889,-86.62457188
901906068,2012,10,5,Weekday,900,2-Car,No injury/unknown,OTHER (DRIVER) - EXPLAIN IN NARRATIVE,SALE ST & SR46W,39.23374889,-86.62457188
901856062,2012,7,1,Weekend,1700,1-Car,No injury/unknown,RAN OFF ROAD RIGHT,UNION VALLEY RD,39.23346721,-86.59271612
901778670,2012,2,2,Weekday,2200,2-Car,No injury/unknown,FAILURE TO YIELD RIGHT OF WAY,FOURTH & TEMPERANCE ST,39.23317015,-86.62389876
901851979,2012,7,4,Weekday,1800,2-Car,No injury/unknown,UNSAFE SPEED,BOTTOM RD & STATE ROAD 37,39.23277989,-86.54191978
901833228,2012,5,3,Weekday,500,2-Car,No injury/unknown,IMPROPER LANE USAGE,SR37 & SR46E,39.232688,-86.623056
901940233,2012,12,7,Weekend,700,1-Car,No injury/unknown,OVERCORRECTING/OVERSTEERING,3600 BLK N KINSER PIKE & W CLUB HOUSE,39.23257907,-86.54285612
901761300,2012,1,7,Weekend,400,1-Car,No injury/unknown,,N WALNUT ST,39.232544,-86.540704
901772412,2012,2,5,Weekday,400,2-Car,No injury/unknown,,N WALNUT ST,39.232544,-86.540704
901865928,2012,8,5,Weekday,2200,2-Car,No injury/unknown,OTHER (DRIVER) - EXPLAIN IN NARRATIVE,N WALNUT ST,39.232544,-86.540704
901916342,2012,11,1,Weekend,900,1-Car,No injury/unknown,UNSAFE SPEED,N WALNUT ST,39.232544,-86.540704
901930649,2012,11,5,Weekday,900,2-Car,No injury/unknown,,N WALNUT ST,39.232544,-86.540704
901932004,2012,12,1,Weekend,1000,2-Car,No injury/unknown,FAILURE TO YIELD RIGHT OF WAY,N WALNUT ST,39.232544,-86.540704
901942825,2012,12,4,Weekday,1700,Bus,No injury/unknown,IMPROPER TURNING,N WALNUT ST,39.232544,-86.540704
901817623,2012,5,3,Weekday,1800,1-Car,No injury/unknown,DRIVER ILLNESS,OLD MYERS & OLD STATE ROAD 37 RD,39.23183978,-86.50635972
901840307,2012,6,3,Weekday,1600,2-Car,No injury/unknown,FAILURE TO YIELD RIGHT OF WAY,STARNES & W REEVES RD,39.231536,-86.6588
901905782,2012,5,2,Weekday,1600,2-Car,No injury/unknown,FAILURE TO YIELD RIGHT OF WAY,1 ST & 1 ST ST,39.23136033,-86.62127025
901910227,2012,10,7,Weekend,1000,1-Car,No injury/unknown,UNSAFE BACKING,W REEVES RD,39.2313382,-86.64146728
901866799,2012,8,7,Weekend,1000,2-Car,No injury/unknown,CELL PHONE USAGE,RAUBS LN & REEVES,39.23128,-86.635728
901948915,2012,12,6,Weekday,1600,Moped/Motorcycle,No injury/unknown,FOLLOWING TOO CLOSELY,BURKS & WALNUT STREET PIKE,39.23120902,-86.5267197
901906401,2012,10,4,Weekday,0,1-Car,No injury/unknown,ANIMAL/OBJECT IN ROADWAY,TANGLEWOOD & UNION VALLEY RD,39.23120007,-86.59276977
901933884,2012,12,3,Weekday,1400,1-Car,No injury/unknown,OTHER (ENVIRONMENTAL) - EXPLAIN IN NARR,SALE STREET & THOMNAS RD RD,39.231152,-86.6308
901842253,2012,6,7,Weekend,1600,2-Car,No injury/unknown,UNSAFE SPEED,MOUNT GILEAD & SR45E,39.23075447,-86.42374287
901837158,2012,6,4,Weekday,2300,1-Car,No injury/unknown,ANIMAL/OBJECT IN ROADWAY,MOUNT GILEAD & SR45E,39.230752,-86.424096
901896130,2012,10,2,Weekday,500,1-Car,Non-incapacitating,RAN OFF ROAD RIGHT,SHUFFLE CREEK RD & SR45,39.23022654,-86.4160862
901762492,2012,1,2,Weekday,2300,1-Car,No injury/unknown,SPEED TOO FAST FOR WEATHER CONDITIONS,SR45E & TUNNEL RD,39.230048,-86.4316
901876487,2012,8,4,Weekday,2000,2-Car,No injury/unknown,IMPROPER TURNING,PAUL & SR46W,39.230043,-86.61933147
901946378,2012,12,3,Weekday,1400,1-Car,No injury/unknown,RAN OFF ROAD RIGHT,SALE & THOMAS RD,39.22979014,-86.63057559
901804253,2012,4,1,Weekend,1300,2-Car,No injury/unknown,FAILURE TO YIELD RIGHT OF WAY,1ST ST & RITTER,39.229424,-86.623584
901868871,2012,8,4,Weekday,1700,2-Car,No injury/unknown,FOLLOWING TOO CLOSELY,SR37S & VERNAL,39.22934843,-86.56233005
901821496,2012,5,3,Weekday,1300,2-Car,Non-incapacitating,OTHER (DRIVER) - EXPLAIN IN NARRATIVE,PARK & SR46W,39.22934443,-86.61844254
901876809,2012,8,5,Weekday,1300,1-Car,No injury/unknown,IMPROPER PASSING,W 3RD ST,39.228944,-86.627504
901845655,2012,6,6,Weekday,0,Moped/Motorcycle,Incapacitating,UNSAFE SPEED,HARTSTRAIT & SR46W,39.22891227,-86.61743403
901868471,2012,8,3,Weekday,2000,1-Car,No injury/unknown,UNSAFE SPEED,MOUNT GILEAD ROAD & SR45W,39.22847732,-86.43336704
901923321,2012,11,5,Weekday,1200,2-Car,No injury/unknown,UNSAFE BACKING,PAUL STREET ST & SR46,39.2280936,-86.6213
901854891,2012,7,4,Weekday,1600,2-Car,No injury/unknown,OTHER (DRIVER) - EXPLAIN IN NARRATIVE,WEST 2ND ST,39.228048,-86.626352
901948789,2012,12,6,Weekday,1500,2-Car,No injury/unknown,FAILURE TO YIELD RIGHT OF WAY,KINSER & SR46W,39.22796249,-86.54624938
901944549,2012,12,6,Weekday,1800,2-Car,Non-incapacitating,FOLLOWING TOO CLOSELY,KINSER & SR4546E,39.22796249,-86.54622342
901861824,2012,7,6,Weekend,1900,2-Car,No injury/unknown,BRAKE FAILURE OR DEFECTIVE,HARTSTRAIT & TEMPERANCE ST ST,39.2276627,-86.61593307
901757073,2012,1,6,Weekday,1700,2-Car,Non-incapacitating,FOLLOWING TOO CLOSELY,HARTSTRAIT & SR46W,39.22766022,-86.61594003
901907034,2012,10,6,Weekend,1900,2-Car,No injury/unknown,UNSAFE SPEED,HARTSTRAIT & SR46W,39.22766022,-86.61594003
901915016,2012,8,5,Weekday,1400,2-Car,No injury/unknown,OTHER (DRIVER) - EXPLAIN IN NARRATIVE,HARSTRAIT & SR46W,39.22766022,-86.61594003
901915017,2012,11,5,Weekday,2200,1-Car,No injury/unknown,ANIMAL/OBJECT IN ROADWAY,HARTSTRAIT & SR46,39.22766022,-86.61594003
901907013,2012,10,6,Weekday,1600,2-Car,No injury/unknown,UNSAFE SPEED,HARTSTRAIT & SR46W,39.22766022,-86.61593137
901816110,2012,4,2,Weekday,1000,2-Car,Non-incapacitating,DRIVER DISTRACTED - EXPLAIN IN NARRATIVE,HARTSTRAIT & SR46W,39.22761992,-86.6158998
901885408,2012,9,2,Weekday,800,1-Car,No injury/unknown,ANIMAL/OBJECT IN ROADWAY,ACUFF & MAPLE GROVE RD,39.22757115,-86.55750006
901872204,2012,8,3,Weekday,1100,1-Car,Non-incapacitating,OTHER (VEHICLE) - EXPLAIN IN NARRATIVE,OLD MYERS RD,39.22653034,-86.49008274
901821704,2012,5,4,Weekday,2300,3+ Cars,No injury/unknown,OTHER (VEHICLE) - EXPLAIN IN NARRATIVE,E OLD MEYERS RD,39.2262809,-86.48928344
901761274,2012,1,6,Weekday,500,1-Car,No injury/unknown,RAN OFF ROAD RIGHT,MATHEWS DR & MT TABOR,39.22553498,-86.6206701
901758308,2012,1,2,Weekday,1700,1-Car,Non-incapacitating,RAN OFF ROAD RIGHT,TECUMSEH & THOMAS RD,39.22504499,-86.63051743
901916362,2012,11,7,Weekend,1400,2-Car,No injury/unknown,UNSAFE BACKING,OLD STATE ROAD 37 HWY,39.22483609,-86.5163814
901755879,2012,1,4,Weekday,1200,1-Car,No injury/unknown,DRIVER DISTRACTED - EXPLAIN IN NARRATIVE,CHESTER & CHESTER DRIVE DR,39.2244,-86.621088
901943579,2012,12,5,Weekday,2100,2-Car,No injury/unknown,OTHER (ENVIRONMENTAL) - EXPLAIN IN NARR,DEER RUN DR & TECUMSEH ST,39.22344359,-86.62104627
901838677,2012,6,7,Weekend,1300,2-Car,Non-incapacitating,FOLLOWING TOO CLOSELY,CAPITOL & SR46W,39.22331055,-86.60925865
901905756,2012,10,4,Weekday,1700,2-Car,No injury/unknown,FOLLOWING TOO CLOSELY,FRITZ & WALNUT ST,39.22312501,-86.53308995
901815568,2012,4,7,Weekend,1200,1-Car,No injury/unknown,SPEED TOO FAST FOR WEATHER CONDITIONS,N KINSER PIKE,39.222752,-86.550096
901824132,2012,5,2,Weekday,1700,2-Car,No injury/unknown,OTHER (VEHICLE) - EXPLAIN IN NARRATIVE,N KINSER PIKE,39.222752,-86.550096
901839645,2012,6,2,Weekday,1700,2-Car,No injury/unknown,UNSAFE BACKING,N KINSER PIKE,39.222752,-86.550096
901788898,2012,3,3,Weekday,1700,2-Car,Non-incapacitating,FOLLOWING TOO CLOSELY,NORTH OLD STATE ROAD 37 RD & WHISNAND,39.222544,-86.5172
901880261,2012,8,5,Weekday,1900,1-Car,No injury/unknown,IMPROPER PASSING,OLD STATE ROAD 37 & WHISNAND ROAD,39.222544,-86.5172
901765593,2012,1,6,Weekend,2300,1-Car,No injury/unknown,ROADWAY SURFACE CONDITION,NORTH SMITH PIKE & WOODYARD,39.22238412,-86.58310979
901875604,2012,8,2,Weekday,700,1-Car,No injury/unknown,SPEED TOO FAST FOR WEATHER CONDITIONS,PINEGROVE & SR446N,39.22215499,-86.42868027
901933528,2012,12,3,Weekday,1100,2-Car,No injury/unknown,FAILURE TO YIELD RIGHT OF WAY,LAKEVIEW & SR46W,39.22148334,-86.60616326
901806688,2012,4,5,Weekday,800,2-Car,No injury/unknown,OTHER (VEHICLE) - EXPLAIN IN NARRATIVE,CUSTER ST ST,39.22146559,-86.62532918
901874540,2012,8,2,Weekday,1000,1-Car,No injury/unknown,OTHER (DRIVER) - EXPLAIN IN NARRATIVE,17TH & 701 E 17TH (E ACCESS DR) ST,39.22128576,-86.53349103
901764768,2012,1,5,Weekday,1300,2-Car,Non-incapacitating,FOLLOWING TOO CLOSELY,LAKEVIEW & SR46W,39.22123484,-86.60574082
901767701,2012,1,3,Weekday,1600,2-Car,No injury/unknown,FAILURE TO YIELD RIGHT OF WAY,LAKEVIEW & SR46W,39.221152,-86.6056
901936888,2012,12,1,Weekend,1300,1-Car,No injury/unknown,SPEED TOO FAST FOR WEATHER CONDITIONS,HARBISON & HARTSTRAIGHT RD,39.220944,-86.612192
901879719,2012,8,4,Weekday,1400,2-Car,Non-incapacitating,DRIVER DISTRACTED - EXPLAIN IN NARRATIVE,EAST COX & SR45E,39.22012454,-86.44274395
901934897,2012,12,3,Weekday,1500,2-Car,No injury/unknown,UNSAFE LANE MOVEMENT,LOVE & SR46W,39.22005121,-86.6037376
901800181,2012,3,3,Weekday,2000,1-Car,No injury/unknown,ANIMAL/OBJECT IN ROADWAY,KINSER & SR37N,39.22003082,-86.55081748
901943593,2012,12,5,Weekday,2100,2-Car,No injury/unknown,ROADWAY SURFACE CONDITION,SR37N & VERNAL,39.21975992,-86.55998992
901877719,2012,8,7,Weekend,300,1-Car,No injury/unknown,RAN OFF ROAD RIGHT,BOLTINGHOUSE RD & OLD MYERS,39.21972147,-86.47278796
901756998,2012,1,6,Weekday,800,2-Car,No injury/unknown,VIEW OBSTRUCTED,SR45E,39.21936967,-86.44920774
901946252,2012,12,1,Weekend,1300,1-Car,No injury/unknown,RAN OFF ROAD RIGHT,SR45E,39.21936967,-86.44920774
901823510,2012,5,2,Weekday,500,1-Car,No injury/unknown,ANIMAL/OBJECT IN ROADWAY,KINSER & SR37N,39.21881363,-86.55163494
901782563,2012,2,3,Weekday,2000,1-Car,No injury/unknown,RAN OFF ROAD RIGHT,SR37N & SR46,39.21877162,-86.5550103
901917663,2012,11,3,Weekday,900,2-Car,No injury/unknown,FAILURE TO YIELD RIGHT OF WAY,LOVE LN & SR46W,39.21865316,-86.60146093
901893836,2012,9,3,Weekday,1700,2-Car,No injury/unknown,UNSAFE LANE MOVEMENT,N UNION VALLEY RD & W WILLOW,39.21811614,-86.59269156
901817689,2012,5,4,Weekday,1600,2-Car,No injury/unknown,FAILURE TO YIELD RIGHT OF WAY,DANIELS WAY & STATE ROAD 48,39.21770267,-86.59910984
901912945,2012,10,2,Weekday,800,2-Car,No injury/unknown,FOLLOWING TOO CLOSELY,NORTH RIDGEWOOD & SR46W,39.21727209,-86.59905517
901910560,2012,10,3,Weekday,1700,2-Car,No injury/unknown,OTHER (DRIVER) - EXPLAIN IN NARRATIVE,RATLIFF RD & STARNES,39.2168697,-86.65871992
901757566,2012,1,7,Weekend,1700,2-Car,No injury/unknown,UNSAFE BACKING,ARDSLEY DR & WHITERIVER,39.21684019,-86.58715993
901868563,2012,8,4,Weekday,800,Moped/Motorcycle,Non-incapacitating,FAILURE TO YIELD RIGHT OF WAY,BRIAR GATE & SR46W,39.21681897,-86.59710288
901783909,2012,2,7,Weekend,1600,1-Car,No injury/unknown,BRAKE FAILURE OR DEFECTIVE,RICHLAND PLAZA PLZ,39.21678185,-86.59311778
901853128,2012,7,3,Weekday,800,1-Car,No injury/unknown,BRAKE FAILURE OR DEFECTIVE,RICHLAND PLAZA DR,39.21677783,-86.59323781
901846192,2012,6,7,Weekend,1200,2-Car,No injury/unknown,UNSAFE BACKING,W RICHLAND PLAZA DR,39.21677783,-86.59323781
901905248,2012,10,3,Weekday,1500,2-Car,Non-incapacitating,FAILURE TO YIELD RIGHT OF WAY,BRIARGATE & SR46W,39.21659869,-86.59634113
901879407,2012,8,4,Weekday,900,2-Car,No injury/unknown,FAILURE TO YIELD RIGHT OF WAY,LOUDEN & RATLIFF RD,39.21656996,-86.63987003
901898771,2012,10,5,Weekday,1000,2-Car,Non-incapacitating,FAILURE TO YIELD RIGHT OF WAY,BRIAR GATE & SR46W,39.21656129,-86.59621239
901789151,2012,3,6,Weekday,1300,Pedestrian,Incapacitating,FAILURE TO YIELD RIGHT OF WAY,W RICHLAND PLAZA DR,39.21655923,-86.59484311
901800792,2012,3,7,Weekend,2200,2-Car,No injury/unknown,UNSAFE BACKING,W RICHLAND PLAZA DR,39.21653576,-86.59381046
901894272,2012,9,3,Weekday,1800,2-Car,Non-incapacitating,UNSAFE LANE MOVEMENT,NORTH KINSER & SR37,39.21631855,-86.55303465
901924332,2012,11,6,Weekday,1700,2-Car,No injury/unknown,UNSAFE LANE MOVEMENT,LYNWEST & UNION VALLEY RD,39.21605967,-86.59271009
901843669,2012,6,3,Weekday,1300,2-Car,No injury/unknown,FAILURE TO YIELD RIGHT OF WAY,SR46W & UNION VALLEY RD,39.21600797,-86.5928
901839085,2012,6,1,Weekend,600,1-Car,No injury/unknown,ANIMAL/OBJECT IN ROADWAY,SR46W & UNION VALLEY,39.21569341,-86.59442231
901854943,2012,7,4,Weekday,1600,2-Car,Non-incapacitating,OTHER (DRIVER) - EXPLAIN IN NARRATIVE,CASTILLA & SR45E,39.21566356,-86.45500481
901858956,2012,7,5,Weekday,1000,2-Car,No injury/unknown,IMPROPER TURNING,N UNION VALLEY RD,39.215568,-86.5928
901915069,2012,11,5,Weekday,2200,1-Car,No injury/unknown,OTHER (DRIVER) - EXPLAIN IN NARRATIVE,NORTH HARTSTRAIT,39.21552323,-86.61131925
901755312,2012,1,3,Weekday,1400,2-Car,No injury/unknown,FAILURE TO YIELD RIGHT OF WAY,BAYLES & BUSINESS 37 N HWY,39.21548398,-86.53703475
901830734,2012,5,6,Weekend,1900,2-Car,No injury/unknown,UNSAFE LANE MOVEMENT,N STONE MILL & SR37N,39.21548398,-86.53703475
901887290,2012,9,5,Weekday,2200,2-Car,Non-incapacitating,FOLLOWING TOO CLOSELY,SR46W & UNION VALLEY,39.21546406,-86.59297228
901762321,2012,1,2,Weekday,1300,2-Car,Non-incapacitating,FAILURE TO YIELD RIGHT OF WAY,0LD 37 NORTH RD & BETHEL LANE,39.2154225,-86.52155578
901833576,2012,5,5,Weekday,1100,2-Car,No injury/unknown,FOLLOWING TOO CLOSELY,SR46 & UNION VALLEY RD,39.21535861,-86.59301239
901770807,2012,1,7,Weekend,1000,2-Car,No injury/unknown,FAILURE TO YIELD RIGHT OF WAY,BETHEL & OLD STATE ROAD 37 RD,39.215344,-86.521392
901805040,2012,4,2,Weekday,1200,Moped/Motorcycle,Non-incapacitating,FAILURE TO YIELD RIGHT OF WAY,E BETHEL LN & N OLD SR 37,39.215344,-86.521392
901882616,2012,9,3,Weekday,1600,2-Car,Non-incapacitating,DRIVER DISTRACTED - EXPLAIN IN NARRATIVE,BETHEL LN & NORTH OLD STATE ROAD 37,39.215344,-86.521392
901890746,2012,8,5,Weekday,1500,1-Car,No injury/unknown,ANIMAL/OBJECT IN ROADWAY,BETHEL & OLD STATE ROAD 37 N RD,39.215344,-86.521392
901814643,2012,4,3,Weekday,1400,Moped/Motorcycle,No injury/unknown,IMPROPER PASSING,BETHEL LN & OLD STATE ROAD 37,39.21531276,-86.51786157
901766003,2012,1,7,Weekend,1600,2-Car,No injury/unknown,OTHER (ENVIRONMENTAL) - EXPLAIN IN NARR,CENTENNIAL DR & SR 46,39.21525367,-86.58269003
901799259,2012,3,4,Weekday,1600,2-Car,No injury/unknown,FOLLOWING TOO CLOSELY,RATLIFF & THOMAS RD,39.21519849,-86.63041197
901784936,2012,2,2,Weekday,2200,2-Car,No injury/unknown,FOLLOWING TOO CLOSELY,N UNION VALLEY & SR46W,39.215152,-86.5928
901825957,2012,5,5,Weekday,1700,2-Car,Non-incapacitating,FAILURE TO YIELD RIGHT OF WAY,SR46W & UNION VALLEY,39.215152,-86.5928
901826894,2012,5,6,Weekday,1200,2-Car,No injury/unknown,DRIVER DISTRACTED - EXPLAIN IN NARRATIVE,SR46W & UNION VALLEY,39.215152,-86.5928
901887405,2012,9,4,Weekday,1000,2-Car,Incapacitating,FAILURE TO YIELD RIGHT OF WAY,SR46 & UNION VALLEY,39.215152,-86.5928
901899822,2012,10,7,Weekend,1800,2-Car,No injury/unknown,OTHER (DRIVER) - EXPLAIN IN NARRATIVE,SR46W & UNION VALLEY,39.215152,-86.5928
901901652,2012,10,4,Weekday,1100,2-Car,No injury/unknown,DISREGARD SIGNAL/REG SIGN,SR46 & UNION VALLEY RD,39.215152,-86.5928
901802497,2012,4,3,Weekday,600,1-Car,No injury/unknown,ANIMAL/OBJECT IN ROADWAY,SR46W & UNION VALLEY,39.21496137,-86.59254583
901753542,2012,1,1,Weekday,1900,1-Car,No injury/unknown,ANIMAL/OBJECT IN ROADWAY,BETHEL LN & INNISBROOKE,39.21490029,-86.46903181
901916361,2012,11,7,Weekend,1200,1-Car,No injury/unknown,RAN OFF ROAD RIGHT,BETHEL LN & STIDD,39.214752,-86.477504
901886157,2012,9,3,Weekday,1800,2-Car,Non-incapacitating,OTHER (DRIVER) - EXPLAIN IN NARRATIVE,BETHEL LN & BOLTINGHOUSE,39.214752,-86.472896
901888367,2012,9,1,Weekend,1500,2-Car,No injury/unknown,UNSAFE LANE MOVEMENT,BETHEL & BOLTING HOUSE RD,39.214752,-86.472896
901759364,2012,1,4,Weekday,0,1-Car,No injury/unknown,RAN OFF ROAD RIGHT,ROBS LN,39.214752,-86.468
901867737,2012,8,2,Weekday,1600,1-Car,Non-incapacitating,RAN OFF ROAD RIGHT,BRUMMETTS CREEK RD & MCCOY,39.21457976,-86.39936976
901883653,2012,9,5,Weekday,1500,1-Car,No injury/unknown,OTHER (VEHICLE) - EXPLAIN IN NARRATIVE,E THORNTON DR,39.214448,-86.570832
901897126,2012,10,3,Weekday,1400,1-Car,No injury/unknown,SPEED TOO FAST FOR WEATHER CONDITIONS,BETHEL LN & HINKLE,39.21426961,-86.50841283
901817054,2012,5,3,Weekday,1700,2-Car,No injury/unknown,FOLLOWING TOO CLOSELY,2ND & S COLLEGE AVE,39.21424802,-86.53492994
901819151,2012,5,6,Weekday,1000,2-Car,Non-incapacitating,FAILURE TO YIELD RIGHT OF WAY,SR46W & UNION VALLEY,39.21421656,-86.59150766
901795932,2012,3,4,Weekday,1300,2-Car,Non-incapacitating,FOLLOWING TOO CLOSELY,N UNION VALLEY & SR46W,39.21421656,-86.59150766