Master Record Number,Year,Month,Day,Weekend?,Hour,Collision Type,Injury Type,Primary Factor,Reported_Location,Latitude,Longitude
901844273,2012,6,3,Weekday,2000,Cyclist,Incapacitating,LEFT OF CENTER,GOURLEY & SR37N,39.18959104,-86.55471325
901931554,2012,11,4,Weekday,200,1-Car,No injury/unknown,RAN OFF ROAD RIGHT,COLLINS & MOUNT GILEAD RD,39.18956169,-86.44454769
901872428,2012,8,3,Weekday,1700,2-Car,No injury/unknown,UNSAFE BACKING,S WALNUT ST,39.18946841,-86.53337633
901791013,2012,3,3,Weekday,700,1-Car,No injury/unknown,UNSAFE SPEED,N STARNES & W HOWARD RD,39.189248,-86.660704
901768143,2012,1,4,Weekday,1600,2-Car,No injury/unknown,SPEED TOO FAST FOR WEATHER CONDITIONS,E GILBERT & N WALNUT ST,39.189248,-86.53344
901765836,2012,1,7,Weekend,1100,2-Car,No injury/unknown,SPEED TOO FAST FOR WEATHER CONDITIONS,LIBERTY DR,39.189248,-86.531472
901849701,2012,7,1,Weekend,1500,2-Car,No injury/unknown,UNSAFE BACKING,SOUTH LIBERTY DR,39.189248,-86.531472
901880818,2012,8,6,Weekday,1300,2-Car,No injury/unknown,OTHER (DRIVER) - EXPLAIN IN NARRATIVE,LIBERTY DR,39.189248,-86.531472
901938473,2012,12,4,Weekday,1200,1-Car,No injury/unknown,OBSTRUCTION NOT MARKED,S LIBERTY DR,39.189248,-86.531472
901935695,2012,12,5,Weekday,800,2-Car,No injury/unknown,UNSAFE BACKING,S LIBERTY DR,39.189248,-86.531472
901903172,2012,10,6,Weekend,1900,2-Car,Non-incapacitating,FAILURE TO YIELD RIGHT OF WAY,N MILO B SAMPSON & SR4546W,39.18906784,-86.52171325
901773377,2012,2,5,Weekday,900,1-Car,No injury/unknown,UNSAFE SPEED,N THOMAS RD & W VERNAL,39.18904,-86.630096
901945607,2012,12,1,Weekend,400,1-Car,No injury/unknown,RAN OFF ROAD RIGHT,N THOMAS RD & W RATLIFF,39.18872976,-86.63040988
901799372,2012,3,5,Weekday,100,1-Car,No injury/unknown,ANIMAL/OBJECT IN ROADWAY,HEADLEY RD & MAPLECREST,39.18839469,-86.5144
901881584,2012,9,2,Weekday,1300,2-Car,No injury/unknown,UNSAFE BACKING,N HEADLEY RD,39.18828583,-86.51412963
901851308,2012,7,3,Weekday,1300,1-Car,No injury/unknown,ANIMAL/OBJECT IN ROADWAY,HOWARD RD & STARNES,39.1878746,-86.66371864
901907361,2012,10,7,Weekend,2000,2-Car,No injury/unknown,OTHER (DRIVER) - EXPLAIN IN NARRATIVE,N KINSER PIKE,39.18763351,-86.53923797
901841265,2012,6,4,Weekday,1700,2-Car,No injury/unknown,FOLLOWING TOO CLOSELY,SR37S & SR45W,39.18760888,-86.55510669
901830533,2012,5,6,Weekday,1200,2-Car,Non-incapacitating,FOLLOWING TOO CLOSELY,N MT GILEAD & SR45E,39.18747742,-86.46794047
901857496,2012,7,3,Weekday,1100,2-Car,No injury/unknown,FOLLOWING TOO CLOSELY,SR37S & SR45,39.187344,-86.5552
901899711,2012,10,7,Weekend,1300,2-Car,No injury/unknown,FOLLOWING TOO CLOSELY,SR37N & SR45W,39.187344,-86.5552
901837741,2012,6,6,Weekday,0,1-Car,Non-incapacitating,RAN OFF ROAD RIGHT,HOWARD RD & VERANL,39.18726012,-86.63559311
901838342,2012,6,1,Weekend,1300,1-Car,Non-incapacitating,RAN OFF ROAD RIGHT,SR46,39.18719614,-86.55522823
901803734,2012,4,5,Weekday,1800,2-Car,No injury/unknown,FOLLOWING TOO CLOSELY,ARLINGTON RD & SR46,39.187184,-86.551408
901857923,2012,7,4,Weekday,900,2-Car,No injury/unknown,OTHER (DRIVER) - EXPLAIN IN NARRATIVE,N KINSER PIKE,39.18717429,-86.53782606
901787359,2012,3,1,Weekend,1600,2-Car,No injury/unknown,FOLLOWING TOO CLOSELY,SR37S & VERNAL,39.18703785,-86.56233005
901841391,2012,6,5,Weekday,1800,2-Car,No injury/unknown,IMPROPER TURNING,NORTH KINSER PIKE,39.18699592,-86.53781734
901779280,2012,2,4,Weekday,1500,3+ Cars,Non-incapacitating,FAILURE TO YIELD RIGHT OF WAY,MONROE & SR46W,39.186944,-86.5468
901926309,2012,11,3,Weekday,1400,1-Car,No injury/unknown,OTHER (DRIVER) - EXPLAIN IN NARRATIVE,NORTH HEADLEY RD,39.18689802,-86.51440434
901763009,2012,1,2,Weekday,1900,Pedestrian,Non-incapacitating,FAILURE TO YIELD RIGHT OF WAY,HARTSTRAIT & VERNAL PIKE,39.18676995,-86.611227
901886702,2012,9,4,Weekday,1400,2-Car,No injury/unknown,IMPROPER PASSING,SR45 & WALNUT ST,39.18676534,-86.5342601
901803718,2012,4,6,Weekday,1600,2-Car,No injury/unknown,LEFT OF CENTER,HARTSTRAIT RD & VERNAL,39.186752,-86.611504
901862441,2012,7,5,Weekday,2000,2-Car,No injury/unknown,FOLLOWING TOO CLOSELY,HARTSTRAIT RD & VERNAL,39.186752,-86.611504
901890762,2012,9,5,Weekday,900,1-Car,No injury/unknown,ANIMAL/OBJECT IN ROADWAY,HARTSTRAIT RD & VERNAL,39.186752,-86.611504
901873345,2012,8,6,Weekday,1200,Pedestrian,Non-incapacitating,IMPROPER TURNING,1500 N ST RD 45 46  WEST DRIVE & N HEADLEY RD,39.18665524,-86.51449486
901758892,2012,1,4,Weekday,300,1-Car,No injury/unknown,RAN OFF ROAD RIGHT,ARLINGTON RD & GOURLEY,39.186544,-86.551168
901776054,2012,2,6,Weekday,1400,1-Car,No injury/unknown,SPEED TOO FAST FOR WEATHER CONDITIONS,ARLINGTON RD & GOURLEY,39.186544,-86.551168
901903712,2012,10,1,Weekend,1400,1-Car,No injury/unknown,RAN OFF ROAD RIGHT,ARLINGTON RD & GOURLEY,39.186544,-86.551168
901790978,2012,3,1,Weekend,1000,Moped/Motorcycle,No injury/unknown,FOLLOWING TOO CLOSELY,KINSER & SR46W,39.186544,-86.537888
901793842,2012,3,6,Weekday,1300,Bus,No injury/unknown,ENGINE FAILURE OR DEFECTIVE,N KINSER & SR46W,39.186544,-86.537888
901818760,2012,5,6,Weekday,1500,2-Car,No injury/unknown,FOLLOWING TOO CLOSELY,KINSER PIKE & SR 45 46,39.186544,-86.537888
901795290,2012,3,1,Weekday,2300,2-Car,No injury/unknown,UNSAFE LANE MOVEMENT,N KINSER & SR46W,39.186544,-86.537888
901812130,2012,4,7,Weekend,2200,3+ Cars,Non-incapacitating,FOLLOWING TOO CLOSELY,4546 BYP & KINSER,39.186544,-86.537888
901821872,2012,5,5,Weekday,900,1-Car,No injury/unknown,INSECURE/LEAKY LOAD,KINSER & SR46W,39.186544,-86.537888
901827175,2012,5,7,Weekend,1800,2-Car,No injury/unknown,DISREGARD SIGNAL/REG SIGN,N KINSER & STATE ROAD 45 46 BYP,39.186544,-86.537888
901843455,2012,6,2,Weekday,1200,2-Car,No injury/unknown,FAILURE TO YIELD RIGHT OF WAY,N KINSER & SR4546,39.186544,-86.537888
901856156,2012,7,7,Weekend,1300,2-Car,No injury/unknown,FOLLOWING TOO CLOSELY,KINSER & SR4546E,39.186544,-86.537888
901883142,2012,9,4,Weekday,1900,2-Car,No injury/unknown,DISREGARD SIGNAL/REG SIGN,KINSER & SR 45 46 BYP,39.186544,-86.537888
901883361,2012,9,5,Weekday,700,3+ Cars,Non-incapacitating,DISREGARD SIGNAL/REG SIGN,KINSER & SR46E,39.186544,-86.537888
901913451,2012,10,3,Weekday,1400,2-Car,No injury/unknown,DISREGARD SIGNAL/REG SIGN,KINSER & SR46E,39.186544,-86.537888
901913499,2012,10,3,Weekday,1700,3+ Cars,No injury/unknown,SPEED TOO FAST FOR WEATHER CONDITIONS,KINSER PIKE & SR46W,39.186544,-86.537888
901935279,2012,12,5,Weekday,1900,2-Car,No injury/unknown,FAILURE TO YIELD RIGHT OF WAY,KINSER & SR46E,39.186544,-86.537888
901942865,2012,12,4,Weekday,1800,2-Car,No injury/unknown,FOLLOWING TOO CLOSELY,KINSER PIKE & SR4546,39.186544,-86.537888
901906837,2012,10,6,Weekday,1500,2-Car,No injury/unknown,FOLLOWING TOO CLOSELY,KINSER & SR45E,39.18648036,-86.5368324
901838816,2012,6,1,Weekend,1300,1-Car,No injury/unknown,RAN OFF ROAD RIGHT,GOURLEY PIKE & MONROE,39.18646406,-86.54787457
901754871,2012,1,2,Weekday,1700,1-Car,No injury/unknown,SPEED TOO FAST FOR WEATHER CONDITIONS,MONROE & W GOURLEY PIKE,39.186448,-86.546816
901906680,2012,10,6,Weekday,1100,2-Car,No injury/unknown,SPEED TOO FAST FOR WEATHER CONDITIONS,MONROE & W GOURLEY PIKE,39.186448,-86.546816
901799800,2012,3,4,Weekday,1400,2-Car,No injury/unknown,FAILURE TO YIELD RIGHT OF WAY,MOUNT GILEAD & SR45E,39.1864077,-86.46800588
901775153,2012,2,4,Weekday,1500,2-Car,Non-incapacitating,DISREGARD SIGNAL/REG SIGN,STATE ROAD 45 46 BYP & WALNUT,39.186368,-86.5344
901795463,2012,3,3,Weekday,900,2-Car,No injury/unknown,FOLLOWING TOO CLOSELY,SR46E & WALNUT,39.186368,-86.5344
901832508,2012,5,3,Weekday,1500,2-Car,Non-incapacitating,FOLLOWING TOO CLOSELY,STATE RD 45 46 & WALNUT ST,39.186368,-86.5344
901863242,2012,7,7,Weekend,1200,2-Car,No injury/unknown,IMPROPER LANE USAGE,N WALNUT ST & SR46E,39.186368,-86.5344
901863710,2012,7,2,Weekday,800,2-Car,Incapacitating,DISREGARD SIGNAL/REG SIGN,4546 BYP & N WALNUT,39.186368,-86.5344
901869140,2012,8,5,Weekday,1000,2-Car,No injury/unknown,UNSAFE LANE MOVEMENT,N WALNUT ST & SR4546,39.186368,-86.5344
901899708,2012,10,1,Weekend,300,2-Car,No injury/unknown,DISREGARD SIGNAL/REG SIGN,NORTH WALNUT & SR4546W,39.186368,-86.5344
901902082,2012,10,5,Weekday,300,2-Car,No injury/unknown,OTHER (DRIVER) - EXPLAIN IN NARRATIVE,N WALNUT & SR46E,39.186368,-86.5344
901769988,2012,1,1,Weekend,1100,2-Car,No injury/unknown,UNSAFE BACKING,W STATE RD 45 RD,39.18636,-86.533048
901783958,2012,2,7,Weekend,1800,Moped/Motorcycle,Non-incapacitating,OTHER (DRIVER) - EXPLAIN IN NARRATIVE,W STATE ROAD 45 HWY,39.18636,-86.533048
901805371,2012,4,7,Weekend,2000,1-Car,No injury/unknown,OTHER (DRIVER) - EXPLAIN IN NARRATIVE,W STATE RD 45 RD,39.18636,-86.533048
901847674,2012,6,3,Weekday,1200,2-Car,No injury/unknown,IMPROPER TURNING,W SR 45 RD,39.18636,-86.533048
901842501,2012,6,6,Weekday,1400,2-Car,No injury/unknown,UNSAFE BACKING,WEST STATE ROAD 45 HWY,39.18636,-86.533048
901907876,2012,10,2,Weekday,600,2-Car,No injury/unknown,DRIVER DISTRACTED - EXPLAIN IN NARRATIVE,DUNN & SR46E,39.186352,-86.52955476
901820470,2012,5,2,Weekday,1300,2-Car,No injury/unknown,FOLLOWING TOO CLOSELY,DUNN & SR45E,39.186352,-86.52867246
901863307,2012,7,1,Weekend,1200,2-Car,No injury/unknown,IMPROPER LANE USAGE,N COLLEGE & SR4546,39.186352,-86.534704
901916054,2012,11,7,Weekend,1400,2-Car,No injury/unknown,FAILURE TO YIELD RIGHT OF WAY,COLLEGE AVE & SR4546,39.186352,-86.534704
901920676,2012,11,1,Weekend,200,2-Car,No injury/unknown,WRONG WAY ON ONE WAY,N COLLEGE AVE & N OLD STATE ROAD 37,39.186352,-86.534704
901809152,2012,4,2,Weekday,1700,3+ Cars,Non-incapacitating,FAILURE TO YIELD RIGHT OF WAY,SR45,39.186352,-86.530744
901779618,2012,2,5,Weekday,2100,2-Car,No injury/unknown,UNSAFE LANE MOVEMENT,DUNN & SR45E,39.186352,-86.528496
901803494,2012,4,6,Weekday,800,2-Car,No injury/unknown,OTHER (DRIVER) - EXPLAIN IN NARRATIVE,2200 N DUNN & SR4546S,39.186352,-86.528496
901822643,2012,5,6,Weekday,1700,2-Car,No injury/unknown,FOLLOWING TOO CLOSELY,DUNN & SR4546E,39.186352,-86.528496
901790495,2012,3,6,Weekday,1400,2-Car,No injury/unknown,FOLLOWING TOO CLOSELY,45 46 & N WALNUT ST,39.18633007,-86.53453968
901880294,2012,8,6,Weekday,300,2-Car,No injury/unknown,UNSAFE LANE MOVEMENT,45 46 BYP & COLLEGE,39.18633007,-86.53453968
901887543,2012,9,6,Weekday,1200,2-Car,No injury/unknown,FAILURE TO YIELD RIGHT OF WAY,45 46 BYP & N WALNUT,39.18633007,-86.53453968
901796511,2012,3,5,Weekday,1400,2-Car,No injury/unknown,FAILURE TO YIELD RIGHT OF WAY,45 46 BYP & DUNN,39.18632001,-86.52842022
901872615,2012,8,5,Weekday,700,1-Car,No injury/unknown,UNSAFE SPEED,45 46 & DUNN ST,39.18632001,-86.52842022
901906092,2012,10,5,Weekday,1200,2-Car,No injury/unknown,DISREGARD SIGNAL/REG SIGN,DUNN ST & SR45W,39.18632001,-86.52842022
901942929,2012,12,4,Weekday,1800,2-Car,No injury/unknown,FOLLOWING TOO CLOSELY,FRITZ & SR46,39.18630926,-86.52981508
901942896,2012,12,4,Weekday,1700,2-Car,No injury/unknown,FAILURE TO YIELD RIGHT OF WAY,DUNN & SR46,39.18630353,-86.52839687
901907131,2012,10,6,Weekend,2300,2-Car,No injury/unknown,FAILURE TO YIELD RIGHT OF WAY,SR45 & WALNUT,39.18629445,-86.53455208
901931523,2012,11,7,Weekend,1600,1-Car,No injury/unknown,RAN OFF ROAD RIGHT,NORTH WALNUT ST & SR45,39.18621744,-86.53441585
901851605,2012,7,5,Weekday,0,1-Car,No injury/unknown,RAN OFF ROAD RIGHT,OLD VERNAL & VERNAL PIKE,39.18611012,-86.5962931
901771713,2012,2,4,Weekday,700,1-Car,Non-incapacitating,OVERCORRECTING/OVERSTEERING,FEE & SR4546W,39.186032,-86.51984
901807867,2012,4,6,Weekend,2000,2-Car,Non-incapacitating,FAILURE TO YIELD RIGHT OF WAY,N FEE & SR45E,39.186032,-86.51984
901820363,2012,5,2,Weekday,2000,2-Car,Non-incapacitating,FAILURE TO YIELD RIGHT OF WAY,FEE & SR46E,39.186032,-86.51984
901821389,2012,5,4,Weekday,1300,2-Car,Non-incapacitating,UNSAFE LANE MOVEMENT,FEE & SR46E,39.186032,-86.51984
901830094,2012,5,5,Weekday,2100,1-Car,No injury/unknown,ANIMAL/OBJECT IN ROADWAY,FEE & SR4546N,39.186032,-86.51984
901913195,2012,10,3,Weekday,1100,1-Car,No injury/unknown,DRIVER DISTRACTED - EXPLAIN IN NARRATIVE,FEE & SR45W,39.18602027,-86.51986579
901926526,2012,11,3,Weekday,2200,2-Car,No injury/unknown,DISREGARD SIGNAL/REG SIGN,45 46 & SR45W,39.18602027,-86.51983983
901928385,2012,11,1,Weekday,1900,2-Car,No injury/unknown,FOLLOWING TOO CLOSELY,45 46 BYP & FEE,39.18602027,-86.51981388
901885128,2012,9,2,Weekday,1000,2-Car,No injury/unknown,IMPROPER LANE USAGE,FEE & SR45E,39.18596667,-86.51931732
901765689,2012,1,6,Weekend,2000,2-Car,No injury/unknown,SPEED TOO FAST FOR WEATHER CONDITIONS,N FEE & SR45E,39.18584383,-86.51881369
901765699,2012,1,6,Weekend,2000,2-Car,No injury/unknown,ROADWAY SURFACE CONDITION,N FEE & SR45E,39.18584383,-86.51881369
901754801,2012,1,1,Weekend,700,Bus,No injury/unknown,IMPROPER TURNING,N KINSER PIKE,39.18584,-86.537872
901898685,2012,10,5,Weekday,2000,1-Car,Incapacitating,RAN OFF ROAD RIGHT,MT GILEAD & SR45E,39.18552004,-86.46882658
901917871,2012,11,3,Weekday,1000,2-Car,No injury/unknown,UNSAFE BACKING,EAST 3RD & HAWTHORNE DR,39.18539882,-86.52008995
901815684,2012,4,1,Weekend,1700,Cyclist,Incapacitating,FAILURE TO YIELD RIGHT OF WAY,N KINSER PIKE & W GOURLEY,39.185392,-86.537856
901837238,2012,6,5,Weekday,700,2-Car,No injury/unknown,FAILURE TO YIELD RIGHT OF WAY,GOURLEY & N KINSER PIKE,39.185392,-86.537856
901765980,2012,1,6,Weekend,2000,2-Car,Non-incapacitating,SPEED TOO FAST FOR WEATHER CONDITIONS,FEE & SR46E,39.18536761,-86.51754282
901766603,2012,1,6,Weekend,2000,2-Car,No injury/unknown,SPEED TOO FAST FOR WEATHER CONDITIONS,FEE & SR46E,39.18536761,-86.51754282
901766606,2012,1,6,Weekend,2000,2-Car,No injury/unknown,SPEED TOO FAST FOR WEATHER CONDITIONS,FEE & SR46W,39.18536761,-86.51754282
901766609,2012,1,6,Weekend,2000,2-Car,No injury/unknown,SPEED TOO FAST FOR WEATHER CONDITIONS,FEE & SR46W,39.18536761,-86.51754282
901871900,2012,8,3,Weekday,1400,2-Car,No injury/unknown,FAILURE TO YIELD RIGHT OF WAY,3RD & PETE ELLIS DR,39.18535856,-86.49495966
901948064,2012,12,5,Weekday,1800,2-Car,No injury/unknown,,NORTH DUNN ST,39.18532944,-86.52840423
901754650,2012,1,3,Weekday,800,1-Car,No injury/unknown,OTHER (DRIVER) - EXPLAIN IN NARRATIVE,W GOURLEY PIKE,39.185232,-86.54060206
901882997,2012,8,5,Weekday,1400,3+ Cars,No injury/unknown,UNSAFE BACKING,E SR 45 46 BYP,39.18521118,-86.53115081
901918969,2012,11,4,Weekday,1100,1-Car,Non-incapacitating,RAN OFF ROAD RIGHT,W CASCADES & W GOURLEY PIKE,39.1852,-86.541952
901765945,2012,1,7,Weekend,1400,1-Car,No injury/unknown,SPEED TOO FAST FOR WEATHER CONDITIONS,GOURLEY PIKE,39.18510832,-86.53816133
901862287,2012,7,5,Weekday,1300,2-Car,No injury/unknown,UNSAFE BACKING,W GOURLEY PIKE,39.18503523,-86.54018439
901861811,2012,7,3,Weekday,2200,1-Car,Non-incapacitating,RAN OFF ROAD RIGHT,MT GILEAD & SR45,39.18482761,-86.46941308
901842216,2012,6,7,Weekend,1300,Bus,Non-incapacitating,ACCELERATOR FAILURE OR DEFECTIVE,RHORER & S SARE RD,39.18481679,-86.51157997
901858542,2012,7,1,Weekend,100,2-Car,No injury/unknown,UNSAFE BACKING,E 7TH & N FESS AVE,39.18436274,-86.52577821
901899703,2012,10,1,Weekend,300,1-Car,Fatal,RAN OFF ROAD RIGHT,KINSER PIKE & ROSEWOOD,39.1842692,-86.54734991
901899692,2012,10,1,Weekend,400,2-Car,No injury/unknown,UNSAFE BACKING,WALNUT ST,39.1841412,-86.5344552
901918011,2012,10,3,Weekday,900,1-Car,No injury/unknown,OVERCORRECTING/OVERSTEERING,1720 N JORDAN (PARKING LOT) AVE,39.18401337,-86.51473999
901858830,2012,7,4,Weekday,1700,2-Car,No injury/unknown,DRIVER DISTRACTED - EXPLAIN IN NARRATIVE,W VERNAL PIKE,39.18391004,-86.59572355
901834626,2012,6,7,Weekend,1700,2-Car,No injury/unknown,FAILURE TO YIELD RIGHT OF WAY,N FEE LN & N JORDAN,39.18384,-86.5192
901899501,2012,10,7,Weekend,1100,2-Car,No injury/unknown,FOLLOWING TOO CLOSELY,FEE LN & JORDAN,39.18384,-86.5192
901760372,2012,1,5,Weekday,2200,Bus,No injury/unknown,SPEED TOO FAST FOR WEATHER CONDITIONS,FISHERS CT & JORDAN,39.1837699,-86.5168599
901909475,2012,10,2,Weekday,1800,2-Car,No injury/unknown,UNSAFE BACKING,FISHERS & N JORDAN AVE,39.1837699,-86.5168599
901799890,2012,3,6,Weekday,0,2-Car,No injury/unknown,DRIVER DISTRACTED - EXPLAIN IN NARRATIVE,NORTH JORDAN AVE,39.18365456,-86.51469804
901776129,2012,2,6,Weekday,1600,1-Car,No injury/unknown,RAN OFF ROAD RIGHT,AMARYLLIS & N KINSER PIKE,39.18363981,-86.53776973
901807122,2012,4,6,Weekday,900,2-Car,Non-incapacitating,UNSAFE BACKING,S WALNUT ST,39.18350109,-86.53424
901904106,2012,10,3,Weekday,1100,2-Car,No injury/unknown,UNSAFE BACKING,S WALNUT ST,39.18350109,-86.53424
901906953,2012,10,6,Weekday,1700,2-Car,No injury/unknown,FAILURE TO YIELD RIGHT OF WAY,OLD 37 & WALNUT ST,39.18336019,-86.53415009
901933287,2012,12,3,Weekday,900,2-Car,No injury/unknown,IMPROPER TURNING,N WALNUT ST & OLD ST RD 37 N,39.18336019,-86.53415009
901945111,2012,12,7,Weekend,1500,2-Car,Non-incapacitating,FOLLOWING TOO CLOSELY,N OLD 37 STATE & N WALNUT ST,39.18336019,-86.53415009
901772396,2012,2,5,Weekday,1500,2-Car,No injury/unknown,OTHER (DRIVER) - EXPLAIN IN NARRATIVE,WALNUT ST,39.18300299,-86.53407644
901805336,2012,4,3,Weekday,2100,2-Car,No injury/unknown,IMPROPER TURNING,S WALNUT ST,39.18300299,-86.53407644
901924466,2012,11,7,Weekend,1200,2-Car,No injury/unknown,FAILURE TO YIELD RIGHT OF WAY,S WALNUT ST,39.18300299,-86.53407644
901899707,2012,10,1,Weekend,200,2-Car,No injury/unknown,UNSAFE BACKING,N DUNN & VARSITY LN,39.182976,-86.528416
901796830,2012,3,2,Weekday,1400,1-Car,No injury/unknown,UNSAFE LANE MOVEMENT,HARTSTRAIT RD,39.18296255,-86.61122068
901768226,2012,1,4,Weekday,1800,2-Car,No injury/unknown,SPEED TOO FAST FOR WEATHER CONDITIONS,N DUNN & VARSITY LN,39.18293497,-86.52911978
901779926,2012,2,6,Weekday,600,1-Car,No injury/unknown,SPEED TOO FAST FOR WEATHER CONDITIONS,LAW & UNION ST,39.18291687,-86.50966018
901780409,2012,2,6,Weekday,100,1-Car,No injury/unknown,OTHER (DRIVER) - EXPLAIN IN NARRATIVE,W NORTHLANE DR,39.18267556,-86.53795279
901923110,2012,11,5,Weekday,200,1-Car,No injury/unknown,UNSAFE BACKING,KINSER & NORTHLANE DR,39.18265007,-86.53772646
901921310,2012,11,6,Weekday,200,2-Car,No injury/unknown,RAN OFF ROAD RIGHT,2ND & ROGERS ST,39.18254743,-86.53867028
901817711,2012,5,3,Weekday,600,1-Car,No injury/unknown,RAN OFF ROAD RIGHT,SHUFFLE CREEK RD & SOUTHSHORE,39.18249092,-86.4008963
901771898,2012,2,4,Weekday,2000,1-Car,No injury/unknown,DRIVER DISTRACTED - EXPLAIN IN NARRATIVE,N FEE LN,39.18242962,-86.51914028
901804156,2012,4,1,Weekend,100,Moped/Motorcycle,Non-incapacitating,OVERCORRECTING/OVERSTEERING,DUNN ST & VARSITY,39.18242678,-86.52840323
901780253,2012,2,6,Weekday,1800,2-Car,No injury/unknown,FOLLOWING TOO CLOSELY,19TH & WALNUT ST,39.18235031,-86.53386213
901817407,2012,5,4,Weekday,700,2-Car,Non-incapacitating,FAILURE TO YIELD RIGHT OF WAY,CURRY PIKE & VERNAL,39.18199429,-86.58315001
901770293,2012,1,1,Weekday,2200,2-Car,No injury/unknown,OTHER (DRIVER) - EXPLAIN IN NARRATIVE,N WALNUT ST,39.18198955,-86.53374367
901812271,2012,4,1,Weekend,200,2-Car,No injury/unknown,UNSAFE BACKING,20TH & WASHINGTON ST,39.18184,-86.532192
901886684,2012,9,2,Weekday,1600,Moped/Motorcycle,Non-incapacitating,FAILURE TO YIELD RIGHT OF WAY,N WASHINGTON ST,39.18184,-86.532192
901876371,2012,8,5,Weekday,1400,2-Car,No injury/unknown,OTHER (DRIVER) - EXPLAIN IN NARRATIVE,20TH ST & LINCOLN,39.18180987,-86.53089852
901762489,2012,1,3,Weekday,200,2-Car,No injury/unknown,UNSAFE BACKING,N LINCOLN ST,39.18175118,-86.53019233
901866677,2012,8,7,Weekend,1400,2-Car,No injury/unknown,UNSAFE BACKING,E 20TH ST,39.181744,-86.53014945
901817619,2012,5,4,Weekday,800,2-Car,No injury/unknown,UNSAFE SPEED,GRIFFITH & WOODYARD RD,39.18173089,-86.56724104
901930181,2012,11,4,Weekday,1400,2-Car,No injury/unknown,OTHER (DRIVER) - EXPLAIN IN NARRATIVE,N COLLEGE AVE,39.18162924,-86.53471004
901773098,2012,2,7,Weekend,200,1-Car,No injury/unknown,SPEED TOO FAST FOR WEATHER CONDITIONS,19TH & N WALNUT ST,39.181552,-86.5336
901923572,2012,11,5,Weekday,1700,1-Car,No injury/unknown,OVERCORRECTING/OVERSTEERING,ADAMS ST & BLOOMFIELD,39.1815263,-86.55083008
901837317,2012,6,5,Weekday,800,3+ Cars,Non-incapacitating,FOLLOWING TOO CLOSELY,11 & COLLEGE AVE,39.181505,-86.512793
901870461,2012,6,5,Weekday,2300,2-Car,No injury/unknown,FOLLOWING TOO CLOSELY,7 & COLLEGE AVE,39.181505,-86.512793
901803705,2012,4,6,Weekday,1500,2-Car,No injury/unknown,UNSAFE BACKING,N RANGE RD,39.1814028,-86.49475391
901838045,2012,6,2,Weekday,1300,1-Car,Non-incapacitating,RAN OFF ROAD RIGHT,CHAPEL & SR446S,39.18135446,-86.4053481
901887852,2012,9,6,Weekend,2100,2-Car,No injury/unknown,UNSAFE BACKING,NORTH FEE LN,39.18121308,-86.51919208
901911278,2012,10,6,Weekday,1800,2-Car,No injury/unknown,UNSAFE BACKING,NORTH FEE LN,39.18121308,-86.51919208
901811799,2012,4,6,Weekend,1900,1-Car,No injury/unknown,RAN OFF ROAD RIGHT,WEST VERNAL PIKE,39.18112457,-86.63855507
901848041,2012,6,4,Weekday,1700,2-Car,No injury/unknown,FAILURE TO YIELD RIGHT OF WAY,19TH ST & LINCOLN,39.18112,-86.530816
901886526,2012,9,3,Weekday,2100,Cyclist,Non-incapacitating,FAILURE TO YIELD RIGHT OF WAY,19TH ST & LINCOLN,39.18111987,-86.5309301
901939742,2012,12,6,Weekday,700,2-Car,No injury/unknown,LEFT OF CENTER,EVANS ROAD & HARMONY ROAD RD,39.18109379,-86.62763983
901785861,2012,2,3,Weekday,1900,2-Car,No injury/unknown,IMPROPER TURNING,E 19TH ST & N DUNN,39.18104,-86.5284
901787082,2012,3,7,Weekend,1400,2-Car,Non-incapacitating,FAILURE TO YIELD RIGHT OF WAY,E 19TH & N DUNN ST,39.18104,-86.5284
901838884,2012,6,1,Weekend,1300,2-Car,No injury/unknown,,EAST 19TH & NORTH DUNN ST,39.18104,-86.5284
901874364,2012,8,2,Weekday,800,2-Car,No injury/unknown,UNSAFE SPEED,E 19TH ST & N DUNN,39.18104,-86.5284
901921366,2012,11,2,Weekday,1600,2-Car,No injury/unknown,UNSAFE BACKING,DUNN & NINETEENTH ST,39.18102018,-86.52801964
901944197,2012,12,6,Weekday,1200,1-Car,No injury/unknown,SPEED TOO FAST FOR WEATHER CONDITIONS,DUNN & NINETEENTH ST,39.1810143,-86.52832197
901877039,2012,8,6,Weekend,1900,Cyclist,No injury/unknown,FAILURE TO YIELD RIGHT OF WAY,19TH & DUNN ST,39.1810099,-86.52832031
901894011,2012,9,4,Weekday,900,2-Car,Non-incapacitating,FAILURE TO YIELD RIGHT OF WAY,19TH & DUNN ST,39.1810099,-86.52832031
901839051,2012,6,2,Weekday,400,1-Car,No injury/unknown,OTHER (VEHICLE) - EXPLAIN IN NARRATIVE,SOUTH WALNUT ST,39.1809714,-86.53356614
901896263,2012,10,2,Weekday,800,1-Car,No injury/unknown,OTHER (VEHICLE) - EXPLAIN IN NARRATIVE,N WILLIS 217 DR,39.180943,-86.54261