Master Record Number,Year,Month,Day,Weekend?,Hour,Collision Type,Injury Type,Primary Factor,Reported_Location,Latitude,Longitude
901777700,2012,2,2,Weekday,1600,Cyclist,Non-incapacitating,FAILURE TO YIELD RIGHT OF WAY,11TH & FEE LN,39.173287,-86.5189
901935526,2012,12,6,Weekday,1300,2-Car,Non-incapacitating,FAILURE TO YIELD RIGHT OF WAY,11TH & WALNUT ST,39.17327978,-86.53359018
901807851,2012,4,7,Weekend,900,1-Car,No injury/unknown,SPEED TOO FAST FOR WEATHER CONDITIONS,700 N WALNUT ST & W 11TH,39.173248,-86.533488
901873025,2012,8,6,Weekday,0,2-Car,No injury/unknown,IMPROPER TURNING,11TH & WALNUT ST,39.173248,-86.533488
901907441,2012,10,1,Weekend,100,2-Car,No injury/unknown,IMPROPER TURNING,11TH & WALNUT ST,39.173248,-86.533488
901899550,2012,10,7,Weekend,1500,2-Car,Non-incapacitating,FAILURE TO YIELD RIGHT OF WAY,11TH & WALNUT ST,39.173248,-86.533488
901879459,2012,8,4,Weekday,200,1-Car,Non-incapacitating,RAN OFF ROAD RIGHT,ELEVENTH & VERNAL PIKE,39.17323818,-86.55512325
901763460,2012,1,4,Weekday,1200,2-Car,Non-incapacitating,FOLLOWING TOO CLOSELY,N COLLEGE AVE & W 11TH,39.173232,-86.534752
901789484,2012,3,4,Weekday,2000,2-Car,No injury/unknown,FOLLOWING TOO CLOSELY,11TH & N COLLEGE AVE,39.173232,-86.534752
901803224,2012,4,5,Weekday,1200,2-Car,Non-incapacitating,FOLLOWING TOO CLOSELY,11TH & COLLEGE AVE,39.173232,-86.534752
901881021,2012,9,7,Weekend,1500,2-Car,No injury/unknown,FAILURE TO YIELD RIGHT OF WAY,11TH ST & COLLEGE,39.173232,-86.534752
901902767,2012,10,5,Weekday,1100,2-Car,No injury/unknown,FAILURE TO YIELD RIGHT OF WAY,N COLLEGE & W 11TH ST,39.173232,-86.534752
901938920,2012,12,4,Weekday,2100,2-Car,No injury/unknown,OTHER (DRIVER) - EXPLAIN IN NARRATIVE,11TH & COLLEGE AVE,39.173232,-86.534752
901902566,2012,10,5,Weekday,1600,2-Car,No injury/unknown,FAILURE TO YIELD RIGHT OF WAY,COLLEGE & W 11TH ST,39.17322748,-86.53510481
901830380,2012,5,6,Weekday,1200,2-Car,No injury/unknown,FAILURE TO YIELD RIGHT OF WAY,11TH ST & MORTON,39.17322053,-86.53564719
901906122,2012,10,4,Weekday,1200,2-Car,No injury/unknown,UNSAFE BACKING,W 11TH ST,39.17319967,-86.53691429
901817015,2012,5,3,Weekday,1500,2-Car,Incapacitating,FOLLOWING TOO CLOSELY,11TH & ROGERS ST,39.173184,-86.538528
901828349,2012,5,2,Weekday,1300,1-Car,Non-incapacitating,UNSAFE SPEED,11TH ST & FAIRVIEW,39.173152,-86.5408
901761695,2012,1,1,Weekend,1400,2-Car,No injury/unknown,UNSAFE BACKING,E LAW LN,39.17302832,-86.51339918
901775218,2012,2,4,Weekday,1700,3+ Cars,No injury/unknown,UNSAFE BACKING,N FEE LN,39.17281455,-86.51879273
901769557,2012,1,7,Weekend,2100,1-Car,No injury/unknown,SPEED TOO FAST FOR WEATHER CONDITIONS,10 ST ST & SMITH RD,39.172752,-86.482288
901831651,2012,5,2,Weekday,500,1-Car,No injury/unknown,RAN OFF ROAD RIGHT,E 10TH ST & N SMITH,39.172752,-86.482288
901838801,2012,6,1,Weekend,1200,2-Car,Non-incapacitating,DISREGARD SIGNAL/REG SIGN,E 10TH ST & SMITH,39.172752,-86.482288
901873738,2012,8,7,Weekend,1100,2-Car,No injury/unknown,FAILURE TO YIELD RIGHT OF WAY,E 10TH ST & N SMITH,39.172752,-86.482288
901876800,2012,8,6,Weekday,1100,2-Car,No injury/unknown,FAILURE TO YIELD RIGHT OF WAY,E 10TH & E SMITH RD,39.172752,-86.482288
901913546,2012,10,3,Weekday,1600,2-Car,Non-incapacitating,SPEED TOO FAST FOR WEATHER CONDITIONS,E 10TH & N SMITH RD,39.172752,-86.482288
901880695,2012,8,6,Weekday,1500,1-Car,No injury/unknown,OTHER (DRIVER) - EXPLAIN IN NARRATIVE,EAST 10 TH ST & SMITH,39.1726803,-86.48266113
901881250,2012,9,7,Weekend,1600,2-Car,No injury/unknown,UNSAFE BACKING,COTTAGE GROVE AVE & PARK,39.17264,-86.52446357
901802420,2012,4,3,Weekday,1800,2-Car,Incapacitating,FAILURE TO YIELD RIGHT OF WAY,E COTTAGE GROVE & N INDIANA AVE,39.17264,-86.52704
901803362,2012,4,5,Weekday,1700,2-Car,No injury/unknown,FAILURE TO YIELD RIGHT OF WAY,COTTAGE GROVE & INDIANA AVE,39.17264,-86.52704
901799304,2012,3,4,Weekday,1900,2-Car,Non-incapacitating,DISREGARD SIGNAL/REG SIGN,COTTAGE GROVE & WOODLAWN AVE,39.17264,-86.523584
901934302,2012,12,4,Weekday,1600,2-Car,No injury/unknown,IMPROPER PASSING,WHITEHALL CROSSING BLVD,39.17259598,-86.57152557
901899264,2012,10,6,Weekday,1700,2-Car,No injury/unknown,FAILURE TO YIELD RIGHT OF WAY,COTTAGE & INDIANA AVE,39.17256027,-86.52696982
901880220,2012,8,5,Weekday,1800,2-Car,No injury/unknown,FAILURE TO YIELD RIGHT OF WAY,COTTAGE GROVE & WOODLAWN AVE,39.1725301,-86.52351982
901897249,2012,10,3,Weekday,1600,2-Car,No injury/unknown,FAILURE TO YIELD RIGHT OF WAY,COTTAGE GROVE & WOODLAWN AVE,39.1725301,-86.52351982
901897994,2012,10,4,Weekday,1700,Moped/Motorcycle,Non-incapacitating,FAILURE TO YIELD RIGHT OF WAY,COTTAGE GROVE & WOODLAWN AVE,39.1725301,-86.52351982
901806932,2012,4,4,Weekday,1000,2-Car,No injury/unknown,OTHER (DRIVER) - EXPLAIN IN NARRATIVE,COTTAGE GROVE AVE & FORREST,39.17252004,-86.52240346
901771534,2012,1,3,Weekday,1600,2-Car,No injury/unknown,FOLLOWING TOO CLOSELY,COTTAGE GROVE & FORREST AVE,39.17252004,-86.5224
901919830,2012,11,6,Weekday,1000,2-Car,No injury/unknown,DRIVER DISTRACTED - EXPLAIN IN NARRATIVE,N COLLEGE AVE,39.17250318,-86.53475984
901805749,2012,4,3,Weekday,1000,2-Car,No injury/unknown,OVERCORRECTING/OVERSTEERING,N FEE LN,39.17250261,-86.51898354
901822642,2012,5,5,Weekday,1500,2-Car,No injury/unknown,OTHER (DRIVER) - EXPLAIN IN NARRATIVE,NORTH FEE LN,39.17250261,-86.51898354
901893772,2012,9,3,Weekday,1600,2-Car,No injury/unknown,IMPROPER LANE USAGE,N FEE LN,39.17250261,-86.51898354
901775708,2012,2,6,Weekday,200,1-Car,No injury/unknown,UNSAFE SPEED,LAW LN & UNION,39.17234033,-86.50966018
901762441,2012,1,2,Weekday,1600,2-Car,No injury/unknown,IMPROPER TURNING,E LAW LN & N UNION,39.17234033,-86.50963855
901897695,2012,10,4,Weekday,1300,2-Car,No injury/unknown,OTHER (DRIVER) - EXPLAIN IN NARRATIVE,10TH & 600 N INDIANA ST,39.17222927,-86.52703315
901764685,2012,1,6,Weekday,0,2-Car,No injury/unknown,UNSAFE BACKING,NORTH UNION ST,39.172144,-86.509392
901916458,2012,10,2,Weekday,0,2-Car,No injury/unknown,OTHER (DRIVER) - EXPLAIN IN NARRATIVE,N UNION ST,39.172144,-86.509392
901928222,2012,11,1,Weekend,900,2-Car,No injury/unknown,OTHER (DRIVER) - EXPLAIN IN NARRATIVE,N UNION ST,39.172144,-86.509392
901884684,2012,9,1,Weekend,1100,Pedestrian,Non-incapacitating,PEDESTRIAN ACTION,MONROE ST,39.17212343,-86.547104
901938217,2012,12,3,Weekday,2100,2-Car,No injury/unknown,FAILURE TO YIELD RIGHT OF WAY,NORTH RANGE RD,39.17209692,-86.4954552
901754118,2012,1,2,Weekday,1600,2-Car,No injury/unknown,ROADWAY SURFACE CONDITION,10TH & COLLEGE AVE,39.17201865,-86.53476505
901938416,2012,12,4,Weekday,1100,2-Car,No injury/unknown,UNSAFE BACKING,S ROGERS ST,39.17200261,-86.53854563
901798791,2012,3,3,Weekday,1300,2-Car,No injury/unknown,OTHER (DRIVER) - EXPLAIN IN NARRATIVE,N WOODBRIDGE DR,39.17197421,-86.49072378
901767166,2012,1,2,Weekday,1700,2-Car,No injury/unknown,FOLLOWING TOO CLOSELY,2ND & ROGERS ST,39.17197385,-86.53867028
901855191,2012,7,5,Weekday,1000,2-Car,Non-incapacitating,FOLLOWING TOO CLOSELY,SO ROGERS ST & W 2ND,39.17196569,-86.53866899
901871396,2012,8,2,Weekday,1600,2-Car,Non-incapacitating,FAILURE TO YIELD RIGHT OF WAY,CURRY PIKE & PROFILE,39.17196013,-86.5829797
901838069,2012,6,6,Weekday,1500,2-Car,No injury/unknown,FAILURE TO YIELD RIGHT OF WAY,WHITEHALL CROSSING AVE,39.17191721,-86.57243661
901768102,2012,1,4,Weekday,1500,2-Car,No injury/unknown,FOLLOWING TOO CLOSELY,10TH & SR46S,39.17189797,-86.5022422
901865033,2012,7,5,Weekday,1200,1-Car,No injury/unknown,OTHER (DRIVER) - EXPLAIN IN NARRATIVE,N COLLEGE AVE,39.17186547,-86.53476669
901850445,2012,7,2,Weekday,1800,2-Car,No injury/unknown,UNSAFE LANE MOVEMENT,JACOB & WHITEHALL CROSSING BLVD,39.17183004,-86.57166011
901919946,2012,11,6,Weekday,0,2-Car,No injury/unknown,,E BALFOUR & N JORDAN ARC,39.17182654,-86.51259852
901839167,2012,6,2,Weekday,800,1-Car,No injury/unknown,IMPROPER TURNING,10TH & RANGE RD,39.17177865,-86.49531066
901887248,2012,9,5,Weekday,1800,2-Car,No injury/unknown,OTHER (DRIVER) - EXPLAIN IN NARRATIVE,NORTH WALNUT GRV,39.17174757,-86.5209335
901857811,2012,7,4,Weekday,300,1-Car,Non-incapacitating,UNSAFE SPEED,EAST 10TH ST,39.171744,-86.536
901878059,2012,8,1,Weekend,1500,2-Car,No injury/unknown,OTHER (DRIVER) - EXPLAIN IN NARRATIVE,E 10TH ST,39.171744,-86.53489371
901754105,2012,1,2,Weekday,1600,2-Car,No injury/unknown,SPEED TOO FAST FOR WEATHER CONDITIONS,10TH & NORTH COLLEGE AVE,39.171744,-86.534768
901812388,2012,4,1,Weekend,100,Cyclist,Non-incapacitating,FAILURE TO YIELD RIGHT OF WAY,10TH & COLLEGE AVE,39.171744,-86.534768
901852035,2012,7,5,Weekday,1700,2-Car,No injury/unknown,FAILURE TO YIELD RIGHT OF WAY,10TH & N COLLEGE AVE,39.171744,-86.534768
901861847,2012,7,4,Weekday,1900,2-Car,Non-incapacitating,DISREGARD SIGNAL/REG SIGN,10TH ST & COLLEGE,39.171744,-86.534768
901869037,2012,8,5,Weekday,600,2-Car,Non-incapacitating,FOLLOWING TOO CLOSELY,10TH & COLLEGE AVE,39.171744,-86.534768
901873639,2012,8,6,Weekday,0,2-Car,No injury/unknown,FAILURE TO YIELD RIGHT OF WAY,10TH & COLLEGE AVE,39.171744,-86.534768
901910697,2012,10,5,Weekday,2300,2-Car,No injury/unknown,FOLLOWING TOO CLOSELY,COLLEGE & W 10TH ST,39.171744,-86.534768
901910871,2012,10,6,Weekday,1000,2-Car,No injury/unknown,UNSAFE LANE MOVEMENT,N COLLEGE AVE & W 10TH,39.171744,-86.534768
901931012,2012,11,6,Weekday,300,Pedestrian,Non-incapacitating,FAILURE TO YIELD RIGHT OF WAY,10TH ST & COLLEGE,39.171744,-86.534768
901761578,2012,1,1,Weekend,0,2-Car,No injury/unknown,IMPROPER TURNING,10TH & WALNUT ST,39.171744,-86.53352
901808075,2012,4,1,Weekend,100,2-Car,No injury/unknown,IMPROPER TURNING,10TH & WALNUT ST,39.171744,-86.53352
901881133,2012,9,7,Weekend,1300,2-Car,No injury/unknown,DISREGARD SIGNAL/REG SIGN,10TH & WALNUT ST,39.171744,-86.53352
901896729,2012,10,2,Weekday,2000,Pedestrian,Non-incapacitating,FAILURE TO YIELD RIGHT OF WAY,E 10TH ST & WALNUT,39.171744,-86.53352
901889732,2012,9,3,Weekday,1900,2-Car,No injury/unknown,OTHER (DRIVER) - EXPLAIN IN NARRATIVE,E 10TH ST & WASHINGTON,39.171728,-86.5324
901904671,2012,10,2,Weekday,1200,2-Car,No injury/unknown,FAILURE TO YIELD RIGHT OF WAY,E 10TH ST & WASHINGTON,39.171728,-86.5324
901861551,2012,7,4,Weekday,900,2-Car,No injury/unknown,FAILURE TO YIELD RIGHT OF WAY,N JORDAN AVE,39.17172611,-86.51559859
901902605,2012,10,5,Weekday,1800,2-Car,No injury/unknown,FOLLOWING TOO CLOSELY,E 10TH ST & WASHINGTON,39.171726,-86.5322236
901788833,2012,3,3,Weekday,1400,Moped/Motorcycle,Non-incapacitating,FAILURE TO YIELD RIGHT OF WAY,10TH ST & LINCOLN,39.171712,-86.530992
901796606,2012,3,4,Weekday,1900,2-Car,No injury/unknown,DISREGARD SIGNAL/REG SIGN,10TH ST & LINCOLN,39.171712,-86.530992
901797558,2012,3,7,Weekend,1400,2-Car,No injury/unknown,FAILURE TO YIELD RIGHT OF WAY,10TH ST & LINCOLN,39.171712,-86.530992
901811690,2012,4,6,Weekday,1500,2-Car,Non-incapacitating,FAILURE TO YIELD RIGHT OF WAY,10TH & LINCOLN ST,39.171712,-86.530992
901815093,2012,4,4,Weekday,1700,2-Car,No injury/unknown,FAILURE TO YIELD RIGHT OF WAY,10TH ST & LINCOLN,39.171712,-86.530992
901842020,2012,6,6,Weekday,1700,2-Car,No injury/unknown,FAILURE TO YIELD RIGHT OF WAY,10TH ST & LINCOLN,39.171712,-86.530992
901922610,2012,11,4,Weekday,400,2-Car,No injury/unknown,DISREGARD SIGNAL/REG SIGN,EAST 10TH ST & LINCOLN,39.171712,-86.530992
901874821,2012,8,2,Weekday,700,1-Car,No injury/unknown,UNSAFE SPEED,SR37S & WHITEHALL CROSSING BLVD,39.17170543,-86.5696614
901851293,2012,7,4,Weekday,200,3+ Cars,Non-incapacitating,FAILURE TO YIELD RIGHT OF WAY,CURRY PIKE & SR48W,39.1717046,-86.58299109
901759129,2012,1,4,Weekday,800,2-Car,No injury/unknown,FAILURE TO YIELD RIGHT OF WAY,E 10TH ST & N GRANT,39.171696,-86.529696
901797684,2012,3,7,Weekend,1700,2-Car,No injury/unknown,FOLLOWING TOO CLOSELY,10TH ST & GRANT,39.171696,-86.529696
901891107,2012,9,6,Weekday,900,2-Car,No injury/unknown,LEFT OF CENTER,10TH & GRANT ST,39.171696,-86.529696
901860049,2012,7,4,Weekday,400,1-Car,No injury/unknown,RAN OFF ROAD RIGHT,N DANLIES WAY,39.17169459,-86.59827031
901859297,2012,7,6,Weekday,1400,2-Car,No injury/unknown,FAILURE TO YIELD RIGHT OF WAY,10TH ST & LINCOLN,39.1716899,-86.53103001
901941170,2012,11,5,Weekday,900,2-Car,No injury/unknown,UNSAFE BACKING,HILLSIDE & MONON DR,39.1716813,-86.53446994
901898766,2012,10,5,Weekday,1200,3+ Cars,No injury/unknown,OTHER (DRIVER) - EXPLAIN IN NARRATIVE,DUNN & EAST 10TH ST,39.17168,-86.52799136
901761581,2012,1,1,Weekend,200,2-Car,No injury/unknown,ROADWAY SURFACE CONDITION,10TH ST & DUNN,39.17168,-86.528256
901815660,2012,4,1,Weekend,1500,3+ Cars,Non-incapacitating,DRIVER DISTRACTED - EXPLAIN IN NARRATIVE,10TH ST & DUNN,39.17168,-86.528256
901911217,2012,10,6,Weekday,1700,2-Car,No injury/unknown,FOLLOWING TOO CLOSELY,10TH ST & INDIANA,39.17168,-86.527024
901919542,2012,11,5,Weekday,1800,2-Car,No injury/unknown,FAILURE TO YIELD RIGHT OF WAY,10TH & N INDIANA AVE,39.17168,-86.527024
901939737,2012,12,6,Weekday,1000,2-Car,No injury/unknown,FOLLOWING TOO CLOSELY,DUNN ST & TENTH,39.17167238,-86.52828953
901851189,2012,7,3,Weekday,1500,2-Car,No injury/unknown,FAILURE TO YIELD RIGHT OF WAY,10TH ST & GRANT,39.17166978,-86.52975998
901868252,2012,8,3,Weekday,1500,2-Car,Non-incapacitating,FAILURE TO YIELD RIGHT OF WAY,10TH ST & GRANT,39.17166978,-86.52975998
901906347,2012,10,5,Weekday,1700,2-Car,Non-incapacitating,FAILURE TO YIELD RIGHT OF WAY,10TH ST & GRANT,39.17166978,-86.52975998
901920312,2012,11,7,Weekend,1000,2-Car,No injury/unknown,OTHER (ENVIRONMENTAL) - EXPLAIN IN NARR,10TH ST & GRANT,39.17166978,-86.52975998
901930901,2012,11,3,Weekday,2000,2-Car,Non-incapacitating,FAILURE TO YIELD RIGHT OF WAY,10TH ST & GRANT,39.17166978,-86.52975998
901872088,2012,8,4,Weekday,900,2-Car,Non-incapacitating,OTHER TELEMATICS IN USE,10TH ST & DUNN,39.17166978,-86.5282844
901899254,2012,10,6,Weekday,1800,2-Car,No injury/unknown,FAILURE TO YIELD RIGHT OF WAY,10TH ST & DUNN,39.17166978,-86.52828007
901915692,2012,11,6,Weekday,1600,2-Car,No injury/unknown,FAILURE TO YIELD RIGHT OF WAY,10TH ST & BARRINGTON,39.17166978,-86.48929014
901819235,2012,5,7,Weekend,1700,2-Car,No injury/unknown,FAILURE TO YIELD RIGHT OF WAY,600 N FESS & 700 E 10TH ST,39.171664,-86.52576
901923584,2012,11,5,Weekday,1800,2-Car,No injury/unknown,FOLLOWING TOO CLOSELY,FESS & TENTH ST,39.171661,-86.52613932
901867701,2012,8,2,Weekday,1900,2-Car,No injury/unknown,DISREGARD SIGNAL/REG SIGN,10TH ST & COLLEGE,39.17165972,-86.53483003
901872369,2012,8,4,Weekday,1300,2-Car,Non-incapacitating,FAILURE TO YIELD RIGHT OF WAY,10TH & COLLEGE AVE,39.17165972,-86.53483003
901872879,2012,8,5,Weekday,1600,2-Car,No injury/unknown,IMPROPER TURNING,10TH & COLLEGE AVE,39.17165972,-86.53483003
901895129,2012,9,5,Weekday,1000,2-Car,Non-incapacitating,FOLLOWING TOO CLOSELY,10TH & COLLEGE AVE,39.17165972,-86.53483003
901900192,2012,10,2,Weekday,1000,2-Car,No injury/unknown,UNSAFE LANE MOVEMENT,10TH & COLLEGE AVE,39.17165972,-86.53483003
901887759,2012,9,6,Weekday,1500,2-Car,No injury/unknown,FOLLOWING TOO CLOSELY,10TH & WALNUT ST,39.17165972,-86.53358012
901941086,2012,12,2,Weekday,2200,2-Car,No injury/unknown,FAILURE TO YIELD RIGHT OF WAY,10TH ST & 10TH STREET MARKET,39.17165972,-86.53358012
901872202,2012,8,4,Weekday,1100,3+ Cars,No injury/unknown,FOLLOWING TOO CLOSELY,INDIANA & TENTH ST,39.17165972,-86.52698712
901896627,2012,10,2,Weekday,1600,2-Car,No injury/unknown,FOLLOWING TOO CLOSELY,10TH ST & INDIANA,39.17165972,-86.52696982
901935747,2012,12,6,Weekend,2100,2-Car,No injury/unknown,SPEED TOO FAST FOR WEATHER CONDITIONS,10TH ST & INDIANA,39.17165972,-86.52696982
901828086,2012,5,2,Weekday,1100,1-Car,No injury/unknown,OTHER (DRIVER) - EXPLAIN IN NARRATIVE,10TH ST & JEFFERSON,39.17164801,-86.50655873
901938860,2012,12,4,Weekday,1500,1-Car,No injury/unknown,UNSAFE BACKING,10TH ST & JEFFERSON,39.17164801,-86.50673515
901939589,2012,12,6,Weekday,100,2-Car,No injury/unknown,LEFT OF CENTER,EAST 10TH ST & JEFFERSON,39.17164801,-86.50673515
901779340,2012,2,4,Weekday,100,1-Car,Non-incapacitating,RAN OFF ROAD RIGHT,10TH ST & JEFFERSON,39.17164801,-86.50684101
901773160,2012,2,7,Weekend,1900,2-Car,No injury/unknown,FAILURE TO YIELD RIGHT OF WAY,10TH ST & PARK,39.171648,-86.524608
901818805,2012,5,6,Weekday,1500,2-Car,No injury/unknown,FOLLOWING TOO CLOSELY,PARK & TENTH ST,39.171648,-86.524608
901812212,2012,4,7,Weekend,1200,2-Car,No injury/unknown,FAILURE TO YIELD RIGHT OF WAY,10TH ST & PARK,39.171648,-86.524608
901875388,2012,8,3,Weekday,1500,Moped/Motorcycle,Non-incapacitating,FAILURE TO YIELD RIGHT OF WAY,E 10TH ST & PARK,39.171648,-86.524608
901762985,2012,1,3,Weekday,800,2-Car,No injury/unknown,FOLLOWING TOO CLOSELY,E 10TH ST & N JEFFERSON,39.171648,-86.507088
901765620,2012,1,7,Weekend,200,1-Car,No injury/unknown,SPEED TOO FAST FOR WEATHER CONDITIONS,10TH ST & JEFFERSON,39.171648,-86.507088
901815485,2012,4,7,Weekend,2000,1-Car,Non-incapacitating,SPEED TOO FAST FOR WEATHER CONDITIONS,E 10TH ST & N JEFFERSON,39.171648,-86.507088
901815528,2012,4,1,Weekend,100,1-Car,No injury/unknown,SPEED TOO FAST FOR WEATHER CONDITIONS,10TH ST & JEFFERSON,39.171648,-86.507088
901805038,2012,4,2,Weekday,1700,2-Car,No injury/unknown,FOLLOWING TOO CLOSELY,E 10TH ST & N JEFFERSON,39.171648,-86.507088
901821236,2012,5,4,Weekday,900,2-Car,Non-incapacitating,UNSAFE SPEED,10TH ST & JEFFERSON,39.171648,-86.507088
901899543,2012,10,7,Weekend,1500,Moped/Motorcycle,Incapacitating,OTHER (DRIVER) - EXPLAIN IN NARRATIVE,10TH ST & JEFFERSON,39.171648,-86.507088
901910340,2012,10,5,Weekday,1200,1-Car,No injury/unknown,OTHER (VEHICLE) - EXPLAIN IN NARRATIVE,E 10TH ST & N JEFFERSON,39.171648,-86.507088
901911118,2012,10,6,Weekday,1400,2-Car,No injury/unknown,FOLLOWING TOO CLOSELY,10TH ST & JEFFERSON,39.171648,-86.507088
901915097,2012,11,6,Weekday,400,2-Car,No injury/unknown,FOLLOWING TOO CLOSELY,10TH ST & JEFFERSON,39.171648,-86.507088
901819439,2012,5,7,Weekend,1900,2-Car,No injury/unknown,UNSAFE BACKING,E 10TH ST,39.171648,-86.50369927
901873640,2012,7,1,Weekend,100,1-Car,No injury/unknown,OTHER (DRIVER) - EXPLAIN IN NARRATIVE,E 10TH ST,39.171648,-86.50295229
901754907,2012,1,3,Weekday,1300,2-Car,No injury/unknown,UNSAFE SPEED,10TH ST & SR46E,39.171648,-86.502096
901812173,2012,4,7,Weekend,300,2-Car,Non-incapacitating,OTHER (DRIVER) - EXPLAIN IN NARRATIVE,10TH & SR46E,39.171648,-86.502096
901827159,2012,5,7,Weekend,1900,2-Car,No injury/unknown,DRIVER DISTRACTED - EXPLAIN IN NARRATIVE,10TH & SR46W,39.171648,-86.502096
901832541,2012,5,3,Weekday,1500,2-Car,No injury/unknown,DRIVER DISTRACTED - EXPLAIN IN NARRATIVE,10TH & SR46S,39.171648,-86.502096
901863310,2012,7,1,Weekend,1200,2-Car,Non-incapacitating,FAILURE TO YIELD RIGHT OF WAY,10TH & SR46S,39.171648,-86.502096
901873704,2012,8,6,Weekday,1300,2-Car,No injury/unknown,UNSAFE SPEED,10TH & SR46E,39.171648,-86.502096
901821003,2012,5,3,Weekday,2100,2-Car,No injury/unknown,IMPROPER TURNING,E 10TH ST,39.17164591,-86.50199444
901916522,2012,11,1,Weekend,1600,1-Car,No injury/unknown,UNSAFE BACKING,E 10TH ST,39.17164435,-86.50191826
901924296,2012,11,6,Weekday,1500,1-Car,No injury/unknown,UNSAFE BACKING,E 10TH ST,39.17164435,-86.50191826
901876995,2012,8,6,Weekday,1700,2-Car,No injury/unknown,UNSAFE BACKING,EAST 10TH ST,39.17164278,-86.50184209
901900698,2012,10,6,Weekend,2100,2-Car,No injury/unknown,,E 10TH ST,39.17164278,-86.50184209
901882035,2012,9,3,Weekday,900,2-Car,No injury/unknown,OTHER (DRIVER) - EXPLAIN IN NARRATIVE,SR45W & SR46,39.17164076,-86.50174328
901878259,2012,8,7,Weekend,100,2-Car,No injury/unknown,FAILURE TO YIELD RIGHT OF WAY,10TH ST & WOODLAWN,39.17164028,-86.52349971
901896783,2012,10,2,Weekday,1800,2-Car,No injury/unknown,FOLLOWING TOO CLOSELY,10TH ST & WOODLAWN,39.17164028,-86.52349971
901933512,2012,12,3,Weekday,1500,2-Car,No injury/unknown,FOLLOWING TOO CLOSELY,FORREST & TENTH ST,39.17163204,-86.522386
901764362,2012,1,4,Weekday,2200,2-Car,Non-incapacitating,FAILURE TO YIELD RIGHT OF WAY,10TH ST & WOODLAWN,39.171632,-86.523536
901777879,2012,2,2,Weekday,2300,2-Car,No injury/unknown,UNSAFE BACKING,EAST 10TH ST,39.171632,-86.523536
901783046,2012,2,5,Weekday,1900,2-Car,No injury/unknown,UNSAFE BACKING,E 10TH ST & WOODLAWN,39.171632,-86.523536
901838687,2012,6,1,Weekend,800,2-Car,No injury/unknown,FAILURE TO YIELD RIGHT OF WAY,E 10TH ST & N WOODLAWN,39.171632,-86.523536
901900723,2012,10,2,Weekday,2100,3+ Cars,Non-incapacitating,DRIVER DISTRACTED - EXPLAIN IN NARRATIVE,10TH ST & WOODLAWN,39.171632,-86.523536
901910986,2012,10,6,Weekday,1200,3+ Cars,No injury/unknown,FOLLOWING TOO CLOSELY,10TH ST & FORREST,39.17163022,-86.52237989
901912034,2012,10,1,Weekend,1700,3+ Cars,No injury/unknown,FOLLOWING TOO CLOSELY,10TH ST & FORREST,39.17163022,-86.52237989
901930850,2012,11,5,Weekday,1600,2-Car,No injury/unknown,FOLLOWING TOO CLOSELY,10TH ST & FORREST,39.17163022,-86.52237989
901938472,2012,12,4,Weekday,1100,2-Car,No injury/unknown,UNSAFE BACKING,TENTH & WOODLAWN AVE,39.17162998,-86.52351778
901888115,2012,9,2,Weekday,1600,Bus,No injury/unknown,FAILURE TO YIELD RIGHT OF WAY,TENTH & WOODLAWN AVE,39.17161805,-86.52351755
901879438,2012,8,3,Weekday,900,2-Car,No injury/unknown,DRIVER DISTRACTED - EXPLAIN IN NARRATIVE,10TH ST & WALNUT,39.1716101,-86.52098983
901880760,2012,8,6,Weekday,1800,2-Car,No injury/unknown,FAILURE TO YIELD RIGHT OF WAY,10TH ST & WALNUT GROVE,39.1716101,-86.52098983
901780312,2012,2,7,Weekend,200,2-Car,No injury/unknown,FAILURE TO YIELD RIGHT OF WAY,10TH ST & FEE,39.1716101,-86.51901975
901873836,2012,8,7,Weekend,1600,3+ Cars,No injury/unknown,FOLLOWING TOO CLOSELY,10TH ST & WALNUT GROVE,39.17160188,-86.52107241
901836010,2012,6,3,Weekday,1200,2-Car,No injury/unknown,UNSAFE BACKING,EAST TENTH ST,39.17160138,-86.51021338
901759968,2012,1,5,Weekday,1600,2-Car,No injury/unknown,FOLLOWING TOO CLOSELY,E 10TH ST & N WALNUT GROVE,39.1716,-86.520896
901911304,2012,10,6,Weekend,1900,2-Car,No injury/unknown,FAILURE TO YIELD RIGHT OF WAY,JORDAN AVE & TENTH,39.17159826,-86.5156478
901936111,2012,12,7,Weekend,2300,2-Car,Non-incapacitating,FAILURE TO YIELD RIGHT OF WAY,E LAW & JORDAN AVE,39.17159826,-86.5156478
901884467,2012,9,7,Weekend,1400,1-Car,Non-incapacitating,OVERCORRECTING/OVERSTEERING,E TENTH ST & TULIP TREE,39.17159402,-86.50451571
901906869,2012,10,6,Weekday,1400,2-Car,No injury/unknown,FOLLOWING TOO CLOSELY,10TH ST & JORDAN,39.17158999,-86.51565379