Master Record Number,Year,Month,Day,Weekend?,Hour,Collision Type,Injury Type,Primary Factor,Reported_Location,Latitude,Longitude
901777827,2012,2,2,Weekday,1900,2-Car,No injury/unknown,UNSAFE SPEED,E 10TH ST & N CAMPBELL,39.17158999,-86.51394031
901774088,2012,2,2,Weekday,1100,2-Car,No injury/unknown,IMPROPER TURNING,E 11TH ST & N FEE,39.171584,-86.518688
901798195,2012,3,2,Weekday,1200,2-Car,No injury/unknown,UNSAFE BACKING,11TH ST & FEE,39.171584,-86.518688
901811249,2012,4,6,Weekday,300,2-Car,No injury/unknown,FAILURE TO YIELD RIGHT OF WAY,10TH ST & FEE,39.171584,-86.518688
901859073,2012,7,5,Weekday,1300,2-Car,No injury/unknown,FOLLOWING TOO CLOSELY,E TENTH ST & FEE,39.171584,-86.518688
901907283,2012,10,6,Weekend,2100,2-Car,No injury/unknown,FOLLOWING TOO CLOSELY,10TH ST & FEE,39.171584,-86.518688
901817444,2012,5,4,Weekday,1200,2-Car,No injury/unknown,UNSAFE SPEED,10TH ST & SUNRISE,39.17157993,-86.51250581
901876282,2012,8,5,Weekday,1200,2-Car,No injury/unknown,UNSAFE BACKING,E 10TH ST & N SUNRISE,39.17157993,-86.51249283
901910997,2012,10,6,Weekday,1300,1-Car,Non-incapacitating,UNSAFE SPEED,E 10TH ST & N SUNRISE,39.17157993,-86.5124885
901899274,2012,10,6,Weekend,1900,2-Car,No injury/unknown,FOLLOWING TOO CLOSELY,10TH ST & SUNRISE,39.17157993,-86.51248418
901899269,2012,10,4,Weekday,1900,2-Car,No injury/unknown,FAILURE TO YIELD RIGHT OF WAY,10TH ST & SUNRISE,39.17157993,-86.51247985
901833189,2012,5,4,Weekday,1700,2-Car,Non-incapacitating,FOLLOWING TOO CLOSELY,10TH ST & N FEE,39.17157828,-86.51815878
901876418,2012,8,5,Weekday,1600,2-Car,No injury/unknown,UNSAFE BACKING,E 10TH ST,39.17157747,-86.51808392
901889638,2012,9,2,Weekday,2100,2-Car,No injury/unknown,UNSAFE BACKING,E 10TH ST,39.17157747,-86.51808392
901760380,2012,1,6,Weekday,400,1-Car,No injury/unknown,SPEED TOO FAST FOR WEATHER CONDITIONS,10TH ST & FEE,39.17157638,-86.51798237
901876958,2012,8,6,Weekday,1500,1-Car,No injury/unknown,FOLLOWING TOO CLOSELY,10TH ST & FEE,39.17157638,-86.51798237
901847502,2012,6,3,Weekday,1800,2-Car,No injury/unknown,IMPROPER TURNING,SR46 & UNIONVILLE,39.1715658,-86.50228603
901858254,2012,7,4,Weekday,1700,2-Car,No injury/unknown,UNSAFE LANE MOVEMENT,SR45 & SR46,39.1715658,-86.50228603
901778228,2012,2,1,Weekend,1000,2-Car,No injury/unknown,OTHER (DRIVER) - EXPLAIN IN NARRATIVE,EAST TENTH ST,39.17156383,-86.51814334
901816667,2012,5,3,Weekday,900,2-Car,No injury/unknown,UNSAFE BACKING,EAST TENTH ST,39.17156383,-86.51814334
901882604,2012,9,3,Weekday,1900,2-Car,No injury/unknown,UNSAFE BACKING,10TH ST,39.17156383,-86.51814334
901762894,2012,1,3,Weekday,1300,2-Car,No injury/unknown,UNSAFE LANE MOVEMENT,10TH & JORDAN AVE,39.171552,-86.515728
901785528,2012,2,4,Weekday,0,2-Car,No injury/unknown,FAILURE TO YIELD RIGHT OF WAY,10TH & JORDAN AVE,39.171552,-86.515728
901797058,2012,3,6,Weekday,1300,2-Car,No injury/unknown,IMPROPER TURNING,10TH & JORDAN AVE,39.171552,-86.515728
901807953,2012,4,7,Weekend,1900,2-Car,No injury/unknown,FOLLOWING TOO CLOSELY,10TH & JORDAN AVE,39.171552,-86.515728
901808327,2012,4,1,Weekend,1400,2-Car,No injury/unknown,FAILURE TO YIELD RIGHT OF WAY,E 10TH ST & N JORDAN,39.171552,-86.515728
901814420,2012,4,5,Weekday,1000,2-Car,No injury/unknown,IMPROPER TURNING,10TH & 600 N JORDAN (PARKING LOT) AVE,39.171552,-86.515728
901820589,2012,5,3,Weekday,1100,Bus,No injury/unknown,FOLLOWING TOO CLOSELY,1400 E TENTH ST & 600 N JORDAN,39.171552,-86.515728
901830630,2012,5,6,Weekday,1400,2-Car,No injury/unknown,,N JORDAN AVE,39.171552,-86.515728
901911464,2012,10,6,Weekday,1000,2-Car,No injury/unknown,UNSAFE BACKING,10TH & JORDAN AVE,39.171552,-86.515728
901906686,2012,10,6,Weekday,1100,2-Car,No injury/unknown,FAILURE TO YIELD RIGHT OF WAY,10TH ST & UNION,39.17154975,-86.50942867
901812057,2012,4,7,Weekend,1800,2-Car,No injury/unknown,FOLLOWING TOO CLOSELY,10TH ST & JORDAN,39.17154708,-86.51537521
901904290,2012,10,1,Weekend,1300,3+ Cars,Non-incapacitating,FOLLOWING TOO CLOSELY,10TH ST & RANGE,39.17154567,-86.49707538
901904291,2012,10,1,Weekend,1300,2-Car,No injury/unknown,FOLLOWING TOO CLOSELY,10TH ST & RANGE,39.17154567,-86.49707538
901778359,2012,2,3,Weekday,1200,1-Car,No injury/unknown,ACCELERATOR FAILURE OR DEFECTIVE,E TENTH ST,39.17154036,-86.51313968
901931757,2012,12,7,Weekend,1400,2-Car,No injury/unknown,UNSAFE BACKING,E TENTH ST,39.17154036,-86.51313968
901780278,2012,2,6,Weekday,1600,1-Car,No injury/unknown,ANIMAL/OBJECT IN ROADWAY,FLEENER RD & HASH,39.17153535,-86.4017051
901868101,2012,8,3,Weekday,1200,2-Car,Non-incapacitating,FOLLOWING TOO CLOSELY,SR46E & TENTH,39.17153031,-86.50220967
901884189,2012,9,6,Weekday,1600,2-Car,No injury/unknown,FOLLOWING TOO CLOSELY,10TH ST & 45 46 BYPASS,39.17153031,-86.50220967
901884520,2012,9,7,Weekend,1800,2-Car,No injury/unknown,FOLLOWING TOO CLOSELY,10TH ST & 45 46,39.17153031,-86.50220967
901893975,2012,9,4,Weekday,800,2-Car,No injury/unknown,OTHER (DRIVER) - EXPLAIN IN NARRATIVE,SR46N & TENTH,39.17153031,-86.50220967
901898985,2012,10,6,Weekday,1000,2-Car,No injury/unknown,FOLLOWING TOO CLOSELY,10TH & SR46W,39.17153031,-86.50220967
901899267,2012,10,6,Weekend,2000,2-Car,No injury/unknown,FAILURE TO YIELD RIGHT OF WAY,10TH & SR46E,39.17153031,-86.50220967
901835344,2012,6,1,Weekend,1700,2-Car,No injury/unknown,OTHER (DRIVER) - EXPLAIN IN NARRATIVE,E 10TH ST,39.17152695,-86.49442523
901855914,2012,7,6,Weekday,1300,2-Car,No injury/unknown,FAILURE TO YIELD RIGHT OF WAY,E 10TH ST,39.17152628,-86.49444334
901774194,2012,2,3,Weekday,600,1-Car,No injury/unknown,ANIMAL/OBJECT IN ROADWAY,10TH ST & PETE ELLIS,39.17152424,-86.4960172
901913405,2012,10,3,Weekday,1500,Bus,No injury/unknown,IMPROPER TURNING,TENTH & UNIONVILLE RD,39.17151399,-86.50678277
901767231,2012,1,2,Weekday,1900,2-Car,No injury/unknown,UNSAFE BACKING,E 10TH ST,39.171504,-86.512288
901809970,2012,4,3,Weekday,1800,2-Car,No injury/unknown,OVERCORRECTING/OVERSTEERING,E 10TH ST,39.171504,-86.512288
901878785,2012,8,6,Weekday,1800,2-Car,No injury/unknown,IMPROPER TURNING,EAST 10TH ST,39.171504,-86.512288
901887730,2012,9,6,Weekday,1200,2-Car,No injury/unknown,OVERCORRECTING/OVERSTEERING,E 10TH ST,39.171504,-86.512288
901938711,2012,12,3,Weekday,1900,2-Car,No injury/unknown,UNSAFE BACKING,E 10TH ST ST,39.171504,-86.512288
901786967,2012,3,7,Weekend,500,2-Car,Non-incapacitating,DISREGARD SIGNAL/REG SIGN,10TH ST & PETE ELLIS,39.171504,-86.495312
901805752,2012,4,3,Weekday,1600,2-Car,No injury/unknown,FOLLOWING TOO CLOSELY,E 10TH ST & RANGE,39.171504,-86.495312
901867758,2012,8,2,Weekday,500,2-Car,No injury/unknown,UNSAFE SPEED,RANGE & SR46S,39.171504,-86.495312
901878252,2012,8,2,Weekday,1400,2-Car,No injury/unknown,FOLLOWING TOO CLOSELY,10TH & N PETE ELLIS DR,39.171504,-86.495312
901881573,2012,9,2,Weekday,1500,2-Car,No injury/unknown,FOLLOWING TOO CLOSELY,10TH ST & NORTH PETE ELLIS,39.171504,-86.495312
901923167,2012,11,5,Weekday,700,2-Car,Non-incapacitating,FOLLOWING TOO CLOSELY,E 10TH ST & N PETE ELLIS,39.171504,-86.495312
901763703,2012,1,4,Weekday,0,2-Car,No injury/unknown,,E 10TH ST,39.171504,-86.49509867
901797605,2012,3,7,Weekend,2300,2-Car,No injury/unknown,UNSAFE BACKING,E 10TH ST,39.171504,-86.49509867
901805121,2012,4,2,Weekday,2000,3+ Cars,Non-incapacitating,FAILURE TO YIELD RIGHT OF WAY,SR45,39.171504,-86.494992
901783091,2012,2,5,Weekday,2100,2-Car,Non-incapacitating,DRIVER ASLEEP OR FATIGUED,10TH ST & JOHN HINKLE,39.171504,-86.49296
901938905,2012,12,4,Weekday,2200,1-Car,No injury/unknown,OTHER (DRIVER) - EXPLAIN IN NARRATIVE,EAST 10TH ST,39.17149074,-86.50190256
901849886,2012,7,1,Weekday,2100,Moped/Motorcycle,Non-incapacitating,OVERCORRECTING/OVERSTEERING,10TH ST & PETE ELLIS,39.17149007,-86.4953801
901906702,2012,10,6,Weekday,1300,2-Car,No injury/unknown,FAILURE TO YIELD RIGHT OF WAY,10TH ST & PETE ELLIS,39.17149007,-86.4953801
901941441,2012,12,2,Weekday,1400,2-Car,Non-incapacitating,DISREGARD SIGNAL/REG SIGN,10TH ST & PETE ELLIS,39.17149007,-86.4953801
901898668,2012,10,5,Weekday,1700,2-Car,No injury/unknown,FOLLOWING TOO CLOSELY,10TH ST & RANGE,39.17149007,-86.49537577
901890991,2012,9,5,Weekday,1600,2-Car,Non-incapacitating,FAILURE TO YIELD RIGHT OF WAY,10TH ST & RANGE,39.17149007,-86.4953628
901881565,2012,9,2,Weekday,1500,3+ Cars,No injury/unknown,SPEED TOO FAST FOR WEATHER CONDITIONS,RANGE & SR45,39.17148519,-86.49626951
901911677,2012,10,7,Weekend,2000,2-Car,No injury/unknown,IMPROPER TURNING,EAST 10TH ST,39.17148317,-86.51039227
901882556,2012,9,3,Weekday,1600,2-Car,No injury/unknown,UNSAFE BACKING,E 10TH ST,39.17148166,-86.51025546
901759945,2012,1,5,Weekday,1600,2-Car,No injury/unknown,FOLLOWING TOO CLOSELY,10TH ST & UNION,39.17147976,-86.51008162
901762418,2012,1,2,Weekday,1700,2-Car,No injury/unknown,FOLLOWING TOO CLOSELY,10TH ST & UNION,39.17147588,-86.50972881
901884320,2012,9,7,Weekend,0,2-Car,No injury/unknown,FAILURE TO YIELD RIGHT OF WAY,10TH ST & UNION,39.17147588,-86.50972881
901760240,2012,1,5,Weekday,2200,2-Car,No injury/unknown,SPEED TOO FAST FOR WEATHER CONDITIONS,10TH ST & UNION,39.171472,-86.509376
901762612,2012,1,3,Weekday,700,2-Car,No injury/unknown,FAILURE TO YIELD RIGHT OF WAY,TENTH ST & UNION,39.171472,-86.509376
901787324,2012,3,7,Weekend,2100,2-Car,No injury/unknown,FAILURE TO YIELD RIGHT OF WAY,E 10TH ST & N UNION,39.171472,-86.509376
901808226,2012,4,1,Weekend,900,2-Car,No injury/unknown,FOLLOWING TOO CLOSELY,EAST TENTH ST & UNION,39.171472,-86.509376
901847779,2012,6,4,Weekday,1200,2-Car,No injury/unknown,UNSAFE LANE MOVEMENT,10TH & UNION ST,39.171472,-86.509376
901878850,2012,8,2,Weekday,1700,2-Car,Non-incapacitating,FOLLOWING TOO CLOSELY,10TH ST & UNION,39.171472,-86.509376
901886116,2012,9,3,Weekday,1800,Moped/Motorcycle,No injury/unknown,FAILURE TO YIELD RIGHT OF WAY,E 10TH ST,39.171472,-86.509376
901923300,2012,11,5,Weekday,1200,2-Car,No injury/unknown,UNSAFE BACKING,E 10TH & N UNION ST,39.171472,-86.509376
901944638,2012,12,5,Weekday,2000,3+ Cars,No injury/unknown,SPEED TOO FAST FOR WEATHER CONDITIONS,E 10TH ST,39.171472,-86.509376
901892146,2012,9,7,Weekend,1900,2-Car,No injury/unknown,FAILURE TO YIELD RIGHT OF WAY,10TH & WALNUT ST,39.17146936,-86.53352366
901773386,2012,2,1,Weekend,1500,3+ Cars,No injury/unknown,WRONG WAY ON ONE WAY,10TH & COLLEGE AVE,39.17146934,-86.534768
901892966,2012,9,2,Weekday,1400,3+ Cars,No injury/unknown,FOLLOWING TOO CLOSELY,10TH & N COLLEGE AVE,39.17146934,-86.534768
901903472,2012,10,7,Weekend,1800,2-Car,No injury/unknown,IMPROPER TURNING,10TH ST & JEFFERSON,39.17141028,-86.50720998
901854449,2012,7,3,Weekday,1900,1-Car,Non-incapacitating,RAN OFF ROAD RIGHT,10 TH & ROGERS ST,39.17140022,-86.53859987
901905754,2012,10,4,Weekday,1600,3+ Cars,No injury/unknown,FAILURE TO YIELD RIGHT OF WAY,10TH & COLLEGE AVE,39.17133202,-86.534768
901925074,2012,11,6,Weekday,500,2-Car,No injury/unknown,UNSAFE BACKING,EAST 10TH ST,39.171312,-86.5492
901805093,2012,4,2,Weekday,2000,2-Car,Non-incapacitating,FAILURE TO YIELD RIGHT OF WAY,10TH & JORDAN AVE,39.17127835,-86.51575822
901882796,2012,9,3,Weekday,200,2-Car,No injury/unknown,UNSAFE BACKING,519 N COLLEGE (PARKING LOT) AVE & MORTON,39.171135,-86.53522392
901881456,2012,9,1,Weekend,1300,3+ Cars,No injury/unknown,FOLLOWING TOO CLOSELY,9TH & COLLEGE AVE,39.17095598,-86.534768
901800401,2012,3,6,Weekday,1800,2-Car,No injury/unknown,FOLLOWING TOO CLOSELY,BASSWOOD DR & BLOOMFIELD,39.17092115,-86.56889006
901891572,2012,9,6,Weekday,1500,2-Car,No injury/unknown,UNSAFE BACKING,SOUTH COLLEGE AVE,39.17088686,-86.534768
901877396,2012,8,7,Weekend,2300,1-Car,Non-incapacitating,OTHER (DRIVER) - EXPLAIN IN NARRATIVE,LINCOLN ST,39.17085388,-86.530992
901891877,2012,9,7,Weekend,1400,2-Car,Non-incapacitating,FOLLOWING TOO CLOSELY,JOHN HINKLE & N PETE ELLIS DR,39.17085256,-86.49555389
901909799,2012,10,4,Weekday,1300,2-Car,No injury/unknown,FAILURE TO YIELD RIGHT OF WAY,4TH & GRANT ST,39.17084706,-86.52981966
901849187,2012,6,6,Weekend,1900,1-Car,No injury/unknown,OTHER (DRIVER) - EXPLAIN IN NARRATIVE,N BELL TRACE DR,39.17074911,-86.49035096
901777851,2012,2,2,Weekday,2000,2-Car,No injury/unknown,OVERCORRECTING/OVERSTEERING,N SUNRISE AVE,39.1707471,-86.51252947
901911198,2012,10,6,Weekday,1500,2-Car,No injury/unknown,FOLLOWING TOO CLOSELY,10TH & JORDAN AVE,39.17073106,-86.51581866
901780240,2012,2,6,Weekday,1500,2-Car,No injury/unknown,FAILURE TO YIELD RIGHT OF WAY,JOHN HINKLE & PETE ELLIS DR,39.17072,-86.4956
901818239,2012,5,5,Weekday,1400,Bus,No injury/unknown,IMPROPER TURNING,E JOHN HINKLE PL & N PETE ELLIS,39.17072,-86.4956
901901094,2012,10,3,Weekday,900,2-Car,No injury/unknown,UNSAFE BACKING,N JACOB DR,39.17064987,-86.57224014
901765605,2012,1,6,Weekend,2100,1-Car,No injury/unknown,ROADWAY SURFACE CONDITION,SR43S & SR48W,39.17064,-86.680896
901765606,2012,1,6,Weekend,2200,1-Car,No injury/unknown,ROADWAY SURFACE CONDITION,SR43S & SR48W,39.17064,-86.680896
901933310,2012,12,3,Weekday,900,2-Car,No injury/unknown,IMPROPER TURNING,NORTH DANIELS WAY,39.17061234,-86.5968399
901903663,2012,10,1,Weekend,1200,2-Car,No injury/unknown,OTHER (DRIVER) - EXPLAIN IN NARRATIVE,9TH ST & MORTON,39.170544,-86.53582358
901881458,2012,9,1,Weekend,1300,2-Car,No injury/unknown,FOLLOWING TOO CLOSELY,455 S COLLEGE AVE & 9TH,39.170544,-86.534768
901886990,2012,9,5,Weekday,1100,Bus,No injury/unknown,RAN OFF ROAD RIGHT,9TH & N COLLEGE AVE,39.170544,-86.534768
901940193,2012,12,5,Weekday,1100,Pedestrian,Non-incapacitating,FAILURE TO YIELD RIGHT OF WAY,N COLLEGE & W9TH ST,39.170544,-86.534768
901822664,2012,5,6,Weekend,2000,2-Car,No injury/unknown,UNSAFE LANE MOVEMENT,E 9TH & N WALNUT ST,39.170544,-86.533536
901868057,2012,8,2,Weekday,1300,2-Car,No injury/unknown,IMPROPER TURNING,9TH & WALNUT ST,39.170544,-86.533536
901893417,2012,9,3,Weekday,1000,2-Car,No injury/unknown,FAILURE TO YIELD RIGHT OF WAY,9TH & N WASHINGTON ST,39.170544,-86.5324
901915050,2012,11,6,Weekday,0,2-Car,No injury/unknown,FAILURE TO YIELD RIGHT OF WAY,E 9TH & N WASHINGTON ST,39.170544,-86.5324
901775164,2012,2,4,Weekday,0,2-Car,No injury/unknown,OTHER (DRIVER) - EXPLAIN IN NARRATIVE,E 9TH ST & N GRANT,39.170544,-86.529696
901871885,2012,8,3,Weekday,1600,2-Car,Non-incapacitating,DISREGARD SIGNAL/REG SIGN,9TH & N GRANT ST,39.170544,-86.529696
901890890,2012,9,4,Weekday,1800,2-Car,No injury/unknown,DISREGARD SIGNAL/REG SIGN,EAST 9TH & NORTH GRANT ST,39.170544,-86.529696
901785455,2012,2,3,Weekday,1700,2-Car,Non-incapacitating,FAILURE TO YIELD RIGHT OF WAY,9TH & INDIANA AVE,39.170544,-86.526992
901810748,2012,4,5,Weekday,200,2-Car,No injury/unknown,WRONG WAY ON ONE WAY,E 9TH ST & N INDIANA AVE AVE,39.170544,-86.526992
901909453,2012,10,3,Weekday,500,1-Car,Non-incapacitating,RAN OFF ROAD RIGHT,E 9TH & N INDIANA AVE,39.170544,-86.526992
901837918,2012,6,6,Weekday,900,2-Car,No injury/unknown,UNSAFE BACKING,9TH ST & PARK,39.170544,-86.52456
901900739,2012,10,2,Weekday,1200,2-Car,No injury/unknown,UNSAFE BACKING,9TH ST & WOODLAWN,39.170544,-86.523488
901823044,2012,5,7,Weekend,1700,2-Car,No injury/unknown,UNSAFE LANE MOVEMENT,9TH & WALNUT AVE,39.17048907,-86.53353689
901848663,2012,6,2,Weekday,300,2-Car,No injury/unknown,DISREGARD SIGNAL/REG SIGN,PROFILE PKWY & ZENITH,39.17048022,-86.59237012
901907669,2012,10,7,Weekend,1800,2-Car,No injury/unknown,FAILURE TO YIELD RIGHT OF WAY,9TH & DUNN ST,39.17045005,-86.52827002
901880185,2012,8,5,Weekday,1900,2-Car,No injury/unknown,UNSAFE BACKING,9TH ST & INDIANA,39.17045005,-86.52697328
901901325,2012,10,3,Weekday,1600,2-Car,No injury/unknown,UNSAFE LANE MOVEMENT,9TH & NORTH COLLEGE AVE,39.17033802,-86.53477132
901873571,2012,8,6,Weekday,1800,2-Car,No injury/unknown,FOLLOWING TOO CLOSELY,9TH & N COLLEGE AVE,39.17026937,-86.53477243
901796770,2012,3,5,Weekday,1300,2-Car,No injury/unknown,IMPROPER LANE USAGE,9TH & WALNUT ST,39.17026937,-86.53354043
901769730,2012,1,7,Weekend,1400,2-Car,No injury/unknown,FAILURE TO YIELD RIGHT OF WAY,EASTGATE & SR4546E,39.17024,-86.501392
901789420,2012,3,4,Weekday,1600,Bus,No injury/unknown,OVERCORRECTING/OVERSTEERING,EASTGATE & SR4546S,39.17024,-86.501392
901800671,2012,3,7,Weekend,1600,2-Car,No injury/unknown,FAILURE TO YIELD RIGHT OF WAY,EASTGATE & SR46N,39.17024,-86.501392
901810751,2012,4,5,Weekday,200,Pedestrian,Incapacitating,OTHER (DRIVER) - EXPLAIN IN NARRATIVE,EASTGATE & SR4546,39.17024,-86.501392
901878740,2012,8,2,Weekday,1900,2-Car,No injury/unknown,OTHER (VEHICLE) - EXPLAIN IN NARRATIVE,E EASTGATE LN,39.17024,-86.501392
901899031,2012,10,5,Weekday,1500,2-Car,Non-incapacitating,FAILURE TO YIELD RIGHT OF WAY,EASTGATE & SR46S,39.17024,-86.501392
901933704,2012,12,3,Weekday,1900,2-Car,No injury/unknown,,E EASTGATE LN,39.17024,-86.501392
901775716,2012,2,6,Weekday,300,3+ Cars,Non-incapacitating,DRIVER DISTRACTED - EXPLAIN IN NARRATIVE,8TH & COLLEGE AVE,39.17023859,-86.53477293
901783442,2012,2,6,Weekday,1400,2-Car,No injury/unknown,,E EASTGATE LN,39.17017438,-86.50122511
901834905,2012,6,1,Weekend,1600,Moped/Motorcycle,Non-incapacitating,FAILURE TO YIELD RIGHT OF WAY,EASTGATE & SR4546S,39.17016962,-86.50148749
901809050,2012,4,2,Weekday,1500,2-Car,No injury/unknown,FAILURE TO YIELD RIGHT OF WAY,DANIELS WAY & ZENITH,39.17015031,-86.59829981
901910293,2012,10,5,Weekday,1100,2-Car,No injury/unknown,UNSAFE BACKING,EASTGATE LN & SR46,39.17012767,-86.50208277
901757639,2012,1,1,Weekend,1400,2-Car,No injury/unknown,UNSAFE BACKING,NORTH GATES DR,39.17012013,-86.57636806
901815354,2012,4,7,Weekend,1200,2-Car,No injury/unknown,UNSAFE BACKING,N GATES DR,39.17012013,-86.57636806
901768047,2012,1,4,Weekday,1300,3+ Cars,No injury/unknown,IMPROPER PASSING,EASTGATE & SR46E,39.17011202,-86.50132801
901934972,2012,12,5,Weekday,1600,2-Car,No injury/unknown,UNSAFE BACKING,N COLLEGE AVE,39.17009861,-86.53477518
901942918,2012,12,3,Weekday,900,2-Car,No injury/unknown,FAILURE TO YIELD RIGHT OF WAY,DAVIS & WALNUT ST,39.1700674,-86.53369009
901887822,2012,9,6,Weekday,1600,2-Car,No injury/unknown,UNSAFE BACKING,GATES DR,39.1698761,-86.57495117
901799533,2012,3,5,Weekday,700,1-Car,No injury/unknown,OTHER (DRIVER) - EXPLAIN IN NARRATIVE,EAST RD,39.169856,-86.50376
901925296,2012,11,2,Weekday,700,1-Car,No injury/unknown,OTHER (DRIVER) - EXPLAIN IN NARRATIVE,300 BLK S ADAMS ST & VERNAL,39.16974407,-86.54968801
901944424,2012,12,6,Weekday,1500,1-Car,No injury/unknown,RAN OFF ROAD RIGHT,W 8TH TRL 6 ST,39.16972931,-86.55493061
901765950,2012,1,7,Weekend,1600,2-Car,No injury/unknown,ROADWAY SURFACE CONDITION,N GRANT ST,39.16971396,-86.529696
901841475,2012,6,5,Weekday,2100,2-Car,No injury/unknown,IMPROPER TURNING,N WALNUT ST,39.16969371,-86.53354971
901822935,2012,5,6,Weekend,2100,2-Car,No injury/unknown,UNSAFE LANE MOVEMENT,8TH & WALNUT ST,39.16968932,-86.53354979
901914703,2012,10,4,Weekday,2000,Moped/Motorcycle,Incapacitating,ANIMAL/OBJECT IN ROADWAY,N HOPEWELL & W 8TH ST,39.16968,-86.552192
901872940,2012,8,5,Weekday,1900,2-Car,No injury/unknown,UNSAFE BACKING,NORTH JORDAN AVE,39.16964203,-86.51621751
901803464,2012,4,5,Weekday,800,1-Car,No injury/unknown,OTHER (DRIVER) - EXPLAIN IN NARRATIVE,NORTH PROFILE PKWY,39.16962795,-86.59242242
901898168,2012,10,4,Weekday,1200,2-Car,No injury/unknown,OTHER (DRIVER) - EXPLAIN IN NARRATIVE,EASTGATE LN,39.16960144,-86.50052642
901858332,2012,7,4,Weekday,2200,2-Car,No injury/unknown,UNSAFE BACKING,N PETE ELLIS DR,39.169584,-86.495904
901887987,2012,9,7,Weekend,1100,2-Car,No injury/unknown,OVERCORRECTING/OVERSTEERING,N MORTON ST & W 8TH,39.169568,-86.536
901761474,2012,1,7,Weekend,1700,2-Car,No injury/unknown,IMPROPER TURNING,8TH & COLLEGE AVE,39.169552,-86.534784
901762845,2012,1,3,Weekday,1200,2-Car,No injury/unknown,FAILURE TO YIELD RIGHT OF WAY,8TH & COLLEGE AVE,39.169552,-86.534784
901817902,2012,5,5,Weekday,1100,2-Car,No injury/unknown,IMPROPER TURNING,8TH & COLLEGE AVE,39.169552,-86.534784
901841702,2012,6,6,Weekday,1200,2-Car,No injury/unknown,FAILURE TO YIELD RIGHT OF WAY,8TH & COLLEGE AVE,39.169552,-86.534784
901880120,2012,8,5,Weekday,1600,2-Car,No injury/unknown,UNSAFE LANE MOVEMENT,N COLLEGE AVE & W 8TH,39.169552,-86.534784
901881615,2012,9,2,Weekday,1400,2-Car,No injury/unknown,UNSAFE LANE MOVEMENT,SOUTH COLLEGE AVE & WEST 8TH,39.169552,-86.534784
901899441,2012,10,6,Weekday,1200,Cyclist,Non-incapacitating,PEDESTRIAN ACTION,8TH ST & COLLEGE,39.169552,-86.534784
901919986,2012,11,6,Weekday,1100,2-Car,No injury/unknown,IMPROPER TURNING,N COLLEGE AVE & W 8TH,39.169552,-86.534784
901754142,2012,1,2,Weekday,2000,2-Car,No injury/unknown,FAILURE TO YIELD RIGHT OF WAY,8TH & WALNUT ST,39.169552,-86.533552
901754269,2012,1,1,Weekend,300,2-Car,No injury/unknown,WRONG WAY ON ONE WAY,N WALNUT & W 8TH ST,39.169552,-86.533552
901794654,2012,3,2,Weekday,0,2-Car,No injury/unknown,IMPROPER LANE USAGE,8TH & WALNUT ST,39.169552,-86.533552
901868710,2012,8,4,Weekday,1100,2-Car,No injury/unknown,FAILURE TO YIELD RIGHT OF WAY,8TH & N WALNUT ST,39.169552,-86.533552
901922347,2012,11,3,Weekday,2200,2-Car,No injury/unknown,DISREGARD SIGNAL/REG SIGN,8TH & WALNUT ST,39.169552,-86.533552
901907143,2012,10,7,Weekend,300,2-Car,No injury/unknown,FAILURE TO YIELD RIGHT OF WAY,8TH & LINCOLN ST,39.169552,-86.530992
901809961,2012,4,7,Weekend,0,2-Car,No injury/unknown,UNSAFE BACKING,E 8TH ST & E GRANT,39.169552,-86.529696
901826878,2012,5,5,Weekday,2200,2-Car,No injury/unknown,OTHER (DRIVER) - EXPLAIN IN NARRATIVE,E 8TH ST & N GRANT,39.169552,-86.529696
901761747,2012,1,1,Weekend,1500,2-Car,No injury/unknown,UNSAFE BACKING,8TH ST & WOODLAWN,39.169552,-86.52344
901763446,2012,1,4,Weekday,1100,Bus,No injury/unknown,FAILURE TO YIELD RIGHT OF WAY,8TH & WOODLAWN AVE,39.169552,-86.52344
901767028,2012,1,2,Weekday,1100,2-Car,No injury/unknown,FAILURE TO YIELD RIGHT OF WAY,8TH & WOODLAWN AVE,39.169552,-86.52344
901906459,2012,10,5,Weekday,1400,Cyclist,Non-incapacitating,IMPROPER PASSING,E 8TH & N WOODLAWN AVE,39.169552,-86.52344
901934377,2012,12,4,Weekday,2300,2-Car,No injury/unknown,RAN OFF ROAD RIGHT,N SMITH RD,39.16952074,-86.481392
901761215,2012,1,4,Weekday,1800,2-Car,No injury/unknown,RAN OFF ROAD RIGHT,8TH & N ROOSEVELT ST,39.16952,-86.505968
901847865,2012,6,4,Weekday,1100,2-Car,No injury/unknown,UNSAFE BACKING,8TH ST & ROOSEVELT,39.16952,-86.505968
901836311,2012,6,3,Weekday,1100,2-Car,No injury/unknown,FAILURE TO YIELD RIGHT OF WAY,EIGHTH & ROGERS ST,39.16951999,-86.53866022