Master Record Number,Year,Month,Day,Weekend?,Hour,Collision Type,Injury Type,Primary Factor,Reported_Location,Latitude,Longitude
901872203,2012,8,4,Weekday,1100,2-Car,No injury/unknown,FAILURE TO YIELD RIGHT OF WAY,8TH & COLLEGE AVE,39.16950993,-86.53484009
901884222,2012,9,6,Weekday,1700,3+ Cars,No injury/unknown,FOLLOWING TOO CLOSELY,8TH & COLLEGE AVE,39.16950993,-86.53484009
901905701,2012,10,2,Weekday,1400,1-Car,No injury/unknown,RAN OFF ROAD RIGHT,8TH & COLLEGE AVE,39.16950993,-86.53484009
901925735,2012,11,2,Weekday,1300,2-Car,No injury/unknown,IMPROPER TURNING,8TH & COLLEGE AVE,39.16950993,-86.53484009
901782409,2012,2,4,Weekday,1400,2-Car,No injury/unknown,FAILURE TO YIELD RIGHT OF WAY,PETE ELLIS DR & THIRD,39.16949706,-86.49495966
901874128,2012,8,1,Weekend,1700,2-Car,No injury/unknown,FAILURE TO YIELD RIGHT OF WAY,3RD & PETE ELLIS DR,39.16949706,-86.49495966
901811187,2012,4,3,Weekday,1700,Cyclist,No injury/unknown,FAILURE TO YIELD RIGHT OF WAY,7TH & JORDAN AVE,39.16949129,-86.51595557
901883229,2012,9,4,Weekday,2200,Pedestrian,Incapacitating,PEDESTRIAN ACTION,7TH & JORDAN AVE,39.16949129,-86.51595557
901897933,2012,10,4,Weekday,1500,2-Car,No injury/unknown,FAILURE TO YIELD RIGHT OF WAY,8TH ST & GRANT,39.16947976,-86.5297801
901805753,2012,4,3,Weekday,2000,2-Car,Non-incapacitating,FAILURE TO YIELD RIGHT OF WAY,8TH & WOODLAWN AVE,39.16947976,-86.52349032
901815184,2012,4,6,Weekend,2000,Bus,No injury/unknown,IMPROPER TURNING,E 8TH & N FORREST AVE,39.16947214,-86.52234779
901879240,2012,8,3,Weekday,1700,2-Car,No injury/unknown,FAILURE TO YIELD RIGHT OF WAY,E 8TH ST & WOODLAWN,39.16947034,-86.52295802
901800246,2012,3,6,Weekday,1200,2-Car,No injury/unknown,UNSAFE BACKING,8TH ST & FORREST,39.1694697,-86.52234032
901757131,2012,1,6,Weekday,1800,2-Car,No injury/unknown,IMPROPER TURNING,N PETE ELLIS DR,39.169448,-86.495896
901931920,2012,12,7,Weekend,2200,2-Car,No injury/unknown,OTHER (DRIVER) - EXPLAIN IN NARRATIVE,8TH & WALNUT ST,39.16944215,-86.53355393
901761669,2012,1,1,Weekend,1200,2-Car,No injury/unknown,UNSAFE BACKING,E AMY LN,39.169349,-86.49868592
901906328,2012,10,5,Weekday,1600,Bus,No injury/unknown,UNSAFE BACKING,8TH ST,39.16934204,-86.55295562
901754067,2012,1,2,Weekday,1600,1-Car,No injury/unknown,SPEED TOO FAST FOR WEATHER CONDITIONS,AMY & PETE ELLIS DR,39.169312,-86.495888
901754518,2012,1,2,Weekday,1600,1-Car,No injury/unknown,SPEED TOO FAST FOR WEATHER CONDITIONS,AMY & PETE ELLIS DR,39.169312,-86.495888
901916748,2012,11,7,Weekend,900,1-Car,No injury/unknown,ROADWAY SURFACE CONDITION,E AMY LN & N PETE ELLIS,39.169312,-86.495888
901826443,2012,5,5,Weekday,1400,2-Car,No injury/unknown,LEFT OF CENTER,GOURLEY & OLD STATE ROAD 37,39.16931007,-86.53521023
901776308,2012,2,7,Weekend,0,1-Car,No injury/unknown,ROADWAY SURFACE CONDITION,AMY & PETE ELLIS DR,39.1692397,-86.49592995
901780410,2012,2,6,Weekday,700,2-Car,No injury/unknown,FAILURE TO YIELD RIGHT OF WAY,AMY LN & PETE ELLIS,39.16921844,-86.49621973
901759353,2012,1,4,Weekday,1600,2-Car,No injury/unknown,FOLLOWING TOO CLOSELY,7TH & COLLEGE AVE,39.16920531,-86.534784
901854422,2012,7,3,Weekday,1800,Moped/Motorcycle,Non-incapacitating,FOLLOWING TOO CLOSELY,E EASTGATE & SR46,39.16915613,-86.50098606
901889052,2012,9,2,Weekday,1800,1-Car,No injury/unknown,SPEED TOO FAST FOR WEATHER CONDITIONS,AMY & N PETE ELLIS DR,39.16910601,-86.495888
901907174,2012,10,7,Weekend,800,2-Car,No injury/unknown,UNSAFE BACKING,BLACKSTONE CT & PARKRIDGE,39.16908218,-86.47513628
901890754,2012,9,5,Weekday,600,2-Car,No injury/unknown,UNSAFE BACKING,CAMBRIDGE & E PENN CT,39.16908206,-86.47691699
901906997,2012,10,5,Weekday,1400,Cyclist,No injury/unknown,FAILURE TO YIELD RIGHT OF WAY,7TH & JORDAN AVE,39.16908082,-86.51600089
901814781,2012,4,4,Weekday,100,1-Car,No injury/unknown,ANIMAL/OBJECT IN ROADWAY,SR48W & VERNAL,39.1690084,-86.66526028
901902626,2012,10,4,Weekday,1900,2-Car,No injury/unknown,,COLLEGE AVE,39.16900098,-86.53490915
901920313,2012,11,7,Weekend,900,2-Car,No injury/unknown,,2ND & S SWAIN AVE,39.16896024,-86.5152499
901764219,2012,1,5,Weekday,1200,2-Car,No injury/unknown,FOLLOWING TOO CLOSELY,7TH & JORDAN AVE,39.168944,-86.516016
901779803,2012,2,5,Weekday,2200,Pedestrian,Non-incapacitating,FAILURE TO YIELD RIGHT OF WAY,E 7TH ST & N JORDAN,39.168944,-86.516016
901797233,2012,3,6,Weekday,1800,2-Car,No injury/unknown,SPEED TOO FAST FOR WEATHER CONDITIONS,E 7TH & N JORDAN AVE,39.168944,-86.516016
901807308,2012,4,5,Weekday,2200,Cyclist,Non-incapacitating,DISREGARD SIGNAL/REG SIGN,E 7TH ST & N JORDAN,39.168944,-86.516016
901878297,2012,8,2,Weekday,1600,2-Car,No injury/unknown,IMPROPER TURNING,E 7TH & N FORREST AVE,39.16892456,-86.52233093
901915591,2012,11,6,Weekday,1300,2-Car,No injury/unknown,FAILURE TO YIELD RIGHT OF WAY,7TH ST & JORDAN,39.16888914,-86.51549146
901905443,2012,10,4,Weekday,1000,Cyclist,Non-incapacitating,DRIVER DISTRACTED - EXPLAIN IN NARRATIVE,7TH ST & STADIUM,39.16887956,-86.5161565
901877717,2012,8,1,Weekend,200,2-Car,No injury/unknown,OTHER (DRIVER) - EXPLAIN IN NARRATIVE,EASTGATE LN,39.16887492,-86.49914123
901869563,2012,8,5,Weekday,1700,2-Car,No injury/unknown,UNSAFE BACKING,N SMITH RD,39.1688723,-86.4813007
901889025,2012,9,2,Weekday,1700,Cyclist,Non-incapacitating,UNSAFE LANE MOVEMENT,7TH & JORDAN AVE,39.16885011,-86.51615984
901889094,2012,9,2,Weekday,1900,Cyclist,Incapacitating,FAILURE TO YIELD RIGHT OF WAY,7TH & JORDAN AVE,39.16885011,-86.51615984
901772899,2012,2,6,Weekday,1500,2-Car,No injury/unknown,OTHER (DRIVER) - EXPLAIN IN NARRATIVE,408 S GRANT ST & SMITH,39.168848,-86.481296
901866553,2012,8,7,Weekend,1200,2-Car,Non-incapacitating,FAILURE TO YIELD RIGHT OF WAY,W JACOB DR,39.16883876,-86.57359064
901772792,2012,1,7,Weekend,1200,1-Car,No injury/unknown,RAN OFF ROAD RIGHT,GRANDVIEW DR & SMITH,39.16881186,-86.48182316
901759424,2012,1,4,Weekday,1600,Bus,No injury/unknown,IMPROPER PASSING,7TH & WOODLAWN AVE,39.16877721,-86.52339922
901772803,2012,2,6,Weekday,1300,2-Car,No injury/unknown,FOLLOWING TOO CLOSELY,ALEXANDER & JACOB DR,39.16877031,-86.57355979
901943252,2012,12,5,Weekday,900,2-Car,No injury/unknown,OTHER (DRIVER) - EXPLAIN IN NARRATIVE,ALEXANDER DR & GATES,39.16876025,-86.57644566
901874923,2012,8,2,Weekday,1200,Bus,No injury/unknown,FAILURE TO YIELD RIGHT OF WAY,ALEXANDER & GATES DR,39.16876025,-86.57641969
901791000,2012,3,1,Weekend,1200,2-Car,No injury/unknown,OTHER (DRIVER) - EXPLAIN IN NARRATIVE,7TH & WALDRON ST,39.168752,-86.5436
901775635,2012,2,5,Weekday,1700,1-Car,No injury/unknown,OTHER (ENVIRONMENTAL) - EXPLAIN IN NARR,E 7TH ST,39.168752,-86.5436
901818726,2012,5,6,Weekday,1200,2-Car,No injury/unknown,UNSAFE BACKING,E 7TH ST,39.168752,-86.5436
901851875,2012,7,5,Weekday,1000,2-Car,No injury/unknown,UNSAFE BACKING,EAST 7TH ST,39.168752,-86.5436
901782623,2012,2,5,Weekday,0,1-Car,No injury/unknown,RAN OFF ROAD RIGHT,E GRANDVIEW DR,39.16873829,-86.48725029
901815825,2012,4,1,Weekday,2300,Moped/Motorcycle,No injury/unknown,IMPROPER PASSING,7TH & UNION ST,39.16872525,-86.50932267
901845251,2012,6,6,Weekday,1200,2-Car,No injury/unknown,IMPROPER TURNING,N FAIRVIEW & W 7TH ST,39.16872,-86.541104
901841981,2012,6,6,Weekday,1800,2-Car,No injury/unknown,IMPROPER TURNING,N WALNUT ST,39.16871445,-86.53356669
901801881,2012,4,2,Weekday,1500,2-Car,No injury/unknown,IMPROPER LANE USAGE,E 7TH ST & N CAMPBELL,39.16870996,-86.51389359
901945345,2012,12,1,Weekend,1000,1-Car,No injury/unknown,OTHER (DRIVER) - EXPLAIN IN NARRATIVE,7TH ST & CAMPBELL,39.16870996,-86.51388278
901895631,2012,9,5,Weekday,1800,2-Car,No injury/unknown,UNSAFE BACKING,7TH ST & ELM,39.168704,-86.5452
901754175,2012,1,2,Weekday,1600,2-Car,Non-incapacitating,SPEED TOO FAST FOR WEATHER CONDITIONS,7TH & ROGERS ST,39.168704,-86.538576
901817251,2012,5,4,Weekday,600,2-Car,No injury/unknown,FAILURE TO YIELD RIGHT OF WAY,N ROGERS & W 7TH ST,39.168704,-86.538576
901843795,2012,6,3,Weekday,1300,2-Car,Non-incapacitating,FAILURE TO YIELD RIGHT OF WAY,7TH & ROGERS ST,39.168704,-86.538576
901841987,2012,6,6,Weekday,1300,2-Car,No injury/unknown,UNSAFE BACKING,7TH & MORTON ST,39.168672,-86.536
901895632,2012,9,7,Weekend,1400,Bus,No injury/unknown,OTHER (DRIVER) - EXPLAIN IN NARRATIVE,7TH & MORTON ST,39.168672,-86.536
901930220,2012,11,3,Weekday,2000,2-Car,No injury/unknown,UNSAFE BACKING,N MORTON ST,39.168672,-86.536
901880165,2012,8,5,Weekday,1700,2-Car,No injury/unknown,UNSAFE BACKING,MORTON & W 7TH ST,39.16866968,-86.53582361
901825174,2012,5,4,Weekday,700,1-Car,No injury/unknown,RAN OFF ROAD RIGHT,SR48W & VERNAL,39.16866405,-86.66248778
901867546,2012,8,2,Weekday,1500,1-Car,No injury/unknown,OTHER (DRIVER) - EXPLAIN IN NARRATIVE,7TH & ADAMS ST,39.16865967,-86.54967002
901768336,2012,1,4,Weekday,600,2-Car,No injury/unknown,UNSAFE LANE MOVEMENT,7TH & COLLEGE AVE,39.168656,-86.534784
901786158,2012,2,3,Weekday,1200,2-Car,Non-incapacitating,IMPROPER TURNING,7TH & COLLEGE AVE,39.168656,-86.534784
901786970,2012,2,4,Weekday,1600,2-Car,No injury/unknown,DRIVER DISTRACTED - EXPLAIN IN NARRATIVE,COLLEGE AVE,39.168656,-86.534784
901815538,2012,4,1,Weekend,300,1-Car,No injury/unknown,IMPROPER TURNING,COLLEGE AVE,39.168656,-86.534784
901818605,2012,5,6,Weekday,1100,2-Car,No injury/unknown,FAILURE TO YIELD RIGHT OF WAY,7TH & COLLEGE AVE,39.168656,-86.534784
901797291,2012,3,6,Weekend,2000,2-Car,No injury/unknown,IMPROPER TURNING,N COLLEGE AVE & W 7TH,39.168656,-86.534784
901805026,2012,4,5,Weekday,1200,1-Car,No injury/unknown,OTHER (DRIVER) - EXPLAIN IN NARRATIVE,N COLLEGE AVE,39.168656,-86.534784
901839366,2012,6,2,Weekday,1300,3+ Cars,Non-incapacitating,FOLLOWING TOO CLOSELY,7TH & COLLEGE AVE,39.168656,-86.534784
901875099,2012,8,3,Weekday,900,2-Car,No injury/unknown,IMPROPER LANE USAGE,7TH & COLLEGE AVE,39.168656,-86.534784
901895509,2012,9,6,Weekday,1000,2-Car,No injury/unknown,FAILURE TO YIELD RIGHT OF WAY,7TH ST & COLLEGE,39.168656,-86.534784
901797491,2012,3,1,Weekday,1900,2-Car,No injury/unknown,OTHER (DRIVER) - EXPLAIN IN NARRATIVE,7TH ST & WALNUT,39.16864093,-86.53363856
901926316,2012,11,7,Weekend,1000,2-Car,No injury/unknown,FAILURE TO YIELD RIGHT OF WAY,E 7TH ST & LINCOLN,39.16864,-86.53116842
901754131,2012,1,2,Weekday,1600,1-Car,No injury/unknown,OVERCORRECTING/OVERSTEERING,7TH & NORTH WALNUT ST,39.16864,-86.533568
901762585,2012,1,3,Weekday,700,2-Car,No injury/unknown,IMPROPER TURNING,E 7TH & N WALNUT ST,39.16864,-86.533568
901777128,2012,2,5,Weekday,200,2-Car,No injury/unknown,UNSAFE BACKING,7TH & N WALNUT ST,39.16864,-86.533568
901793747,2012,3,5,Weekday,2000,2-Car,No injury/unknown,,7TH & N WALNUT ST,39.16864,-86.533568
901800473,2012,3,7,Weekend,300,2-Car,No injury/unknown,,N WALNUT ST,39.16864,-86.533568
901875570,2012,8,4,Weekday,700,3+ Cars,Non-incapacitating,DISREGARD SIGNAL/REG SIGN,7TH & WALNUT ST,39.16864,-86.533568
901885880,2012,9,3,Weekday,1200,2-Car,No injury/unknown,UNSAFE LANE MOVEMENT,7TH & N WALNUT ST,39.16864,-86.533568
901949392,2012,12,7,Weekend,2300,1-Car,No injury/unknown,SPEED TOO FAST FOR WEATHER CONDITIONS,N WALNUT ST,39.16864,-86.533568
901833847,2012,5,5,Weekday,1700,2-Car,No injury/unknown,DISREGARD SIGNAL/REG SIGN,EAST 7TH ST & NORTH WASHINGTON,39.16864,-86.5324
901827707,2012,5,1,Weekend,1800,2-Car,No injury/unknown,UNSAFE LANE MOVEMENT,7TH ST & GRANT,39.16864,-86.529696
901871849,2012,8,3,Weekday,1700,2-Car,No injury/unknown,OTHER (DRIVER) - EXPLAIN IN NARRATIVE,E 7TH ST,39.16864,-86.529696
901813818,2012,4,4,Weekday,900,3+ Cars,Non-incapacitating,FOLLOWING TOO CLOSELY,EAST SEVENTH & INDIANA AVE,39.16864,-86.526944
901889389,2012,9,3,Weekday,800,Bus,No injury/unknown,FAILURE TO YIELD RIGHT OF WAY,E 7TH ST & N INDIANA,39.16864,-86.526944
901914163,2012,10,3,Weekday,2100,2-Car,No injury/unknown,UNSAFE BACKING,7TH ST,39.16864,-86.526944
901821479,2012,5,3,Weekday,1500,1-Car,No injury/unknown,RAN OFF ROAD RIGHT,EAST 7TH ST & NORTH FESS,39.16864,-86.525696
901864186,2012,7,2,Weekday,1000,2-Car,No injury/unknown,UNSAFE BACKING,E 7TH ST,39.16864,-86.52567151
901779000,2012,2,4,Weekday,1100,Cyclist,Non-incapacitating,IMPROPER LANE USAGE,300 N WOODLAWN & 900 E 7TH ST,39.16864,-86.523392
901800972,2012,3,6,Weekday,1400,1-Car,No injury/unknown,UNSAFE BACKING,BALLANTINE RD & UNIVERSITY,39.16861911,-86.51913114
901797568,2012,3,7,Weekend,2000,3+ Cars,Non-incapacitating,FAILURE TO YIELD RIGHT OF WAY,7TH & N JORDAN AVE,39.16860211,-86.51605622
901903329,2012,10,7,Weekend,1200,1-Car,No injury/unknown,UNSAFE BACKING,7TH ST & ADAMS,39.16858296,-86.54933553
901780379,2012,2,7,Weekend,900,2-Car,Non-incapacitating,OTHER (DRIVER) - EXPLAIN IN NARRATIVE,7TH & COLLEGE AVE,39.16855976,-86.5348602
901871437,2012,8,2,Weekday,2200,2-Car,No injury/unknown,FAILURE TO YIELD RIGHT OF WAY,7TH & COLLEGE AVE,39.16855976,-86.5348602
901885901,2012,9,1,Weekend,1800,Cyclist,Non-incapacitating,FAILURE TO YIELD RIGHT OF WAY,7TH & COLLEGE AVE,39.16855976,-86.5348602
901933472,2012,12,3,Weekday,1400,2-Car,No injury/unknown,DISREGARD SIGNAL/REG SIGN,7TH & COLLEGE AVE,39.16855976,-86.5348602
901922198,2012,11,2,Weekday,1800,1-Car,No injury/unknown,ANIMAL/OBJECT IN ROADWAY,INGRAM & SR37,39.16855303,-86.53358714
901888734,2012,9,2,Weekday,1200,2-Car,No injury/unknown,IMPROPER LANE USAGE,7TH & WALNUT ST,39.1685497,-86.53359018
901899260,2012,10,6,Weekend,1900,2-Car,No injury/unknown,FAILURE TO YIELD RIGHT OF WAY,7TH & WALNUT ST,39.1685497,-86.53359018
901886480,2012,9,4,Weekday,1100,2-Car,No injury/unknown,FAILURE TO YIELD RIGHT OF WAY,SEVENTH ST & SUNRISE,39.16853026,-86.51242017
901908130,2012,10,2,Weekday,900,2-Car,No injury/unknown,FAILURE TO YIELD RIGHT OF WAY,7TH ST & DUNN,39.16851014,-86.5282499
901930087,2012,11,3,Weekday,1900,Bus,No injury/unknown,IMPROPER LANE USAGE,7TH ST & DUNN,39.16851014,-86.5282499
901888000,2012,9,6,Weekday,1000,2-Car,No injury/unknown,UNSAFE BACKING,7TH ST & DUNN,39.16851014,-86.52824384
901878772,2012,8,1,Weekend,1800,2-Car,No injury/unknown,UNSAFE BACKING,N GATES DR,39.16850746,-86.57636202
901781919,2012,2,3,Weekday,1400,Bus,No injury/unknown,OTHER (DRIVER) - EXPLAIN IN NARRATIVE,7TH ST & INDIANA,39.16850008,-86.5269497
901906361,2012,10,5,Weekday,1500,Bus,No injury/unknown,IMPROPER LANE USAGE,7TH ST & INDIANA,39.16850008,-86.5269497
901921194,2012,11,2,Weekday,1300,2-Car,No injury/unknown,UNSAFE SPEED,7TH ST & FORREST,39.16846991,-86.52234971
901905871,2012,10,4,Weekday,1200,2-Car,No injury/unknown,UNSAFE BACKING,N JACOB DR,39.16846848,-86.5732727
901781342,2012,2,2,Weekday,1800,2-Car,No injury/unknown,,E 7TH & N FORREST AVE,39.16846361,-86.52234876
901945173,2012,12,7,Weekend,2100,1-Car,No injury/unknown,RAN OFF ROAD RIGHT,SR48W & W VERNAL,39.16842275,-86.66122004
901845758,2012,6,6,Weekday,1700,2-Car,No injury/unknown,FAILURE TO YIELD RIGHT OF WAY,BLOOMFIELD & LANDMARK AVE,39.16839836,-86.55382007
901945057,2012,12,6,Weekday,1400,1-Car,No injury/unknown,RAN OFF ROAD RIGHT,CURRY & JONATHON DR,39.16835994,-86.58300568
901825770,2012,5,4,Weekday,1700,2-Car,No injury/unknown,LEFT OF CENTER,CURRY & JONATHAN DR,39.16835994,-86.5829797
901881151,2012,9,7,Weekend,1200,2-Car,Non-incapacitating,FAILURE TO YIELD RIGHT OF WAY,CURRY PIKE & JONATHAN,39.16835994,-86.5829797
901907009,2012,10,6,Weekday,1600,2-Car,No injury/unknown,BRAKE FAILURE OR DEFECTIVE,CURRY PIKE & JONATHAN,39.16835994,-86.5829797
901915301,2012,11,6,Weekday,1100,3+ Cars,No injury/unknown,FAILURE TO YIELD RIGHT OF WAY,7TH & JEFFERSON ST,39.16832931,-86.50702723
901840902,2012,6,4,Weekday,1500,2-Car,No injury/unknown,FAILURE TO YIELD RIGHT OF WAY,CURRY & JONATHAN DR,39.16830909,-86.58298388
901938768,2012,12,4,Weekday,1400,2-Car,No injury/unknown,FOLLOWING TOO CLOSELY,7TH & JORDAN AVE,39.16826022,-86.51609645
901849048,2012,6,6,Weekday,1400,2-Car,No injury/unknown,FAILURE TO YIELD RIGHT OF WAY,7TH & JEFFERSON ST,39.168192,-86.507024
901754068,2012,1,2,Weekday,1700,2-Car,No injury/unknown,SPEED TOO FAST FOR WEATHER CONDITIONS,BRAESIDE & PETE ELLIS DR,39.168192,-86.49504
901788333,2012,3,2,Weekday,0,2-Car,No injury/unknown,FOLLOWING TOO CLOSELY,BRAESIDE & PETE ELLIS DR,39.168192,-86.49504
901938869,2012,12,4,Weekday,2000,2-Car,No injury/unknown,FAILURE TO YIELD RIGHT OF WAY,7TH & UNION ST,39.168176,-86.509312
901924451,2012,11,7,Weekend,300,3+ Cars,Non-incapacitating,UNSAFE SPEED,E 7TH & N UNION ST,39.168176,-86.509312
901803919,2012,4,6,Weekday,1300,2-Car,No injury/unknown,FOLLOWING TOO CLOSELY,7TH & JORDAN AVE,39.16812347,-86.51611253
901887283,2012,9,5,Weekday,1900,Bus,No injury/unknown,IMPROPER TURNING,7TH ST & ROSE,39.16808031,-86.51091009
901812282,2012,4,1,Weekend,1200,2-Car,No injury/unknown,UNSAFE BACKING,N GATES DR,39.16803807,-86.57621853
901907445,2012,10,7,Weekend,1100,2-Car,Non-incapacitating,IMPROPER PASSING,N GATES DR,39.16803807,-86.57621853
901803325,2012,4,5,Weekday,1300,2-Car,No injury/unknown,UNSAFE BACKING,GATES DR,39.16792542,-86.57614074
901822980,2012,5,7,Weekend,1300,2-Car,No injury/unknown,UNSAFE BACKING,GATES DR,39.16792542,-86.57614074
901920268,2012,11,6,Weekend,2200,2-Car,No injury/unknown,UNSAFE BACKING,FRANKLIN RD,39.16789246,-86.57160186
901910619,2012,10,5,Weekday,1500,2-Car,No injury/unknown,UNSAFE BACKING,E 7TH ST & N FORREST,39.16783247,-86.52196983
901789210,2012,3,3,Weekday,1800,2-Car,No injury/unknown,IMPROPER TURNING,N GATES DR,39.16781209,-86.57606229
901858016,2012,7,5,Weekday,1500,2-Car,No injury/unknown,FAILURE TO YIELD RIGHT OF WAY,GATES DR,39.16781209,-86.57606229
901862617,2012,7,3,Weekday,1100,2-Car,No injury/unknown,UNSAFE BACKING,N GATES DR,39.16781209,-86.57606229
901883404,2012,9,5,Weekday,1200,2-Car,No injury/unknown,UNSAFE BACKING,N GATES DR,39.16781209,-86.57606229
901873668,2012,8,7,Weekend,500,2-Car,No injury/unknown,OTHER (DRIVER) - EXPLAIN IN NARRATIVE,7TH & HILLSDALE DR,39.16776,-86.503616
901842632,2012,6,7,Weekend,0,Bus,No injury/unknown,IMPROPER TURNING,6TH ST & INDIANA,39.1677418,-86.52710439
901872692,2012,8,5,Weekday,1100,3+ Cars,Non-incapacitating,FAILURE TO YIELD RIGHT OF WAY,N ADAMS ST & W 6TH,39.167728,-86.5496
901838488,2012,6,7,Weekend,1500,1-Car,No injury/unknown,RAN OFF ROAD RIGHT,WEST 6TH ST,39.1677169,-86.5472702
901826986,2012,5,6,Weekday,1000,2-Car,No injury/unknown,OTHER (DRIVER) - EXPLAIN IN NARRATIVE,6TH ST & OAK,39.167712,-86.54644717
901794656,2012,3,1,Weekday,2200,2-Car,No injury/unknown,OTHER (DRIVER) - EXPLAIN IN NARRATIVE,6TH ST & ELM,39.167712,-86.5452
901878688,2012,8,3,Weekday,1100,2-Car,No injury/unknown,OTHER (DRIVER) - EXPLAIN IN NARRATIVE,1001 W 6TH ST & ELM,39.167712,-86.5452
901843380,2012,6,2,Weekday,1300,2-Car,No injury/unknown,FAILURE TO YIELD RIGHT OF WAY,6TH & ROGERS ST,39.16768,-86.538592
901860701,2012,7,1,Weekday,2200,2-Car,No injury/unknown,FAILURE TO YIELD RIGHT OF WAY,EAST 6TH ST & ROGERS,39.16768,-86.538592
901838806,2012,6,1,Weekend,1400,2-Car,No injury/unknown,FAILURE TO YIELD RIGHT OF WAY,E 6TH ST,39.16766433,-86.53237127
901833183,2012,5,4,Weekday,1600,Moped/Motorcycle,No injury/unknown,CELL PHONE USAGE,6TH ST & MADISON,39.167664,-86.537296
901894060,2012,9,4,Weekday,1100,2-Car,No injury/unknown,OTHER (DRIVER) - EXPLAIN IN NARRATIVE,400 BLOCK OF 6TH ST,39.167664,-86.537296
901761906,2012,1,2,Weekday,200,2-Car,No injury/unknown,FAILURE TO YIELD RIGHT OF WAY,N MORTON ST & W 6TH,39.167664,-86.536
901883078,2012,9,4,Weekday,1600,2-Car,No injury/unknown,FAILURE TO YIELD RIGHT OF WAY,6TH ST & WASHINGTON,39.167664,-86.5324
901892573,2012,9,2,Weekday,900,2-Car,No injury/unknown,DRIVER ILLNESS,6TH ST & WASHINGTON,39.167664,-86.5324
901757637,2012,1,1,Weekend,1500,2-Car,No injury/unknown,UNSAFE LANE MOVEMENT,6TH & COLLEGE AVE,39.167648,-86.534784
901764247,2012,1,3,Weekday,1200,2-Car,No injury/unknown,UNSAFE BACKING,N COLLEGE & W 6TH ST,39.167648,-86.534784
901794205,2012,3,7,Weekend,1500,2-Car,No injury/unknown,UNSAFE BACKING,N COLLEGE AVE & W 6TH,39.167648,-86.534784
901810719,2012,4,4,Weekday,2200,2-Car,No injury/unknown,FOLLOWING TOO CLOSELY,6TH & COLLEGE AVE,39.167648,-86.534784
901823069,2012,5,7,Weekend,1600,2-Car,No injury/unknown,IMPROPER TURNING,NORTH COLLEGE & WEST 6TH ST,39.167648,-86.534784
901863772,2012,7,2,Weekday,1000,Bus,Non-incapacitating,LEFT OF CENTER,N COLLEGE & W 6TH ST,39.167648,-86.534784
901877182,2012,8,7,Weekend,1000,2-Car,No injury/unknown,UNSAFE BACKING,N COLLEGE & W 6TH ST,39.167648,-86.534784
901883328,2012,9,5,Weekday,800,2-Car,No injury/unknown,FAILURE TO YIELD RIGHT OF WAY,6TH & N COLLEGE AVE,39.167648,-86.534784
901906104,2012,10,5,Weekday,1100,Bus,No injury/unknown,UNSAFE BACKING,N COLLEGE & W 6TH ST,39.167648,-86.534784
901917720,2012,11,3,Weekday,1100,2-Car,No injury/unknown,DISREGARD SIGNAL/REG SIGN,6TH & COLLEGE AVE,39.167648,-86.534784
901881560,2012,9,2,Weekday,1500,2-Car,No injury/unknown,IMPROPER TURNING,6TH & WALNUT ST,39.167648,-86.533584
901938891,2012,12,4,Weekday,2200,2-Car,No injury/unknown,UNSAFE LANE MOVEMENT,6TH & WALNUT ST,39.167648,-86.533584
901916115,2012,11,7,Weekend,1800,2-Car,No injury/unknown,UNSAFE BACKING,6TH ST & ELM,39.16763976,-86.54527992
901906838,2012,10,6,Weekday,1400,2-Car,No injury/unknown,UNSAFE BACKING,6TH & COLLEGE AVE,39.16757002,-86.5348602
901920634,2012,11,1,Weekday,1900,2-Car,No injury/unknown,DISREGARD SIGNAL/REG SIGN,6TH & COLLEGE AVE,39.16757002,-86.5348602
901948763,2012,12,5,Weekday,1400,Bus,No injury/unknown,OTHER (DRIVER) - EXPLAIN IN NARRATIVE,6TH ST & WALNUT,39.16754991,-86.53360024
901875922,2012,8,4,Weekday,1300,2-Car,No injury/unknown,UNSAFE BACKING,GRANT ST & SIXTH,39.16753088,-86.5298011
901871867,2012,8,7,Weekend,1100,2-Car,No injury/unknown,UNSAFE BACKING,N DUNN ST,39.16747603,-86.52829483
901830371,2012,5,6,Weekday,1100,2-Car,No injury/unknown,FOLLOWING TOO CLOSELY,3RD & SR37N,39.16747214,-86.57272682
901817095,2012,4,6,Weekend,2200,2-Car,No injury/unknown,UNSAFE BACKING,FRANKLIN RD,39.16726761,-86.57099694
901895947,2012,9,1,Weekend,1300,2-Car,No injury/unknown,UNSAFE BACKING,S JORDAN AVE,39.1672661,-86.51619777
901911869,2012,10,1,Weekend,100,2-Car,No injury/unknown,,5TH & CLARK ST,39.16719126,-86.50480798
901936290,2012,12,3,Weekday,300,2-Car,No injury/unknown,OTHER (DRIVER) - EXPLAIN IN NARRATIVE,100 BLK N ROOSEVELT ST & 5TH,39.16717746,-86.50589963