Master Record Number,Year,Month,Day,Weekend?,Hour,Collision Type,Injury Type,Primary Factor,Reported_Location,Latitude,Longitude
901783843,2012,2,7,Weekend,1500,1-Car,No injury/unknown,OVERCORRECTING/OVERSTEERING,N JORDAN AVE,39.16711271,-86.51624433
901808098,2012,4,7,Weekend,300,1-Car,No injury/unknown,UNSAFE SPEED,N JORDAN AVE,39.16711271,-86.51624433
901773146,2012,2,7,Weekend,1600,Bus,No injury/unknown,VIEW OBSTRUCTED,NORTH JORDAN AVE,39.16711003,-86.51624299
901918007,2012,11,3,Weekday,1500,2-Car,Non-incapacitating,FOLLOWING TOO CLOSELY,E LONGVIEW & PETE ELLIS DR,39.16708131,-86.49505346
901923488,2012,11,2,Weekday,1200,2-Car,No injury/unknown,UNSAFE BACKING,N JORDAN AVE,39.16706644,-86.51601031
901901150,2012,10,3,Weekday,1400,Cyclist,Non-incapacitating,FAILURE TO YIELD RIGHT OF WAY,JORDAN AVE & NORTH READ,39.16698592,-86.5160948
901814213,2012,4,3,Weekday,2200,1-Car,No injury/unknown,BRAKE FAILURE OR DEFECTIVE,N DANIELS WAY & W ZENITH,39.16697619,-86.59830402
901781713,2012,2,3,Weekday,900,2-Car,No injury/unknown,FAILURE TO YIELD RIGHT OF WAY,LONGVIEW & PETE ELLIS DR,39.166944,-86.495056
901858770,2012,7,5,Weekday,1700,2-Car,No injury/unknown,FAILURE TO YIELD RIGHT OF WAY,LONGVIEW & N PETE ELLIS DR,39.166944,-86.495056
901872717,2012,8,5,Weekday,1200,Pedestrian,Non-incapacitating,FAILURE TO YIELD RIGHT OF WAY,300 N PETE ELLIS & 3000 E LONGVIEW DR,39.166944,-86.495056
901895953,2012,9,1,Weekend,1400,Bus,No injury/unknown,OVERCORRECTING/OVERSTEERING,UNION & UNION ST,39.16693039,-86.50929699
901865619,2012,8,5,Weekday,1200,1-Car,Non-incapacitating,DRIVER DISTRACTED - EXPLAIN IN NARRATIVE,5TH & N WALNUT ST,39.16691464,-86.53359564
901830915,2012,5,6,Weekday,1700,3+ Cars,Non-incapacitating,FOLLOWING TOO CLOSELY,LONGVIEW AVE & PETE ELLIS,39.1669102,-86.4949201
901936922,2012,12,2,Weekday,1200,3+ Cars,Non-incapacitating,FAILURE TO YIELD RIGHT OF WAY,LONGVIEW & PETE ELLIS DR,39.1669102,-86.4949201
901948764,2012,12,6,Weekend,1900,Bus,No injury/unknown,IMPROPER TURNING,LONGVIEW & PETE ELLIS DR,39.1669102,-86.4949201
901875473,2012,8,3,Weekday,500,1-Car,No injury/unknown,ANIMAL/OBJECT IN ROADWAY,KINGS & SR46E,39.16685824,-86.45847637
901873929,2012,8,7,Weekend,0,Pedestrian,Non-incapacitating,FAILURE TO YIELD RIGHT OF WAY,JORDAN & KIRKWOOD AVE,39.16685283,-86.5169102
901754882,2012,1,2,Weekday,1500,3+ Cars,No injury/unknown,DISREGARD SIGNAL/REG SIGN,5TH & JEFFERSON ST,39.166848,-86.506992
901839476,2012,6,2,Weekday,1400,2-Car,Non-incapacitating,DISREGARD SIGNAL/REG SIGN,5TH & JEFFERSON ST,39.166848,-86.506992
901879325,2012,8,4,Weekday,700,2-Car,No injury/unknown,RAN OFF ROAD RIGHT,E 5TH & SO JEFFERSON ST,39.166848,-86.506992
901829296,2012,5,4,Weekday,1100,2-Car,No injury/unknown,UNSAFE BACKING,100 S PETE ELLIS DR & LONGVIEW,39.166848,-86.495088
901868879,2012,8,4,Weekday,300,2-Car,No injury/unknown,UNSAFE BACKING,E LONGVIEW AVE,39.166848,-86.495088
901940522,2012,12,1,Weekend,100,2-Car,No injury/unknown,OTHER (DRIVER) - EXPLAIN IN NARRATIVE,ADAMS & KIRKWOOD AVE,39.166816,-86.549488
901919813,2012,11,6,Weekday,700,2-Car,No injury/unknown,FAILURE TO YIELD RIGHT OF WAY,ADAMS HILL & ADAMS ST,39.166816,-86.549488
901756990,2012,1,6,Weekday,1300,2-Car,Non-incapacitating,FAILURE TO YIELD RIGHT OF WAY,5TH & JEFFERSON ST,39.16681029,-86.50715969
901812155,2012,4,5,Weekday,2000,2-Car,No injury/unknown,FAILURE TO YIELD RIGHT OF WAY,NORTH INDIANA AVE,39.16679285,-86.52686722
901774546,2012,2,3,Weekday,1400,2-Car,No injury/unknown,UNSAFE BACKING,E KIRKWOOD AVE,39.16678078,-86.52203053
901853336,2012,7,7,Weekend,1400,2-Car,No injury/unknown,UNSAFE BACKING,E KIRKWOOD AVE,39.16678078,-86.52203053
901894798,2012,9,5,Weekday,1500,1-Car,No injury/unknown,OTHER (DRIVER) - EXPLAIN IN NARRATIVE,EAST KIRKWOOD AVE,39.16678078,-86.52203053
901793789,2012,3,5,Weekday,1600,2-Car,No injury/unknown,UNSAFE BACKING,KIRKWOOD & WALNUT ST,39.16677732,-86.53359782
901817058,2012,5,3,Weekday,1400,2-Car,No injury/unknown,UNSAFE BACKING,N ROGERS ST,39.16677486,-86.53860637
901912441,2012,10,2,Weekday,1000,2-Car,No injury/unknown,UNSAFE BACKING,N ROGERS ST,39.16677486,-86.53860637
901898986,2012,10,5,Weekday,2000,2-Car,No injury/unknown,FOLLOWING TOO CLOSELY,ELM & WEST 5TH ST,39.166768,-86.5452
901782678,2012,2,4,Weekday,1400,2-Car,No injury/unknown,OTHER (DRIVER) - EXPLAIN IN NARRATIVE,DANIELS WAY,39.16673116,-86.59909039
901788284,2012,3,2,Weekday,1200,2-Car,No injury/unknown,FAILURE TO YIELD RIGHT OF WAY,DANIELS WAY,39.16673116,-86.59909039
901806573,2012,4,4,Weekday,1400,2-Car,No injury/unknown,FAILURE TO YIELD RIGHT OF WAY,NORTH DANIELS WAY,39.16673116,-86.59909039
901887045,2012,9,4,Weekday,1400,2-Car,No injury/unknown,OTHER (DRIVER) - EXPLAIN IN NARRATIVE,DANIELS WAY,39.16673116,-86.59909039
901916535,2012,11,5,Weekday,1500,Moped/Motorcycle,No injury/unknown,OTHER (VEHICLE) - EXPLAIN IN NARRATIVE,N DANIELS WAY,39.16673116,-86.59909039
901902596,2012,10,5,Weekday,1800,2-Car,Non-incapacitating,DISREGARD SIGNAL/REG SIGN,MAPLE & W KIRKWOOD AVE,39.16672,-86.542096
901942914,2012,12,4,Weekday,1400,Cyclist,Non-incapacitating,FOLLOWING TOO CLOSELY,KIRKWOOD & MAPLE ST,39.16672,-86.542096
901897473,2012,10,3,Weekday,1200,2-Car,Non-incapacitating,FOLLOWING TOO CLOSELY,1000 S PATTERSON DR & 700 W ALLEN,39.16671916,-86.544296
901768838,2012,1,5,Weekday,1500,2-Car,No injury/unknown,FAILURE TO YIELD RIGHT OF WAY,ADAMS ST & KIRKWOOD,39.16670032,-86.54963985
901782450,2012,2,4,Weekday,1400,Moped/Motorcycle,Incapacitating,IMPROPER TURNING,ADAMS ST & KIRKWOOD,39.16670032,-86.54963985
901830243,2012,5,6,Weekday,700,Cyclist,Non-incapacitating,OTHER (DRIVER) - EXPLAIN IN NARRATIVE,JACKSON ST & KIRKWOOD,39.166688,-86.539808
901902108,2012,10,4,Weekday,1200,2-Car,No injury/unknown,DRIVER DISTRACTED - EXPLAIN IN NARRATIVE,S JACKSON & W KIRKWOOD AVE,39.166688,-86.539808
901761667,2012,1,1,Weekend,1200,2-Car,No injury/unknown,OTHER (DRIVER) - EXPLAIN IN NARRATIVE,JACKSON & W KIRKWOOD AVE,39.16668236,-86.53938467
901882032,2012,9,3,Weekday,1000,2-Car,No injury/unknown,UNSAFE LANE MOVEMENT,46 BYPASS & SR46N,39.16667823,-86.46179207
901774381,2012,2,3,Weekday,1000,2-Car,Non-incapacitating,FAILURE TO YIELD RIGHT OF WAY,KIRKWOOD AVE & ROGERS,39.16667553,-86.53887258
901818112,2012,5,5,Weekday,1500,2-Car,No injury/unknown,OTHER (DRIVER) - EXPLAIN IN NARRATIVE,W KIRKWOOD AVE,39.16667233,-86.53863249
901763096,2012,1,3,Weekday,1700,2-Car,No injury/unknown,FAILURE TO YIELD RIGHT OF WAY,S ROGERS & W KIRKWOOD AVE,39.166672,-86.538608
901781050,2012,2,2,Weekday,1300,2-Car,No injury/unknown,FOLLOWING TOO CLOSELY,KIRKWOOD AVE AVE & S ROGERS ST,39.166672,-86.538608
901807409,2012,4,6,Weekday,1800,Cyclist,Non-incapacitating,FOLLOWING TOO CLOSELY,KIRKWOOD & ROGERS ST,39.166672,-86.538608
901848001,2012,6,4,Weekday,1500,2-Car,No injury/unknown,UNSAFE LANE MOVEMENT,KIRKWOOD & ROGERS ST,39.166672,-86.538608
901874799,2012,8,2,Weekday,1700,2-Car,No injury/unknown,UNSAFE BACKING,ROGERS & WEST 5TH ST,39.166672,-86.538608
901901911,2012,10,4,Weekday,1600,2-Car,No injury/unknown,FAILURE TO YIELD RIGHT OF WAY,KIRKWOOD AVE & ROGERS,39.166672,-86.538608
901907029,2012,10,6,Weekday,1600,3+ Cars,No injury/unknown,FOLLOWING TOO CLOSELY,KIRKWOOD & S ROGERS ST,39.166672,-86.538608
901919379,2012,11,5,Weekday,1400,2-Car,Non-incapacitating,FOLLOWING TOO CLOSELY,ROGERS & W KIRKWOOD AVE,39.166672,-86.538608
901940142,2012,12,6,Weekday,600,1-Car,No injury/unknown,ANIMAL/OBJECT IN ROADWAY,E KINGS & SR46E,39.16666479,-86.45516551
901919500,2012,11,5,Weekday,1800,2-Car,No injury/unknown,OTHER (DRIVER) - EXPLAIN IN NARRATIVE,ELM & KIRKWOOD AVE,39.16666009,-86.54528424
901819009,2012,5,6,Weekend,2300,2-Car,No injury/unknown,SPEED TOO FAST FOR WEATHER CONDITIONS,KIRKWOOD ST & MADISON,39.166656,-86.537296
901808887,2012,4,2,Weekday,700,2-Car,Non-incapacitating,FAILURE TO YIELD RIGHT OF WAY,MADISON & W KIRKWOOD AVE,39.166656,-86.537296
901829869,2012,5,5,Weekday,1400,2-Car,No injury/unknown,FAILURE TO YIELD RIGHT OF WAY,KIRKWOOD AVE & MADISON,39.166656,-86.537296
901845517,2012,6,6,Weekday,1700,2-Car,Non-incapacitating,FAILURE TO YIELD RIGHT OF WAY,KIRKWOOD AVE & MADISON,39.166656,-86.537296
901854460,2012,7,3,Weekday,1600,2-Car,Non-incapacitating,FAILURE TO YIELD RIGHT OF WAY,KIRKWOOD AVE & MADISON,39.166656,-86.537296
901866809,2012,8,7,Weekend,1100,2-Car,No injury/unknown,FAILURE TO YIELD RIGHT OF WAY,KIRKWOOD AVE & MADISON,39.166656,-86.537296
901878222,2012,8,2,Weekday,1400,2-Car,No injury/unknown,FAILURE TO YIELD RIGHT OF WAY,MADISON & W KIRKWOOD AVE,39.166656,-86.537296
901802941,2012,4,5,Weekday,100,2-Car,No injury/unknown,OTHER (DRIVER) - EXPLAIN IN NARRATIVE,KIRKWOOD AVE & MADISON,39.16665247,-86.53703142
901900164,2012,10,2,Weekday,900,2-Car,No injury/unknown,DRIVER DISTRACTED - EXPLAIN IN NARRATIVE,GRAND AVE & SHERWOOD,39.16664001,-86.58802788
901846722,2012,6,2,Weekday,1300,2-Car,Non-incapacitating,FOLLOWING TOO CLOSELY,KIRKWOOD AVE & WALNUT,39.16664,-86.53307077
901844780,2012,6,5,Weekday,1200,Bus,No injury/unknown,IMPROPER LANE USAGE,INDIANA & KIRKWOOD AVE,39.16664,-86.52760165
901785479,2012,2,2,Weekday,1600,Moped/Motorcycle,No injury/unknown,UNSAFE BACKING,DUNN & KIRKWOOD AVE,39.16664,-86.52748636
901801475,2012,4,2,Weekday,1000,Cyclist,Non-incapacitating,FAILURE TO YIELD RIGHT OF WAY,DUNN & KIRKWOOD AVE,39.16664,-86.52801559
901870095,2012,8,2,Weekday,1600,2-Car,No injury/unknown,DRIVER DISTRACTED - EXPLAIN IN NARRATIVE,GRAND & N CURRY PIKE PIKE,39.16664,-86.582992
901757357,2012,1,7,Weekend,1500,2-Car,No injury/unknown,FAILURE TO YIELD RIGHT OF WAY,COLLEGE AVE & KIRKWOOD,39.16664,-86.5348
901760850,2012,1,6,Weekday,1100,2-Car,No injury/unknown,DISREGARD SIGNAL/REG SIGN,N COLLEGE & W KIRKWOOD AVE,39.16664,-86.5348
901775664,2012,2,4,Weekday,1600,2-Car,No injury/unknown,FOLLOWING TOO CLOSELY,COLLEGE & KIRKWOOD AVE,39.16664,-86.5348
901776951,2012,2,1,Weekend,1300,Cyclist,Non-incapacitating,FAILURE TO YIELD RIGHT OF WAY,COLLEGE AVE & KIRKWOOD,39.16664,-86.5348
901823448,2012,5,1,Weekend,1700,2-Car,Non-incapacitating,DISREGARD SIGNAL/REG SIGN,COLLEGE & KIRKWOOD AVE,39.16664,-86.5348
901842588,2012,6,1,Weekend,1600,Moped/Motorcycle,Incapacitating,OTHER (VEHICLE) - EXPLAIN IN NARRATIVE,N COLLEGE AVE & W KIRKWOOD,39.16664,-86.5348
901899534,2012,10,7,Weekend,1500,2-Car,No injury/unknown,UNSAFE BACKING,N COLLEGE & W KIRKWOOD AVE,39.16664,-86.5348
901907141,2012,10,6,Weekday,1300,2-Car,No injury/unknown,FOLLOWING TOO CLOSELY,COLLEGE AVE & KIRKWOOD,39.16664,-86.5348
901790223,2012,3,4,Weekday,1200,2-Car,No injury/unknown,FAILURE TO YIELD RIGHT OF WAY,100 N WALNUT & 100 W KIRKWOOD AVE,39.16664,-86.5336
901796280,2012,3,5,Weekday,300,2-Car,Non-incapacitating,DISREGARD SIGNAL/REG SIGN,KIRKWOOD & WALNUT ST,39.16664,-86.5336
901812144,2012,4,7,Weekend,2200,2-Car,No injury/unknown,UNSAFE LANE MOVEMENT,KIRKWOOD & S WALNUT ST,39.16664,-86.5336
901847507,2012,6,3,Weekday,1800,2-Car,No injury/unknown,UNSAFE LANE MOVEMENT,KIRKWOOD & WALNUT ST,39.16664,-86.5336
901857716,2012,7,3,Weekday,1700,Moped/Motorcycle,No injury/unknown,FOLLOWING TOO CLOSELY,KIRKWOOD AVE & WALNUT,39.16664,-86.5336
901876038,2012,8,4,Weekday,2200,2-Car,Non-incapacitating,DISREGARD SIGNAL/REG SIGN,KIRKWOOD & WALNUT ST,39.16664,-86.5336
901880273,2012,8,6,Weekday,0,Moped/Motorcycle,Non-incapacitating,FAILURE TO YIELD RIGHT OF WAY,SOUTH WALNUT ST & WALNUT ST,39.16664,-86.5336
901883633,2012,9,5,Weekday,1700,2-Car,No injury/unknown,UNSAFE LANE MOVEMENT,KIRKWOOD & WALNUT ST,39.16664,-86.5336
901890958,2012,9,5,Weekday,1900,2-Car,No injury/unknown,UNSAFE BACKING,SOUTH WALNUT ST,39.16664,-86.5336
901894774,2012,9,4,Weekday,1600,Moped/Motorcycle,Incapacitating,FAILURE TO YIELD RIGHT OF WAY,E KIRKWOOD & N WALNUT ST,39.16664,-86.5336
901913511,2012,10,3,Weekday,1900,2-Car,Non-incapacitating,FAILURE TO YIELD RIGHT OF WAY,E KIRKWOOD AVE & S WALNUT,39.16664,-86.5336
901930902,2012,11,3,Weekday,1900,2-Car,No injury/unknown,UNSAFE LANE MOVEMENT,KIRKWOOD & S WALNUT ST,39.16664,-86.5336
901768898,2012,1,5,Weekday,1900,2-Car,No injury/unknown,FAILURE TO YIELD RIGHT OF WAY,E KIRKWOOD AVE,39.16664,-86.53340408
901932279,2012,11,7,Weekend,0,2-Car,No injury/unknown,UNSAFE BACKING,E KIRKWOOD AVE,39.16664,-86.5333551
901811696,2012,4,6,Weekday,1600,2-Car,No injury/unknown,FAILURE TO YIELD RIGHT OF WAY,E KIRKWOOD & N LINCOLN ST,39.16664,-86.530992
901835266,2012,6,2,Weekday,1100,2-Car,Non-incapacitating,DISREGARD SIGNAL/REG SIGN,E KIRKWOOD AVE & S LINCOLN,39.16664,-86.530992
901833139,2012,5,3,Weekday,1900,2-Car,No injury/unknown,IMPROPER TURNING,E KIRKWOOD AVE,39.16664,-86.53080686
901826930,2012,5,7,Weekend,700,2-Car,No injury/unknown,DRIVER DISTRACTED - EXPLAIN IN NARRATIVE,E KIRKWOOD AVE & GRANT,39.16664,-86.529696
901799276,2012,3,4,Weekday,1800,2-Car,No injury/unknown,FAILURE TO YIELD RIGHT OF WAY,DUNN ST & KIRKWOOD,39.16664,-86.528192
901812025,2012,4,7,Weekend,1600,Bus,No injury/unknown,OTHER (DRIVER) - EXPLAIN IN NARRATIVE,DUNN ST & KIRKWOOD,39.16664,-86.528192
901888027,2012,9,7,Weekend,1300,2-Car,No injury/unknown,UNSAFE LANE MOVEMENT,E KIRKWOOD & S DUNN ST,39.16664,-86.528192
901911117,2012,10,3,Weekday,1600,Cyclist,No injury/unknown,FAILURE TO YIELD RIGHT OF WAY,DUNN ST & KIRKWOOD,39.16664,-86.528192
901887882,2012,9,6,Weekend,2300,2-Car,No injury/unknown,IMPROPER PASSING,E KIRKWOOD,39.16664,-86.52768947
901776679,2012,2,7,Weekend,0,2-Car,No injury/unknown,,N INDIANA AVE,39.16664,-86.526896
901803630,2012,4,6,Weekday,1300,2-Car,No injury/unknown,UNSAFE SPEED,INDIANA AVE & KIRKWOOD,39.16664,-86.526896
901852573,2012,7,6,Weekday,1700,2-Car,No injury/unknown,UNSAFE BACKING,S INDIANA AVE,39.16664,-86.526896
901937912,2012,12,3,Weekday,1200,2-Car,No injury/unknown,UNSAFE LANE MOVEMENT,EAST KIRKWOOD & SOUTH INDIANA AVE,39.16664,-86.526896
901804245,2012,4,1,Weekend,1300,2-Car,Non-incapacitating,FAILURE TO YIELD RIGHT OF WAY,SR446 & SR46W,39.16664,-86.462496
901834403,2012,6,6,Weekday,1700,1-Car,No injury/unknown,RAN OFF ROAD RIGHT,SR 46 RD & SR446,39.16664,-86.462496
901895845,2012,9,6,Weekday,1200,3+ Cars,Non-incapacitating,FOLLOWING TOO CLOSELY,SR46 & SR46E,39.16664,-86.462496
901841895,2012,6,6,Weekday,1300,2-Car,Non-incapacitating,FOLLOWING TOO CLOSELY,KINGS & SR46E,39.16664,-86.454992
901890907,2012,9,5,Weekday,1700,2-Car,No injury/unknown,FOLLOWING TOO CLOSELY,KIRKWOOD AVE & MAPLE,39.16663997,-86.54220007
901909072,2012,10,3,Weekday,1100,1-Car,No injury/unknown,UNSAFE BACKING,1350 N ST RD 46 (PARKING) BYP & SR4546,39.16662072,-86.46284795
901898535,2012,10,3,Weekday,1600,2-Car,No injury/unknown,UNSAFE BACKING,SOUTH JORDAN AVE,39.1666165,-86.51632212
901899176,2012,10,6,Weekday,1600,2-Car,No injury/unknown,OTHER (VEHICLE) - EXPLAIN IN NARRATIVE,S JORDAN AVE,39.1666165,-86.51632212
901913951,2012,10,4,Weekday,1100,2-Car,No injury/unknown,FAILURE TO YIELD RIGHT OF WAY,KIRKWOOD AVE & ROGERS,39.16660979,-86.53869838
901757075,2012,1,6,Weekday,1700,2-Car,No injury/unknown,FAILURE TO YIELD RIGHT OF WAY,KIRKWOOD & ROGERS ST,39.16660979,-86.53868973
901890249,2012,9,3,Weekday,1500,2-Car,No injury/unknown,FAILURE TO YIELD RIGHT OF WAY,KIRKWOOD ST & MADISON,39.16660979,-86.5374197
901858426,2012,7,4,Weekday,1100,3+ Cars,No injury/unknown,UNSAFE BACKING,E KIRKWOOD AVE,39.16660376,-86.53088383
901899017,2012,10,6,Weekday,1200,2-Car,No injury/unknown,FAILURE TO YIELD RIGHT OF WAY,200 BLOCK W KIRKWOOD AVE & GENTRY,39.16660129,-86.53561059
901809099,2012,4,2,Weekday,1600,2-Car,No injury/unknown,UNSAFE BACKING,COLLEGE & KIRKWOOD AVE,39.16659974,-86.53488032
901866921,2012,8,6,Weekday,1300,2-Car,Non-incapacitating,DISREGARD SIGNAL/REG SIGN,COLLEGE & KIRKWOOD AVE,39.16659974,-86.53488032
901783865,2012,2,7,Weekend,1700,1-Car,No injury/unknown,RAN OFF ROAD RIGHT,SOUTH MAPLE ST,39.16659657,-86.542096
901769868,2012,1,1,Weekend,200,2-Car,No injury/unknown,UNSAFE BACKING,KIRKWOOD AVE,39.16659303,-86.52953468
901799562,2012,3,5,Weekday,1200,2-Car,No injury/unknown,FOLLOWING TOO CLOSELY,KIRKWOOD AVE & MORTON,39.16658968,-86.53605582
901880454,2012,8,5,Weekday,1500,2-Car,No injury/unknown,IMPROPER TURNING,KIRKWOOD AVE & WALNUT,39.16658029,-86.53359299
901816739,2012,4,2,Weekday,1100,1-Car,No injury/unknown,BRAKE FAILURE OR DEFECTIVE,WEST KIRKWOOD AVE,39.16656822,-86.53888486
901867843,2012,8,3,Weekday,600,2-Car,No injury/unknown,DISREGARD SIGNAL/REG SIGN,KIRKWOOD & LINCOLN ST,39.16656017,-86.5310803
901754774,2012,1,3,Weekday,1100,2-Car,No injury/unknown,OTHER (DRIVER) - EXPLAIN IN NARRATIVE,NORTH GRANT ST,39.16655902,-86.52969731
901824500,2012,5,2,Weekday,1700,2-Car,No injury/unknown,UNSAFE BACKING,KINGSTON AVE,39.16655822,-86.492816
901780280,2012,2,6,Weekend,2200,2-Car,No injury/unknown,UNSAFE BACKING,DUNN & KIRKWOOD AVE,39.16654006,-86.52825336
901930613,2012,11,4,Weekday,1300,2-Car,No injury/unknown,OTHER (DRIVER) - EXPLAIN IN NARRATIVE,DUNN & KIRKWOOD AVE,39.16654006,-86.5282499
901864869,2012,8,4,Weekday,700,2-Car,No injury/unknown,,S FRANKLIN RD,39.166496,-86.571216
901894871,2012,9,5,Weekday,1900,1-Car,No injury/unknown,OTHER (DRIVER) - EXPLAIN IN NARRATIVE,S FRANKLIN RD,39.166496,-86.571216
901781386,2012,2,3,Weekday,100,1-Car,No injury/unknown,RAN OFF ROAD RIGHT,LORI & SR46E,39.166448,-86.466
901835013,2012,6,1,Weekday,2100,2-Car,No injury/unknown,UNSAFE BACKING,5TH & ROOSEVELT ST,39.16643681,-86.50585511
901760410,2012,1,5,Weekday,1000,2-Car,No injury/unknown,FAILURE TO YIELD RIGHT OF WAY,E MORNINGSIDE & N SMITH RD,39.166432,-86.4812
901773147,2012,2,7,Weekend,1800,2-Car,No injury/unknown,DRIVER DISTRACTED - EXPLAIN IN NARRATIVE,MORNINGSIDE & SMITH RD,39.166432,-86.4812
901778688,2012,2,3,Weekday,1400,Bus,Incapacitating,FOLLOWING TOO CLOSELY,MORNINGSIDE & SMITH RD,39.166432,-86.4812
901820361,2012,5,2,Weekday,1700,2-Car,No injury/unknown,IMPROPER TURNING,KIRKWOOD & ROGERS ST,39.16639737,-86.5386035
901773964,2012,2,2,Weekday,1500,2-Car,Non-incapacitating,FOLLOWING TOO CLOSELY,N GATES DR & RUNKLE,39.16637453,-86.57602072
901943543,2012,12,5,Weekday,1700,2-Car,No injury/unknown,SPEED TOO FAST FOR WEATHER CONDITIONS,SOUTH GATES DR & WEST RUNKLE,39.16636188,-86.57601351
901932768,2012,12,2,Weekday,1300,2-Car,No injury/unknown,DISREGARD SIGNAL/REG SIGN,GATES & RUNKLE WAY,39.16635968,-86.57598401
901899179,2012,10,6,Weekday,1600,2-Car,No injury/unknown,FAILURE TO YIELD RIGHT OF WAY,10TH & JORDAN AVE,39.16630182,-86.51566028
901872387,2012,8,4,Weekday,1800,2-Car,Non-incapacitating,FAILURE TO YIELD RIGHT OF WAY,E 10TH & N SUNRISE AVE,39.16629176,-86.51247985
901936025,2012,12,7,Weekend,1900,2-Car,No injury/unknown,FOLLOWING TOO CLOSELY,MORNINGSIDE & SMITH RD,39.16624971,-86.48128978
901795797,2012,3,4,Weekday,0,2-Car,No injury/unknown,UNSAFE BACKING,S ADAMS ST,39.16621786,-86.54973883
901797692,2012,3,1,Weekend,400,2-Car,No injury/unknown,OTHER (VEHICLE) - EXPLAIN IN NARRATIVE,NORTH ROSE AVE,39.1662177,-86.51097988
901799044,2012,3,4,Weekday,1100,2-Car,No injury/unknown,OTHER (DRIVER) - EXPLAIN IN NARRATIVE,SOUTH ROSE AVE,39.1662177,-86.51097988
901869954,2012,8,6,Weekday,1600,2-Car,No injury/unknown,UNSAFE BACKING,N ROSE ST,39.1662177,-86.51097988
901907264,2012,10,4,Weekday,1800,2-Car,No injury/unknown,UNSAFE BACKING,NORTH ROSE AVE,39.1662177,-86.51097988
901898995,2012,10,6,Weekday,1100,Moped/Motorcycle,Non-incapacitating,TIRE FAILURE OR DEFECTIVE,ALLEN & PATTERSON DR,39.16620219,-86.54330983
901865308,2012,8,4,Weekday,1600,Bus,No injury/unknown,OTHER (DRIVER) - EXPLAIN IN NARRATIVE,4TH & N WASHINGTON ST,39.16619731,-86.5324
901849521,2012,7,1,Weekend,500,1-Car,No injury/unknown,RAN OFF ROAD RIGHT,3RD & SR 46 RD,39.16619049,-86.46728758
901849522,2012,7,1,Weekend,500,2-Car,Non-incapacitating,ANIMAL/OBJECT IN ROADWAY,3RD & SR 46 ST,39.16619049,-86.46728758
901882528,2012,9,3,Weekday,1600,Moped/Motorcycle,Non-incapacitating,FAILURE TO YIELD RIGHT OF WAY,JORDAN AVE & KIRKWOOD,39.16617195,-86.51651859
901831510,2012,5,6,Weekday,1800,2-Car,No injury/unknown,OTHER (VEHICLE) - EXPLAIN IN NARRATIVE,W SR 48 RD,39.16611862,-86.65584564
901777022,2012,2,1,Weekday,1900,2-Car,No injury/unknown,UNSAFE BACKING,N GATES DR,39.16609012,-86.57594829
901823421,2012,5,1,Weekend,1400,2-Car,No injury/unknown,FAILURE TO YIELD RIGHT OF WAY,GATES DR,39.16609012,-86.57594829
901824649,2012,5,3,Weekday,1400,2-Car,No injury/unknown,UNSAFE BACKING,N GATES DR,39.16609012,-86.57594829
901833508,2012,5,5,Weekday,1200,2-Car,No injury/unknown,FAILURE TO YIELD RIGHT OF WAY,GATES DR,39.16609012,-86.57594829
901899291,2012,10,6,Weekday,1800,2-Car,No injury/unknown,OTHER (DRIVER) - EXPLAIN IN NARRATIVE,3RD & NORTH 46 HWY,39.1660538,-86.46797102
901918578,2012,11,3,Weekday,1100,2-Car,No injury/unknown,FAILURE TO YIELD RIGHT OF WAY,2ND & PATTERSON DR,39.16603654,-86.54850997
901809293,2012,4,3,Weekday,200,1-Car,Non-incapacitating,OTHER (VEHICLE) - EXPLAIN IN NARRATIVE,3RD & SR46N,39.16599471,-86.4681295
901771776,2012,2,4,Weekday,700,2-Car,No injury/unknown,OTHER (DRIVER) - EXPLAIN IN NARRATIVE,5TH ST & OVERHILL,39.16599143,-86.50083204
901939148,2012,12,5,Weekday,1000,2-Car,No injury/unknown,UNSAFE LANE MOVEMENT,4TH & S WALNUT ST,39.16581279,-86.5336
901859355,2012,7,6,Weekday,1500,2-Car,No injury/unknown,FOLLOWING TOO CLOSELY,3RD & SR46S,39.16580218,-86.46859738
901893722,2012,9,3,Weekday,1400,2-Car,No injury/unknown,IMPROPER PASSING,E KIRKWOOD & S WOODLAWN AVE,39.16576211,-86.52340156
901824131,2012,5,2,Weekday,1800,Cyclist,Non-incapacitating,FAILURE TO YIELD RIGHT OF WAY,4TH ST & WALDRON,39.165728,-86.543632
901857498,2012,7,3,Weekday,1200,2-Car,Non-incapacitating,FOLLOWING TOO CLOSELY,4TH & ROGERS ST,39.165696,-86.538592
901894353,2012,9,4,Weekday,1700,2-Car,No injury/unknown,FAILURE TO YIELD RIGHT OF WAY,4TH & ROGERS ST,39.165696,-86.538592
901803610,2012,4,5,Weekday,1800,3+ Cars,No injury/unknown,UNSAFE BACKING,EAST 4TH ST,39.16568196,-86.53745469
901818013,2012,5,5,Weekday,1500,2-Car,No injury/unknown,FOLLOWING TOO CLOSELY,4TH ST & MADISON,39.16568,-86.537296
901804008,2012,4,7,Weekend,1500,2-Car,No injury/unknown,UNSAFE BACKING,4TH & SOUTH MADISON ST,39.16568,-86.537296
901826436,2012,5,6,Weekday,1200,2-Car,No injury/unknown,OTHER (DRIVER) - EXPLAIN IN NARRATIVE,4TH ST & COLLEGE,39.165664,-86.53501169
901761148,2012,1,6,Weekday,1800,2-Car,No injury/unknown,FOLLOWING TOO CLOSELY,N COLLEGE AVE & W 4TH,39.165664,-86.5348