Master Record Number,Year,Month,Day,Weekend?,Hour,Collision Type,Injury Type,Primary Factor,Reported_Location,Latitude,Longitude
901776740,2012,2,7,Weekend,0,2-Car,No injury/unknown,DISREGARD SIGNAL/REG SIGN,4TH & COLLEGE AVE,39.165664,-86.5348
901779785,2012,2,7,Weekend,0,2-Car,Non-incapacitating,SPEED TOO FAST FOR WEATHER CONDITIONS,4TH & SOUTH COLLEGE AVENUE AVE,39.165664,-86.5348
901812147,2012,4,1,Weekend,300,3+ Cars,No injury/unknown,RAN OFF ROAD RIGHT,4TH & COLLEGE AVE,39.165664,-86.5348
901912014,2012,10,1,Weekend,1700,2-Car,Non-incapacitating,DISREGARD SIGNAL/REG SIGN,4TH & COLLEGE AVE,39.165664,-86.5348
901875302,2012,8,3,Weekday,1400,1-Car,No injury/unknown,UNSAFE BACKING,COLLEGE & W 4TH ST,39.16566165,-86.53462362
901806165,2012,4,4,Weekday,800,2-Car,No injury/unknown,FAILURE TO YIELD RIGHT OF WAY,BROADWAY & CURRY PIKE,39.1656562,-86.58297258
901837644,2012,6,4,Weekday,1700,2-Car,No injury/unknown,UNSAFE BACKING,4TH ST & GRANT,39.165648,-86.52935918
901950518,2012,12,1,Weekday,2000,2-Car,No injury/unknown,UNSAFE BACKING,E 4TH ST & GRANT,39.165648,-86.52935918
901894317,2012,9,4,Weekday,1700,2-Car,Non-incapacitating,FOLLOWING TOO CLOSELY,E 4TH ST & WALNUT,39.165648,-86.53324718
901755068,2012,1,3,Weekday,1500,1-Car,No injury/unknown,OTHER (DRIVER) - EXPLAIN IN NARRATIVE,EAST 4TH ST,39.165648,-86.5336
901758579,2012,1,3,Weekday,1200,2-Car,No injury/unknown,DISREGARD SIGNAL/REG SIGN,4TH ST ST & WALNUT ST,39.165648,-86.5336
901759442,2012,1,4,Weekday,1500,2-Car,No injury/unknown,FAILURE TO YIELD RIGHT OF WAY,4TH & WALNUT ST,39.165648,-86.5336
901776025,2012,2,6,Weekday,1400,2-Car,No injury/unknown,FAILURE TO YIELD RIGHT OF WAY,4TH & WALNUT ST,39.165648,-86.5336
901793524,2012,3,5,Weekday,1200,3+ Cars,Non-incapacitating,FAILURE TO YIELD RIGHT OF WAY,S WALNUT ST & W 4TH,39.165648,-86.5336
901848155,2012,6,4,Weekday,2100,2-Car,No injury/unknown,OTHER (DRIVER) - EXPLAIN IN NARRATIVE,WALNUT ST,39.165648,-86.5336
901829832,2012,5,5,Weekday,1200,2-Car,No injury/unknown,UNSAFE BACKING,NORTH WALNUT ST,39.165648,-86.5336
901906563,2012,10,6,Weekday,800,2-Car,No injury/unknown,FAILURE TO YIELD RIGHT OF WAY,N WALNUT ST,39.165648,-86.5336
901911111,2012,10,6,Weekday,1300,2-Car,No injury/unknown,DISREGARD SIGNAL/REG SIGN,EAST 4TH ST & NORTH WALNUT,39.165648,-86.5336
901939659,2012,12,5,Weekday,1000,2-Car,No injury/unknown,OTHER (DRIVER) - EXPLAIN IN NARRATIVE,S WALNUT ST,39.165648,-86.5336
901814194,2012,4,4,Weekday,1900,Bus,No injury/unknown,IMPROPER TURNING,E 4TH & S WASHINGTON ST,39.165648,-86.5324
901788798,2012,3,3,Weekday,1500,2-Car,No injury/unknown,UNSAFE BACKING,4TH & LINCOLN ST,39.165648,-86.531008
901900681,2012,10,2,Weekday,1500,2-Car,No injury/unknown,OTHER (DRIVER) - EXPLAIN IN NARRATIVE,EAST 4TH ST & SOUTH LINCOLN,39.165648,-86.531008
901942459,2012,12,2,Weekday,1100,2-Car,No injury/unknown,FAILURE TO YIELD RIGHT OF WAY,E 4TH ST & S LINCOLN,39.165648,-86.531008
901891652,2012,9,6,Weekend,2200,2-Car,No injury/unknown,UNSAFE BACKING,E 4TH ST,39.165648,-86.529392
901780226,2012,2,6,Weekday,1800,2-Car,No injury/unknown,OTHER (VEHICLE) - EXPLAIN IN NARRATIVE,EAST 4TH ST & SOUTH DUNN,39.165648,-86.528144
901917641,2012,11,3,Weekday,900,Pedestrian,Non-incapacitating,FAILURE TO YIELD RIGHT OF WAY,E 4TH & S DUNN ST,39.165648,-86.528144
901811935,2012,4,6,Weekend,2100,2-Car,No injury/unknown,IMPROPER TURNING,E 4TH ST & N INDIANA,39.165648,-86.526848
901890689,2012,9,5,Weekday,700,2-Car,No injury/unknown,UNSAFE BACKING,S INDIANA AVE,39.165648,-86.526848
901923760,2012,11,5,Weekday,1200,Bus,No injury/unknown,OVERCORRECTING/OVERSTEERING,4TH ST & INDIANA,39.165648,-86.526848
901818394,2012,4,6,Weekday,0,2-Car,No injury/unknown,,SOUTH MAPLE & WEST 4TH ST,39.16564018,-86.54219001
901801852,2012,4,2,Weekday,1700,2-Car,No injury/unknown,FAILURE TO YIELD RIGHT OF WAY,SOUTH ROGERS ST & WEST 4TH,39.16563012,-86.53869979
901790028,2012,3,5,Weekday,1200,2-Car,No injury/unknown,FAILURE TO YIELD RIGHT OF WAY,4TH ST & ROGERS,39.16563012,-86.53869113
901806652,2012,4,5,Weekday,1100,2-Car,No injury/unknown,FAILURE TO YIELD RIGHT OF WAY,GATES & JACOB DR,39.16562006,-86.57599993
901814686,2012,4,5,Weekday,1200,2-Car,Non-incapacitating,FOLLOWING TOO CLOSELY,GATES & JACOB DR,39.16562006,-86.57599993
901849015,2012,6,6,Weekday,1400,2-Car,No injury/unknown,FAILURE TO YIELD RIGHT OF WAY,GATES DR & JACOB,39.16562006,-86.57599993
901830063,2012,5,5,Weekday,1900,2-Car,No injury/unknown,FAILURE TO YIELD RIGHT OF WAY,JACOB & N GATES DR,39.16562006,-86.57599993
901940005,2012,12,6,Weekend,1900,2-Car,No injury/unknown,FOLLOWING TOO CLOSELY,GATES & JACOB DR,39.16562006,-86.57599993
901922693,2012,11,7,Weekend,1800,2-Car,No injury/unknown,FAILURE TO YIELD RIGHT OF WAY,GATES DR & JACOB,39.16562006,-86.57599993
901901307,2012,10,3,Weekday,1800,Cyclist,Non-incapacitating,FAILURE TO YIELD RIGHT OF WAY,4TH ST & MADISON,39.16561,-86.53742976
901832935,2012,5,4,Weekday,1200,2-Car,No injury/unknown,FAILURE TO YIELD RIGHT OF WAY,E 4TH ST,39.16560464,-86.52959235
901886104,2012,9,1,Weekend,1400,2-Car,No injury/unknown,UNSAFE LANE MOVEMENT,4TH ST & COLLEGE,39.16558988,-86.53488971
901887399,2012,9,6,Weekday,900,2-Car,No injury/unknown,FOLLOWING TOO CLOSELY,4TH & WALNUT ST,39.16557983,-86.53361968
901871901,2012,8,2,Weekday,1600,Cyclist,Non-incapacitating,FAILURE TO YIELD RIGHT OF WAY,4TH ST & WASHINGTON,39.16557983,-86.53235033
901882112,2012,9,3,Weekday,1000,2-Car,No injury/unknown,DISREGARD SIGNAL/REG SIGN,4TH & WASHINGTON ST,39.16557983,-86.53235033
901855701,2012,7,5,Weekday,1000,2-Car,No injury/unknown,FAILURE TO YIELD RIGHT OF WAY,4TH ST & DUNN,39.16555971,-86.52822978
901923859,2012,11,6,Weekday,900,2-Car,No injury/unknown,FAILURE TO YIELD RIGHT OF WAY,4TH & DUNN ST,39.16555971,-86.52822978
901899297,2012,10,6,Weekend,2100,2-Car,No injury/unknown,IMPROPER TURNING,4TH & INDIANA AVE,39.16555032,-86.52691014
901935144,2012,12,6,Weekday,800,2-Car,No injury/unknown,OTHER (DRIVER) - EXPLAIN IN NARRATIVE,SO KINGSTON DR,39.16554898,-86.49269722
901921358,2012,11,2,Weekday,1700,2-Car,No injury/unknown,OVERCORRECTING/OVERSTEERING,DUNN ST & FOURTH,39.1655457,-86.52823704
901788213,2012,3,2,Weekday,1700,3+ Cars,No injury/unknown,UNSAFE LANE MOVEMENT,4TH & COLLEGE AVE,39.16552668,-86.53480215
901803785,2012,4,6,Weekday,1400,2-Car,No injury/unknown,UNSAFE BACKING,SOUTH GRANT ST,39.16552457,-86.52971396
901816151,2012,4,2,Weekday,1100,2-Car,No injury/unknown,UNSAFE BACKING,EAST FOURTH ST,39.16551344,-86.52805343
901888425,2012,9,7,Weekend,1600,3+ Cars,No injury/unknown,UNSAFE BACKING,S INDIANA AVE,39.16550106,-86.52684212
901810321,2012,4,4,Weekday,800,Cyclist,Non-incapacitating,IMPROPER PASSING,JONES AVE & READ,39.16547615,-86.51549935
901806130,2012,4,4,Weekday,1500,2-Car,No injury/unknown,FAILURE TO YIELD RIGHT OF WAY,S WALNUT ST,39.16546286,-86.5336
901899400,2012,10,6,Weekday,1000,2-Car,No injury/unknown,OTHER (DRIVER) - EXPLAIN IN NARRATIVE,SO KINGSTON DR,39.16542816,-86.4920578
901916079,2012,11,7,Weekend,1600,1-Car,No injury/unknown,RAN OFF ROAD RIGHT,14TH & DUNN ST,39.16541263,-86.52833975
901897034,2012,10,3,Weekday,1100,2-Car,No injury/unknown,UNSAFE BACKING,JONES AVE & JORDAN,39.16540012,-86.51642294
901923176,2012,11,3,Weekday,900,2-Car,No injury/unknown,UNSAFE BACKING,JONES AVE & JORDAN,39.16540012,-86.51642294
901765995,2012,1,7,Weekend,1600,Bus,Non-incapacitating,FAILURE TO YIELD RIGHT OF WAY,JONES & JORDAN AVE,39.16540012,-86.51640996
901781553,2012,2,1,Weekend,800,2-Car,No injury/unknown,IMPROPER PASSING,JONES & JORDAN AVE,39.16540012,-86.51640996
901835989,2012,6,3,Weekday,1200,Cyclist,Non-incapacitating,FAILURE TO YIELD RIGHT OF WAY,3RD & PETE ELLIS DR,39.16506397,-86.495088
901795488,2012,3,2,Weekday,1300,1-Car,Non-incapacitating,OTHER (DRIVER) - EXPLAIN IN NARRATIVE,E STATE ROAD 46 HWY,39.16499973,-86.4523412
901827960,2012,5,2,Weekday,800,1-Car,No injury/unknown,,SR46E,39.16499973,-86.4523412
901889789,2012,9,2,Weekday,1800,1-Car,Incapacitating,SPEED TOO FAST FOR WEATHER CONDITIONS,E TRAILWAY & SR46E,39.16498559,-86.43110494
901813672,2012,4,5,Weekday,400,1-Car,No injury/unknown,ANIMAL/OBJECT IN ROADWAY,HARTSTRAIT & SR48W,39.16494012,-86.61103025
901765003,2012,1,5,Weekday,1600,2-Car,No injury/unknown,FAILURE TO YIELD RIGHT OF WAY,CURRY & SR48W,39.164848,-86.58360163
901863974,2012,7,7,Weekend,1800,1-Car,No injury/unknown,,W 3RD ST,39.164848,-86.580096
901897245,2012,10,3,Weekday,1500,2-Car,No injury/unknown,FAILURE TO YIELD RIGHT OF WAY,W 3RD ST,39.164848,-86.57962482
901945277,2012,12,1,Weekend,700,2-Car,No injury/unknown,FAILURE TO YIELD RIGHT OF WAY,3300 W 3RD ST,39.164848,-86.5761011
901806110,2012,3,3,Weekday,1400,2-Car,No injury/unknown,OTHER (DRIVER) - EXPLAIN IN NARRATIVE,WEST 3RD ST,39.164848,-86.575104
901933031,2012,12,2,Weekday,1600,3+ Cars,No injury/unknown,OTHER (DRIVER) - EXPLAIN IN NARRATIVE,W 3RD ST,39.164848,-86.57487674
901757003,2012,1,6,Weekday,1200,Pedestrian,Incapacitating,OTHER (DRIVER) - EXPLAIN IN NARRATIVE,W 3RD ST,39.164848,-86.57464947
901879721,2012,8,4,Weekday,1400,2-Car,No injury/unknown,FAILURE TO YIELD RIGHT OF WAY,3RD ST & SR37N,39.164848,-86.57450741
901772812,2012,2,6,Weekday,1500,2-Car,No injury/unknown,FOLLOWING TOO CLOSELY,3RD ST,39.16484767,-86.58010841
901769626,2012,1,7,Weekend,1200,1-Car,No injury/unknown,OTHER (DRIVER) - EXPLAIN IN NARRATIVE,WEST 3RD ST ST,39.16484267,-86.58123733
901764735,2012,1,5,Weekday,1100,2-Car,No injury/unknown,FAILURE TO YIELD RIGHT OF WAY,W 3RD ST,39.164816,-86.573888
901834653,2012,6,7,Weekend,1500,Moped/Motorcycle,Non-incapacitating,FAILURE TO YIELD RIGHT OF WAY,W 3RD ST,39.164816,-86.573888
901786784,2012,3,6,Weekday,1300,2-Car,Non-incapacitating,FOLLOWING TOO CLOSELY,SR37S & W 3RD,39.1648,-86.573792
901865365,2012,8,4,Weekday,2000,2-Car,Non-incapacitating,FOLLOWING TOO CLOSELY,3RD ST & SR37,39.1648,-86.573792
901768225,2012,1,4,Weekday,1600,2-Car,No injury/unknown,FAILURE TO YIELD RIGHT OF WAY,E 3RD & PETE ELLIS DR,39.16478931,-86.495088
901846918,2012,6,2,Weekday,1400,2-Car,No injury/unknown,FAILURE TO YIELD RIGHT OF WAY,3RD & PETE ELLIS DR,39.16478931,-86.495088
901845098,2012,6,6,Weekday,300,1-Car,No injury/unknown,UNSAFE BACKING,46 RD,39.16477966,-86.45194244
901859426,2012,7,6,Weekday,1500,3+ Cars,Non-incapacitating,FOLLOWING TOO CLOSELY,3RD ST & SR37S,39.16476916,-86.57334998
901792717,2012,3,4,Weekday,1200,3+ Cars,Non-incapacitating,FOLLOWING TOO CLOSELY,3RD ST & SR37N,39.16476426,-86.5732797
901773726,2012,2,2,Weekday,900,2-Car,No injury/unknown,DISREGARD SIGNAL/REG SIGN,3RD & SR 37 NORTH RAMP RD,39.164752,-86.573104
901775987,2012,2,6,Weekday,1400,2-Car,No injury/unknown,IMPROPER TURNING,3RD ST & SR37,39.164752,-86.573104
901783976,2012,2,1,Weekend,100,2-Car,No injury/unknown,FOLLOWING TOO CLOSELY,SR37N & W 3RD ST,39.164752,-86.573104
901796597,2012,3,5,Weekday,1600,2-Car,No injury/unknown,FOLLOWING TOO CLOSELY,SR37S & THIRD ST,39.164752,-86.573104
901800756,2012,3,7,Weekend,2000,2-Car,Non-incapacitating,FAILURE TO YIELD RIGHT OF WAY,EAST 3RD ST,39.164752,-86.573104
901811309,2012,4,6,Weekday,600,2-Car,No injury/unknown,DISREGARD SIGNAL/REG SIGN,3000 W 3RD ST & SR37N,39.164752,-86.573104
901857812,2012,7,1,Weekend,1200,2-Car,No injury/unknown,FAILURE TO YIELD RIGHT OF WAY,3RD ST & SR37,39.164752,-86.573104
901870155,2012,8,7,Weekend,900,2-Car,Non-incapacitating,CELL PHONE USAGE,3RD ST & SR37N,39.164752,-86.573104
901875979,2012,8,4,Weekday,1700,2-Car,No injury/unknown,OTHER (DRIVER) - EXPLAIN IN NARRATIVE,SR37S & SR48,39.164752,-86.573104
901881092,2012,9,7,Weekend,2100,2-Car,No injury/unknown,DISREGARD SIGNAL/REG SIGN,3RD ST & SR37,39.164752,-86.573104
901884012,2012,9,6,Weekday,1200,2-Car,Non-incapacitating,DISREGARD SIGNAL/REG SIGN,SR37S & W 3RD ST,39.164752,-86.573104
901908022,2012,10,2,Weekday,600,2-Car,No injury/unknown,FAILURE TO YIELD RIGHT OF WAY,SR37 & W 3RD ST,39.164752,-86.573104
901901694,2012,10,4,Weekday,800,2-Car,Non-incapacitating,FOLLOWING TOO CLOSELY,SR37 & W 3RD,39.164752,-86.573104
901915144,2012,11,5,Weekday,0,2-Car,No injury/unknown,FAILURE TO YIELD RIGHT OF WAY,SR37N & W 3RD,39.164752,-86.573104
901928114,2012,11,7,Weekend,1000,2-Car,Non-incapacitating,FOLLOWING TOO CLOSELY,37 HWY & W 3RD,39.164752,-86.573104
901931621,2012,12,7,Weekend,600,2-Car,No injury/unknown,FAILURE TO YIELD RIGHT OF WAY,SR37 & W 3RD ST,39.164752,-86.573104
901942705,2012,12,3,Weekday,1400,3+ Cars,No injury/unknown,FOLLOWING TOO CLOSELY,SR37 & WEST 3RD ST,39.164752,-86.573104
901761541,2012,1,7,Weekend,2200,2-Car,No injury/unknown,FAILURE TO YIELD RIGHT OF WAY,W 3RD ST,39.16474251,-86.57282163
901797547,2012,3,7,Weekend,1700,2-Car,No injury/unknown,OTHER (DRIVER) - EXPLAIN IN NARRATIVE,W 3RD ST,39.16474251,-86.57282163
901842059,2012,6,6,Weekend,2200,2-Car,No injury/unknown,UNSAFE BACKING,W 3RD ST,39.16474251,-86.57282163
901805963,2012,4,4,Weekday,700,2-Car,No injury/unknown,FOLLOWING TOO CLOSELY,S PARK SQUARE & SR48W,39.16474029,-86.59259006
901897233,2012,10,2,Weekday,1900,2-Car,Non-incapacitating,DISREGARD SIGNAL/REG SIGN,PARK SQUARE & SR48W,39.16474029,-86.59259006
901774647,2012,2,3,Weekday,1800,2-Car,Non-incapacitating,OTHER (DRIVER) - EXPLAIN IN NARRATIVE,EAST 3RD ST,39.16473871,-86.57270868
901912504,2012,10,2,Weekday,1200,2-Car,No injury/unknown,UNSAFE BACKING,EAST THIRD ST,39.16473389,-86.49459838
901944863,2012,12,7,Weekend,1000,2-Car,No injury/unknown,OTHER (DRIVER) - EXPLAIN IN NARRATIVE,EAST 3RD ST,39.16472732,-86.57236983
901873940,2012,8,7,Weekend,2300,2-Car,No injury/unknown,FAILURE TO YIELD RIGHT OF WAY,3RD & ROGERS ST,39.16472,-86.538592
901876787,2012,8,6,Weekday,1100,2-Car,No injury/unknown,FOLLOWING TOO CLOSELY,S ROGERS ST & W 3RD,39.16472,-86.538592
901891964,2012,9,7,Weekend,1700,2-Car,No injury/unknown,FAILURE TO YIELD RIGHT OF WAY,ROGERS & WEST 3RD ST,39.16472,-86.538592
901899750,2012,10,1,Weekend,400,2-Car,No injury/unknown,IMPROPER LANE USAGE,S ROGERS ST,39.16472,-86.538592
901783220,2012,1,4,Weekday,1900,2-Car,No injury/unknown,UNSAFE BACKING,3RD ST,39.16470933,-86.57183467
901835593,2012,6,2,Weekday,1600,2-Car,No injury/unknown,UNSAFE BACKING,E 3RD ST,39.16470933,-86.57183467
901935900,2012,12,7,Weekend,1200,2-Car,No injury/unknown,UNSAFE BACKING,E 3RD ST,39.16470933,-86.57183467
901942913,2012,12,4,Weekday,1300,2-Car,No injury/unknown,UNSAFE BACKING,EAST 3RD ST,39.16470933,-86.57183467
901944950,2012,12,6,Weekend,1900,3+ Cars,No injury/unknown,SPEED TOO FAST FOR WEATHER CONDITIONS,3RD EAST ST,39.16470933,-86.57183467
901945400,2012,12,7,Weekend,1600,2-Car,No injury/unknown,SPEED TOO FAST FOR WEATHER CONDITIONS,EAST 3RD ST,39.16470933,-86.57183467
901945439,2012,12,7,Weekend,1600,2-Car,No injury/unknown,SPEED TOO FAST FOR WEATHER CONDITIONS,EAST 3RD ST,39.16470933,-86.57183467
901768138,2012,1,4,Weekday,1600,2-Car,No injury/unknown,DISREGARD SIGNAL/REG SIGN,S MADISON ST & W 3RD,39.164704,-86.537296
901842037,2012,6,6,Weekend,2100,2-Car,Non-incapacitating,DISREGARD SIGNAL/REG SIGN,S MADISON & W 3RD ST,39.164704,-86.537296
901880756,2012,8,6,Weekday,1400,2-Car,No injury/unknown,UNSAFE LANE MOVEMENT,SOUTH WESTERN & WEST 3RD ST,39.16470006,-86.58646993
901903806,2012,9,5,Weekday,1600,3+ Cars,No injury/unknown,FOLLOWING TOO CLOSELY,SR48E & WESTERN,39.16470006,-86.58646993
901822753,2012,5,6,Weekend,1900,2-Car,No injury/unknown,UNSAFE BACKING,3RD ST,39.16469993,-86.57155498
901916353,2012,11,1,Weekend,1200,2-Car,No injury/unknown,IMPROPER LANE USAGE,3RD ST & HICKORY,39.16469,-86.58588417
901778663,2012,2,3,Weekday,1900,2-Car,No injury/unknown,FAILURE TO YIELD RIGHT OF WAY,3RD ST & FRANKLIN,39.164688,-86.5712
901939726,2012,12,5,Weekday,1100,3+ Cars,No injury/unknown,BRAKE FAILURE OR DEFECTIVE,FRANKLIN & WEST THIRD ST,39.164688,-86.5712
901935607,2012,12,6,Weekday,1600,2-Car,No injury/unknown,FOLLOWING TOO CLOSELY,FRANKLIN & WEST THIRD ST,39.164688,-86.5712
901901435,2012,10,4,Weekday,100,1-Car,Incapacitating,OBSTRUCTION NOT MARKED,S CURRY & W 3RD ST,39.16468175,-86.58296764
901816704,2012,4,2,Weekday,1500,2-Car,No injury/unknown,UNSAFE BACKING,NORTH MORTON ST,39.164672,-86.536192
901793915,2012,3,6,Weekday,1800,2-Car,No injury/unknown,IMPROPER TURNING,EAST 3RD ST,39.16466933,-86.57021333
901901366,2012,10,7,Weekend,1700,2-Car,No injury/unknown,OTHER (DRIVER) - EXPLAIN IN NARRATIVE,EAST 3RD ST,39.16466933,-86.57021333
901903177,2012,10,6,Weekday,1600,Pedestrian,Incapacitating,FAILURE TO YIELD RIGHT OF WAY,E 3RD ST,39.16466933,-86.57021333
901927411,2012,11,6,Weekday,0,2-Car,No injury/unknown,FOLLOWING TOO CLOSELY,EAST 3RD ST,39.16466933,-86.57021333
901845212,2012,6,6,Weekday,900,2-Car,No injury/unknown,OTHER (ENVIRONMENTAL) - EXPLAIN IN NARR,W THIRD ST,39.1646605,-86.57929301
901899071,2012,10,6,Weekday,1400,2-Car,No injury/unknown,FOLLOWING TOO CLOSELY,3RD ST & CURRY,39.16465983,-86.58298063
901802098,2012,4,3,Weekday,1000,3+ Cars,No injury/unknown,FOLLOWING TOO CLOSELY,3RD ST & CURRY,39.16465983,-86.58292435
901769343,2012,1,6,Weekday,1600,2-Car,No injury/unknown,IMPROPER TURNING,3RD ST & CURRY,39.16465983,-86.58292002
901809299,2012,4,3,Weekday,400,2-Car,No injury/unknown,UNSAFE LANE MOVEMENT,3RD ST & CURRY,39.16465983,-86.58292002
901834328,2012,6,6,Weekday,1500,2-Car,No injury/unknown,UNSAFE BACKING,SOUTH CURRY PIKE & WEST 3RD,39.16465983,-86.58292002
901868096,2012,8,2,Weekday,2100,Pedestrian,Non-incapacitating,FAILURE TO YIELD RIGHT OF WAY,3RD ST & CURRY,39.16465983,-86.58292002
901909352,2012,10,3,Weekday,1400,2-Car,No injury/unknown,FOLLOWING TOO CLOSELY,3RD ST & CURRY,39.16465983,-86.58292002
901896731,2012,10,2,Weekday,1600,2-Car,No injury/unknown,FAILURE TO YIELD RIGHT OF WAY,CURRY & WEST 3RD ST,39.16465983,-86.58292002
901904643,2012,10,3,Weekday,0,2-Car,Non-incapacitating,DISREGARD SIGNAL/REG SIGN,3RD ST & CURRY,39.16465983,-86.58292002
901910439,2012,10,5,Weekday,1400,3+ Cars,No injury/unknown,FOLLOWING TOO CLOSELY,3RD ST & CURRY,39.16465983,-86.58292002
901914179,2012,10,4,Weekday,1600,2-Car,No injury/unknown,IMPROPER LANE USAGE,CURRY PIKE & THIRD,39.16465983,-86.58292002
901839991,2012,6,2,Weekday,1500,2-Car,No injury/unknown,FOLLOWING TOO CLOSELY,CURRY & THIRD ST,39.16465983,-86.5829131
901868987,2012,8,4,Weekday,2100,2-Car,No injury/unknown,UNSAFE LANE MOVEMENT,CURRY & W 3RD ST,39.16465983,-86.58289405
901800293,2012,3,6,Weekday,1500,2-Car,No injury/unknown,FAILURE TO YIELD RIGHT OF WAY,CURRY & W 3RD ST,39.16465983,-86.58283344
901790615,2012,3,6,Weekend,2000,2-Car,No injury/unknown,FAILURE TO YIELD RIGHT OF WAY,S CURRY & W 3RD ST,39.16465508,-86.5829194
901890307,2012,9,4,Weekday,1500,2-Car,No injury/unknown,OTHER (DRIVER) - EXPLAIN IN NARRATIVE,3RD & PETE ELLIS DR,39.16465198,-86.495088
901915849,2012,11,7,Weekend,200,2-Car,No injury/unknown,FOLLOWING TOO CLOSELY,3RD ST & LINCOLN,39.16464,-86.52925994
901877322,2012,8,7,Weekend,1400,2-Car,No injury/unknown,UNSAFE BACKING,E 3RD ST,39.16464,-86.56913891
901803598,2012,3,7,Weekend,1500,2-Car,No injury/unknown,OTHER (DRIVER) - EXPLAIN IN NARRATIVE,E 3RD ST,39.16464,-86.56905455
901871797,2012,8,3,Weekday,1500,2-Car,No injury/unknown,UNSAFE BACKING,E 3RD ST,39.16464,-86.56905455
901875966,2012,8,4,Weekday,1800,2-Car,No injury/unknown,OTHER (DRIVER) - EXPLAIN IN NARRATIVE,E 3RD ST,39.16464,-86.56905455
901771899,2012,2,4,Weekday,1800,2-Car,No injury/unknown,FOLLOWING TOO CLOSELY,KIMBLE & THIRD ST,39.16464,-86.568
901786876,2012,3,6,Weekday,1700,2-Car,No injury/unknown,FOLLOWING TOO CLOSELY,3RD ST & KIMBLE,39.16464,-86.568
901792735,2012,3,4,Weekday,1300,2-Car,No injury/unknown,BRAKE FAILURE OR DEFECTIVE,3RD ST & KIMBLE,39.16464,-86.568
901804308,2012,4,6,Weekday,1700,2-Car,Non-incapacitating,DISREGARD SIGNAL/REG SIGN,3RD ST & KIMBLE,39.16464,-86.568
901846888,2012,6,2,Weekday,1600,3+ Cars,No injury/unknown,FAILURE TO YIELD RIGHT OF WAY,3RD ST & KIMBLE,39.16464,-86.568
901879387,2012,8,4,Weekday,900,2-Car,No injury/unknown,UNSAFE LANE MOVEMENT,KIMBLE & WEST THIRD ST,39.16464,-86.568
901887838,2012,9,6,Weekday,1600,3+ Cars,Non-incapacitating,FOLLOWING TOO CLOSELY,KIMBLE & WEST 3RD ST,39.16464,-86.568
901912717,2012,10,2,Weekday,1500,2-Car,Non-incapacitating,FOLLOWING TOO CLOSELY,KIMBLE & WEST THIRD ST,39.16464,-86.568
901819359,2012,5,1,Weekend,100,1-Car,No injury/unknown,RAN OFF ROAD RIGHT,EAST 3RD ST,39.16464,-86.56783019
901853612,2012,7,6,Weekday,1600,2-Car,No injury/unknown,FAILURE TO YIELD RIGHT OF WAY,3RD ST & KIMBLE,39.16464,-86.56764719
901758825,2012,1,3,Weekday,1700,2-Car,No injury/unknown,UNSAFE BACKING,3RD ST & JOHNSON,39.16464,-86.564992
901793931,2012,3,6,Weekday,1700,2-Car,No injury/unknown,FAILURE TO YIELD RIGHT OF WAY,3RD ST & JOHNSON,39.16464,-86.564992
901754130,2012,1,2,Weekday,1600,2-Car,No injury/unknown,IMPROPER TURNING,EAST 3RD & SOUTH COLLEGE ST,39.16464,-86.534816
901776429,2012,2,7,Weekend,900,2-Car,No injury/unknown,FAILURE TO YIELD RIGHT OF WAY,S COLLEGE & W 3RD ST,39.16464,-86.534816
901784528,2012,2,2,Weekday,900,2-Car,No injury/unknown,FAILURE TO YIELD RIGHT OF WAY,3RD ST & COLLEGE,39.16464,-86.534816
901793736,2012,3,6,Weekday,1200,2-Car,Incapacitating,DISREGARD SIGNAL/REG SIGN,3RD ST & COLLEGE,39.16464,-86.534816
901796886,2012,3,6,Weekday,1100,2-Car,No injury/unknown,SPEED TOO FAST FOR WEATHER CONDITIONS,3RD & COLLEGE AVE,39.16464,-86.534816
901842669,2012,6,1,Weekday,2200,2-Car,No injury/unknown,DISREGARD SIGNAL/REG SIGN,3RD & S COLLEGE AVE,39.16464,-86.534816
901843055,2012,6,2,Weekday,1300,2-Car,Non-incapacitating,FOLLOWING TOO CLOSELY,SOUTH COLLEGE AVE & WEST 3RD,39.16464,-86.534816
901854700,2012,7,3,Weekday,1900,2-Car,No injury/unknown,DISREGARD SIGNAL/REG SIGN,3RD ST & COLLEGE,39.16464,-86.534816
901860624,2012,7,2,Weekday,1600,2-Car,No injury/unknown,DISREGARD SIGNAL/REG SIGN,3RD & COLLEGE AVE,39.16464,-86.534816
901868153,2012,8,2,Weekday,1600,2-Car,No injury/unknown,FAILURE TO YIELD RIGHT OF WAY,S COLLEGE AVE & W 3RD,39.16464,-86.534816
901874809,2012,8,2,Weekday,1900,Bus,No injury/unknown,DISREGARD SIGNAL/REG SIGN,3RD & S COLLEGE AVE,39.16464,-86.534816
901887177,2012,9,5,Weekday,1600,2-Car,No injury/unknown,UNSAFE LANE MOVEMENT,N COLLEGE & SR37N,39.16464,-86.534816
901900688,2012,10,2,Weekday,1900,2-Car,No injury/unknown,UNSAFE LANE MOVEMENT,SOUTH COLLEGE AVE & WEST 3RD,39.16464,-86.534816