Master Record Number,Year,Month,Day,Weekend?,Hour,Collision Type,Injury Type,Primary Factor,Reported_Location,Latitude,Longitude
901918196,2012,11,4,Weekday,200,1-Car,No injury/unknown,RAN OFF ROAD RIGHT,3RD ST & JEFFERSON,39.164304,-86.50628638
901815391,2012,4,7,Weekend,1400,2-Car,Non-incapacitating,FOLLOWING TOO CLOSELY,3RD ST & ROOSEVELTT,39.164304,-86.50621537
901759814,2012,1,4,Weekday,1700,2-Car,No injury/unknown,FAILURE TO YIELD RIGHT OF WAY,EAST 3RD ST & NORTH JEFFERSON,39.164304,-86.506992
901776001,2012,2,6,Weekday,1600,3+ Cars,No injury/unknown,SPEED TOO FAST FOR WEATHER CONDITIONS,E 3RD ST & JEFFERSON,39.164304,-86.506992
901795729,2012,3,3,Weekday,1700,3+ Cars,No injury/unknown,DRIVER DISTRACTED - EXPLAIN IN NARRATIVE,E 3RD ST & S JEFFERSON,39.164304,-86.506992
901797290,2012,3,6,Weekend,2100,2-Car,No injury/unknown,SPEED TOO FAST FOR WEATHER CONDITIONS,E 3RD ST & S JEFFERSON,39.164304,-86.506992
901803265,2012,4,4,Weekday,1500,2-Car,No injury/unknown,FOLLOWING TOO CLOSELY,E 3RD ST & JEFFERSON,39.164304,-86.506992
901906291,2012,10,5,Weekday,1800,2-Car,No injury/unknown,FOLLOWING TOO CLOSELY,EAST 3RD ST & JEFFERSON,39.164304,-86.506992
901909553,2012,10,3,Weekday,1100,2-Car,No injury/unknown,OTHER (DRIVER) - EXPLAIN IN NARRATIVE,JEFFERSON & THIRD ST,39.164304,-86.506992
901911532,2012,10,7,Weekend,1100,2-Car,No injury/unknown,OTHER (DRIVER) - EXPLAIN IN NARRATIVE,EAST THIRD ST & JEFFERSON,39.164304,-86.506992
901922392,2012,11,3,Weekday,1300,2-Car,No injury/unknown,FOLLOWING TOO CLOSELY,E 3RD ST & S JEFFERSON,39.164304,-86.506992
901887921,2012,9,6,Weekday,1200,Moped/Motorcycle,Incapacitating,SPEED TOO FAST FOR WEATHER CONDITIONS,EAST THIRD ST & ROOSEVELT,39.164304,-86.505792
901907541,2012,10,7,Weekend,500,1-Car,Non-incapacitating,OBSTRUCTION NOT MARKED,E 3RD ST & S ROOSEVELT,39.164304,-86.505792
901917664,2012,11,2,Weekday,1600,2-Car,No injury/unknown,IMPROPER TURNING,ROCKPORT RD & SR37,39.164304,-86.505792
901846911,2012,6,2,Weekday,1600,2-Car,No injury/unknown,FOLLOWING TOO CLOSELY,3RD ST & ROOSEVELT,39.16429831,-86.50543927
901879037,2012,8,3,Weekday,1400,2-Car,No injury/unknown,OTHER (DRIVER) - EXPLAIN IN NARRATIVE,E 3RD ST,39.16429555,-86.50526814
901865710,2012,8,5,Weekday,1400,3+ Cars,Non-incapacitating,UNSAFE SPEED,E 3RD ST & S HAWTHORNE,39.16429078,-86.5200752
901903154,2012,10,6,Weekday,1800,2-Car,No injury/unknown,FAILURE TO YIELD RIGHT OF WAY,3RD ST & FESS,39.16428968,-86.52587011
901910064,2012,10,4,Weekday,2100,2-Car,Non-incapacitating,DRIVER DISTRACTED - EXPLAIN IN NARRATIVE,3RD ST & FESS,39.16428968,-86.52587011
901893014,2012,9,2,Weekday,1900,2-Car,No injury/unknown,FOLLOWING TOO CLOSELY,3RD ST & FESS,39.16428968,-86.52586795
901905648,2012,10,4,Weekday,1500,2-Car,No injury/unknown,FOLLOWING TOO CLOSELY,3RD ST & FESS,39.16428968,-86.52586578
901870307,2012,8,7,Weekend,1600,Pedestrian,Incapacitating,OTHER (VEHICLE) - EXPLAIN IN NARRATIVE,EAST 3RD ST,39.16428499,-86.47356033
901880913,2012,9,7,Weekend,900,2-Car,No injury/unknown,UNSAFE BACKING,E 3RD ST,39.16428499,-86.47356033
901904989,2012,10,3,Weekday,1300,2-Car,No injury/unknown,FOLLOWING TOO CLOSELY,3RD ST & CLIFTON,39.1642803,-86.50968968
901824371,2012,5,3,Weekday,700,2-Car,No injury/unknown,FOLLOWING TOO CLOSELY,CAVE & SR48W,39.16427966,-86.62220519
901918814,2012,11,4,Weekday,1800,2-Car,No injury/unknown,FOLLOWING TOO CLOSELY,BALLANTINE & THIRD ST,39.16427453,-86.51911919
901865099,2012,8,4,Weekday,1300,3+ Cars,Non-incapacitating,FAILURE TO YIELD RIGHT OF WAY,S WASHINGTON ST,39.16427429,-86.5324
901762132,2012,1,2,Weekday,1300,2-Car,Non-incapacitating,FOLLOWING TOO CLOSELY,E 3RD & WOODSCREST DR,39.164272,-86.502416
901795989,2012,3,3,Weekday,2000,2-Car,No injury/unknown,OTHER (VEHICLE) - EXPLAIN IN NARRATIVE,E 3RD ST,39.164272,-86.502416
901852031,2012,7,5,Weekday,1400,2-Car,No injury/unknown,FOLLOWING TOO CLOSELY,E 3RD ST & WOODCREST,39.164272,-86.502416
901888403,2012,9,1,Weekend,1600,2-Car,No injury/unknown,FAILURE TO YIELD RIGHT OF WAY,E 3RD ST & S HILLSDALE,39.164272,-86.502416
901907002,2012,10,6,Weekday,1400,2-Car,No injury/unknown,FAILURE TO YIELD RIGHT OF WAY,E 3RD ST,39.164272,-86.502416
901879030,2012,8,2,Weekday,1800,2-Car,No injury/unknown,IMPROPER TURNING,E 3RD ST,39.164272,-86.50232131
901798811,2012,3,6,Weekend,1900,Bus,No injury/unknown,IMPROPER PASSING,3RD ST,39.164272,-86.50230237
901907134,2012,10,6,Weekday,1200,Pedestrian,Non-incapacitating,FAILURE TO YIELD RIGHT OF WAY,E 3RD ST,39.164272,-86.50230237
901807614,2012,4,6,Weekend,2100,2-Car,No injury/unknown,OTHER (DRIVER) - EXPLAIN IN NARRATIVE,3RD ST,39.164272,-86.50194253
901870279,2012,8,7,Weekend,1700,2-Car,No injury/unknown,,E 3RD ST,39.164272,-86.50177208
901876414,2012,8,5,Weekday,1400,2-Car,Non-incapacitating,ANIMAL/OBJECT IN ROADWAY,THIRD ST & WOODLAWN,39.1642718,-86.52442326
901893019,2012,9,2,Weekday,2100,2-Car,No injury/unknown,FOLLOWING TOO CLOSELY,3RD ST & FACULTY,39.16427024,-86.52105364
901893744,2012,9,3,Weekday,1600,Bus,No injury/unknown,UNSAFE SPEED,3RD ST & FACULTY,39.16427024,-86.52104153
901847771,2012,6,4,Weekday,1100,2-Car,No injury/unknown,IMPROPER TURNING,EAST THIRD ST & SOUTH BALLANTINE,39.16427024,-86.51912972
901887962,2012,9,6,Weekday,1200,2-Car,No injury/unknown,FAILURE TO YIELD RIGHT OF WAY,3RD ST & BALLANTINE,39.16427024,-86.51912972
901901945,2012,10,4,Weekday,1800,3+ Cars,No injury/unknown,FOLLOWING TOO CLOSELY,E 3RD ST & S BALLANTINE,39.16427024,-86.51912972
901930909,2012,11,5,Weekday,1800,3+ Cars,Non-incapacitating,DRIVER DISTRACTED - EXPLAIN IN NARRATIVE,3RD ST & HIGHLAND,39.16427024,-86.51772281
901768108,2012,1,4,Weekday,1600,2-Car,No injury/unknown,FAILURE TO YIELD RIGHT OF WAY,3RD ST & HIGHLAND,39.16427024,-86.51772022
901780424,2012,2,7,Weekend,1200,2-Car,No injury/unknown,IMPROPER TURNING,3RD ST & HIGHLAND,39.16427024,-86.51772022
901812122,2012,4,7,Weekend,2100,2-Car,Non-incapacitating,UNSAFE LANE MOVEMENT,3RD ST & HIGHLAND,39.16427024,-86.51772022
901848270,2012,6,5,Weekday,800,1-Car,No injury/unknown,OVERCORRECTING/OVERSTEERING,E 3RD ST & S HIGHLAND,39.16427024,-86.51772022
901844955,2012,6,5,Weekday,1600,2-Car,No injury/unknown,IMPROPER TURNING,3RD ST & HIGHLAND,39.16427024,-86.51772022
901875862,2012,8,4,Weekday,1500,Cyclist,Non-incapacitating,PEDESTRIAN ACTION,3RD ST & HIGHLAND,39.16427024,-86.51772022
901876490,2012,8,5,Weekday,1900,2-Car,No injury/unknown,IMPROPER TURNING,3RD ST & HIGHLAND,39.16427024,-86.51772022
901877041,2012,8,6,Weekend,1900,2-Car,No injury/unknown,IMPROPER TURNING,3RD ST & HIGHLAND,39.16427024,-86.51772022
901877202,2012,8,7,Weekend,1200,2-Car,Non-incapacitating,IMPROPER TURNING,3RD ST & HIGHLAND,39.16427024,-86.51772022
901881180,2012,9,1,Weekend,1100,2-Car,No injury/unknown,IMPROPER TURNING,E 3RD ST & S HIGHLAND,39.16427024,-86.51772022
901889648,2012,9,3,Weekday,1600,2-Car,No injury/unknown,IMPROPER TURNING,3RD ST & HIGHLAND,39.16427024,-86.51772022
901759466,2012,1,4,Weekday,2100,2-Car,Non-incapacitating,FOLLOWING TOO CLOSELY,3RD ST & EASTSIDE,39.16427024,-86.51321008
901907316,2012,10,7,Weekend,1600,3+ Cars,Non-incapacitating,FOLLOWING TOO CLOSELY,3RD ST & JEFFERSON,39.16427024,-86.50710001
901783564,2012,2,6,Weekday,1700,2-Car,No injury/unknown,FOLLOWING TOO CLOSELY,3RD ST & ROOSELVELT,39.16427024,-86.50601834
901760148,2012,1,4,Weekday,1500,3+ Cars,No injury/unknown,FOLLOWING TOO CLOSELY,3RD ST & HILLSDALE,39.16427024,-86.50264158
901881118,2012,9,7,Weekend,1300,2-Car,No injury/unknown,FAILURE TO YIELD RIGHT OF WAY,E 3RD ST & S WOODSCREST,39.16427024,-86.50242747
901846946,2012,6,2,Weekday,1600,2-Car,No injury/unknown,FOLLOWING TOO CLOSELY,E 3RD ST & S WOODSCREST,39.16427024,-86.50241449
901865267,2012,8,4,Weekday,1400,2-Car,Non-incapacitating,FAILURE TO YIELD RIGHT OF WAY,45 46 & E 3RD ST,39.16426998,-86.49831176
901874802,2012,8,2,Weekday,1900,2-Car,No injury/unknown,UNSAFE LANE MOVEMENT,SWAIN & THIRD ST,39.16426988,-86.51527565
901776077,2012,2,6,Weekday,1600,1-Car,No injury/unknown,UNSAFE LANE MOVEMENT,S BALLANTINE ST,39.16426849,-86.51913452
901768114,2012,1,4,Weekday,1600,2-Car,No injury/unknown,FAILURE TO YIELD RIGHT OF WAY,E 3RD ST & S BALLANTINE,39.16426611,-86.51913098
901917432,2012,11,2,Weekday,1800,2-Car,No injury/unknown,UNSAFE LANE MOVEMENT,HAWTHORNE & THIRD ST,39.16426509,-86.51972257
901938390,2012,12,4,Weekday,800,2-Car,No injury/unknown,UNSAFE LANE MOVEMENT,THIRD & WOODLAWN AVE,39.16426449,-86.5226336
901916489,2012,11,1,Weekend,1700,3+ Cars,No injury/unknown,FOLLOWING TOO CLOSELY,FESS & THIRD ST,39.16426449,-86.5226336
901892930,2012,9,2,Weekday,1500,2-Car,No injury/unknown,UNSAFE LANE MOVEMENT,HIGHLAND AVE & THIRD,39.16426229,-86.51775641
901931297,2012,11,6,Weekday,1100,2-Car,No injury/unknown,UNSAFE BACKING,E 3RD ST,39.16426048,-86.50037632
901773100,2012,2,7,Weekend,1400,3+ Cars,No injury/unknown,UNSAFE LANE MOVEMENT,3RD ST & S JORDAN,39.16426018,-86.5163999
901774692,2012,2,3,Weekday,2000,2-Car,No injury/unknown,FOLLOWING TOO CLOSELY,3RD ST & JORDAN,39.16426018,-86.5163999
901793062,2012,3,5,Weekday,700,2-Car,Non-incapacitating,DISREGARD SIGNAL/REG SIGN,3RD ST & JORDAN,39.16426018,-86.5163999
901810652,2012,4,4,Weekday,1700,3+ Cars,No injury/unknown,FOLLOWING TOO CLOSELY,3RD ST & S JORDAN,39.16426018,-86.5163999
901851794,2012,7,5,Weekday,800,2-Car,No injury/unknown,OTHER (DRIVER) - EXPLAIN IN NARRATIVE,3RD ST & JORDAN,39.16426018,-86.5163999
901836557,2012,6,3,Weekday,2300,2-Car,No injury/unknown,IMPROPER TURNING,3RD ST & JORDAN,39.16426018,-86.5163999
901840487,2012,6,4,Weekday,600,2-Car,No injury/unknown,DISREGARD SIGNAL/REG SIGN,JORDAN AVE & THIRD,39.16426018,-86.5163999
901884567,2012,9,7,Weekend,300,2-Car,No injury/unknown,IMPROPER TURNING,3RD ST & JORDAN,39.16426018,-86.5163999
901890367,2012,9,4,Weekday,2100,2-Car,Non-incapacitating,DRIVER DISTRACTED - EXPLAIN IN NARRATIVE,3RD & JORDAN AVE,39.16426018,-86.5163999
901900976,2012,10,3,Weekday,900,Moped/Motorcycle,Non-incapacitating,OTHER (DRIVER) - EXPLAIN IN NARRATIVE,3RD & JORDAN AVE,39.16426018,-86.5163999
901902625,2012,10,5,Weekday,1900,2-Car,No injury/unknown,IMPROPER TURNING,3RD & JORDAN AVE,39.16426018,-86.5163999
901876806,2012,8,6,Weekday,1100,Pedestrian,Non-incapacitating,FAILURE TO YIELD RIGHT OF WAY,E THIRD ST,39.16425817,-86.49533249
901945430,2012,12,6,Weekday,1700,2-Car,No injury/unknown,IMPROPER LANE USAGE,THIRD ST,39.16425481,-86.49418115
901835607,2012,4,2,Weekday,1500,2-Car,No injury/unknown,,EAST THIRD ST,39.16425481,-86.49131186
901782576,2012,2,4,Weekday,2100,2-Car,No injury/unknown,SPEED TOO FAST FOR WEATHER CONDITIONS,E 3RD ST & S HAWTHORNE,39.16425429,-86.52008405
901771185,2012,1,2,Weekday,1300,1-Car,No injury/unknown,OTHER (DRIVER) - EXPLAIN IN NARRATIVE,1001 E 3RD (DOCK) ST & HAWTHORNE,39.16425429,-86.52007712
901797044,2012,3,6,Weekday,1100,2-Car,No injury/unknown,UNSAFE BACKING,1001 E 3RD (DOCK) ST & HAWTHORNE,39.16425055,-86.52010271
901910590,2012,10,5,Weekday,1600,2-Car,No injury/unknown,,3RD ST & WOODLAWN,39.16425012,-86.52263292
901921960,2012,11,3,Weekday,1200,3+ Cars,No injury/unknown,FOLLOWING TOO CLOSELY,THIRD ST & WOODLAWN,39.16425012,-86.5226286
901922607,2012,11,4,Weekday,1100,2-Car,No injury/unknown,IMPROPER LANE USAGE,3RD ST & WOODLAWN,39.16425012,-86.52261994
901788003,2012,3,2,Weekday,1400,Bus,No injury/unknown,UNSAFE LANE MOVEMENT,E 3RD ST & S HAWTHORNE,39.16425012,-86.52009428
901798655,2012,3,3,Weekday,1300,2-Car,Non-incapacitating,UNSAFE SPEED,3RD ST & HAWTHORNE,39.16425012,-86.52008995
901803577,2012,4,6,Weekday,1000,2-Car,Non-incapacitating,UNSAFE SPEED,HAWTHORNE & THIRD ST,39.16425012,-86.52008476
901761256,2012,1,7,Weekend,100,2-Car,No injury/unknown,FAILURE TO YIELD RIGHT OF WAY,3RD ST & SWAIN,39.16425012,-86.51525996
901768380,2012,1,4,Weekday,1400,2-Car,Non-incapacitating,UNSAFE LANE MOVEMENT,SWAIN & THIRD ST,39.16425012,-86.51525996
901772835,2012,2,6,Weekday,1600,2-Car,No injury/unknown,IMPROPER TURNING,3RD ST & SWAIN,39.16425012,-86.51525996
901786454,2012,3,5,Weekday,1600,2-Car,Non-incapacitating,IMPROPER TURNING,E 3RD ST & S SWAIN,39.16425012,-86.51525996
901811773,2012,4,6,Weekday,1800,2-Car,Non-incapacitating,IMPROPER TURNING,3RD ST & SWAIN,39.16425012,-86.51525996
901877219,2012,8,7,Weekend,1300,2-Car,No injury/unknown,IMPROPER TURNING,E 3RD ST & S SWAIN,39.16425012,-86.51525996
901904750,2012,10,2,Weekday,1400,2-Car,No injury/unknown,IMPROPER TURNING,3RD ST & SWAIN,39.16425012,-86.51525996
901941416,2012,12,7,Weekend,1700,2-Car,Non-incapacitating,FAILURE TO YIELD RIGHT OF WAY,EAST 3RD ST & SOUTH SWAIN,39.16425012,-86.51525996
901757173,2012,1,7,Weekend,200,2-Car,No injury/unknown,IMPROPER TURNING,3RD ST & MITCHELL,39.16425012,-86.51422999
901880738,2012,8,6,Weekend,1900,2-Car,No injury/unknown,FOLLOWING TOO CLOSELY,COLLEGE MALL & E 3RD ST,39.16424732,-86.49910556
901849774,2012,7,1,Weekend,1400,2-Car,No injury/unknown,FAILURE TO YIELD RIGHT OF WAY,MEADOWBROOK & SR46,39.16424548,-86.48442755
901878242,2012,8,2,Weekday,1300,2-Car,Non-incapacitating,FAILURE TO YIELD RIGHT OF WAY,COLLEGE MALL & THIRD ST,39.16424006,-86.49835668
901903485,2012,10,6,Weekend,2100,2-Car,No injury/unknown,FOLLOWING TOO CLOSELY,3RD ST & COLLEGE MALL,39.16424006,-86.49828748
901922230,2012,11,3,Weekday,1400,3+ Cars,No injury/unknown,FOLLOWING TOO CLOSELY,3RD ST & COLLEGE MALL,39.16424006,-86.49827018
901924944,2012,11,5,Weekday,2000,2-Car,No injury/unknown,DRIVER DISTRACTED - EXPLAIN IN NARRATIVE,SR46S & THIRD,39.16424006,-86.49827018
901930906,2012,11,5,Weekday,1800,3+ Cars,Non-incapacitating,FOLLOWING TOO CLOSELY,MORNINGSIDE & THIRD ST,39.16424006,-86.47367969
901786202,2012,3,5,Weekday,1200,2-Car,No injury/unknown,FOLLOWING TOO CLOSELY,PETE ELLIS & SR46E,39.16424,-86.49473519
901797791,2012,3,1,Weekend,1600,2-Car,No injury/unknown,FOLLOWING TOO CLOSELY,PETE ELLIS & SR46E,39.16424,-86.49482339
901916157,2012,11,7,Weekend,2000,1-Car,No injury/unknown,ANIMAL/OBJECT IN ROADWAY,3RD ST & HERITAGE,39.16424,-86.48294481
901903753,2012,10,1,Weekend,1500,2-Car,No injury/unknown,FAILURE TO YIELD RIGHT OF WAY,E 3RD ST & JORDAN,39.16424,-86.51666461
901884366,2012,9,6,Weekday,1200,2-Car,No injury/unknown,FOLLOWING TOO CLOSELY,WEST 3RD ST,39.16424,-86.48814157
901785489,2012,2,3,Weekday,2000,2-Car,No injury/unknown,UNSAFE BACKING,E 3RD ST,39.16424,-86.5152
901888682,2012,9,2,Weekday,700,Moped/Motorcycle,Non-incapacitating,WRONG WAY ON ONE WAY,E 3RD ST & MITCHELL,39.16424,-86.514096
901821393,2012,5,4,Weekday,1400,3+ Cars,No injury/unknown,DRIVER DISTRACTED - EXPLAIN IN NARRATIVE,E 3RD ST & S EASTSIDE,39.16424,-86.513088
901755641,2012,1,4,Weekday,700,3+ Cars,Non-incapacitating,FAILURE TO YIELD RIGHT OF WAY,3RD ST & COLLEGE MALL,39.16424,-86.4984
901756634,2012,1,5,Weekday,2100,2-Car,No injury/unknown,FOLLOWING TOO CLOSELY,COLLEGE MALL & THIRD ST,39.16424,-86.4984
901753377,2012,1,1,Weekend,300,2-Car,No injury/unknown,FOLLOWING TOO CLOSELY,S COLLEGE MALL RD,39.16424,-86.4984
901763680,2012,1,4,Weekday,1900,2-Car,Non-incapacitating,FAILURE TO YIELD RIGHT OF WAY,E 3RD ST & S COLLEGE MALL,39.16424,-86.4984
901783057,2012,2,5,Weekday,1700,2-Car,No injury/unknown,FOLLOWING TOO CLOSELY,COLLEGE MALL & THIRD ST,39.16424,-86.4984
901794982,2012,3,2,Weekday,1300,2-Car,No injury/unknown,FAILURE TO YIELD RIGHT OF WAY,COLLEGE MALL & E 3RD ST,39.16424,-86.4984
901798336,2012,3,2,Weekday,1600,3+ Cars,No injury/unknown,FOLLOWING TOO CLOSELY,E 3RD & S COLLEGE MALL RD,39.16424,-86.4984
901801719,2012,4,2,Weekday,1400,3+ Cars,No injury/unknown,FOLLOWING TOO CLOSELY,E 3RD & S COLLEGE MALL RD,39.16424,-86.4984
901846921,2012,6,2,Weekday,1600,2-Car,Non-incapacitating,FAILURE TO YIELD RIGHT OF WAY,COLLEGE MALL RD & EAST 3RD,39.16424,-86.4984
901851177,2012,7,3,Weekday,1500,2-Car,No injury/unknown,FOLLOWING TOO CLOSELY,COLLEGE MALL & E 3RD ST,39.16424,-86.4984
901853609,2012,7,2,Weekday,1400,2-Car,No injury/unknown,FAILURE TO YIELD RIGHT OF WAY,E 3RD ST & S COLLEGE MALL,39.16424,-86.4984
901823212,2012,5,7,Weekend,2100,2-Car,Non-incapacitating,FOLLOWING TOO CLOSELY,3RD & COLLEGE MALL RD,39.16424,-86.4984
901823411,2012,5,1,Weekend,1400,2-Car,No injury/unknown,DRIVER ILLNESS,3RD ST & COLLEGE MALL,39.16424,-86.4984
901827062,2012,5,7,Weekend,1400,3+ Cars,No injury/unknown,FAILURE TO YIELD RIGHT OF WAY,E 3RD ST & S COLLEGE MALL,39.16424,-86.4984
901853848,2012,7,2,Weekday,1600,2-Car,No injury/unknown,IMPROPER TURNING,3RD & COLLEGE MALL RD,39.16424,-86.4984
901876692,2012,8,6,Weekday,800,2-Car,No injury/unknown,FAILURE TO YIELD RIGHT OF WAY,E 3RD ST & S COLLEGE MALL,39.16424,-86.4984
901895713,2012,9,7,Weekend,1800,3+ Cars,No injury/unknown,FOLLOWING TOO CLOSELY,EAST 3RD & SOUTH COLLEGE MALL RD,39.16424,-86.4984
901911183,2012,10,6,Weekday,1600,2-Car,No injury/unknown,FAILURE TO YIELD RIGHT OF WAY,E 3RD ST & S COLLEGE MALL,39.16424,-86.4984
901918867,2012,11,4,Weekday,2000,2-Car,Non-incapacitating,FAILURE TO YIELD RIGHT OF WAY,3RD & S COLLEGE MALL RD,39.16424,-86.4984
901919462,2012,11,5,Weekday,1500,2-Car,No injury/unknown,FAILURE TO YIELD RIGHT OF WAY,COLLEGE MALL & E 3RD ST,39.16424,-86.4984
901935831,2012,12,7,Weekend,1000,2-Car,No injury/unknown,UNSAFE LANE MOVEMENT,COLLEGE MALL & E 3RD ST,39.16424,-86.4984
901754815,2012,1,2,Weekday,1600,1-Car,No injury/unknown,SPEED TOO FAST FOR WEATHER CONDITIONS,PETE ELLIS DR & SR46E,39.16424,-86.495088
901769157,2012,1,6,Weekday,800,2-Car,Non-incapacitating,FAILURE TO YIELD RIGHT OF WAY,E THIRD ST & PETE ELLIS,39.16424,-86.495088
901809994,2012,4,3,Weekday,1600,3+ Cars,Non-incapacitating,FAILURE TO YIELD RIGHT OF WAY,E 3RD ST & S PETE ELLIS,39.16424,-86.495088
901810658,2012,4,4,Weekday,1400,3+ Cars,No injury/unknown,FAILURE TO YIELD RIGHT OF WAY,E 3RD ST & PETE ELLIS,39.16424,-86.495088
901855986,2012,7,6,Weekday,1300,2-Car,Non-incapacitating,FAILURE TO YIELD RIGHT OF WAY,E 3RD ST & PETE ELLIS,39.16424,-86.495088
901933484,2012,12,3,Weekday,1500,2-Car,Non-incapacitating,FOLLOWING TOO CLOSELY,E 3RD ST & PETE ELLIS,39.16424,-86.495088
901840382,2012,6,4,Weekday,600,1-Car,Non-incapacitating,RAN OFF ROAD RIGHT,E 3RD ST,39.16424,-86.49494053
901804085,2012,4,6,Weekday,1400,2-Car,No injury/unknown,IMPROPER TURNING,E 3RD ST,39.16424,-86.49425989
901850137,2012,7,2,Weekday,1000,2-Car,No injury/unknown,FAILURE TO YIELD RIGHT OF WAY,E 3RD ST,39.16424,-86.49425989
901852103,2012,7,5,Weekday,1700,2-Car,No injury/unknown,UNSAFE BACKING,E 3RD ST,39.16424,-86.49425989
901839048,2012,6,1,Weekday,2000,Pedestrian,Non-incapacitating,OTHER (DRIVER) - EXPLAIN IN NARRATIVE,E 3RD ST,39.16424,-86.49425989
901771085,2012,1,3,Weekday,0,Pedestrian,Non-incapacitating,OTHER (DRIVER) - EXPLAIN IN NARRATIVE,E 3RD ST,39.16424,-86.4939483
901841437,2012,6,3,Weekday,1200,2-Car,No injury/unknown,UNSAFE BACKING,E 3RD ST,39.16424,-86.49368135
901759128,2012,1,4,Weekday,1100,2-Car,No injury/unknown,DISREGARD SIGNAL/REG SIGN,E 3RD ST & S KINGSTON,39.16424,-86.492944
901762734,2012,1,3,Weekday,800,2-Car,No injury/unknown,FOLLOWING TOO CLOSELY,3RD ST & KINGSTON,39.16424,-86.492944
901762878,2012,1,3,Weekday,1200,2-Car,No injury/unknown,FOLLOWING TOO CLOSELY,3RD ST & KINGSTON,39.16424,-86.492944
901763465,2012,1,4,Weekday,1200,2-Car,No injury/unknown,UNSAFE LANE MOVEMENT,E THIRD ST & KINGSTON,39.16424,-86.492944
901790855,2012,3,7,Weekend,1600,2-Car,No injury/unknown,DISREGARD SIGNAL/REG SIGN,3RD ST & KINGSTON,39.16424,-86.492944
901768845,2012,1,5,Weekday,1600,2-Car,No injury/unknown,FOLLOWING TOO CLOSELY,3RD ST & KINGSTON,39.16424,-86.492944
901772857,2012,2,6,Weekday,1600,2-Car,No injury/unknown,FOLLOWING TOO CLOSELY,E 3RD ST & KINGSTON,39.16424,-86.492944
901773430,2012,2,7,Weekend,1400,2-Car,No injury/unknown,FOLLOWING TOO CLOSELY,E 3RD ST & S KINGSTON,39.16424,-86.492944
901780471,2012,2,7,Weekend,1500,2-Car,No injury/unknown,FAILURE TO YIELD RIGHT OF WAY,3RD & KINGSTON DR,39.16424,-86.492944
901786548,2012,3,6,Weekday,700,2-Car,No injury/unknown,FOLLOWING TOO CLOSELY,3RD ST & KINGSTON,39.16424,-86.492944
901787154,2012,3,7,Weekend,1700,2-Car,No injury/unknown,UNSAFE BACKING,3RD & KINGSTON DR,39.16424,-86.492944
901818962,2012,5,6,Weekend,2000,2-Car,No injury/unknown,FAILURE TO YIELD RIGHT OF WAY,3RD ST & KINGSTON,39.16424,-86.492944
901796696,2012,3,5,Weekday,1300,3+ Cars,Non-incapacitating,FOLLOWING TOO CLOSELY,3RD ST & KINGSTON,39.16424,-86.492944
901806547,2012,4,5,Weekday,700,2-Car,Non-incapacitating,FAILURE TO YIELD RIGHT OF WAY,E 3RD ST & KINGSTON,39.16424,-86.492944
901807787,2012,4,7,Weekend,1000,Moped/Motorcycle,Non-incapacitating,ROADWAY SURFACE CONDITION,E 3RD ST & KINGSTON,39.16424,-86.492944
901807793,2012,4,7,Weekend,1000,2-Car,No injury/unknown,FOLLOWING TOO CLOSELY,E 3RD ST & KINGSTON,39.16424,-86.492944
901813479,2012,4,3,Weekday,1300,2-Car,No injury/unknown,FAILURE TO YIELD RIGHT OF WAY,E 3RD ST & S KINGSTON,39.16424,-86.492944
901813621,2012,4,3,Weekday,1600,3+ Cars,No injury/unknown,FOLLOWING TOO CLOSELY,E 3RD & S KINGSTON DR,39.16424,-86.492944
901814487,2012,4,4,Weekday,1500,2-Car,No injury/unknown,FOLLOWING TOO CLOSELY,3RD ST & KINGSTON,39.16424,-86.492944
901827459,2012,5,7,Weekend,1000,3+ Cars,Non-incapacitating,FOLLOWING TOO CLOSELY,E 3RD ST & KINGSTON,39.16424,-86.492944
901835891,2012,6,3,Weekday,700,2-Car,Non-incapacitating,FOLLOWING TOO CLOSELY,100 S KIGSTON & E 3RD ST,39.16424,-86.492944
901837225,2012,6,4,Weekday,1100,2-Car,Non-incapacitating,FOLLOWING TOO CLOSELY,E 3RD ST & KINGSTON,39.16424,-86.492944
901839872,2012,6,3,Weekday,800,2-Car,No injury/unknown,FAILURE TO YIELD RIGHT OF WAY,E 3RD ST & S KINGSTON,39.16424,-86.492944
901854754,2012,7,3,Weekday,1700,Moped/Motorcycle,Non-incapacitating,FAILURE TO YIELD RIGHT OF WAY,E 3RD ST & S KINGSTON,39.16424,-86.492944
901856152,2012,7,7,Weekend,1600,2-Car,No injury/unknown,UNSAFE BACKING,E 3RD & S KINGSTON DR,39.16424,-86.492944
901859442,2012,7,6,Weekday,1400,2-Car,Non-incapacitating,FOLLOWING TOO CLOSELY,3RD ST & KINGSTON,39.16424,-86.492944
901866541,2012,8,7,Weekend,1000,2-Car,Non-incapacitating,FOLLOWING TOO CLOSELY,E 3RD & KINGSTON DR,39.16424,-86.492944
901869878,2012,8,6,Weekday,1100,2-Car,No injury/unknown,FAILURE TO YIELD RIGHT OF WAY,E 3RD ST & SO KINGSTON,39.16424,-86.492944
901871599,2012,8,3,Weekday,800,2-Car,No injury/unknown,FAILURE TO YIELD RIGHT OF WAY,E 3RD ST & KINGSTON,39.16424,-86.492944