Master Record Number,Year,Month,Day,Weekend?,Hour,Collision Type,Injury Type,Primary Factor,Reported_Location,Latitude,Longitude
901765160,2012,1,6,Weekday,1200,2-Car,Non-incapacitating,DISREGARD SIGNAL/REG SIGN,JORDAN & SHERIDAN DR,39.15624,-86.5156
901806131,2012,4,4,Weekday,1400,2-Car,No injury/unknown,FAILURE TO YIELD RIGHT OF WAY,W BLOOMFIELD RD & WEST ALLEN,39.156144,-86.561296
901840230,2012,6,3,Weekday,600,1-Car,No injury/unknown,OTHER (DRIVER) - EXPLAIN IN NARRATIVE,ALLEN & WEST BLOOMFIELD RD,39.156144,-86.561296
901854345,2012,7,3,Weekday,1500,2-Car,No injury/unknown,FAILURE TO YIELD RIGHT OF WAY,ALLEN & BLOOMFIELD RD,39.156144,-86.561296
901895211,2012,9,5,Weekday,2000,1-Car,No injury/unknown,RAN OFF ROAD RIGHT,ALLEN & BLOOMFIELD RD,39.156144,-86.561296
901783537,2012,2,6,Weekday,1400,2-Car,No injury/unknown,FAILURE TO YIELD RIGHT OF WAY,ALLAN & BLOOMFIELD AVE,39.15612973,-86.56139999
901895504,2012,9,6,Weekday,900,2-Car,No injury/unknown,FAILURE TO YIELD RIGHT OF WAY,W ALLEN & W BLOOMFIELD RD,39.15612973,-86.56139999
901840752,2012,6,4,Weekday,1300,2-Car,No injury/unknown,UNSAFE BACKING,WEST ALLEN ST,39.156128,-86.560912
901889833,2012,9,3,Weekday,800,2-Car,No injury/unknown,FOLLOWING TOO CLOSELY,CURRY PIKE & GIFFORD,39.15607203,-86.5827073
901765621,2012,1,6,Weekend,2300,1-Car,Non-incapacitating,ROADWAY SURFACE CONDITION,ALLEN ST & TIMOTHY,39.15597014,-86.55749
901826213,2012,5,6,Weekday,0,1-Car,No injury/unknown,RAN OFF ROAD RIGHT,ALLEN ST & RANSON,39.15590979,-86.55508004
901896685,2012,10,2,Weekday,1700,2-Car,Incapacitating,FAILURE TO YIELD RIGHT OF WAY,ALLEN ST & RANSOM,39.15590979,-86.55508004
901779721,2012,2,5,Weekday,1500,2-Car,No injury/unknown,FAILURE TO YIELD RIGHT OF WAY,ADAM & ALLEN ST,39.15586017,-86.55054979
901931425,2012,11,6,Weekday,1500,2-Car,No injury/unknown,IMPROPER PASSING,ADAMS & ALLEN ST,39.15586017,-86.55054979
901819903,2012,5,2,Weekday,900,2-Car,No injury/unknown,OTHER (DRIVER) - EXPLAIN IN NARRATIVE,HEARTWOOD CT,39.15579781,-86.57020635
901877532,2012,8,1,Weekend,1300,2-Car,No injury/unknown,OTHER (DRIVER) - EXPLAIN IN NARRATIVE,W HEARTWOOD CT,39.15579781,-86.57020635
901943866,2012,12,6,Weekday,800,2-Car,No injury/unknown,LEFT OF CENTER,1100 S ROGERS ST & W ALLEN,39.155776,-86.538592
901798968,2012,3,4,Weekday,800,2-Car,No injury/unknown,OTHER (VEHICLE) - EXPLAIN IN NARRATIVE,W ALLEN ST,39.15577367,-86.54967136
901766056,2012,1,7,Weekend,2200,1-Car,No injury/unknown,UNSAFE BACKING,ALLEN ST & MADISON,39.155744,-86.537296
901859850,2012,7,7,Weekend,2300,2-Car,No injury/unknown,LEFT OF CENTER,S MADISON ST & W ALLEN,39.155744,-86.537296
901825027,2012,5,4,Weekday,900,2-Car,Non-incapacitating,IMPROPER PASSING,BLOOMFIELD RD & SHADELAND,39.15570997,-86.56207993
901897268,2012,10,3,Weekday,1800,2-Car,No injury/unknown,FOLLOWING TOO CLOSELY,S STRONG & W ALLEN ST,39.15565029,-86.54431968
901819774,2012,5,2,Weekday,700,2-Car,No injury/unknown,UNSAFE LANE MOVEMENT,ALLEN & S WALNUT ST,39.155648,-86.5336
901813787,2012,4,4,Weekday,800,2-Car,No injury/unknown,FAILURE TO YIELD RIGHT OF WAY,ALLEN & PATTERSON DR,39.15563017,-86.54330983
901814284,2012,4,5,Weekday,600,Cyclist,Non-incapacitating,IMPROPER PASSING,ALLEN ST & PATTERSON,39.15563017,-86.54327522
901936931,2012,11,5,Weekday,1800,Cyclist,Non-incapacitating,,ALLEN & HENDERSON ST,39.15554971,-86.52703016
901841085,2012,6,5,Weekday,900,1-Car,Non-incapacitating,RAN OFF ROAD RIGHT,SOUTH HENDERSON ST,39.15541358,-86.52696847
901878410,2012,8,3,Weekday,1400,1-Car,No injury/unknown,DISREGARD SIGNAL/REG SIGN,S HIGH ST,39.15519172,-86.508288
901853837,2012,7,1,Weekend,1800,2-Car,Non-incapacitating,DISREGARD SIGNAL/REG SIGN,COLLEGE MALL RD & COVENANTER,39.15518023,-86.49773977
901899311,2012,10,6,Weekend,2100,2-Car,No injury/unknown,FAILURE TO YIELD RIGHT OF WAY,COLLEGE MALL RD & COVENANTER,39.15518023,-86.49773977
901937480,2012,12,1,Weekend,800,1-Car,Non-incapacitating,UNSAFE SPEED,COVENANTER DR & S COLLEGE MALL,39.15518023,-86.49773977
901768651,2012,1,4,Weekday,1800,2-Car,No injury/unknown,FAILURE TO YIELD RIGHT OF WAY,COVENANTER & S COLLEGE MALL RD,39.155152,-86.497888
901848343,2012,6,5,Weekday,1000,2-Car,No injury/unknown,IMPROPER TURNING,COVENANTER & S COLLEGE MALL RD,39.155152,-86.497888
901927252,2012,11,5,Weekday,1600,1-Car,No injury/unknown,UNSAFE SPEED,COLLEGE MALL & E COVENANTER DR,39.155152,-86.497888
901757401,2012,1,7,Weekend,500,2-Car,No injury/unknown,UNSAFE BACKING,CLARIZZ BLVD,39.15514737,-86.49091087
901838229,2012,6,6,Weekday,1400,2-Car,No injury/unknown,FAILURE TO YIELD RIGHT OF WAY,BROADWAY & PROFILE PKWY,39.15514523,-86.59259006
901876504,2012,8,5,Weekday,1500,2-Car,No injury/unknown,FAILURE TO YIELD RIGHT OF WAY,COLLEGE MALL & E COVENANTER DR,39.15514216,-86.49774746
901884505,2012,9,7,Weekend,1100,2-Car,No injury/unknown,,SOUTH ROGERS ST,39.15512848,-86.53839111
901776365,2012,2,7,Weekend,100,2-Car,No injury/unknown,ROADWAY SURFACE CONDITION,AUTO MALL & E COVENANTER DR,39.15503003,-86.49613628
901802115,2012,4,3,Weekday,1100,2-Car,No injury/unknown,FAILURE TO YIELD RIGHT OF WAY,AUTO MALL & E COVENANTER DR,39.15503003,-86.49611682
901773240,2012,2,7,Weekend,2200,2-Car,No injury/unknown,FAILURE TO YIELD RIGHT OF WAY,AUTO MALL & COVENANTER DR,39.15503003,-86.49611033
901887152,2012,9,5,Weekday,1300,2-Car,Non-incapacitating,FOLLOWING TOO CLOSELY,PRIVATE & S COLLEGE MALL RD,39.15496723,-86.49768412
901813764,2012,4,4,Weekday,800,2-Car,No injury/unknown,FAILURE TO YIELD RIGHT OF WAY,DAVIS & ROGERS ST,39.15464,-86.538592
901911419,2012,10,7,Weekend,200,3+ Cars,Non-incapacitating,RAN OFF ROAD RIGHT,E COVENANTER DR & S CLARIZZ,39.15462032,-86.49175537
901907801,2012,10,7,Weekend,300,1-Car,No injury/unknown,RAN OFF ROAD RIGHT,HENNESSEY & ROCKPORT RD,39.15460136,-86.55672021
901776614,2012,2,6,Weekend,2200,1-Car,Non-incapacitating,ROADWAY SURFACE CONDITION,S PARK SQUARE & W GIFFORD RD,39.154448,-86.591696
901766811,2012,1,4,Weekday,1200,2-Car,Non-incapacitating,LEFT OF CENTER,SR45W & WEIMER,39.15441428,-86.56414234
901921606,2012,11,3,Weekday,800,2-Car,No injury/unknown,FAILURE TO YIELD RIGHT OF WAY,GIFFORD RD & WOODSIDE,39.15440977,-86.58883966
901763933,2012,1,4,Weekday,1200,2-Car,Non-incapacitating,LEFT OF CENTER,SR45W & WEIMER,39.15438694,-86.56413853
901906402,2012,10,5,Weekday,2200,1-Car,No injury/unknown,ANIMAL/OBJECT IN ROADWAY,KENT & SR46E,39.154352,-86.39595281
901837033,2012,6,4,Weekday,1600,2-Car,Non-incapacitating,DRIVER DISTRACTED - EXPLAIN IN NARRATIVE,E DAVIS & S WALNUT ST,39.154352,-86.5336
901834627,2012,6,7,Weekend,1700,1-Car,Non-incapacitating,UNSAFE SPEED,W BLOOMFIELD RD & WEIMER,39.154272,-86.564176
901920891,2012,11,1,Weekend,1200,2-Car,No injury/unknown,FAILURE TO YIELD RIGHT OF WAY,W BLOOMFIELD RD & WEIMER,39.154272,-86.564176
901793918,2012,3,6,Weekday,1500,2-Car,No injury/unknown,BRAKE FAILURE OR DEFECTIVE,COLLEGE MALL RD,39.15427029,-86.49764657
901888428,2012,9,1,Weekday,2000,2-Car,No injury/unknown,UNSAFE BACKING,S COLLEGE MALL RD,39.15427029,-86.49764657
901912846,2012,10,2,Weekday,2200,2-Car,No injury/unknown,OTHER (VEHICLE) - EXPLAIN IN NARRATIVE,S COLLEGE MALL RD,39.15427029,-86.49764657
901897990,2012,10,4,Weekday,1600,2-Car,No injury/unknown,FAILURE TO YIELD RIGHT OF WAY,BLOOMFIELD RD & WEIMER,39.15424012,-86.56434975
901916550,2012,11,7,Weekend,1700,2-Car,Non-incapacitating,FOLLOWING TOO CLOSELY,WEIMER & WEST BLOOMFIELD RD,39.15424012,-86.56434975
901924073,2012,11,6,Weekday,1400,1-Car,No injury/unknown,BRAKE FAILURE OR DEFECTIVE,BLOOMFIELD & WEIMER RD,39.15424012,-86.56434975
901887926,2012,9,6,Weekday,1200,2-Car,Non-incapacitating,FAILURE TO YIELD RIGHT OF WAY,BLOOMFIELD RD & WEIMER,39.15420569,-86.56428851
901774993,2012,2,2,Weekday,1700,2-Car,No injury/unknown,LEFT OF CENTER,CONVENATER & HIGH ST,39.15419988,-86.50844983
901831359,2012,5,1,Weekend,1300,2-Car,No injury/unknown,UNSAFE BACKING,S COLLEGE MALL RD,39.15412578,-86.49786768
901761856,2012,1,1,Weekday,2300,1-Car,No injury/unknown,LEFT OF CENTER,WEATHERSTONE LN & WOODLAWN,39.15411003,-86.52273523
901884357,2012,9,7,Weekend,100,1-Car,Non-incapacitating,SPEED TOO FAST FOR WEATHER CONDITIONS,WEATHERSTONE LN & WOODLAWN,39.15411003,-86.52268332
901824895,2012,5,3,Weekday,2300,Cyclist,Non-incapacitating,HEADLIGHT DEFECTIVE OR NOT ON,WEATHERSTONE & WOODLAWN AVE,39.15411003,-86.52264006
901869830,2012,8,6,Weekday,1100,2-Car,No injury/unknown,FAILURE TO YIELD RIGHT OF WAY,CURRY PIKE & WEST 3RD,39.15408537,-86.58292002
901871435,2012,8,1,Weekend,1600,2-Car,Non-incapacitating,FAILURE TO YIELD RIGHT OF WAY,CURRY PIKE & W HERITAGE,39.15405761,-86.5826409
901860356,2012,7,2,Weekday,2300,2-Car,No injury/unknown,DRIVER DISTRACTED - EXPLAIN IN NARRATIVE,S ROCKPORT RD & W COUNTRYSIDE,39.15396732,-86.54180867
901753884,2012,1,2,Weekday,900,1-Car,No injury/unknown,ROADWAY SURFACE CONDITION,FRIENDSHIP & SR46E,39.15394977,-86.40669065
901840540,2012,6,4,Weekday,1100,Bus,No injury/unknown,IMPROPER PASSING,W BLOOMFIELD RD,39.15394373,-86.56493045
901771101,2012,1,2,Weekday,1200,2-Car,No injury/unknown,UNSAFE BACKING,S ROGERS ST,39.153936,-86.538592
901762336,2012,1,2,Weekday,1500,2-Car,No injury/unknown,IMPROPER TURNING,SOUTH WALNUT ST,39.15388669,-86.5336
901763762,2012,1,5,Weekday,300,1-Car,No injury/unknown,UNSAFE SPEED,S WALNUT ST,39.15388669,-86.5336
901896020,2012,9,1,Weekend,1600,1-Car,No injury/unknown,RAN OFF ROAD RIGHT,FRIENDSHIP & SR46E,39.153856,-86.406688
901773092,2012,2,7,Weekend,1300,3+ Cars,Non-incapacitating,DISREGARD SIGNAL/REG SIGN,S ROGERS & W PATTERSON DR,39.15379295,-86.53875212
901764103,2012,1,5,Weekday,1200,2-Car,No injury/unknown,FOLLOWING TOO CLOSELY,PATTERSON & ROGERS ST,39.15379018,-86.53875008
901788583,2012,3,3,Weekday,1100,2-Car,No injury/unknown,OTHER (DRIVER) - EXPLAIN IN NARRATIVE,PATTERSON & ROGERS ST,39.15379018,-86.53875008
901800026,2012,3,6,Weekday,1100,2-Car,Non-incapacitating,FOLLOWING TOO CLOSELY,PATTERSON & ROGERS ST,39.15379018,-86.53875008
901841414,2012,6,5,Weekday,1900,1-Car,Non-incapacitating,IMPROPER TURNING,PATTERSON ST & ROGERS,39.15379018,-86.53875008
901854195,2012,7,3,Weekday,1200,2-Car,Non-incapacitating,FAILURE TO YIELD RIGHT OF WAY,PATTERSON & ROGERS ST,39.15379018,-86.53875008
901896218,2012,10,2,Weekday,700,2-Car,No injury/unknown,FAILURE TO YIELD RIGHT OF WAY,S ROGERS ST & W PATTERSON,39.15379018,-86.53875008
901918734,2012,11,4,Weekday,1600,2-Car,No injury/unknown,UNSAFE SPEED,PATTERSON & S ROGERS ST,39.15379018,-86.53875008
901933479,2012,12,2,Weekday,1600,2-Car,Non-incapacitating,OTHER (DRIVER) - EXPLAIN IN NARRATIVE,S ROGERS ST & W PATTERSON,39.15379018,-86.53875008
901915883,2012,11,6,Weekday,1300,2-Car,No injury/unknown,UNSAFE BACKING,E 3RD & S HAWTHORNE AVE,39.15367577,-86.52008995
901776720,2012,2,7,Weekend,1600,2-Car,No injury/unknown,FOLLOWING TOO CLOSELY,COLLEGE MALL RD & THIRD,39.15366572,-86.49827018
901815144,2012,4,6,Weekday,1600,2-Car,Non-incapacitating,FOLLOWING TOO CLOSELY,MADISON & PATTERSON DR,39.15363997,-86.53762323
901758853,2012,1,3,Weekday,1600,2-Car,Non-incapacitating,FOLLOWING TOO CLOSELY,MADISON & PATTERSON DR,39.15363997,-86.53757996
901814195,2012,4,4,Weekday,1700,2-Car,Non-incapacitating,FOLLOWING TOO CLOSELY,E COVENANTER & S HIGH ST,39.15362891,-86.50843361
901771683,2012,2,4,Weekday,600,2-Car,No injury/unknown,FAILURE TO YIELD RIGHT OF WAY,GRIMES & WALNUT ST,39.15357733,-86.5336
901926347,2012,11,3,Weekday,1400,Cyclist,Non-incapacitating,FAILURE TO YIELD RIGHT OF WAY,WALNUT & WEST GRIMES LN,39.15344,-86.53430551
901902081,2012,10,5,Weekday,200,1-Car,No injury/unknown,DRIVER DISTRACTED - EXPLAIN IN NARRATIVE,GRIMES LN & MADISON,39.15344,-86.5376
901802713,2012,4,4,Weekday,1300,2-Car,Non-incapacitating,FAILURE TO YIELD RIGHT OF WAY,S MORTON & W GRIMES LN,39.15344,-86.536304
901888494,2012,9,1,Weekend,1200,2-Car,No injury/unknown,IMPROPER TURNING,GRIMES & S WALNUT ST,39.15344,-86.5336
901903267,2012,10,6,Weekday,1100,2-Car,Non-incapacitating,FOLLOWING TOO CLOSELY,E GRIMES ST & S WALNUT,39.15344,-86.5336
901924461,2012,11,7,Weekend,1000,2-Car,No injury/unknown,OTHER (DRIVER) - EXPLAIN IN NARRATIVE,GRIMES & WALNUT ST,39.15344,-86.5336
901924585,2012,11,7,Weekend,1700,2-Car,No injury/unknown,UNSAFE BACKING,WALNUT ST,39.15342171,-86.5336
901850485,2012,7,2,Weekday,1900,Bus,No injury/unknown,,WEST GRIMES LN,39.15339924,-86.53423592
901940236,2012,12,6,Weekend,2100,2-Car,No injury/unknown,FAILURE TO YIELD RIGHT OF WAY,GRIMES & HENDERSON ST,39.153392,-86.527008
901856082,2012,7,7,Weekend,1000,2-Car,Non-incapacitating,SPEED TOO FAST FOR WEATHER CONDITIONS,GRIMES LN & MORTON,39.15336974,-86.53637375
901832648,2012,5,3,Weekday,1700,2-Car,No injury/unknown,FAILURE TO YIELD RIGHT OF WAY,GRIMES LN & STULL,39.15336,-86.524688
901910664,2012,10,5,Weekday,2300,2-Car,Non-incapacitating,FAILURE TO YIELD RIGHT OF WAY,GRIMES & WALNUT ST,39.15335029,-86.53371021
901944501,2012,12,6,Weekday,1600,3+ Cars,No injury/unknown,FOLLOWING TOO CLOSELY,GRIMES & WALNUT ST,39.15335029,-86.53371021
901901371,2012,10,3,Weekday,2100,2-Car,Non-incapacitating,FOLLOWING TOO CLOSELY,GRIMES LN & WALNUT,39.15335029,-86.53370155
901905650,2012,10,4,Weekday,1500,2-Car,No injury/unknown,FOLLOWING TOO CLOSELY,SOUTH WALNUT & WEST GRIMES LN,39.15335029,-86.53370155
901923781,2012,11,6,Weekday,800,2-Car,No injury/unknown,FAILURE TO YIELD RIGHT OF WAY,BASSWOOD DR & RIDGE,39.1533,-86.57250031
901948879,2012,12,7,Weekend,0,2-Car,No injury/unknown,UNSAFE BACKING,GRIMES & PARK ST,39.15327517,-86.52373756
901869259,2012,8,4,Weekday,1900,1-Car,No injury/unknown,OTHER (DRIVER) - EXPLAIN IN NARRATIVE,S FENBROOK LN,39.15325977,-86.48580864
901804172,2012,4,7,Weekend,100,2-Car,No injury/unknown,,S BASSWOOD DR,39.15316388,-86.57256133
901762840,2012,1,3,Weekday,600,1-Car,Fatal,RAN OFF ROAD RIGHT,4000 BLOCK OLD 37 SOUTH RD & RHORER,39.15310483,-86.53135124
901777018,2012,2,1,Weekend,1500,2-Car,No injury/unknown,UNSAFE BACKING,HOOSIER & WALNUT ST,39.153101,-86.53143972
901891672,2012,9,7,Weekend,0,2-Car,No injury/unknown,UNSAFE BACKING,S FENBROOK LN,39.15304586,-86.48636788
901768874,2012,1,5,Weekday,1600,2-Car,No injury/unknown,FOLLOWING TOO CLOSELY,NORTH JORDAN AVE & SEVENTH,39.15298672,-86.51615984
901856892,2012,7,1,Weekday,2100,Moped/Motorcycle,Non-incapacitating,UNSAFE SPEED,STRONG DR,39.15298082,-86.54525443
901938256,2012,12,4,Weekday,600,1-Car,No injury/unknown,ANIMAL/OBJECT IN ROADWAY,BRUMMETTS CREEK & SR46E,39.15285526,-86.39266882
901951581,2012,12,2,Weekday,1500,1-Car,Non-incapacitating,RAN OFF ROAD RIGHT,SR46 & WOODVIEW,39.152656,-86.3777883
901825854,2012,5,5,Weekday,1700,2-Car,No injury/unknown,FOLLOWING TOO CLOSELY,DRISCOLL & ROGERS ST,39.15264,-86.538592
901784899,2012,2,2,Weekday,1500,1-Car,No injury/unknown,RAN OFF ROAD RIGHT,BROWN COUNTY LINE & SR46E,39.15263012,-86.37109131
901791029,2012,3,5,Weekday,1000,1-Car,No injury/unknown,SPEED TOO FAST FOR WEATHER CONDITIONS,BROWN COUNTY LINE & E ST RD 46 ST,39.15263012,-86.37105244
901899218,2012,10,6,Weekday,1700,2-Car,No injury/unknown,FAILURE TO YIELD RIGHT OF WAY,DRISCOLL & S GRANT ST,39.152544,-86.530064
901912828,2012,10,2,Weekday,2100,1-Car,No injury/unknown,LEFT OF CENTER,1304 S HENDERSON ST & DRISCOLL,39.152544,-86.526992
901914329,2012,10,4,Weekday,2300,1-Car,No injury/unknown,ANIMAL/OBJECT IN ROADWAY,KENT & SR46E,39.15252015,-86.4003435
901927206,2012,11,5,Weekday,1100,1-Car,No injury/unknown,OVERCORRECTING/OVERSTEERING,KENT & SR46E,39.15252015,-86.4002139
901797816,2012,3,7,Weekend,2100,2-Car,No injury/unknown,OTHER (DRIVER) - EXPLAIN IN NARRATIVE,S COLLEGE MALL RD,39.15250667,-86.497904
901761200,2012,1,6,Weekday,1800,2-Car,No injury/unknown,FAILURE TO YIELD RIGHT OF WAY,CLARIZZ BLVD & COVENANTER,39.15246986,-86.49051994
901916366,2012,11,1,Weekend,1200,2-Car,No injury/unknown,FAILURE TO YIELD RIGHT OF WAY,CLARIZZ BLVD & COVENANTER,39.15246986,-86.49051994
901783576,2012,2,6,Weekend,2000,Cyclist,Incapacitating,ROADWAY SURFACE CONDITION,MONON & WALNUT ST,39.15217012,-86.53369009
901888321,2012,9,1,Weekend,1100,1-Car,Non-incapacitating,RAN OFF ROAD RIGHT,GIFFORD RD,39.15216446,-86.6340866
901765311,2012,1,6,Weekday,1500,2-Car,No injury/unknown,FAILURE TO YIELD RIGHT OF WAY,ADAMS ST & PATTERSON,39.15209638,-86.55050016
901854494,2012,7,3,Weekday,1500,1-Car,No injury/unknown,DRIVER ASLEEP OR FATIGUED,SR46E & WOODVIEW HILLS,39.152,-86.3812
901801814,2012,3,7,Weekend,100,Pedestrian,Incapacitating,PEDESTRIAN ACTION,WALNUT ST & WILSON,39.15182206,-86.53372748
901856712,2012,7,2,Weekday,900,2-Car,No injury/unknown,UNSAFE BACKING,BRENDA DR & HENDERSON,39.15182009,-86.5269497
901795749,2012,3,3,Weekday,1600,1-Car,Non-incapacitating,RAN OFF ROAD RIGHT,SEWELL & SR46,39.15175974,-86.38290328
901829504,2012,5,4,Weekday,1500,Bus,No injury/unknown,OTHER (ENVIRONMENTAL) - EXPLAIN IN NARR,GARRISON CHAPEL & RICE RD,39.15166557,-86.65662125
901833158,2012,5,7,Weekend,1500,2-Car,No injury/unknown,LEFT OF CENTER,GARRISON CHAPEL & RICE RD,39.15166557,-86.65662125
901906802,2012,10,6,Weekday,1600,2-Car,No injury/unknown,SPEED TOO FAST FOR WEATHER CONDITIONS,S WALNUT ST & WILSON,39.151648,-86.5336
901895049,2012,9,6,Weekday,900,2-Car,No injury/unknown,UNSAFE BACKING,S FENBROOK LN,39.15162764,-86.48757219
901865849,2012,8,4,Weekday,1600,2-Car,No injury/unknown,FAILURE TO YIELD RIGHT OF WAY,GARRISON CHAPEL RD & GIFFORD,39.151552,-86.643504
901943641,2012,12,5,Weekday,1500,2-Car,No injury/unknown,LEFT OF CENTER,GIFFORD & S GARRISON CHAPEL RD,39.151552,-86.643504
901769874,2012,1,1,Weekend,300,1-Car,No injury/unknown,ANIMAL/OBJECT IN ROADWAY,SEWELL & SR46E,39.1515387,-86.38465412
901829489,2012,5,3,Weekday,1500,2-Car,No injury/unknown,FOLLOWING TOO CLOSELY,WALNUT ST & WILSON,39.15149018,-86.53369009
901831778,2012,5,2,Weekday,100,2-Car,No injury/unknown,OTHER (DRIVER) - EXPLAIN IN NARRATIVE,WASHINGTON ST & WILSON,39.15147867,-86.5324
901830709,2012,5,6,Weekday,1800,1-Car,Non-incapacitating,RAN OFF ROAD RIGHT,CAVE & W GIFFORD RD,39.15144,-86.6288
901838463,2012,6,7,Weekend,1100,2-Car,No injury/unknown,UNSAFE BACKING,WOODVIEW DR,39.15140152,-86.38205718
901943394,2012,12,3,Weekday,1600,1-Car,Non-incapacitating,ANIMAL/OBJECT IN ROADWAY,CURRY PIKE & GIFFORD,39.15138405,-86.58263973
901914313,2012,10,7,Weekend,100,Moped/Motorcycle,No injury/unknown,UNSAFE BACKING,LINCOLN ST,39.15137863,-86.53105163
901849205,2012,6,5,Weekday,2200,2-Car,No injury/unknown,FAILURE TO YIELD RIGHT OF WAY,GIFFORD RD & KIRBY,39.15134698,-86.61031799
901911123,2012,10,5,Weekday,1600,2-Car,No injury/unknown,DRIVER DISTRACTED - EXPLAIN IN NARRATIVE,ENDWRIGHT & GIFFORD RD,39.151344,-86.5964
901772355,2012,2,4,Weekday,1600,2-Car,No injury/unknown,DRIVER DISTRACTED - EXPLAIN IN NARRATIVE,W CONSTITUTION DR,39.15129371,-86.57996624
901942288,2012,12,3,Weekday,1800,2-Car,Incapacitating,FAILURE TO YIELD RIGHT OF WAY,CONSTITUTION & CURRY PIKE,39.15127024,-86.58262029
901914174,2012,10,3,Weekday,1600,2-Car,No injury/unknown,FAILURE TO YIELD RIGHT OF WAY,CONSTITUSION RD & CURRY,39.15127024,-86.58262029
901798383,2012,3,2,Weekday,600,1-Car,Incapacitating,UNSAFE SPEED,CLEVE BUTCHER & FAIRFAX RD,39.15125366,-86.49055011
901772898,2012,2,6,Weekday,600,2-Car,No injury/unknown,OTHER (DRIVER) - EXPLAIN IN NARRATIVE,S CLARIZZ BLVD,39.1509638,-86.49129711
901805022,2012,4,2,Weekday,1600,2-Car,No injury/unknown,OTHER (DRIVER) - EXPLAIN IN NARRATIVE,S CLARIZZ BLVD,39.1509638,-86.49129711
901833182,2012,5,4,Weekday,1700,2-Car,No injury/unknown,UNSAFE BACKING,S CLARIZZ BLVD,39.1509638,-86.49129711
901877711,2012,8,7,Weekend,100,2-Car,No injury/unknown,UNSAFE BACKING,S CLARRIZ BLVD,39.1509638,-86.49129711
901895570,2012,9,7,Weekend,900,1-Car,No injury/unknown,RAN OFF ROAD RIGHT,S FENBROOK LN,39.15096246,-86.48668974
901797027,2012,3,6,Weekday,1200,2-Car,Non-incapacitating,FOLLOWING TOO CLOSELY,BASSWOOD DR & COPPER BEACH,39.15072204,-86.57132685
901846910,2012,6,2,Weekday,1400,2-Car,Non-incapacitating,FAILURE TO YIELD RIGHT OF WAY,HILLSIDE DR & WOODLAWN,39.15072,-86.522496
901949482,2012,12,7,Weekend,1200,2-Car,No injury/unknown,FAILURE TO YIELD RIGHT OF WAY,E HILLSIDE DR & S WOODLAWN,39.15072,-86.522496
901888990,2012,9,2,Weekday,1400,3+ Cars,Non-incapacitating,FOLLOWING TOO CLOSELY,E HILLSIDE DR & HENDERSON,39.15067858,-86.52590322
901776486,2012,2,7,Weekend,1000,2-Car,No injury/unknown,SPEED TOO FAST FOR WEATHER CONDITIONS,HENDERSON & HILLSIDE DR,39.15064,-86.52696
901789164,2012,3,4,Weekday,1000,Bus,No injury/unknown,FAILURE TO YIELD RIGHT OF WAY,E HILLSIDE & S HENDERSON ST,39.15064,-86.52696
901820321,2012,5,2,Weekday,1600,2-Car,Non-incapacitating,FOLLOWING TOO CLOSELY,HENDERSON ST & HILLSIDE,39.15064,-86.52696
901802380,2012,4,3,Weekday,1800,2-Car,No injury/unknown,UNSAFE BACKING,HENDERSON & HILLSIDE DR,39.15064,-86.52696
901906970,2012,10,6,Weekday,1800,3+ Cars,Non-incapacitating,UNSAFE SPEED,HENDERSON & HILLSIDE DR,39.15064,-86.52696
901929398,2012,11,3,Weekday,600,2-Car,Non-incapacitating,OTHER (DRIVER) - EXPLAIN IN NARRATIVE,HENDERSON & HILLSIDE DR,39.15064,-86.52696
901929786,2012,11,3,Weekday,1300,Pedestrian,Non-incapacitating,PEDESTRIAN ACTION,HENDERSON & HILLSIDE DR,39.15064,-86.52696
901807774,2012,4,6,Weekday,1100,2-Car,No injury/unknown,FAILURE TO YIELD RIGHT OF WAY,E HILLSIDE ST,39.150608,-86.529104
901796829,2012,3,2,Weekday,1100,2-Car,No injury/unknown,UNSAFE BACKING,CURRY PIKE,39.15058963,-86.58256262
901862847,2012,7,6,Weekday,1700,2-Car,No injury/unknown,FOLLOWING TOO CLOSELY,HILLSIDE DR & MAXWELL,39.150576,-86.515088
901875960,2012,8,4,Weekday,1600,2-Car,No injury/unknown,FOLLOWING TOO CLOSELY,EAST HILLSIDE DR & SOUTH MAXWELL,39.150576,-86.515088
901908455,2012,10,2,Weekday,1700,2-Car,No injury/unknown,FOLLOWING TOO CLOSELY,ROGERS ST & WEST HILLSIDE,39.15057018,-86.53876014
901889541,2012,9,3,Weekday,1200,2-Car,No injury/unknown,FAILURE TO YIELD RIGHT OF WAY,HENDERSON & HILLSIDE DR,39.15056013,-86.52691014
901892844,2012,9,2,Weekday,1300,3+ Cars,No injury/unknown,FAILURE TO YIELD RIGHT OF WAY,HILLSIDE DR & WASHINGTON,39.15056,-86.5324
901911785,2012,10,6,Weekend,2100,2-Car,No injury/unknown,OTHER (DRIVER) - EXPLAIN IN NARRATIVE,EAST HILLSIDE DR,39.15056,-86.5324
901939399,2012,12,5,Weekday,1300,2-Car,No injury/unknown,FOLLOWING TOO CLOSELY,E HILLSIDE DR & NANCY,39.150544,-86.51144074