Master Record Number,Year,Month,Day,Weekend?,Hour,Collision Type,Injury Type,Primary Factor,Reported_Location,Latitude,Longitude
901886481,2012,9,4,Weekday,1100,2-Car,No injury/unknown,FOLLOWING TOO CLOSELY,E MOORES PIKE & HIGH,39.150544,-86.50652429
901815506,2012,4,7,Weekend,2100,2-Car,No injury/unknown,DISREGARD SIGNAL/REG SIGN,HILLSIDE & WALNUT ST,39.150544,-86.5336
901827007,2012,5,7,Weekend,700,2-Car,No injury/unknown,OTHER (DRIVER) - EXPLAIN IN NARRATIVE,HILLSIDE & WALNUT ST,39.150544,-86.5336
901882513,2012,9,3,Weekday,1500,2-Car,Non-incapacitating,FOLLOWING TOO CLOSELY,HILLSIDE & N WALNUT ST,39.150544,-86.5336
901884507,2012,9,7,Weekend,1200,2-Car,Non-incapacitating,FAILURE TO YIELD RIGHT OF WAY,HILLSIDE & S WALNUT ST,39.150544,-86.5336
901917405,2012,11,2,Weekday,1800,2-Car,Non-incapacitating,FAILURE TO YIELD RIGHT OF WAY,HILLSIDE & SOUTH WALNUT ST,39.150544,-86.5336
901945644,2012,12,1,Weekend,1700,2-Car,No injury/unknown,UNSAFE BACKING,E HILLSIDE DR,39.150544,-86.5136
901834096,2012,6,6,Weekday,900,2-Car,No injury/unknown,FAILURE TO YIELD RIGHT OF WAY,HILLSIDE DR & LONGWOOD,39.150544,-86.512592
901828404,2012,5,2,Weekday,1600,2-Car,No injury/unknown,DRIVER DISTRACTED - EXPLAIN IN NARRATIVE,E HILLSIDE DR & S NANCY,39.150544,-86.511088
901811959,2012,4,6,Weekday,1800,3+ Cars,Non-incapacitating,FOLLOWING TOO CLOSELY,CLIFTON & EAST HILLSIDE DR,39.150544,-86.5096
901822689,2012,5,5,Weekday,2100,1-Car,No injury/unknown,ANIMAL/OBJECT IN ROADWAY,CLIFTON & HILLSIDE DR,39.150544,-86.5096
901788242,2012,3,2,Weekday,1900,1-Car,No injury/unknown,ANIMAL/OBJECT IN ROADWAY,HIGH & HILLSIDE DR,39.150544,-86.508288
901809892,2012,4,3,Weekday,1600,2-Car,Incapacitating,FOLLOWING TOO CLOSELY,HIGH & MOORES PIKE,39.150544,-86.508288
901909367,2012,10,3,Weekday,1600,3+ Cars,Non-incapacitating,FOLLOWING TOO CLOSELY,E MOORES PIKE & S HIGH,39.150544,-86.508288
901909925,2012,10,3,Weekday,1800,3+ Cars,No injury/unknown,FOLLOWING TOO CLOSELY,E MOORES PIKE & VALLEY FORGE,39.150544,-86.502992
901855899,2012,7,5,Weekday,1700,2-Car,No injury/unknown,FOLLOWING TOO CLOSELY,HILLSIDE & WOODLAWN AVE,39.15052995,-86.52261994
901911534,2012,10,7,Weekend,1200,2-Car,No injury/unknown,FAILURE TO YIELD RIGHT OF WAY,HILLSIDE DR & WOODLAWN,39.15052995,-86.52261994
901920623,2012,11,7,Weekend,1500,2-Car,No injury/unknown,FAILURE TO YIELD RIGHT OF WAY,HILLSIDE & WALNUT ST,39.15051989,-86.53366997
901760316,2012,1,5,Weekday,2300,2-Car,No injury/unknown,LEFT OF CENTER,HILLSIDE DR & PALMER,39.15050983,-86.52924969
901871345,2012,8,2,Weekday,1500,3+ Cars,Non-incapacitating,FOLLOWING TOO CLOSELY,HILLSIDE DR & LONGWOOD,39.15050983,-86.5125402
901872225,2012,8,3,Weekday,1500,2-Car,Non-incapacitating,FOLLOWING TOO CLOSELY,HILLSIDE DR & NANCY,39.15050983,-86.51106894
901756012,2012,1,4,Weekday,1500,2-Car,No injury/unknown,BRAKE FAILURE OR DEFECTIVE,HILLSIDE DR & NANCY,39.15050983,-86.51106029
901934193,2012,12,4,Weekday,1300,2-Car,No injury/unknown,FOLLOWING TOO CLOSELY,HILLSIDE DR & NANCY,39.15050983,-86.51106029
901867685,2012,8,2,Weekday,1700,2-Car,No injury/unknown,CELL PHONE USAGE,CAPE COD & MOORES PIKE,39.15048972,-86.50665148
901756456,2012,1,5,Weekday,900,2-Car,No injury/unknown,UNSAFE BACKING,EAST HILLSIDE DR,39.15048838,-86.5229807
901874633,2012,8,2,Weekday,1400,2-Car,No injury/unknown,FOLLOWING TOO CLOSELY,COLLEGE MALL & MOORES PIKE,39.15048033,-86.49825006
901905435,2012,10,4,Weekday,700,1-Car,No injury/unknown,ANIMAL/OBJECT IN ROADWAY,MOORES PIKE & SARE,39.15046021,-86.49918877
901821326,2012,5,4,Weekday,1200,2-Car,Non-incapacitating,FOLLOWING TOO CLOSELY,E MOORES PIKE & S SARE,39.150448,-86.4992
901875396,2012,8,3,Weekday,1900,1-Car,No injury/unknown,ANIMAL/OBJECT IN ROADWAY,MOORES PIKE & SARE,39.150448,-86.49814178
901855703,2012,7,5,Weekday,1700,2-Car,No injury/unknown,FAILURE TO YIELD RIGHT OF WAY,COLLEGE MALL & E MOORES PIKE,39.150448,-86.498
901927452,2012,11,6,Weekday,700,2-Car,No injury/unknown,UNSAFE SPEED,COLLEGE MALL & MOORES PIKE,39.150448,-86.498
901890871,2012,9,5,Weekday,1500,2-Car,No injury/unknown,SPEED TOO FAST FOR WEATHER CONDITIONS,COLLEGE MALL & MOORES PIKE,39.15041557,-86.4969426
901819123,2012,5,6,Weekend,2100,Bus,No injury/unknown,UNSAFE LANE MOVEMENT,EAST 2ND & SOUTH COLLEGE MALL RD,39.15036682,-86.49772033
901813618,2012,4,3,Weekday,1600,2-Car,No injury/unknown,FAILURE TO YIELD RIGHT OF WAY,EAST MOORES & SR446S,39.150352,-86.471296
901824599,2012,5,2,Weekday,2000,1-Car,No injury/unknown,UNSAFE SPEED,EAST MOORES & SR446N,39.150352,-86.471296
901827596,2012,5,7,Weekend,1500,2-Car,No injury/unknown,FAILURE TO YIELD RIGHT OF WAY,MOORES & SR446N,39.150352,-86.471296
901842164,2012,6,7,Weekend,1100,2-Car,No injury/unknown,FOLLOWING TOO CLOSELY,E MOORES PIKE & SR446,39.150352,-86.471296
901861901,2012,7,5,Weekday,100,1-Car,No injury/unknown,RAN OFF ROAD RIGHT,EAST MOORES & SR446N,39.15035024,-86.47138975
901871374,2012,8,2,Weekday,1700,2-Car,Non-incapacitating,FOLLOWING TOO CLOSELY,446 & MOORES PIKE,39.15035024,-86.47138975
901891941,2012,9,7,Weekend,1900,2-Car,No injury/unknown,FAILURE TO YIELD RIGHT OF WAY,MOORES & SR446S,39.15035024,-86.47138975
901934983,2012,12,5,Weekday,1800,2-Car,Non-incapacitating,FOLLOWING TOO CLOSELY,MOORES PIKE & SR446S,39.15035024,-86.47138975
901755303,2012,1,3,Weekday,1800,1-Car,No injury/unknown,ANIMAL/OBJECT IN ROADWAY,CLARIZZ & MOORES PIKE,39.15034018,-86.4913199
901762395,2012,1,2,Weekday,1700,3+ Cars,No injury/unknown,FAILURE TO YIELD RIGHT OF WAY,CARIZZ & MOORES PIKE,39.15034018,-86.4913199
901830692,2012,5,6,Weekday,1500,2-Car,No injury/unknown,FOLLOWING TOO CLOSELY,CLARIZZ BLVD & MOORES,39.15034018,-86.4913199
901789716,2012,3,7,Weekend,1300,1-Car,No injury/unknown,DRIVER DISTRACTED - EXPLAIN IN NARRATIVE,MOORES PIKE & WINGFIELD,39.15023021,-86.47827292
901803708,2012,4,6,Weekday,1500,Cyclist,No injury/unknown,FOLLOWING TOO CLOSELY,MOORES PIKE & SMITH,39.150224,-86.480464
901880189,2012,8,5,Weekday,1900,2-Car,Non-incapacitating,DISREGARD SIGNAL/REG SIGN,MOORES PIKE & SMITH,39.15022016,-86.48046031
901886066,2012,9,3,Weekday,700,Moped/Motorcycle,Fatal,FOLLOWING TOO CLOSELY,E MOORES PIKE & S OLCOTT,39.15018998,-86.4850007
901772404,2012,2,5,Weekday,1900,1-Car,Non-incapacitating,ANIMAL/OBJECT IN ROADWAY,MOORES PIKE & OLCOTT,39.15018998,-86.48498989
901827027,2012,5,6,Weekday,1600,2-Car,No injury/unknown,FAILURE TO YIELD RIGHT OF WAY,MOORES PIKE & OLCOTT,39.15018998,-86.48498989
901910594,2012,10,5,Weekday,1700,2-Car,No injury/unknown,FAILURE TO YIELD RIGHT OF WAY,E MOORES PIKE & S OLCOTT,39.15018998,-86.48498989
901935286,2012,12,6,Weekday,1000,2-Car,No injury/unknown,FOLLOWING TOO CLOSELY,MOORES PIKE & RENWICK,39.15013969,-86.50094032
901810705,2012,4,3,Weekday,100,1-Car,No injury/unknown,RAN OFF ROAD RIGHT,MOORES & SMITH RD,39.14994938,-86.48045809
901915691,2012,11,6,Weekday,1500,2-Car,No injury/unknown,FAILURE TO YIELD RIGHT OF WAY,SOUTHERN & WALNUT ST,39.14984,-86.533392
901948728,2012,12,6,Weekday,1400,Pedestrian,Non-incapacitating,PEDESTRIAN ACTION,S WALNUT ST & SOUTHERN,39.14984,-86.533392
901755228,2012,1,3,Weekday,1600,2-Car,No injury/unknown,UNSAFE BACKING,E SOUTHERN DR,39.14984,-86.53213111
901779700,2012,2,2,Weekday,1900,2-Car,No injury/unknown,OTHER (DRIVER) - EXPLAIN IN NARRATIVE,EAST SOUTHERN DR,39.14984,-86.52990593
901844378,2012,6,4,Weekday,1300,Moped/Motorcycle,Non-incapacitating,OVERCORRECTING/OVERSTEERING,E SUMMIT VIEW & S HENDERSON ST,39.14983448,-86.52695976
901784998,2012,2,3,Weekday,800,2-Car,No injury/unknown,UNSAFE BACKING,1602 S WALNUT ST ST,39.14982139,-86.53338645
901787588,2012,3,2,Weekday,400,1-Car,Non-incapacitating,SPEED TOO FAST FOR WEATHER CONDITIONS,BASSWOOD & BLOOMFIELD RD,39.14978027,-86.56897663
901763209,2012,1,4,Weekday,400,1-Car,No injury/unknown,RAN OFF ROAD RIGHT,BASSWOOD & BLOOMFIELD RD,39.14978027,-86.56891603
901827767,2012,5,1,Weekday,2100,2-Car,No injury/unknown,FAILURE TO YIELD RIGHT OF WAY,S BASSWOOD & W BLOOMFIELD RD,39.14978027,-86.56889006
901856464,2012,7,5,Weekday,1500,Moped/Motorcycle,Non-incapacitating,FOLLOWING TOO CLOSELY,BLOOMFIELD RD & OAKDALE,39.14978027,-86.56889006
901875482,2012,8,3,Weekday,1200,2-Car,No injury/unknown,FAILURE TO YIELD RIGHT OF WAY,S BASSWOOD & W BLOOMFIELD RD,39.14978027,-86.56889006
901928310,2012,11,1,Weekday,1900,2-Car,No injury/unknown,UNSAFE LANE MOVEMENT,BASSWOOD & BLOOMFIELD RD,39.14978027,-86.56889006
901933503,2012,12,3,Weekday,1500,2-Car,No injury/unknown,FOLLOWING TOO CLOSELY,BASSWOOD & BLOOMFIELD RD,39.14978027,-86.56889006
901806581,2012,4,5,Weekday,700,2-Car,No injury/unknown,FAILURE TO YIELD RIGHT OF WAY,SOUTHERN & WALNUT ST,39.14977022,-86.53350032
901861782,2012,7,4,Weekday,1700,Pedestrian,Non-incapacitating,FAILURE TO YIELD RIGHT OF WAY,SOUTHERN & WALNUT ST,39.14977022,-86.53350032
901776341,2012,2,7,Weekend,300,1-Car,Non-incapacitating,RAN OFF ROAD RIGHT,S ROGERS ST & W PATTERSON,39.14972778,-86.53881311
901812726,2012,4,2,Weekday,900,2-Car,No injury/unknown,FAILURE TO YIELD RIGHT OF WAY,PATTERSON & S ROGERS ST,39.14956157,-86.53875008
901763898,2012,1,5,Weekday,800,2-Car,No injury/unknown,FAILURE TO YIELD RIGHT OF WAY,CONSTITUTION AVENUE & LIBERTY DRIVE RD,39.149552,-86.575936
901853475,2012,7,2,Weekday,1200,2-Car,No injury/unknown,FOLLOWING TOO CLOSELY,CONSTITUTION & S LIBERTY DR,39.149552,-86.575936
901862614,2012,7,3,Weekday,1300,2-Car,No injury/unknown,FAILURE TO YIELD RIGHT OF WAY,CONSTITUTION & LIBERTY DR,39.149552,-86.575936
901873255,2012,8,6,Weekday,1100,2-Car,No injury/unknown,FOLLOWING TOO CLOSELY,CONSTITUTION & S LIBERTY DR,39.149552,-86.575936
901937147,2012,12,2,Weekday,1600,2-Car,Non-incapacitating,FAILURE TO YIELD RIGHT OF WAY,LIBERTY & S LIBERTY DR,39.149552,-86.575936
901933408,2012,12,3,Weekday,1200,2-Car,No injury/unknown,FAILURE TO YIELD RIGHT OF WAY,CONSTITUTION & S LIBERTY DR,39.149552,-86.575936
901935813,2012,12,7,Weekend,800,2-Car,No injury/unknown,UNSAFE BACKING,BLOOMFIELD RD,39.14936,-86.57008
901935782,2012,12,6,Weekday,1200,1-Car,No injury/unknown,RAN OFF ROAD RIGHT,SOUTH PIAZZA DR,39.14934777,-86.49972461
901837709,2012,6,5,Weekday,2300,2-Car,No injury/unknown,IMPROPER TURNING,HUNTINGTON & THORTON DR,39.14930016,-86.52083024
901866402,2012,8,6,Weekday,1400,2-Car,No injury/unknown,FOLLOWING TOO CLOSELY,CONSTITUTION & SOUTH LIBERTY DR,39.14927792,-86.57591316
901876955,2012,8,3,Weekday,1600,2-Car,No injury/unknown,FOLLOWING TOO CLOSELY,CONSTITUTION & LIBERTY DR,39.14927792,-86.57591316
901869138,2012,8,5,Weekday,100,2-Car,No injury/unknown,,S DORCHESTER DR,39.14920494,-86.51172213
901876705,2012,8,6,Weekday,900,2-Car,No injury/unknown,OTHER (DRIVER) - EXPLAIN IN NARRATIVE,SOUTH DORCHESTER DR,39.14920494,-86.51172213
901791302,2012,3,2,Weekday,700,Pedestrian,Non-incapacitating,PEDESTRIAN ACTION,1602 S WALNUT ST & VERMILYA,39.148928,-86.53312
901920303,2012,11,7,Weekend,1900,2-Car,No injury/unknown,IMPROPER TURNING,E VERMILYA AVE & S WALNUT,39.14891995,-86.53324015
901779759,2012,2,5,Weekday,1900,1-Car,No injury/unknown,TIRE FAILURE OR DEFECTIVE,E CATHCART & S SARE RD,39.14882004,-86.49905003
901909306,2012,10,3,Weekday,1200,2-Car,No injury/unknown,LEFT OF CENTER,BELLMEADE & LAMPKINS RIDGE RD,39.14874025,-86.45438651
901863432,2012,7,1,Weekday,2000,Moped/Motorcycle,Non-incapacitating,IMPROPER TURNING,S CURRY PIKE,39.1486247,-86.58267896
901790771,2012,3,6,Weekday,1700,2-Car,No injury/unknown,UNSAFE BACKING,BLOOMFIELD & OAKDALE DR,39.148544,-86.571504
901777364,2012,2,1,Weekend,1000,2-Car,No injury/unknown,FAILURE TO YIELD RIGHT OF WAY,BLOOMFIELD RD RD & OAKDALE DR,39.148544,-86.571504
901931873,2012,12,7,Weekend,1500,2-Car,No injury/unknown,FAILURE TO YIELD RIGHT OF WAY,BLOOMFIELD RD & OAKDALE,39.14849919,-86.57167071
901797686,2012,3,1,Weekend,900,2-Car,No injury/unknown,FAILURE TO YIELD RIGHT OF WAY,S SR 446,39.148464,-86.471256
901934313,2012,11,2,Weekday,1700,2-Car,Non-incapacitating,FOLLOWING TOO CLOSELY,SR 45 RD,39.148448,-86.573
901781101,2012,2,1,Weekend,1300,2-Car,No injury/unknown,IMPROPER LANE USAGE,COLLEGE MALL RD & THIRD,39.14837855,-86.49827018
901765894,2012,1,7,Weekend,1600,2-Car,No injury/unknown,SPEED TOO FAST FOR WEATHER CONDITIONS,HIGHLAND & THORTON DR,39.14827019,-86.51748881
901755297,2012,1,3,Weekday,1800,2-Car,No injury/unknown,FAILURE TO YIELD RIGHT OF WAY,BLOOMFIELD RD & SR37,39.14823363,-86.57265858
901832619,2012,5,3,Weekday,2000,1-Car,No injury/unknown,OTHER (DRIVER) - EXPLAIN IN NARRATIVE,S WILTON DR,39.14818514,-86.511792
901878657,2012,8,3,Weekday,1000,2-Car,No injury/unknown,FOLLOWING TOO CLOSELY,CONSTITUTION & S LIBERTY DR,39.14818059,-86.57595154
901764132,2012,1,5,Weekday,1300,3+ Cars,No injury/unknown,FOLLOWING TOO CLOSELY,BLOOMFIELD RD & SR37N,39.148144,-86.572992
901790693,2012,3,6,Weekday,1100,1-Car,Non-incapacitating,RAN OFF ROAD RIGHT,9449 WEST 46 & SR46W,39.148144,-86.572992
901768151,2012,1,4,Weekday,1700,2-Car,Non-incapacitating,FOLLOWING TOO CLOSELY,BLOOMFIELD & SR37N,39.148144,-86.572992
901771798,2012,2,4,Weekday,1300,2-Car,No injury/unknown,FOLLOWING TOO CLOSELY,BLOOMFIELD & STATE ROAD 37 RAMP,39.148144,-86.572992
901775985,2012,2,6,Weekday,1300,2-Car,No injury/unknown,TIRE FAILURE OR DEFECTIVE,BLOOMFIELD RD & SR37N,39.148144,-86.572992
901802857,2012,4,4,Weekday,1600,2-Car,Non-incapacitating,FOLLOWING TOO CLOSELY,BLOOMFIELD RD & SR37,39.148144,-86.572992
901803600,2012,4,6,Weekday,1100,2-Car,No injury/unknown,OTHER (DRIVER) - EXPLAIN IN NARRATIVE,SR37 & STATE ROAD 45 RD,39.148144,-86.572992
901803996,2012,4,7,Weekend,1400,2-Car,No injury/unknown,DISREGARD SIGNAL/REG SIGN,BLOOMFIELD & SR37S,39.148144,-86.572992
901822620,2012,5,6,Weekday,1500,2-Car,No injury/unknown,FOLLOWING TOO CLOSELY,SR37 & SR45W,39.148144,-86.572992
901852101,2012,7,5,Weekday,1900,2-Car,Non-incapacitating,FAILURE TO YIELD RIGHT OF WAY,SR37 & SR45E,39.148144,-86.572992
901834017,2012,6,6,Weekday,700,2-Car,Non-incapacitating,FOLLOWING TOO CLOSELY,SR37S & SR45W,39.148144,-86.572992
901841748,2012,6,6,Weekday,1200,2-Car,No injury/unknown,FOLLOWING TOO CLOSELY,SR37 & W BLOOMFIELD RD,39.148144,-86.572992
901841996,2012,6,6,Weekday,1800,2-Car,Non-incapacitating,FOLLOWING TOO CLOSELY,SR37 & SR45E,39.148144,-86.572992
901866676,2012,8,7,Weekend,1400,2-Car,No injury/unknown,FAILURE TO YIELD RIGHT OF WAY,BLOOMFIELD RD & SR37N,39.148144,-86.572992
901875393,2012,8,3,Weekday,1800,2-Car,No injury/unknown,FAILURE TO YIELD RIGHT OF WAY,SR37N & W BLOOMFIELD RD,39.148144,-86.572992
901875750,2012,8,3,Weekday,1500,2-Car,No injury/unknown,UNSAFE LANE MOVEMENT,BLOOMFIELD RD & SR37N,39.148144,-86.572992
901881546,2012,9,2,Weekday,1500,2-Car,No injury/unknown,FOLLOWING TOO CLOSELY,BLOOMFIELD RD & SR45,39.148144,-86.572992
901926971,2012,11,4,Weekday,1600,2-Car,Non-incapacitating,DISREGARD SIGNAL/REG SIGN,BLOOMFIELD RD & SR3715,39.148144,-86.572992
901935869,2012,12,7,Weekend,1200,2-Car,No injury/unknown,FOLLOWING TOO CLOSELY,SR37S & SR45W,39.148144,-86.572992
901907750,2012,10,1,Weekday,2100,1-Car,No injury/unknown,OVERCORRECTING/OVERSTEERING,E LAMPKINS RIDGE RD & S BELLEMEADE,39.14800381,-86.4490069
901920042,2012,11,6,Weekday,1500,2-Car,No injury/unknown,FOLLOWING TOO CLOSELY,HILLSIDE & ROGERS ST,39.14789704,-86.53869304
901812689,2012,4,6,Weekday,1100,Moped/Motorcycle,No injury/unknown,OTHER (DRIVER) - EXPLAIN IN NARRATIVE,INNOVATION CT & VERNAL,39.14778453,-86.5948002
901780019,2012,2,4,Weekday,1000,2-Car,Non-incapacitating,LEFT OF CENTER,LEONARD SPRINGS & SR45W,39.14776038,-86.57428005
901844390,2012,6,3,Weekday,1900,2-Car,Non-incapacitating,FOLLOWING TOO CLOSELY,BLOOMFIELD RD & SR37,39.14773506,-86.57308102
901840207,2012,6,3,Weekday,1500,2-Car,Non-incapacitating,UNSAFE LANE MOVEMENT,SR37S & W 2ND,39.14773506,-86.57295227
901844975,2012,6,5,Weekday,1600,2-Car,No injury/unknown,FAILURE TO YIELD RIGHT OF WAY,STATE ROAD 45 WEST BLOOMFIELD RD & WALMART,39.14768705,-86.57294151
901798951,2012,3,4,Weekday,800,2-Car,No injury/unknown,DRIVER DISTRACTED - EXPLAIN IN NARRATIVE,CLARIZZ BLVD & WILLMINGTON,39.14756885,-86.49082973
901933195,2012,12,2,Weekday,1300,2-Car,No injury/unknown,OTHER (DRIVER) - EXPLAIN IN NARRATIVE,SR 37 SOUTH RAMP & W BLOOMFIELD,39.14755997,-86.57323676
901857207,2012,7,2,Weekday,1400,2-Car,No injury/unknown,FOLLOWING TOO CLOSELY,BLOOMFIELD RD & SR37,39.1475299,-86.57295025
901873666,2012,8,6,Weekend,2200,3+ Cars,No injury/unknown,FOLLOWING TOO CLOSELY,BLOOMFIELD RD & SR 37,39.1475299,-86.57295025
901922976,2012,11,4,Weekday,1500,2-Car,No injury/unknown,LEFT OF CENTER,LEONARD SPRINGS RD & TAPP,39.14739684,-86.58261023
901876466,2012,8,5,Weekday,1700,2-Car,Non-incapacitating,FOLLOWING TOO CLOSELY,RAMP 15 & W BLOOMFIELD ST,39.14736064,-86.57355309
901934196,2012,12,4,Weekday,1400,Cyclist,No injury/unknown,FAILURE TO YIELD RIGHT OF WAY,SOUTH WALNUT ST,39.14734171,-86.53265829
901813804,2012,4,4,Weekday,900,2-Car,No injury/unknown,UNSAFE BACKING,S BIRCH LN,39.14728047,-86.56919577
901858886,2012,7,5,Weekday,2300,2-Car,No injury/unknown,IMPROPER PASSING,W ROLL AVE,39.14727911,-86.58099554
901757107,2012,1,6,Weekday,1700,2-Car,Non-incapacitating,FOLLOWING TOO CLOSELY,CURRY PIKE & ROLL,39.14719999,-86.58259011
901773112,2012,2,7,Weekend,1400,2-Car,No injury/unknown,FOLLOWING TOO CLOSELY,CURRY PIKE & ROLL,39.14719999,-86.58259011
901879422,2012,8,4,Weekday,1100,Moped/Motorcycle,Incapacitating,OTHER (DRIVER) - EXPLAIN IN NARRATIVE,CURRY PIKE & ROLL,39.14719999,-86.58259011
901767857,2012,1,3,Weekday,800,2-Car,No injury/unknown,FAILURE TO YIELD RIGHT OF WAY,E MILLER DR & S HENDERSON,39.147152,-86.526896
901841067,2012,6,5,Weekday,0,2-Car,No injury/unknown,UNSAFE BACKING,E MILLER DR,39.14713279,-86.5274177
901840424,2012,6,4,Weekday,700,Moped/Motorcycle,Non-incapacitating,VIEW OBSTRUCTED,E MELROSE AVE,39.14709603,-86.52841574
901788325,2012,3,2,Weekday,2200,1-Car,No injury/unknown,RAN OFF ROAD RIGHT,MILLER DR,39.14704308,-86.52681022
901794320,2012,3,1,Weekend,1000,Moped/Motorcycle,Non-incapacitating,OTHER (DRIVER) - EXPLAIN IN NARRATIVE,S ROGERS ST,39.146992,-86.5388
901935961,2012,12,7,Weekend,1500,Pedestrian,Non-incapacitating,DISREGARD SIGNAL/REG SIGN,HIGHLAND & MILLER DR,39.146992,-86.517392
901760145,2012,1,4,Weekday,1800,2-Car,No injury/unknown,FOLLOWING TOO CLOSELY,MILLER & WALNUT ST,39.146944,-86.532544
901828462,2012,5,2,Weekday,1600,Bus,No injury/unknown,IMPROPER PASSING,E MILLER & S WALNUT ST,39.146944,-86.532544
901866723,2012,8,7,Weekend,2200,2-Car,No injury/unknown,UNSAFE BACKING,E MILLER DR,39.146944,-86.532544
901893930,2012,9,4,Weekday,800,2-Car,No injury/unknown,FAILURE TO YIELD RIGHT OF WAY,MILLER & S WALNUT ST,39.146944,-86.532544
901899814,2012,10,1,Weekend,1400,2-Car,No injury/unknown,FAILURE TO YIELD RIGHT OF WAY,MILLER & WALNUT ST,39.146944,-86.532544
901894571,2012,9,5,Weekday,800,Pedestrian,Non-incapacitating,PEDESTRIAN ACTION,HENDERSON & MILLER DR,39.14691031,-86.52693025
901883059,2012,9,4,Weekday,1400,2-Car,Non-incapacitating,FAILURE TO YIELD RIGHT OF WAY,E MILLER & S WALNUT ST,39.14689019,-86.53265006
901937948,2012,12,3,Weekday,1400,2-Car,No injury/unknown,UNSAFE LANE MOVEMENT,MILLER & WALNUT ST,39.14689019,-86.53265006
901902216,2012,10,5,Weekday,800,Bus,No injury/unknown,FAILURE TO YIELD RIGHT OF WAY,HUNTINGTON & MILLER DR,39.14686002,-86.5208403
901782538,2012,2,4,Weekday,1900,2-Car,No injury/unknown,FOLLOWING TOO CLOSELY,MAXWELL & MILLER DR,39.14680973,-86.51504424
901822153,2012,5,5,Weekday,1500,2-Car,No injury/unknown,UNSAFE LANE MOVEMENT,SR37S & SR45W,39.14661715,-86.57467102
901942893,2012,12,2,Weekday,1400,Bus,No injury/unknown,FAILURE TO YIELD RIGHT OF WAY,WALNUT ST & WINSLOW,39.14653696,-86.5311098
901816512,2012,4,2,Weekday,2100,2-Car,No injury/unknown,FOLLOWING TOO CLOSELY,ROCKPORT & ROGERS ST,39.146448,-86.5388
901861803,2012,7,4,Weekday,1700,2-Car,No injury/unknown,FAILURE TO YIELD RIGHT OF WAY,HIGH ST & QUEENS,39.14642014,-86.50834992
901778029,2012,2,3,Weekday,700,1-Car,No injury/unknown,SPEED TOO FAST FOR WEATHER CONDITIONS,BASSWOOPD DR DR & COPPER BEECH DR,39.14611801,-86.57108008
901911284,2012,10,6,Weekday,1300,2-Car,No injury/unknown,UNSAFE LANE MOVEMENT,LIBERTY & SR45,39.14609163,-86.57574127
901818712,2012,5,6,Weekday,1100,2-Car,No injury/unknown,UNSAFE BACKING,SOUTH WALNUT ST,39.14609156,-86.53228889
901905410,2012,10,4,Weekday,800,1-Car,Incapacitating,RAN OFF ROAD RIGHT,1232 GARRISON CHAPEL RD & GIFFORD,39.14606696,-86.64312008
901801862,2012,2,7,Weekend,2000,2-Car,No injury/unknown,FOLLOWING TOO CLOSELY,2ND ST & 37,39.146014,-86.575846
901877816,2012,8,2,Weekday,600,Moped/Motorcycle,Non-incapacitating,FAILURE TO YIELD RIGHT OF WAY,CURRY PIKE & WOODLYN,39.145856,-86.582592
901824969,2012,5,4,Weekday,800,2-Car,No injury/unknown,FOLLOWING TOO CLOSELY,S WALNUT ST,39.145848,-86.532216
901864744,2012,7,6,Weekday,1700,2-Car,No injury/unknown,UNSAFE BACKING,SOUTH WALNUT ST,39.145848,-86.532216
901811718,2012,4,6,Weekday,1600,2-Car,No injury/unknown,FOLLOWING TOO CLOSELY,LIBERTY & W SR 45 HWY,39.14579957,-86.57646028
901789473,2012,3,4,Weekday,2000,2-Car,No injury/unknown,UNSAFE LANE MOVEMENT,LIBERTY & SR45W,39.14563768,-86.57674521
901862292,2012,7,5,Weekday,1600,3+ Cars,Non-incapacitating,FAILURE TO YIELD RIGHT OF WAY,BLOOMFIELD & S LIBERTY DR,39.14531378,-86.57803237
901758541,2012,1,3,Weekday,1000,2-Car,No injury/unknown,,LIBERTY DR DR,39.145264,-86.577616
901771019,2012,1,2,Weekday,1400,1-Car,No injury/unknown,IMPROPER LANE USAGE,LIBERTY DR,39.145264,-86.577616
901794213,2012,3,7,Weekend,2100,3+ Cars,No injury/unknown,UNSAFE BACKING,S LIBERTY DR,39.145264,-86.577616
901820931,2012,5,3,Weekday,1600,2-Car,No injury/unknown,UNSAFE BACKING,SOUTH LIBERTY DR,39.145264,-86.577616
901821876,2012,5,5,Weekday,1200,2-Car,No injury/unknown,FAILURE TO YIELD RIGHT OF WAY,LIBERTY DR,39.145264,-86.577616
901835009,2012,6,2,Weekday,100,Moped/Motorcycle,Non-incapacitating,UNSAFE SPEED,LIBERTY DR,39.145264,-86.577616
901840351,2012,6,3,Weekday,2200,2-Car,Non-incapacitating,UNSAFE BACKING,S LIBERTY DR,39.145264,-86.577616
901842553,2012,6,1,Weekend,1700,2-Car,No injury/unknown,UNSAFE BACKING,LIBERTY DR,39.145264,-86.577616
901870496,2012,8,7,Weekend,1900,2-Car,No injury/unknown,UNSAFE BACKING,LIBERTY DR,39.145264,-86.577616
901911229,2012,10,6,Weekend,1900,2-Car,No injury/unknown,,S LIBERTY DR,39.145264,-86.577616