Master Record Number,Year,Month,Day,Weekend?,Hour,Collision Type,Injury Type,Primary Factor,Reported_Location,Latitude,Longitude
901923929,2012,11,6,Weekday,900,2-Car,No injury/unknown,OTHER (DRIVER) - EXPLAIN IN NARRATIVE,SOUTH LIBERTY DR,39.145264,-86.577616
901950071,2012,12,2,Weekday,800,2-Car,No injury/unknown,,S LIBERTY DR,39.145264,-86.577616
901864980,2012,7,3,Weekday,1700,1-Car,No injury/unknown,OTHER (VEHICLE) - EXPLAIN IN NARRATIVE,45 & LIBERTY DR,39.14515902,-86.57793328
901853996,2012,7,3,Weekday,700,2-Car,No injury/unknown,FAILURE TO YIELD RIGHT OF WAY,NORTH & S WALNUT ST,39.14515324,-86.53200808
901769311,2012,1,6,Weekday,1300,2-Car,No injury/unknown,FAILURE TO YIELD RIGHT OF WAY,LIBERTY & SR45W,39.145152,-86.5776
901771849,2012,2,4,Weekday,1600,2-Car,No injury/unknown,UNSAFE LANE MOVEMENT,LIBERTY & STATE ROAD 45 RD,39.145152,-86.5776
901787025,2012,3,7,Weekend,1100,2-Car,Non-incapacitating,FAILURE TO YIELD RIGHT OF WAY,LIBERTY & SR45W,39.145152,-86.5776
901841143,2012,6,5,Weekday,1000,2-Car,No injury/unknown,FAILURE TO YIELD RIGHT OF WAY,S LIBERTY DR & SR45,39.145152,-86.5776
901933487,2012,12,3,Weekday,1300,2-Car,No injury/unknown,SPEED TOO FAST FOR WEATHER CONDITIONS,S LIBERTY DR & SR45W,39.145152,-86.5776
901944011,2012,12,6,Weekday,700,2-Car,No injury/unknown,FAILURE TO YIELD RIGHT OF WAY,LIBERTY & W ST RD 45 HWY,39.145152,-86.5776
901835401,2012,6,2,Weekday,1100,2-Car,No injury/unknown,SPEED TOO FAST FOR WEATHER CONDITIONS,10TH & JORDAN AVE,39.14514916,-86.51566028
901866403,2012,8,6,Weekday,1600,1-Car,No injury/unknown,IMPROPER LANE USAGE,CARDINAL GLEN & WALNUT STREET PIKE,39.14508199,-86.52653999
901929494,2012,11,3,Weekday,1000,2-Car,No injury/unknown,FAILURE TO YIELD RIGHT OF WAY,GUY & ROCKPORT RD,39.14504,-86.54
901907139,2012,10,6,Weekday,1200,2-Car,No injury/unknown,FOLLOWING TOO CLOSELY,S LIBERTY & W 2ND ST,39.14502123,-86.57776834
901853831,2012,7,2,Weekday,1700,3+ Cars,No injury/unknown,FOLLOWING TOO CLOSELY,LIBERTY & SR45E,39.14502002,-86.5777875
901858103,2012,7,4,Weekday,1400,2-Car,No injury/unknown,FOLLOWING TOO CLOSELY,LIBERTY & SR45E,39.14502002,-86.57777884
901878737,2012,8,3,Weekday,1100,2-Car,No injury/unknown,FOLLOWING TOO CLOSELY,LIBERTY & SR45W,39.14502002,-86.57777018
901791499,2012,3,2,Weekday,1100,2-Car,Non-incapacitating,DRIVER DISTRACTED - EXPLAIN IN NARRATIVE,2ND & PATTERSON ST,39.14488973,-86.54850997
901830634,2012,5,6,Weekday,1500,2-Car,No injury/unknown,FOLLOWING TOO CLOSELY,EAST NORTH & SOUTH HENDERSON ST,39.144848,-86.526848
901919514,2012,11,5,Weekday,1900,2-Car,Non-incapacitating,FAILURE TO YIELD RIGHT OF WAY,NORTH & S HENDERSON ST,39.144848,-86.526848
901795092,2012,3,2,Weekday,1500,3+ Cars,Non-incapacitating,FOLLOWING TOO CLOSELY,E NORTH & S WALNUT ST,39.144752,-86.531888
901795167,2012,3,2,Weekday,1200,2-Car,No injury/unknown,FAILURE TO YIELD RIGHT OF WAY,NORTH & S WALNUT ST,39.144752,-86.531888
901807956,2012,4,7,Weekend,1400,2-Car,No injury/unknown,SPEED TOO FAST FOR WEATHER CONDITIONS,NORTH & S WALNUT ST,39.144752,-86.531888
901822112,2012,5,5,Weekday,1900,2-Car,No injury/unknown,FAILURE TO YIELD RIGHT OF WAY,NORTH & WALNUT ST,39.144752,-86.531888
901828483,2012,5,2,Weekday,1800,3+ Cars,Non-incapacitating,FOLLOWING TOO CLOSELY,NORTH & S WALNUT ST,39.144752,-86.531888
901922295,2012,11,3,Weekday,1800,1-Car,No injury/unknown,IMPROPER TURNING,NORTH & SOUTH WALNUT ST,39.144752,-86.531888
901812302,2012,4,1,Weekend,1400,2-Car,No injury/unknown,UNSAFE LANE MOVEMENT,SR37S & VERNAL,39.14472727,-86.56233005
901855440,2012,7,5,Weekday,1400,2-Car,Non-incapacitating,FAILURE TO YIELD RIGHT OF WAY,HENDERSON ST & SUMMIT VIEW,39.14454997,-86.52695976
901897922,2012,10,4,Weekday,1400,Pedestrian,Non-incapacitating,FAILURE TO YIELD RIGHT OF WAY,HENDERSON & SUMMIT VIEW PL,39.14454997,-86.52695976
901824201,2012,5,2,Weekday,1700,2-Car,No injury/unknown,UNSAFE BACKING,EAST KERI MARIE LN,39.14445341,-86.52036957
901841138,2012,6,5,Weekday,900,2-Car,Non-incapacitating,FOLLOWING TOO CLOSELY,HENDERSON ST & NORTH,39.14429874,-86.52683825
901898681,2012,10,5,Weekday,2100,2-Car,No injury/unknown,FAILURE TO YIELD RIGHT OF WAY,HAWKSMOORE DR & RAILWAY,39.14422005,-86.50152973
901813593,2012,4,2,Weekday,1700,1-Car,No injury/unknown,OTHER (ENVIRONMENTAL) - EXPLAIN IN NARR,E MOORES & S SARE RD,39.14411784,-86.49918012
901906857,2012,10,6,Weekday,1400,2-Car,No injury/unknown,FOLLOWING TOO CLOSELY,NORTH & WALNUT ST,39.14411008,-86.53180986
901933395,2012,12,3,Weekday,1200,2-Car,No injury/unknown,FOLLOWING TOO CLOSELY,NORTH DR & WALNUT,39.14411008,-86.53180986
901855786,2012,7,6,Weekday,1400,3+ Cars,No injury/unknown,FOLLOWING TOO CLOSELY,CURRY PIKE & INDUSTRIAL,39.14392971,-86.58262029
901804847,2012,4,2,Weekday,1300,2-Car,No injury/unknown,FAILURE TO YIELD RIGHT OF WAY,CURRY PIKE & INDUSTRIAL,39.143808,-86.582592
901860063,2012,7,7,Weekend,1400,2-Car,No injury/unknown,OTHER (DRIVER) - EXPLAIN IN NARRATIVE,CURRY PIKE PIKE & INDUSTRIAL,39.143808,-86.582592
901877814,2012,8,2,Weekday,600,2-Car,Non-incapacitating,DRIVER DISTRACTED - EXPLAIN IN NARRATIVE,INDUSTRIAL & S CURRY PIKE,39.143808,-86.582592
901860658,2012,7,2,Weekday,1500,3+ Cars,No injury/unknown,DRIVER DISTRACTED - EXPLAIN IN NARRATIVE,INDUSTRIAL & S CURRY PIKE,39.14371187,-86.582592
901819895,2012,5,2,Weekday,700,3+ Cars,No injury/unknown,FOLLOWING TOO CLOSELY,VERMILYA & WALNUT ST,39.14363485,-86.53324015
901871402,2012,8,2,Weekday,1600,2-Car,No injury/unknown,DRIVER DISTRACTED - EXPLAIN IN NARRATIVE,INDUSTRIAL & SR45W,39.14359979,-86.58031889
901800802,2012,3,7,Weekend,2200,2-Car,Non-incapacitating,DISREGARD SIGNAL/REG SIGN,INDUSTRIAL & SR45W,39.14359979,-86.58031024
901899595,2012,10,7,Weekend,1700,2-Car,Non-incapacitating,FAILURE TO YIELD RIGHT OF WAY,SR45W & WEST INDUSTRIAL,39.14359979,-86.58031024
901903533,2012,10,7,Weekend,2200,2-Car,Non-incapacitating,OTHER (DRIVER) - EXPLAIN IN NARRATIVE,SR45W & W INDUSTRIAL,39.14359979,-86.58031024
901793740,2012,3,6,Weekday,1200,3+ Cars,Non-incapacitating,FOLLOWING TOO CLOSELY,INDUSTRIAL & SR45E,39.143552,-86.580528
901853813,2012,7,2,Weekday,1700,2-Car,No injury/unknown,FAILURE TO YIELD RIGHT OF WAY,INDUSTRIAL & WEST 45 HWY,39.143552,-86.580528
901864697,2012,7,2,Weekday,1900,2-Car,No injury/unknown,FOLLOWING TOO CLOSELY,INDUSTRIAL & SR 45 RD,39.143552,-86.580528
901849194,2012,6,6,Weekday,1800,Pedestrian,Non-incapacitating,FAILURE TO YIELD RIGHT OF WAY,COUNTRYSIDE & ROCKPORT RD,39.14339997,-86.54181987
901784564,2012,2,6,Weekday,1600,2-Car,No injury/unknown,UNSAFE BACKING,MITCHELL & THIRD ST,39.14310143,-86.51422999
901892185,2012,9,1,Weekend,1000,2-Car,No injury/unknown,UNSAFE BACKING,1226 W COUNTRYSIDE LN & PEOPLES,39.142902,-86.54795236
901922157,2012,11,3,Weekday,1500,2-Car,No injury/unknown,UNSAFE BACKING,SOUTH WALNUT ST,39.142555,-86.531238
901796214,2012,3,4,Weekday,1600,2-Car,Non-incapacitating,FOLLOWING TOO CLOSELY,3RD ST & PATTERSON DR,39.14229184,-86.55128002
901884873,2012,8,6,Weekend,2200,2-Car,No injury/unknown,UNSAFE BACKING,WALNUT ST,39.142217,-86.531138
901758479,2012,1,6,Weekday,1300,2-Car,No injury/unknown,FAILURE TO YIELD RIGHT OF WAY,LEONARD SPRINGS & SR45W,39.142048,-86.582592
901776119,2012,2,6,Weekday,1600,2-Car,No injury/unknown,FOLLOWING TOO CLOSELY,LEONARD SPRINGS RD & SR45,39.142048,-86.582592
901780260,2012,2,6,Weekday,400,2-Car,Non-incapacitating,DISREGARD SIGNAL/REG SIGN,CURRY & SR45E,39.142048,-86.582592
901792544,2012,3,4,Weekday,700,2-Car,No injury/unknown,FAILURE TO YIELD RIGHT OF WAY,LEONARD SPRINGS RD & SR45E,39.142048,-86.582592
901803343,2012,4,5,Weekday,1700,2-Car,No injury/unknown,FAILURE TO YIELD RIGHT OF WAY,S LEONARD SPRINGS RD & SR45W,39.142048,-86.582592
901811125,2012,4,5,Weekday,1800,Bus,No injury/unknown,IMPROPER TURNING,CURRY & SR45E,39.142048,-86.582592
901811168,2012,4,5,Weekday,2000,2-Car,No injury/unknown,FAILURE TO YIELD RIGHT OF WAY,CURRY & SR45W,39.142048,-86.582592
901811217,2012,4,5,Weekday,1600,2-Car,No injury/unknown,FAILURE TO YIELD RIGHT OF WAY,SOUTH LEONARD SPRINGS & SR45W,39.142048,-86.582592
901859586,2012,7,7,Weekend,1100,2-Car,Non-incapacitating,DRIVER DISTRACTED - EXPLAIN IN NARRATIVE,CURRY & SR45W,39.142048,-86.582592
901887837,2012,9,6,Weekday,1400,2-Car,No injury/unknown,UNSAFE BACKING,CURRY PIKE & SR45W,39.142048,-86.582592
901887996,2012,9,7,Weekend,1100,Moped/Motorcycle,Non-incapacitating,IMPROPER PASSING,LEONARD SPRINGS & W SR 45 HWY,39.142048,-86.582592
901903662,2012,10,1,Weekend,1100,2-Car,Non-incapacitating,FAILURE TO YIELD RIGHT OF WAY,LEONARD SPRINGS & SR45E,39.142048,-86.582592
901904887,2012,10,3,Weekday,800,2-Car,No injury/unknown,OTHER (DRIVER) - EXPLAIN IN NARRATIVE,LEONARD SPRINGS & SR45W,39.142048,-86.582592
901816733,2012,4,5,Weekday,1600,2-Car,No injury/unknown,FAILURE TO YIELD RIGHT OF WAY,S WALNUT ST & SOUTH,39.142048,-86.531088
901819240,2012,5,7,Weekend,1700,2-Car,Non-incapacitating,FOLLOWING TOO CLOSELY,S WALNUT ST & SOUTH,39.142048,-86.531088
901856185,2012,7,7,Weekend,1900,2-Car,Non-incapacitating,FOLLOWING TOO CLOSELY,CURRY & SR 45 RD,39.14195023,-86.58260743
901884107,2012,9,5,Weekday,1600,2-Car,Non-incapacitating,LEFT OF CENTER,LEONARD SPRINGS RD & SR 45,39.14195023,-86.58259011
901886528,2012,9,3,Weekday,2000,2-Car,No injury/unknown,FAILURE TO YIELD RIGHT OF WAY,CURRY & SR45W,39.14195023,-86.58259011
901880391,2012,8,6,Weekday,700,2-Car,No injury/unknown,IMPROPER PASSING,LEONARD SPRINGS & SR45W,39.14195023,-86.58257972
901825058,2012,5,4,Weekday,800,2-Car,No injury/unknown,FAILURE TO YIELD RIGHT OF WAY,CURRY & SR45W,39.14195023,-86.58256414
901898561,2012,10,4,Weekday,2100,3+ Cars,Non-incapacitating,DRIVER DISTRACTED - EXPLAIN IN NARRATIVE,LEONARD SPRINGS & SR45W,39.14195023,-86.58254682
901865712,2012,7,1,Weekend,1500,Moped/Motorcycle,Non-incapacitating,FAILURE TO YIELD RIGHT OF WAY,LEONARD SPRINGS & SR45E,39.14190066,-86.5828886
901771491,2012,1,3,Weekday,1600,2-Car,No injury/unknown,UNSAFE BACKING,DUNN ST & SMITH,39.14166186,-86.52843028
901780715,2012,2,7,Weekend,1900,2-Car,No injury/unknown,LEFT OF CENTER,S GARRISON CHAPEL RD & SPICER,39.141648,-86.6428
901798206,2012,3,1,Weekend,1800,Moped/Motorcycle,No injury/unknown,OTHER (ENVIRONMENTAL) - EXPLAIN IN NARR,S GARRISON CHAPEL RD & SPICER,39.141648,-86.6428
901899333,2012,10,6,Weekend,2100,1-Car,No injury/unknown,ROADWAY SURFACE CONDITION,ENDWRIGHT RD & WENDYS,39.14153958,-86.5963441
901864671,2012,7,3,Weekday,1700,2-Car,No injury/unknown,OTHER (DRIVER) - EXPLAIN IN NARRATIVE,CURRY & SR45W,39.14145928,-86.58418054
901918064,2012,11,3,Weekday,1900,1-Car,No injury/unknown,ANIMAL/OBJECT IN ROADWAY,CURRY & SR45,39.14145928,-86.58418054
901805056,2012,4,1,Weekend,1500,2-Car,No injury/unknown,UNSAFE BACKING,SOUTH LEONARD SPRINGS RD,39.14130718,-86.58264778
901841735,2012,6,6,Weekday,1100,2-Car,No injury/unknown,ENGINE FAILURE OR DEFECTIVE,SOUTH LEONARD SPRINGS RD,39.14130718,-86.58264778
901856253,2012,7,7,Weekend,400,2-Car,No injury/unknown,OVERCORRECTING/OVERSTEERING,S FORD AVE & W COOLIDGE,39.14128587,-86.54106947
901822135,2012,5,5,Weekday,1200,2-Car,No injury/unknown,FAILURE TO YIELD RIGHT OF WAY,CURRY & SR45W,39.14121185,-86.58422591
901792885,2012,3,4,Weekday,1500,2-Car,No injury/unknown,UNSAFE BACKING,E KRISTEN CT & S FORRESTER,39.14108992,-86.49248701
901938354,2012,12,4,Weekday,800,2-Car,No injury/unknown,LEFT OF CENTER,BENT TREE DR & WYLIE FARM,39.14107986,-86.52172006
901909347,2012,10,3,Weekday,1300,2-Car,No injury/unknown,BRAKE FAILURE OR DEFECTIVE,SOUTH LEONARD SPRINGS RD,39.14107513,-86.58297729
901902593,2012,10,5,Weekday,1800,2-Car,No injury/unknown,FAILURE TO YIELD RIGHT OF WAY,10TH & SMITH RD,39.14095043,-86.48266978
901863570,2012,7,6,Weekday,1300,2-Car,No injury/unknown,FOLLOWING TOO CLOSELY,LEONARD SPRINGS & SR45W,39.14090754,-86.58579544
901843374,2012,6,2,Weekday,2200,2-Car,Non-incapacitating,UNSAFE SPEED,S OLD ST RD 37 RD & WAYSIDE,39.14085811,-86.53117015
901790224,2012,3,5,Weekday,900,2-Car,No injury/unknown,UNSAFE LANE MOVEMENT,ELLIS & SR37S,39.14052448,-86.53258033
901855880,2012,7,6,Weekday,1700,2-Car,Non-incapacitating,UNSAFE LANE MOVEMENT,ELLIS & SR37N,39.14052448,-86.53258033
901900662,2012,10,2,Weekday,1700,3+ Cars,Non-incapacitating,FAILURE TO YIELD RIGHT OF WAY,LENARD SPRINGS RD & WALNUT LEAF,39.140352,-86.582576
901798810,2012,3,3,Weekday,1500,Moped/Motorcycle,Non-incapacitating,ANIMAL/OBJECT IN ROADWAY,2ND & ROGERS ST,39.14025312,-86.53867028
901887530,2012,9,6,Weekday,1200,2-Car,No injury/unknown,FAILURE TO YIELD RIGHT OF WAY,SO COLLEGE AVE & W 2ND,39.14023137,-86.53492981
901927592,2012,11,6,Weekday,1400,2-Car,No injury/unknown,DISREGARD SIGNAL/REG SIGN,S ROCKPORT RD & W GRAHAM,39.140144,-86.54496
901793639,2012,3,6,Weekday,200,1-Car,No injury/unknown,RAN OFF ROAD RIGHT,S BANTA & W GRAHAM DR,39.140144,-86.544688
901891034,2012,9,5,Weekday,1300,2-Car,No injury/unknown,FOLLOWING TOO CLOSELY,S MEADOW CREEK & S SARE RD,39.14010455,-86.49999015
901798802,2012,3,3,Weekday,1800,2-Car,No injury/unknown,UNSAFE BACKING,MULBERRY LN & OLCOTT,39.14003983,-86.49072982
901826985,2012,5,7,Weekend,1000,1-Car,No injury/unknown,UNSAFE SPEED,BANTA & GRAHAM DR,39.13996004,-86.54481992
901885386,2012,9,2,Weekday,1500,2-Car,No injury/unknown,IMPROPER PASSING,10TH & UNION ST,39.1398208,-86.5094503
901756059,2012,1,4,Weekday,1800,2-Car,Non-incapacitating,CELL PHONE USAGE,GRAHAM & ROGERS ST,39.13980983,-86.53866022
901919527,2012,11,5,Weekday,1500,2-Car,No injury/unknown,FOLLOWING TOO CLOSELY,GRAHAM & ROGERS ST,39.13980983,-86.53866022
901774428,2012,2,3,Weekday,700,2-Car,Non-incapacitating,IMPROPER LANE USAGE,SR37S & TAPP,39.13978646,-86.57292991
901906443,2012,10,6,Weekday,1600,1-Car,Non-incapacitating,OVERCORRECTING/OVERSTEERING,EAST GRAHAM PL & HENDERSON,39.139584,-86.526768
901805094,2012,4,2,Weekday,2000,2-Car,No injury/unknown,OTHER (DRIVER) - EXPLAIN IN NARRATIVE,S HIGHLAND AVE,39.13951412,-86.51756532
901760385,2012,1,6,Weekday,400,1-Car,No injury/unknown,RAN OFF ROAD RIGHT,WALNUT ST,39.13943525,-86.53054507
901895858,2012,9,7,Weekend,1300,2-Car,No injury/unknown,OTHER (DRIVER) - EXPLAIN IN NARRATIVE,S WALNUT ST,39.13943525,-86.53054507
901811680,2012,4,6,Weekday,1500,2-Car,No injury/unknown,FOLLOWING TOO CLOSELY,GRAHAM & ROGERS ST,39.13937194,-86.53836834
901870720,2012,8,2,Weekday,600,2-Car,No injury/unknown,UNSAFE BACKING,KIRBY RD,39.13936324,-86.61030806
901800725,2012,3,7,Weekend,1500,2-Car,No injury/unknown,OTHER (DRIVER) - EXPLAIN IN NARRATIVE,SOUTH OLD STATE ROAD 37 HWY,39.138688,-86.465968
901908497,2012,10,1,Weekday,2000,2-Car,No injury/unknown,OVERCORRECTING/OVERSTEERING,S OLD SR 37,39.138688,-86.465968
901889754,2012,9,1,Weekend,1800,2-Car,No injury/unknown,IMPROPER LANE USAGE,SOUTH OLD STATE ROAD 37 HWY,39.138688,-86.465968
901918284,2012,11,6,Weekday,1700,2-Car,No injury/unknown,UNSAFE BACKING,S OLD STATE 37 RD,39.138688,-86.465968
901789241,2012,3,3,Weekday,2100,1-Car,No injury/unknown,ANIMAL/OBJECT IN ROADWAY,AIRPORT & SR45W,39.13851891,-86.59099291
901834621,2012,5,5,Weekday,1900,2-Car,No injury/unknown,OTHER (VEHICLE) - EXPLAIN IN NARRATIVE,AIRPORT & SR45W,39.13851891,-86.59099291
901778980,2012,2,3,Weekday,2300,2-Car,No injury/unknown,IMPROPER LANE USAGE,DAVID DR & FORRESTER,39.13846001,-86.49337119
901779281,2012,2,4,Weekday,900,Bus,No injury/unknown,OVERCORRECTING/OVERSTEERING,S WALNUT ST,39.13736,-86.529904
901929697,2012,11,3,Weekday,1400,2-Car,No injury/unknown,IMPROPER TURNING,S WALNUT ST,39.137264,-86.529808
901918190,2012,11,3,Weekday,2100,Pedestrian,No injury/unknown,OTHER (DRIVER) - EXPLAIN IN NARRATIVE,SOUTH WINSLOW CT,39.13726277,-86.52401169
901791842,2012,3,1,Weekday,2000,2-Car,No injury/unknown,UNSAFE LANE MOVEMENT,SR37N & TAPP,39.13724598,-86.57289854
901820986,2012,5,3,Weekday,1600,3+ Cars,No injury/unknown,VIEW OBSTRUCTED,AIRPORT & SR45W,39.13718219,-86.59323219
901917721,2012,11,2,Weekday,1100,2-Car,No injury/unknown,FAILURE TO YIELD RIGHT OF WAY,AUTO MALL RD & BUICK CADILLAC,39.13717426,-86.49611033
901803886,2012,4,2,Weekday,1400,2-Car,No injury/unknown,UNSAFE BACKING,S OLD STATE ROAD 37 HWY,39.137088,-86.53056
901834973,2012,6,7,Weekend,1800,1-Car,No injury/unknown,IMPROPER LANE USAGE,S OLD STATE ROAD 37 HWY,39.137088,-86.53056
901855550,2012,7,6,Weekday,200,1-Car,No injury/unknown,RAN OFF ROAD RIGHT,RAYLE & TAPP RD,39.13704001,-86.57820935
901799841,2012,3,5,Weekday,1500,2-Car,Non-incapacitating,FAILURE TO YIELD RIGHT OF WAY,AIRPORT & GARISON CHAPEL RD,39.13704,-86.642832
901936310,2012,12,1,Weekend,1400,2-Car,No injury/unknown,IMPROPER TURNING,AIRPORT & GARRISON CHAPEL RD,39.13704,-86.642832
901947994,2012,12,4,Weekday,1500,2-Car,No injury/unknown,OTHER (ENVIRONMENTAL) - EXPLAIN IN NARR,LEONARD SPRINGS & TAPP RD,39.13704,-86.58215932
901790637,2012,3,6,Weekday,1600,2-Car,Non-incapacitating,OTHER (DRIVER) - EXPLAIN IN NARRATIVE,SR37S & TAPP,39.13704,-86.572896
901768158,2012,1,3,Weekday,700,2-Car,No injury/unknown,FAILURE TO YIELD RIGHT OF WAY,SR37S & W TAPP,39.13704,-86.572896
901855572,2012,7,5,Weekday,1100,2-Car,No injury/unknown,DISREGARD SIGNAL/REG SIGN,SR37S & TAPP,39.13704,-86.572896
901897125,2012,9,7,Weekend,1300,2-Car,No injury/unknown,IMPROPER LANE USAGE,SR37N & TAPP,39.13704,-86.572896
901922548,2012,11,4,Weekday,700,2-Car,No injury/unknown,FOLLOWING TOO CLOSELY,SR37S & TAPP,39.13704,-86.572896
901855573,2012,7,5,Weekday,1200,1-Car,No injury/unknown,OBSTRUCTION NOT MARKED,AIRPORT RD & CAVE,39.13688,-86.628768
901781582,2012,2,3,Weekday,700,1-Car,No injury/unknown,RAN OFF ROAD RIGHT,S BUNGER RD & W AIRPORT,39.136848,-86.606
901799254,2012,3,4,Weekday,1000,2-Car,Non-incapacitating,OTHER (DRIVER) - EXPLAIN IN NARRATIVE,SR45W & W AIRPORT,39.136848,-86.593792
901875199,2012,8,3,Weekday,1000,2-Car,Non-incapacitating,FAILURE TO YIELD RIGHT OF WAY,S LEONARD SPRINGS RD & W TAPP,39.1368299,-86.58261023
901875420,2012,8,3,Weekday,1600,2-Car,No injury/unknown,RAN OFF ROAD RIGHT,ROGERS & SOUTH SARE RD,39.13679949,-86.49636375
901774359,2012,2,5,Weekday,900,2-Car,No injury/unknown,SPEED TOO FAST FOR WEATHER CONDITIONS,SR37S & TAPP,39.13679034,-86.5731997
901799060,2012,3,5,Weekday,1900,2-Car,No injury/unknown,DRIVER DISTRACTED - EXPLAIN IN NARRATIVE,SR37S & TAPP,39.13679034,-86.5731997
901805272,2012,4,3,Weekday,700,2-Car,No injury/unknown,FOLLOWING TOO CLOSELY,SR37N & TAPP,39.13679034,-86.5731997
901891003,2012,9,5,Weekday,1600,2-Car,No injury/unknown,FOLLOWING TOO CLOSELY,AIRPORT & SR45,39.13678957,-86.59378836
901855953,2012,7,6,Weekday,1800,1-Car,No injury/unknown,ANIMAL/OBJECT IN ROADWAY,SR37 & W TAPP,39.13676894,-86.57289398
901897314,2012,10,3,Weekday,900,2-Car,No injury/unknown,FAILURE TO YIELD RIGHT OF WAY,SR37 & W TAPP,39.13676894,-86.57289398
901825792,2012,5,5,Weekday,800,1-Car,Non-incapacitating,RAN OFF ROAD RIGHT,TAPP RD,39.13675748,-86.57470978
901935899,2012,12,6,Weekday,1000,3+ Cars,Non-incapacitating,DRIVER DISTRACTED - EXPLAIN IN NARRATIVE,AIRPORT & SR45W,39.13666541,-86.59405546
901881167,2012,9,1,Weekend,800,1-Car,Non-incapacitating,SPEED TOO FAST FOR WEATHER CONDITIONS,DEBORAH & TAPP RD,39.13666025,-86.56792654
901833375,2012,5,5,Weekday,600,1-Car,No injury/unknown,ANIMAL/OBJECT IN ROADWAY,DEBERAH & TAPP RD,39.13666025,-86.56783998
901900661,2012,10,7,Weekend,1700,2-Car,No injury/unknown,FAILURE TO YIELD RIGHT OF WAY,DEBORAH & TAPP RD,39.13666025,-86.56783998
901773406,2012,2,1,Weekend,1300,2-Car,No injury/unknown,FOLLOWING TOO CLOSELY,DEBORAH & TAPP RD,39.13666025,-86.56783348
901908209,2012,10,2,Weekday,1100,2-Car,No injury/unknown,FAILURE TO YIELD RIGHT OF WAY,CURRY PIKE & JONATHON,39.13663356,-86.5829797
901871612,2012,8,3,Weekday,800,2-Car,Non-incapacitating,FOLLOWING TOO CLOSELY,ADAMS & TAPP RD,39.13662001,-86.55431673
901819564,2012,5,1,Weekday,1900,3+ Cars,No injury/unknown,UNSAFE LANE MOVEMENT,S WINSLOW CT,39.13657022,-86.52381328
901807397,2012,4,6,Weekend,1900,2-Car,No injury/unknown,FAILURE TO YIELD RIGHT OF WAY,TAPP RD & WEIMER,39.13653016,-86.56207664
901848089,2012,6,4,Weekday,1600,2-Car,No injury/unknown,FOLLOWING TOO CLOSELY,TAPP RD & WEIMER,39.13653016,-86.56199008
901854003,2012,7,2,Weekday,1300,2-Car,No injury/unknown,FOLLOWING TOO CLOSELY,TAPP RD & WEIMER,39.13653016,-86.56199008
901806675,2012,4,5,Weekday,2200,2-Car,No injury/unknown,FOLLOWING TOO CLOSELY,TAPP RD & WEIMER,39.136512,-86.562016
901826452,2012,5,5,Weekday,1800,1-Car,No injury/unknown,RAN OFF ROAD RIGHT,HIGHLAND AVE & WINSLOW,39.13645967,-86.51847542
901768195,2012,1,4,Weekday,1800,2-Car,No injury/unknown,FAILURE TO YIELD RIGHT OF WAY,COUNTRY CLUB DR & ROCKPORT,39.136448,-86.548704
901834151,2012,5,5,Weekday,1800,2-Car,No injury/unknown,FOLLOWING TOO CLOSELY,COUNTRY CLUB DR & ROCKPORT,39.136448,-86.548704
901855705,2012,7,5,Weekday,1600,2-Car,No injury/unknown,FOLLOWING TOO CLOSELY,ROCKPORT & W TAPP RD,39.136448,-86.548704
901850977,2012,7,3,Weekday,1200,2-Car,No injury/unknown,FAILURE TO YIELD RIGHT OF WAY,E ROGERS RD & SO HIGH,39.13642254,-86.50808314
901921669,2012,10,5,Weekday,700,1-Car,No injury/unknown,ANIMAL/OBJECT IN ROADWAY,AIRPORT & SR45W,39.13639002,-86.59442586
901768154,2012,1,4,Weekday,1700,2-Car,No injury/unknown,SPEED TOO FAST FOR WEATHER CONDITIONS,COUNTRY CLUB DR & ROCKPORT,39.13637399,-86.5465901
901760547,2012,1,6,Weekday,800,2-Car,Non-incapacitating,FAILURE TO YIELD RIGHT OF WAY,E ROGERS RD & WINDING BROOK,39.136368,-86.505056
901942677,2012,12,4,Weekday,1100,2-Car,No injury/unknown,FOLLOWING TOO CLOSELY,COUNTRY CLUB DR & ROCKPORT,39.13634978,-86.5487933
901901097,2012,10,2,Weekday,1800,2-Car,No injury/unknown,FAILURE TO YIELD RIGHT OF WAY,ROCKPORT RD & TAPP,39.13634978,-86.54875002
901797470,2012,3,6,Weekday,1700,2-Car,No injury/unknown,FAILURE TO YIELD RIGHT OF WAY,BANTA & COUNTRY CLUB RD,39.13632869,-86.54529663
901760146,2012,1,4,Weekday,1700,2-Car,No injury/unknown,LEFT OF CENTER,COUNTRY CLUB DR & ROCKPORT,39.13632463,-86.54518084
901847976,2012,6,3,Weekday,1700,2-Car,Non-incapacitating,FOLLOWING TOO CLOSELY,BANTA & COUNTRY CLUB DR,39.136304,-86.544592
901929718,2012,11,2,Weekday,1800,2-Car,Non-incapacitating,FOLLOWING TOO CLOSELY,S WALNUT ST & WINSLOW,39.13628485,-86.52882885
901877611,2012,8,1,Weekend,1700,2-Car,Non-incapacitating,LEFT OF CENTER,COUNTRY CLUB RD & MILTON,39.13627689,-86.54209614