Master Record Number,Year,Month,Day,Weekend?,Hour,Collision Type,Injury Type,Primary Factor,Reported_Location,Latitude,Longitude
901897654,2012,10,4,Weekday,1100,1-Car,No injury/unknown,CELL PHONE USAGE,COTA DR,39.13618469,-86.56938171
901801125,2012,4,1,Weekend,1200,1-Car,No injury/unknown,RAN OFF ROAD RIGHT,ABBY & WINSLOW RD,39.136144,-86.51023799
901825917,2012,5,5,Weekday,1600,2-Car,Non-incapacitating,FOLLOWING TOO CLOSELY,HIGH & WINSLOW RD,39.136144,-86.50862501
901802385,2012,4,3,Weekday,1600,2-Car,No injury/unknown,FAILURE TO YIELD RIGHT OF WAY,S MARKET & W FAIRINGTON ST,39.136144,-86.580704
901754271,2012,1,2,Weekday,1300,2-Car,No injury/unknown,FAILURE TO YIELD RIGHT OF WAY,E WINSLOW RD & S WALNUT,39.136144,-86.528688
901820148,2012,5,2,Weekday,1400,2-Car,No injury/unknown,FOLLOWING TOO CLOSELY,WALNUT & WINSLOW ST,39.136144,-86.528688
901800416,2012,3,6,Weekday,1800,2-Car,Non-incapacitating,FAILURE TO YIELD RIGHT OF WAY,WALNUT ST & WINSLOW,39.136144,-86.528688
901811692,2012,4,6,Weekday,1400,Moped/Motorcycle,Non-incapacitating,RAN OFF ROAD RIGHT,WALNUT & WINSLOW RD,39.136144,-86.528688
901821183,2012,5,4,Weekday,800,2-Car,No injury/unknown,FOLLOWING TOO CLOSELY,S WALNUT ST & WINSLOW,39.136144,-86.528688
901826415,2012,5,6,Weekday,1100,2-Car,No injury/unknown,FOLLOWING TOO CLOSELY,E WINSLOW RD & S WALNUT,39.136144,-86.528688
901828452,2012,5,2,Weekday,1800,2-Car,Non-incapacitating,FAILURE TO YIELD RIGHT OF WAY,E WINSLOW & S WALNUT ST,39.136144,-86.528688
901830946,2012,5,7,Weekend,1300,2-Car,No injury/unknown,DISREGARD SIGNAL/REG SIGN,S WALNUT & WINSLOW RD,39.136144,-86.528688
901840420,2012,6,4,Weekday,800,Cyclist,Non-incapacitating,FAILURE TO YIELD RIGHT OF WAY,E WINSLOW & S WALNUT ST,39.136144,-86.528688
901862830,2012,7,6,Weekday,1600,Pedestrian,Non-incapacitating,FAILURE TO YIELD RIGHT OF WAY,WALNUT & WINSLOW RD,39.136144,-86.528688
901932228,2012,12,1,Weekday,2100,2-Car,No injury/unknown,FAILURE TO YIELD RIGHT OF WAY,WALNUT STREET & WINSLOW RD,39.136144,-86.528688
901948504,2012,12,6,Weekday,1000,2-Car,No injury/unknown,DISREGARD SIGNAL/REG SIGN,HENDERSON & WINSLOW RD,39.136144,-86.5268
901784867,2012,2,2,Weekday,1800,2-Car,No injury/unknown,FOLLOWING TOO CLOSELY,BURBERRY & WINSLOW RD,39.136144,-86.52296
901841961,2012,6,6,Weekday,1500,2-Car,No injury/unknown,FOLLOWING TOO CLOSELY,E WINSLOW & S HIGH ST,39.136144,-86.508096
901841986,2012,6,6,Weekday,1600,1-Car,Non-incapacitating,RAN OFF ROAD RIGHT,HIGH & WINSLOW RD,39.136144,-86.508096
901933036,2012,12,2,Weekday,2100,1-Car,No injury/unknown,ANIMAL/OBJECT IN ROADWAY,E WINSLOW FARM & WINSLOW RD,39.136144,-86.508096
901761105,2012,1,6,Weekday,1700,2-Car,No injury/unknown,FAILURE TO YIELD RIGHT OF WAY,WALNUT & WINSLOW RD,39.1361266,-86.52763029
901773258,2012,2,7,Weekend,1100,2-Car,No injury/unknown,IMPROPER PASSING,WALNUT & WINSLOW RD,39.1361266,-86.52763029
901781346,2012,2,2,Weekday,1700,2-Car,Non-incapacitating,FAILURE TO YIELD RIGHT OF WAY,COUNTRY CLUB DR & MILTON,39.13609028,-86.53937107
901868545,2012,8,4,Weekday,700,2-Car,No injury/unknown,FOLLOWING TOO CLOSELY,COUNTRY CLUB DR & ROGERS,39.13608777,-86.53827205
901858523,2012,7,5,Weekday,900,2-Car,No injury/unknown,LEFT OF CENTER,ALLENDALE & E WINSLOW RD,39.13608583,-86.51652884
901814675,2012,4,4,Weekday,1700,3+ Cars,Non-incapacitating,FOLLOWING TOO CLOSELY,COUNTRY CLUB DR & ROGERS,39.13608,-86.538096
901840828,2012,6,4,Weekday,1900,2-Car,No injury/unknown,FOLLOWING TOO CLOSELY,S ROGERS & W COUNTRY CLUB DR,39.13608,-86.538096
901841486,2012,6,5,Weekday,2200,2-Car,No injury/unknown,FOLLOWING TOO CLOSELY,COUNTRY CLUB & ROGERS ST,39.13608,-86.538096
901842598,2012,6,1,Weekday,2000,2-Car,No injury/unknown,FOLLOWING TOO CLOSELY,COUNTRY CLUB DR & ROGERS,39.13608,-86.538096
901875495,2012,8,3,Weekday,1200,2-Car,Non-incapacitating,DRIVER DISTRACTED - EXPLAIN IN NARRATIVE,COUNTRY CLUB DR & ROGERS,39.13607234,-86.53783168
901789751,2012,3,4,Weekday,1700,2-Car,No injury/unknown,DRIVER DISTRACTED - EXPLAIN IN NARRATIVE,HIGHLAND & WINSLOW RD,39.136048,-86.518496
901848954,2012,6,6,Weekday,1100,2-Car,No injury/unknown,OTHER (DRIVER) - EXPLAIN IN NARRATIVE,HIGHLAND & WINSLOW RD,39.136048,-86.518496
901825913,2012,5,5,Weekday,1800,2-Car,Non-incapacitating,FOLLOWING TOO CLOSELY,HIGHLAND & WINSLOW RD,39.136048,-86.518496
901776346,2012,2,7,Weekend,200,2-Car,No injury/unknown,IMPROPER PASSING,COUNTRY CLUB & ROGERS ST,39.13603999,-86.53826996
901887141,2012,9,5,Weekday,1400,2-Car,No injury/unknown,UNSAFE LANE MOVEMENT,COUNTRY CLUB RD & ROGERS,39.13603999,-86.53826996
901941540,2012,12,2,Weekday,1500,2-Car,No injury/unknown,FOLLOWING TOO CLOSELY,COUNTRY CLUB RD & ROGERS,39.13603999,-86.53826996
901830686,2012,5,6,Weekend,2000,1-Car,Non-incapacitating,OTHER (DRIVER) - EXPLAIN IN NARRATIVE,EAST WINSLOW RD & HENDERSON,39.13603999,-86.52688861
901852546,2012,7,6,Weekday,1500,3+ Cars,No injury/unknown,FOLLOWING TOO CLOSELY,HENDERSON & WINLSOW RD,39.13603999,-86.52687996
901855977,2012,7,6,Weekend,2300,2-Car,Non-incapacitating,FOLLOWING TOO CLOSELY,HENDERSON & WINSLOW RD,39.13603999,-86.52687996
901897283,2012,10,3,Weekday,1800,1-Car,Non-incapacitating,RAN OFF ROAD RIGHT,ROGERS RD & THE STANDS,39.13599975,-86.50409996
901776736,2012,2,7,Weekend,1800,2-Car,No injury/unknown,FAILURE TO YIELD RIGHT OF WAY,E WINSLOW RD & S WALNUT ST,39.13598615,-86.52880354
901936645,2012,12,3,Weekday,1200,2-Car,Non-incapacitating,FAILURE TO YIELD RIGHT OF WAY,WALNUT & WINSLOW RD,39.13597025,-86.53111846
901847268,2012,6,3,Weekday,1200,Moped/Motorcycle,Non-incapacitating,FOLLOWING TOO CLOSELY,WALNUT & WINSLOW RD,39.13597025,-86.53111413
901757235,2012,1,7,Weekend,800,2-Car,No injury/unknown,CELL PHONE USAGE,WALNUT ST & WINSLOW,39.13597025,-86.5311098
901759415,2012,1,4,Weekday,1700,2-Car,No injury/unknown,FAILURE TO YIELD RIGHT OF WAY,S WALNUT ST & WINSLOW,39.13597025,-86.5311098
901820295,2012,5,2,Weekday,1600,2-Car,Non-incapacitating,FAILURE TO YIELD RIGHT OF WAY,COUNTRY CLUB DR & S WALNUT,39.13597025,-86.5311098
901798172,2012,3,2,Weekday,1200,2-Car,No injury/unknown,UNSAFE BACKING,COUNTRY CLUB & S WALNUT ST,39.13597025,-86.5311098
901813173,2012,4,2,Weekday,1600,2-Car,Non-incapacitating,FAILURE TO YIELD RIGHT OF WAY,WALNUT & WINSLOW RD,39.13597025,-86.5311098
901820473,2012,5,2,Weekday,500,2-Car,No injury/unknown,LEFT OF CENTER,COUNTRY CLUB DR & WALNUT,39.13597025,-86.5311098
901874797,2012,8,2,Weekday,1600,2-Car,Non-incapacitating,FOLLOWING TOO CLOSELY,S WALNUT ST & WINSLOW,39.13597025,-86.5311098
901876264,2012,8,5,Weekday,1100,2-Car,Non-incapacitating,FAILURE TO YIELD RIGHT OF WAY,WALNUT & WINSLOW RD,39.13597025,-86.5311098
901870514,2012,8,1,Weekend,1400,2-Car,Non-incapacitating,FOLLOWING TOO CLOSELY,COUNTRY CLUB DR & WALNUT,39.13597025,-86.53110115
901822623,2012,5,6,Weekday,1500,2-Car,No injury/unknown,FOLLOWING TOO CLOSELY,COUNTRY CLUB DR & WALNUT,39.13597025,-86.5310925
901872194,2012,8,4,Weekday,700,3+ Cars,Non-incapacitating,FAILURE TO YIELD RIGHT OF WAY,COUNTRY CLUB DR & WALNUT,39.13597025,-86.5310925
901756046,2012,1,4,Weekday,1700,2-Car,Non-incapacitating,FAILURE TO YIELD RIGHT OF WAY,COUNTRY CLUB DR & WALNUT,39.13597025,-86.53108385
901942684,2012,12,3,Weekday,1700,2-Car,No injury/unknown,FAILURE TO YIELD RIGHT OF WAY,SOUTH WALNUT & WEST COUNTRY CLUB RD,39.13597025,-86.53108385
901796656,2012,3,5,Weekday,1700,2-Car,Incapacitating,FOLLOWING TOO CLOSELY,COUNTRY CLUB RD & WALNUT,39.13597025,-86.53102327
901761769,2012,1,1,Weekend,1500,2-Car,No injury/unknown,UNSAFE BACKING,ATLEE ST & BRICKLIN,39.13596054,-86.49332016
901903261,2012,10,6,Weekday,900,Pedestrian,Non-incapacitating,OTHER (DRIVER) - EXPLAIN IN NARRATIVE,ROGERS RD & SARE,39.13596019,-86.4965301
901854094,2012,7,3,Weekday,1000,2-Car,Non-incapacitating,LEFT OF CENTER,FARRINGTON & MARKET PL,39.13588978,-86.58094994
901776625,2012,2,7,Weekend,1400,2-Car,No injury/unknown,FAILURE TO YIELD RIGHT OF WAY,ROGERS & SARE RD,39.13584,-86.496288
901766202,2012,1,1,Weekend,900,1-Car,No injury/unknown,ROADWAY SURFACE CONDITION,ROGERS RD & SMITH,39.1358119,-86.48437517
901766589,2012,1,1,Weekend,900,2-Car,No injury/unknown,LEFT OF CENTER,ROGERS RD & SMITH,39.1358119,-86.48437517
901829215,2012,5,3,Weekday,1200,2-Car,No injury/unknown,TIRE FAILURE OR DEFECTIVE,ROGERS RD & SNODDY,39.13575755,-86.48984065
901814821,2012,4,5,Weekday,700,3+ Cars,Non-incapacitating,FAILURE TO YIELD RIGHT OF WAY,SR37S & TAPP,39.13566671,-86.572896
901822913,2012,5,7,Weekend,600,1-Car,No injury/unknown,DRIVER ILLNESS,S KNIGHT RIDGE & SR446S,39.135648,-86.462
901929073,2012,11,2,Weekday,1500,2-Car,Non-incapacitating,FAILURE TO YIELD RIGHT OF WAY,SOUTH WALNUT ST & WINSLOW,39.13543097,-86.52815779
901817053,2012,5,3,Weekday,1600,2-Car,No injury/unknown,UNSAFE BACKING,SOUTH MCINTYRE DR,39.13530573,-86.56985834
901848332,2012,6,4,Weekday,700,2-Car,Incapacitating,FAILURE TO YIELD RIGHT OF WAY,DUNCAN & SR45W,39.13504,-86.596192
901788582,2012,3,3,Weekday,800,2-Car,No injury/unknown,FOLLOWING TOO CLOSELY,SR37N & TAPP,39.13484273,-86.572896
901794811,2012,3,2,Weekday,800,2-Car,No injury/unknown,UNSAFE BACKING,S WALNUT ST,39.13432546,-86.52733091
901817038,2012,5,3,Weekday,1700,2-Car,No injury/unknown,FAILURE TO YIELD RIGHT OF WAY,S WALNUT ST,39.13432546,-86.52733091
901862343,2012,7,4,Weekday,1400,2-Car,No injury/unknown,IMPROPER TURNING,SOUTH WALNUT ST,39.13432546,-86.52733091
901869825,2012,8,6,Weekday,1200,2-Car,No injury/unknown,FAILURE TO YIELD RIGHT OF WAY,S WALNUT ST,39.13432546,-86.52733091
901812301,2012,4,1,Weekend,1400,1-Car,No injury/unknown,ANIMAL/OBJECT IN ROADWAY,SR37N & TAPP,39.13429342,-86.572896
901779766,2012,2,5,Weekday,1500,2-Car,No injury/unknown,FOLLOWING TOO CLOSELY,SR37S & VERNAL,39.13414963,-86.56233005
901761615,2012,1,5,Weekday,2300,1-Car,No injury/unknown,ROADWAY SURFACE CONDITION,GARDNER RD & HOFF,39.13386729,-86.64823206
901934221,2012,12,4,Weekday,1600,2-Car,No injury/unknown,IMPROPER TURNING,HENDERSON ST & WALNUT,39.133744,-86.526896
901814733,2012,4,6,Weekend,2100,2-Car,No injury/unknown,IMPROPER TURNING,ROLLING RIDGE WAY,39.133744,-86.50592
901883196,2012,9,4,Weekday,1500,1-Car,No injury/unknown,RAN OFF ROAD RIGHT,8164 GARDNER RD & HOFF,39.13357252,-86.64860162
901815293,2012,4,7,Weekend,600,1-Car,No injury/unknown,RAN OFF ROAD RIGHT,WESTMINSTER WAY,39.13338326,-86.52182266
901827235,2012,5,7,Weekend,1500,2-Car,No injury/unknown,UNSAFE BACKING,YONKERS ST,39.13312241,-86.57425582
901935696,2012,12,5,Weekday,2100,1-Car,No injury/unknown,ANIMAL/OBJECT IN ROADWAY,S KNIGHTRIDGE & SR446S,39.13295416,-86.45328513
902000154,2012,9,4,Weekday,2200,2-Car,No injury/unknown,OTHER (DRIVER) - EXPLAIN IN NARRATIVE,SOUTH LEONARD SPRINGS RD,39.13289443,-86.58253245
901844689,2012,6,5,Weekday,800,2-Car,No injury/unknown,TIRE FAILURE OR DEFECTIVE,FULLERTON & SR37S,39.1327829,-86.57137982
901902918,2012,10,6,Weekday,700,2-Car,No injury/unknown,UNSAFE SPEED,SR37 & W TAPP,39.13264281,-86.57289535
901776115,2012,2,6,Weekend,1900,2-Car,Non-incapacitating,FOLLOWING TOO CLOSELY,MEADOW CREEK & SARE RD,39.13218029,-86.49999015
901911262,2012,10,6,Weekday,1700,2-Car,Non-incapacitating,LEFT OF CENTER,MEADOW CREEK & S SARE RD,39.13218029,-86.49999015
901819643,2012,5,1,Weekend,200,2-Car,No injury/unknown,UNSAFE BACKING,W HOOSIER COURT AVE,39.1319809,-86.53210449
901765607,2012,1,7,Weekend,0,1-Car,No injury/unknown,ROADWAY SURFACE CONDITION,COUNTRY CLUB & ROGERS ST,39.13166801,-86.53844215
901866282,2012,8,5,Weekday,1700,2-Car,Non-incapacitating,FAILURE TO YIELD RIGHT OF WAY,8700 BLK GARDNER RD & HOFF,39.13151605,-86.67303912
901858013,2012,7,4,Weekday,1300,Moped/Motorcycle,Non-incapacitating,FAILURE TO YIELD RIGHT OF WAY,LEONARD SPRINGS RD & MAYBURY,39.13149029,-86.58259011
901871392,2012,8,2,Weekday,2000,1-Car,No injury/unknown,IMPROPER LANE USAGE,W PINEWOOD DR,39.13142726,-86.53203181
901815741,2012,4,7,Weekend,2100,1-Car,No injury/unknown,OTHER (ENVIRONMENTAL) - EXPLAIN IN NARR,SOUTH SNODDY RD,39.13141787,-86.48967236
901838814,2012,6,1,Weekend,1400,2-Car,No injury/unknown,DISREGARD SIGNAL/REG SIGN,GREEN RD & TULIP,39.131408,-86.541504
901880731,2012,8,6,Weekday,1500,1-Car,No injury/unknown,ROADWAY SURFACE CONDITION,MERRITT & SR446S,39.1313205,-86.42514981
901798790,2012,3,3,Weekday,1400,2-Car,No injury/unknown,IMPROPER LANE USAGE,E ALLENDALE DR & S WESTMINSTER,39.13104,-86.521792
901834572,2012,6,7,Weekend,1300,Bus,No injury/unknown,OVERCORRECTING/OVERSTEERING,FISHERS & JORDAN AVE,39.13087181,-86.5168599
901776935,2012,2,1,Weekend,100,2-Car,No injury/unknown,,2208 LAURELWOOD DR & WYLIE FARMS,39.13053161,-86.52255984
901938068,2012,12,3,Weekday,1800,2-Car,Non-incapacitating,FAILURE TO YIELD RIGHT OF WAY,SOUTH & WALNUT ST,39.130177,-86.526808
901825412,2012,5,7,Weekend,200,3+ Cars,No injury/unknown,OTHER (DRIVER) - EXPLAIN IN NARRATIVE,FESTIVE & TYLER LN,39.130144,-86.577024
901868039,2012,8,3,Weekday,1200,2-Car,No injury/unknown,UNSAFE BACKING,CEDARWOOD DR & CLAYBRIDGE,39.12992825,-86.50649258
901791071,2012,3,7,Weekend,1700,2-Car,No injury/unknown,FAILURE TO YIELD RIGHT OF WAY,BUNGER & SR45W,39.12936,-86.604336
901883456,2012,8,2,Weekday,1000,2-Car,No injury/unknown,FOLLOWING TOO CLOSELY,BUNGER & SR45W,39.12936,-86.604336
901943462,2012,12,5,Weekday,1600,2-Car,No injury/unknown,FOLLOWING TOO CLOSELY,BUNGER & SR45W,39.12936,-86.604336
901872992,2012,8,5,Weekday,1900,2-Car,No injury/unknown,FOLLOWING TOO CLOSELY,BUNGER & SR45W,39.12924998,-86.60429991
901924253,2012,11,6,Weekday,1600,2-Car,Non-incapacitating,DRIVER DISTRACTED - EXPLAIN IN NARRATIVE,BUNGER & SR45W,39.12924998,-86.60429991
901769313,2012,1,6,Weekday,1000,2-Car,No injury/unknown,OTHER (DRIVER) - EXPLAIN IN NARRATIVE,CHEEKWOOD & CREEKS EDGE DR,39.12912995,-86.49925991
901899360,2012,10,7,Weekend,200,1-Car,No injury/unknown,RAN OFF ROAD RIGHT,2ND & PATTERSON ST,39.12902963,-86.54850997
901849527,2012,6,7,Weekend,1300,2-Car,No injury/unknown,UNSAFE BACKING,S WALNUT ST,39.12901992,-86.52678557
901888057,2012,9,6,Weekday,600,2-Car,No injury/unknown,UNSAFE BACKING,CREEKS EDGE DR,39.12891805,-86.49947315
901891700,2012,9,7,Weekend,100,1-Car,Incapacitating,SPEED TOO FAST FOR WEATHER CONDITIONS,SOUTH CHAPLE HILL ROAD & SR446S,39.12867299,-86.4053481
901778930,2012,2,4,Weekday,700,2-Car,No injury/unknown,IMPROPER TURNING,S WALNUT ST,39.12838149,-86.5267942
901857512,2012,7,3,Weekday,1200,2-Car,No injury/unknown,OTHER (DRIVER) - EXPLAIN IN NARRATIVE,FORRESTER ST & WINSTON,39.12807641,-86.49141982
901899456,2012,10,7,Weekend,300,2-Car,No injury/unknown,OTHER (DRIVER) - EXPLAIN IN NARRATIVE,SOUTH WALNUT ST,39.12800598,-86.53055572
901838193,2012,6,6,Weekday,1600,2-Car,No injury/unknown,FOLLOWING TOO CLOSELY,ISON & SR45W,39.12788004,-86.60652011
901764724,2012,1,5,Weekday,1100,2-Car,No injury/unknown,ACCELERATOR FAILURE OR DEFECTIVE,CREEKS EDGE DR,39.12787247,-86.50183105
901862895,2012,7,6,Weekday,1700,3+ Cars,Non-incapacitating,FOLLOWING TOO CLOSELY,EASTGATE & SR46S,39.12784655,-86.50148011
901810902,2012,4,5,Weekday,900,2-Car,No injury/unknown,UNSAFE BACKING,PEONY LN,39.12776,-86.585024
901772853,2012,2,6,Weekday,1700,Pedestrian,Non-incapacitating,FAILURE TO YIELD RIGHT OF WAY,MCDOUGAL & SOUTH ROCKPORT RD,39.127711,-86.556339
901899564,2012,10,5,Weekday,500,2-Car,No injury/unknown,FAILURE TO YIELD RIGHT OF WAY,WOODHAVEN DR & WOODMERE,39.127664,-86.57891232
901946361,2012,12,3,Weekday,1900,1-Car,No injury/unknown,ANIMAL/OBJECT IN ROADWAY,BUNGER RD & STATE ROAD 45,39.12734433,-86.60379058
901786730,2012,3,5,Weekday,2100,1-Car,No injury/unknown,RAN OFF ROAD RIGHT,S WICKENS ST & W HENNESSEY,39.12719636,-86.55259028
901859110,2012,7,6,Weekday,1100,2-Car,No injury/unknown,FAILURE TO YIELD RIGHT OF WAY,S WALNUT STREET PIKE,39.12716835,-86.52677353
901780441,2012,2,7,Weekend,900,Pedestrian,No injury/unknown,IMPROPER PASSING,SOUTH LEONARD SPRINGS RD & WEST LEONARD SPRINGS,39.126976,-86.582464
901884142,2012,9,6,Weekday,1300,2-Car,No injury/unknown,FAILURE TO YIELD RIGHT OF WAY,LEONARD SPRINGS RD,39.12671462,-86.58263772
901769391,2012,1,6,Weekday,1800,2-Car,No injury/unknown,FOLLOWING TOO CLOSELY,BURKS & WALNUT ST,39.12666969,-86.53136998
901893844,2012,9,3,Weekday,2100,2-Car,Non-incapacitating,FOLLOWING TOO CLOSELY,BURKS & WALNUT ST,39.12666969,-86.53136998
901848309,2012,6,5,Weekday,1000,2-Car,No injury/unknown,BRAKE FAILURE OR DEFECTIVE,WEST HEATHERWOOD LN,39.126592,-86.59046624
901842603,2012,6,1,Weekend,0,2-Car,No injury/unknown,OTHER (DRIVER) - EXPLAIN IN NARRATIVE,GLASGOW CIR,39.12655771,-86.55168436
901939334,2012,12,5,Weekday,1300,2-Car,No injury/unknown,DRIVER DISTRACTED - EXPLAIN IN NARRATIVE,AIRPORT & GARRISON CHAPEL RD,39.12646272,-86.64291031
901804767,2012,4,2,Weekday,1200,2-Car,No injury/unknown,,S WALNUT ST ST,39.12641137,-86.52674795
901822921,2012,5,7,Weekend,1400,2-Car,No injury/unknown,IMPROPER TURNING,S WALNUT ST,39.12633358,-86.52674532
901831055,2012,5,7,Weekend,1400,2-Car,No injury/unknown,UNSAFE SPEED,S WALNUT ST PIKE,39.12631655,-86.52674475
901880693,2012,8,6,Weekday,1200,2-Car,No injury/unknown,UNSAFE BACKING,S WALNUT ST PIKE,39.12631655,-86.52674475
901945026,2012,12,7,Weekend,1500,2-Car,No injury/unknown,LEFT OF CENTER,EASTMONT AVE & VALMORE,39.12564751,-86.61780394
901831094,2012,5,7,Weekend,2100,2-Car,No injury/unknown,FAILURE TO YIELD RIGHT OF WAY,BURKS DR & WALNUT ST,39.12556998,-86.52668509
901772851,2012,2,5,Weekday,1400,1-Car,No injury/unknown,IMPROPER LANE USAGE,WEST STATE ROAD 45,39.125552,-86.610192
901819342,2012,5,1,Weekend,200,2-Car,No injury/unknown,UNSAFE BACKING,45 HWY,39.125552,-86.610192
901854335,2012,7,2,Weekday,2100,2-Car,No injury/unknown,,SOUTH PARKRIDGE RD,39.125476,-86.540226
901755173,2012,1,3,Weekday,1500,2-Car,No injury/unknown,DRIVER DISTRACTED - EXPLAIN IN NARRATIVE,WEST STATE RD 45 RD,39.125312,-86.610496
901766004,2012,1,7,Weekend,2000,2-Car,No injury/unknown,UNSAFE BACKING,WEST STATE ROAD 45 RD,39.125312,-86.610496
901768118,2012,1,7,Weekend,1900,2-Car,No injury/unknown,,W 45 HWY,39.125312,-86.610496
901768997,2012,1,5,Weekday,1400,2-Car,No injury/unknown,OTHER (DRIVER) - EXPLAIN IN NARRATIVE,WEST 45 HWY,39.125312,-86.610496
901769000,2012,1,5,Weekday,1100,2-Car,No injury/unknown,FAILURE TO YIELD RIGHT OF WAY,WEST 45 HWY,39.125312,-86.610496
901779177,2012,2,4,Weekday,1000,2-Car,No injury/unknown,FAILURE TO YIELD RIGHT OF WAY,SR45W,39.125312,-86.610496
901780469,2012,2,7,Weekend,1200,3+ Cars,No injury/unknown,IMPROPER TURNING,W STATE ROAD 45 RD,39.125312,-86.610496
901780586,2012,2,7,Weekend,0,2-Car,No injury/unknown,ROADWAY SURFACE CONDITION,W SR45 HWY,39.125312,-86.610496
901786971,2012,3,5,Weekday,1200,2-Car,No injury/unknown,UNSAFE BACKING,SR45W,39.125312,-86.610496
901794196,2012,3,7,Weekend,1700,2-Car,No injury/unknown,OTHER (DRIVER) - EXPLAIN IN NARRATIVE,W SR 45 RD,39.125312,-86.610496
901801799,2012,3,7,Weekend,2000,2-Car,No injury/unknown,OTHER (DRIVER) - EXPLAIN IN NARRATIVE,WEST ST RD 45 HWY,39.125312,-86.610496
901852584,2012,7,5,Weekday,1500,2-Car,No injury/unknown,FAILURE TO YIELD RIGHT OF WAY,WEST STATE ROAD 45 HWY,39.125312,-86.610496
901822917,2012,5,7,Weekend,1400,2-Car,No injury/unknown,OTHER (DRIVER) - EXPLAIN IN NARRATIVE,WEST 45 HWY,39.125312,-86.610496
901840316,2012,6,2,Weekday,1800,2-Car,No injury/unknown,UNSAFE BACKING,W STATE ROAD 45 RD,39.125312,-86.610496
901840978,2012,6,1,Weekend,1100,2-Car,No injury/unknown,OTHER (DRIVER) - EXPLAIN IN NARRATIVE,WEST 45 HWY,39.125312,-86.610496
901853832,2012,7,1,Weekday,2200,2-Car,No injury/unknown,FAILURE TO YIELD RIGHT OF WAY,SR45W,39.125312,-86.610496
901855493,2012,7,5,Weekday,1800,1-Car,No injury/unknown,RAN OFF ROAD RIGHT,W STATE ROAD 45 RD,39.125312,-86.610496
901862613,2012,7,4,Weekday,1300,2-Car,No injury/unknown,LEFT OF CENTER,SR45W,39.125312,-86.610496
901863290,2012,7,1,Weekend,1100,2-Car,No injury/unknown,IMPROPER LANE USAGE,WEST 45 HWY,39.125312,-86.610496
901872649,2012,8,1,Weekend,900,1-Car,No injury/unknown,UNSAFE BACKING,WEST STATE ROAD 45 HWY,39.125312,-86.610496
901877538,2012,8,1,Weekend,1500,2-Car,No injury/unknown,UNSAFE LANE MOVEMENT,STATE ROAD 45 RD,39.125312,-86.610496
901881291,2012,9,1,Weekend,1600,2-Car,No injury/unknown,OTHER (DRIVER) - EXPLAIN IN NARRATIVE,SR45W,39.125312,-86.610496
901890763,2012,9,5,Weekday,1300,Pedestrian,Non-incapacitating,ANIMAL/OBJECT IN ROADWAY,SR45W,39.125312,-86.610496
901921216,2012,11,7,Weekend,1700,2-Car,No injury/unknown,FAILURE TO YIELD RIGHT OF WAY,SR45W,39.125312,-86.610496
901934697,2012,12,4,Weekday,1500,2-Car,No injury/unknown,FAILURE TO YIELD RIGHT OF WAY,W STATE ROAD 45 RD,39.125312,-86.610496
901811216,2012,4,5,Weekday,1500,2-Car,No injury/unknown,FAILURE TO YIELD RIGHT OF WAY,GILLHAM & SR45W,39.125072,-86.6108
901767598,2012,1,6,Weekend,2000,2-Car,No injury/unknown,ROADWAY SURFACE CONDITION,HAYS & S ROGERS ST,39.12504,-86.5388
901785618,2012,2,3,Weekday,600,1-Car,No injury/unknown,ANIMAL/OBJECT IN ROADWAY,FULLERTON & SR37S,39.12497215,-86.57225753
901814419,2012,4,5,Weekday,700,3+ Cars,No injury/unknown,FOLLOWING TOO CLOSELY,SOUTH & WALNUT ST,39.12489443,-86.526808
901920721,2012,11,1,Weekend,1800,1-Car,No injury/unknown,ANIMAL/OBJECT IN ROADWAY,SR37S & W FULLERTON,39.12466863,-86.57248671
901944538,2012,12,6,Weekday,1800,2-Car,Non-incapacitating,FOLLOWING TOO CLOSELY,SR37N & VERNAL,39.12455872,-86.55998992
901814393,2012,4,3,Weekday,1900,Moped/Motorcycle,Non-incapacitating,RAN OFF ROAD RIGHT,CRAMER CIR,39.12440926,-86.5455126
901830156,2012,5,3,Weekday,2200,Moped/Motorcycle,No injury/unknown,ANIMAL/OBJECT IN ROADWAY,FULLERTON & ROCKPORT RD,39.12440105,-86.56053861
901758587,2012,1,2,Weekday,1600,2-Car,No injury/unknown,FAILURE TO YIELD RIGHT OF WAY,BARGE & LEONARD SPRINGS RD,39.12438323,-86.58261023
901780020,2012,2,7,Weekend,700,1-Car,Non-incapacitating,RAN OFF ROAD RIGHT,ROCKPORT & SR37S,39.12426608,-86.57197254
901918456,2012,11,4,Weekday,800,2-Car,No injury/unknown,SPEED TOO FAST FOR WEATHER CONDITIONS,HEATHER & WALNUT STREET PIKE PIKE,39.123856,-86.526656
901753431,2012,1,1,Weekend,1000,2-Car,No injury/unknown,FOLLOWING TOO CLOSELY,MILL STONE & SARE RD,39.12377022,-86.50865033
901768982,2012,1,5,Weekday,2300,1-Car,Non-incapacitating,RAN OFF ROAD RIGHT,CAROWIND & S FAIRFAX RD,39.1236321,-86.49852968