Master Record Number,Year,Month,Day,Weekend?,Hour,Collision Type,Injury Type,Primary Factor,Reported_Location,Latitude,Longitude
901861852,2012,7,3,Weekday,2100,1-Car,Non-incapacitating,RAN OFF ROAD RIGHT,MONROE DAM & STRAIN RIDGE RD,39.01879242,-86.52259042
901811261,2012,4,5,Weekday,300,1-Car,No injury/unknown,ANIMAL/OBJECT IN ROADWAY,MONROE DAM RD & OLD STATE ROAD 37 SOUTH,39.01866987,-86.53941411
901757732,2012,1,6,Weekday,900,1-Car,Non-incapacitating,RAN OFF ROAD RIGHT,MONROE DAM RD & STRAIN RIDGE RD,39.018656,-86.522896
901923198,2012,11,4,Weekday,1200,1-Car,No injury/unknown,RAN OFF ROAD RIGHT,CHESTNUT & STRAINRIDGE RD,39.016853,-86.50781505
901931305,2012,11,6,Weekday,700,2-Car,No injury/unknown,FOLLOWING TOO CLOSELY,SR37S,39.01630535,-86.53697023
901801910,2012,4,2,Weekday,2300,1-Car,No injury/unknown,ANIMAL/OBJECT IN ROADWAY,SR37 & ZIKES,39.01561701,-86.53702247
901890396,2012,9,4,Weekday,1500,1-Car,Non-incapacitating,RAN OFF ROAD RIGHT,E TOWER RIDGE RD & LAST HORSE,39.01509586,-86.39920394
901941249,2012,12,2,Weekday,1300,2-Car,No injury/unknown,LEFT OF CENTER,SR446S & TOWER RIDGE,39.015088,-86.401232
901755393,2012,1,3,Weekday,600,1-Car,No injury/unknown,RAN OFF ROAD RIGHT,HOBART RD & S OLD ST RD 37,39.01368968,-86.54097966
901832929,2012,5,4,Weekday,1100,1-Car,Non-incapacitating,RAN OFF ROAD RIGHT,FAIRFAX RD & MCCORMICK,39.01236758,-86.50779001
901830830,2012,5,7,Weekend,100,Moped/Motorcycle,Non-incapacitating,FAILURE TO YIELD RIGHT OF WAY,HARRODSBURG & POPCORN RD,39.012048,-86.545088
901771024,2012,1,7,Weekend,0,1-Car,No injury/unknown,RAN OFF ROAD RIGHT,MONROE DAM & SR37S,39.01050784,-86.53705079
901801273,2012,4,1,Weekend,100,1-Car,Fatal,RAN OFF ROAD RIGHT,KETCHAM & POPCORN RD,39.00978613,-86.56394108
901884550,2012,9,7,Weekend,600,1-Car,No injury/unknown,BRAKE FAILURE OR DEFECTIVE,MONROE DAM & VALLEY MISSION RD,39.009344,-86.510096
901835021,2012,6,6,Weekend,2300,1-Car,No injury/unknown,RAN OFF ROAD RIGHT,KETCHAM & POPCORN RD,39.00869022,-86.56645895
901895602,2012,9,4,Weekday,2200,1-Car,No injury/unknown,RAN OFF ROAD RIGHT,MONROE DAM CT,39.00725238,-86.51641599
901757335,2012,1,6,Weekday,1800,2-Car,No injury/unknown,DRIVER DISTRACTED - EXPLAIN IN NARRATIVE,12OO S LIBERTY DR & W 3RD,39.00599302,-86.57913216
901929272,2012,11,2,Weekday,2200,1-Car,No injury/unknown,ANIMAL/OBJECT IN ROADWAY,DUTCH RIDGE & SR446S,39.004288,-86.395616
901805751,2012,4,3,Weekday,1400,1-Car,Non-incapacitating,RAN OFF ROAD RIGHT,PEDIGO BAY & VALLEY MISSION RD,39.00356032,-86.5011435
901776538,2012,2,7,Weekend,900,1-Car,No injury/unknown,RAN OFF ROAD RIGHT,POPCORN RD & ROCKPORT,39.002752,-86.59
901880788,2012,8,6,Weekday,1400,2-Car,No injury/unknown,LEFT OF CENTER,E GUTHRIE RD & SAMANTHA,38.99470299,-86.46484673
901772908,2012,2,5,Weekday,300,1-Car,Non-incapacitating,RAN OFF ROAD RIGHT,INGRAM & SR37N,38.98793083,-86.53779269
901849855,2012,7,1,Weekday,2000,1-Car,No injury/unknown,OVERCORRECTING/OVERSTEERING,GORE & SOUTH OLD STATE ROAD 37 HWY,38.97993605,-86.54174007
901915769,2012,11,6,Weekend,2000,1-Car,Incapacitating,RAN OFF ROAD RIGHT,GORE & OLD STATE ROAD 37 RD,38.97993605,-86.54174007
901842849,2012,6,2,Weekday,700,2-Car,No injury/unknown,FAILURE TO YIELD RIGHT OF WAY,RAMP CREEK & SHIELDS RIDGE RD,38.97744578,-86.47290989
901935068,2012,12,4,Weekday,2200,1-Car,Non-incapacitating,RAN OFF ROAD RIGHT,BREEDEN RD & TOM PHILLIPS,38.97052497,-86.67456977
901792330,2012,3,2,Weekday,1400,1-Car,No injury/unknown,RAN OFF ROAD RIGHT,SMITHVILLE RD & ZIKES,38.96564784,-86.52540005
901930991,2012,11,5,Weekday,500,1-Car,No injury/unknown,ANIMAL/OBJECT IN ROADWAY,SR37S & ZIKES,38.95143498,-86.52629089
901898316,2012,9,3,Weekday,1000,1-Car,Non-incapacitating,RAN OFF ROAD RIGHT,SHUFFLE CREEK RD & SOUTHSHORE,38.93344093,-86.4008963
901944395,2012,12,5,Weekday,2000,1-Car,No injury/unknown,ANIMAL/OBJECT IN ROADWAY,HINDS & KIRKSVILLE RD,38.93213349,-86.6633702
901911567,2012,10,4,Weekday,1300,1-Car,Non-incapacitating,LEFT OF CENTER,FAIRFAX RD & POINT,38.9270922,-86.49009011
901945472,2012,12,1,Weekend,1200,1-Car,Non-incapacitating,RAN OFF ROAD RIGHT,FLUCK MILL & KETCHUM RD,38.80609898,-86.5615797
901883465,2012,8,1,Weekend,600,1-Car,No injury/unknown,RAN OFF ROAD RIGHT,9900 SOUTH OLD STATE ROAD 37 RD & HARRODSBURG,38.80047148,-86.54309329
901875308,2012,8,3,Weekday,1400,2-Car,No injury/unknown,UNSAFE SPEED,N OLD STATE RD 37 RD & WISHNAND,38.39655258,-86.51713013
901856118,2012,7,3,Weekday,2200,1-Car,No injury/unknown,ANIMAL/OBJECT IN ROADWAY,ACUFF & SR37N,38.38267105,-86.55361019
901813627,2012,4,3,Weekday,1700,2-Car,Non-incapacitating,FAILURE TO YIELD RIGHT OF WAY,BALFOUR & SR45-46E,9.183291774,-86.5117228
901755642,2012,1,4,Weekday,500,1-Car,Incapacitating,DRIVER ILLNESS,EXIT 10 & SR37S,1,1
901792145,2012,3,3,Weekday,1100,Moped/Motorcycle,Incapacitating,ROADWAY SURFACE CONDITION,E MOORES PKWY & S PICKWICK,1,1
901830710,2012,5,6,Weekend,2000,1-Car,Non-incapacitating,RAN OFF ROAD RIGHT,SR446 & TEXAS RIDGE RD,1,1
901857249,2012,7,2,Weekday,1900,2-Car,Non-incapacitating,DRIVER DISTRACTED - EXPLAIN IN NARRATIVE,RAILROAD TRACKS & SR45E,1,1
901866346,2012,8,5,Weekday,2100,1-Car,Non-incapacitating,RAN OFF ROAD RIGHT,CURRY & GATES DR,1,1
901867123,2012,8,1,Weekend,0,1-Car,Non-incapacitating,RAN OFF ROAD RIGHT,SISCOE & SR46W,1,1
901757100,2012,1,6,Weekday,1400,2-Car,No injury/unknown,FOLLOWING TOO CLOSELY,3RD & SR37S,0,0
901757620,2012,1,7,Weekend,1000,1-Car,No injury/unknown,RAN OFF ROAD RIGHT,S HARRODSBURG RD & SOUTH OLD SR37,0,0
901759027,2012,1,3,Weekday,600,1-Car,No injury/unknown,ANIMAL/OBJECT IN ROADWAY,MOORMAN & SR37S,0,0
901760411,2012,1,6,Weekday,500,2-Car,No injury/unknown,SPEED TOO FAST FOR WEATHER CONDITIONS,E COVENANTER DR & E STRATUM,0,0
901760439,2012,1,5,Weekday,600,1-Car,No injury/unknown,OVERCORRECTING/OVERSTEERING,SR45E & TUNELL ROAD,0,0
901761431,2012,1,7,Weekend,1500,2-Car,No injury/unknown,IMPROPER PASSING,11TH & FEE LN,0,0
901761772,2012,1,1,Weekend,1700,Pedestrian,No injury/unknown,FAILURE TO YIELD RIGHT OF WAY,COLLEGE MALL RD & PRIVATE DRIVE TO MALL,0,0
901762641,2012,1,3,Weekday,700,1-Car,No injury/unknown,SPEED TOO FAST FOR WEATHER CONDITIONS,MONROE LAKE & SR37,0,0
901762781,2012,1,3,Weekday,1000,2-Car,No injury/unknown,FOLLOWING TOO CLOSELY,SR45S,0,0
901763386,2012,1,4,Weekday,900,2-Car,No injury/unknown,UNSAFE LANE MOVEMENT,2600 BLOCK OF EAST TENTH ST & 4546 BYPASS,0,0
901765996,2012,1,6,Weekend,2000,Bus,No injury/unknown,ROADWAY SURFACE CONDITION,CAMPBELL & HARTSTRAT RD,0,0
901766203,2012,1,1,Weekend,1100,1-Car,No injury/unknown,ROADWAY SURFACE CONDITION,MOORES & STIPP RD,0,0
901789937,2012,3,5,Weekday,1500,2-Car,No injury/unknown,FOLLOWING TOO CLOSELY,BUSINESS 37 RD & STATE ROAD 37,0,0
901790451,2012,3,6,Weekday,1100,2-Car,No injury/unknown,FAILURE TO YIELD RIGHT OF WAY,HARTSTRAIGHT & TEMPERANCE ST,0,0
901790876,2012,3,7,Weekend,1700,2-Car,No injury/unknown,VIEW OBSTRUCTED,FAIR FAX & SR37S,0,0
901791916,2012,3,2,Weekday,2100,2-Car,No injury/unknown,OTHER (DRIVER) - EXPLAIN IN NARRATIVE,E STRATUM WAY DR,0,0
901767259,2012,1,3,Weekday,0,1-Car,No injury/unknown,ANIMAL/OBJECT IN ROADWAY,STONY BROOK DR DR & W BROOKFIELD CT,0,0
901768117,2012,1,7,Weekend,1800,1-Car,No injury/unknown,ANIMAL/OBJECT IN ROADWAY,SR446N & UNKNOWN,0,0
901769159,2012,1,5,Weekday,1800,1-Car,No injury/unknown,UNSAFE BACKING,ASSEMBLY HALL NORTH DR & FEE,0,0
901769362,2012,1,5,Weekday,1600,2-Car,No injury/unknown,FOLLOWING TOO CLOSELY,CURRY PIKE & YOST,0,0
901772333,2012,2,5,Weekday,1400,Cyclist,No injury/unknown,FAILURE TO YIELD RIGHT OF WAY,E 11TH & N FEE LN,0,0
901773231,2012,2,7,Weekend,2200,2-Car,No injury/unknown,DISREGARD SIGNAL/REG SIGN,SB RAMP N ST RD 37 & SR46E,0,0
901773370,2012,2,1,Weekend,700,1-Car,No injury/unknown,OVERCORRECTING/OVERSTEERING,N BUSINESS 37 HWY & STATE ROAD 37 NORTH,0,0
901776362,2012,2,7,Weekend,100,2-Car,No injury/unknown,SPEED TOO FAST FOR WEATHER CONDITIONS,COVENANTER DR & STRATUM,0,0
901776398,2012,2,6,Weekday,1200,2-Car,No injury/unknown,FAILURE TO YIELD RIGHT OF WAY,2709 E TENTH ST & EAST UNINVERSITY,0,0
901776946,2012,2,1,Weekend,1300,2-Car,No injury/unknown,FOLLOWING TOO CLOSELY,SR37S,0,0
901778960,2012,2,4,Weekday,1000,2-Car,No injury/unknown,FAILURE TO YIELD RIGHT OF WAY,JOHNSON AVE AVE & VALHALLA DRIVE,0,0
901779013,2012,2,4,Weekday,1000,2-Car,No injury/unknown,UNSAFE LANE MOVEMENT,PACKINGHOUSE & VERNAL PIKE,0,0
901779333,2012,2,3,Weekday,0,1-Car,No injury/unknown,SPEED TOO FAST FOR WEATHER CONDITIONS,RATTS & SR46W,0,0
901779919,2012,2,5,Weekday,1300,1-Car,No injury/unknown,OTHER (DRIVER) - EXPLAIN IN NARRATIVE,100 S HAWTHORNE DR & EAST THIRD,0,0
901781330,2012,2,2,Weekday,1600,2-Car,No injury/unknown,FOLLOWING TOO CLOSELY,46 BYP & EAST GATE,0,0
901781946,2012,2,7,Weekend,2000,2-Car,No injury/unknown,DRIVER DISTRACTED - EXPLAIN IN NARRATIVE,CURRY PIKE & GIRRORD,0,0
901782196,2012,2,4,Weekday,1000,2-Car,No injury/unknown,FOLLOWING TOO CLOSELY,SR37N,0,0
901782529,2012,2,4,Weekday,1900,2-Car,No injury/unknown,DRIVER DISTRACTED - EXPLAIN IN NARRATIVE,46 BYP & FEE,0,0
901786969,2012,2,5,Weekday,1300,1-Car,No injury/unknown,UNSAFE SPEED,SR37S,0,0
901787819,2012,3,2,Weekday,900,1-Car,No injury/unknown,SPEED TOO FAST FOR WEATHER CONDITIONS,11TH & 11TH AND FEE GARAGE 5TH FLOOR DR,0,0
901788839,2012,3,2,Weekday,1800,2-Car,No injury/unknown,FAILURE TO YIELD RIGHT OF WAY,HARTSTRAIT RD & SR46W,0,0
901788840,2012,3,2,Weekday,1700,1-Car,No injury/unknown,OVERCORRECTING/OVERSTEERING,SR37S & TURKEY TRACK,0,0
901788924,2012,3,7,Weekend,1900,2-Car,No injury/unknown,HEADLIGHT DEFECTIVE OR NOT ON,BROOKWOOD & SR46,0,0
901789224,2012,3,4,Weekday,1200,2-Car,No injury/unknown,FAILURE TO YIELD RIGHT OF WAY,EAST FORTH & INDIANA AVE,0,0
901793640,2012,3,6,Weekday,800,2-Car,No injury/unknown,UNSAFE SPEED,1400 & W ELWREN RD,0,0
901794853,2012,3,6,Weekday,1200,2-Car,No injury/unknown,OTHER (DRIVER) - EXPLAIN IN NARRATIVE,EAST THIRD & HAWTHORNE ST,0,0
901816386,2012,4,2,Weekday,1700,2-Car,No injury/unknown,UNSAFE BACKING,COPPER BEACH WAY,0,0
901816472,2012,4,2,Weekday,1900,1-Car,No injury/unknown,SPEED TOO FAST FOR WEATHER CONDITIONS,SR37S & WHITEHALL CROSSING EXIT,0,0
901816655,2012,4,2,Weekday,1300,2-Car,No injury/unknown,UNSAFE LANE MOVEMENT,HIGHLAND & THIRD ST,0,0
901817665,2012,5,4,Weekday,2100,2-Car,No injury/unknown,FAILURE TO YIELD RIGHT OF WAY,CURRY PIKE & WHITEHALL,0,0
901795361,2012,3,4,Weekday,1200,2-Car,No injury/unknown,UNSAFE BACKING,IU WELLS LIBRARY DR & JORDAN,0,0
901795822,2012,3,3,Weekday,300,1-Car,No injury/unknown,ANIMAL/OBJECT IN ROADWAY,HARSTRAIGHT RD & W WOODYARD,0,0
901797326,2012,3,6,Weekend,2000,1-Car,No injury/unknown,RAN OFF ROAD RIGHT,BROWN CO LINE RD & SR37E,0,0
901798352,2012,3,2,Weekday,1800,2-Car,No injury/unknown,FOLLOWING TOO CLOSELY,E PRESIDENTS & S JORDAN AVE,0,0
901799039,2012,3,4,Weekday,1200,2-Car,No injury/unknown,UNSAFE BACKING,JORDAN & KIRKWOOD AVE,0,0
901800244,2012,3,6,Weekday,1400,2-Car,No injury/unknown,FOLLOWING TOO CLOSELY,COLLEGE MALL RDS & THIRD,0,0
901801123,2012,4,1,Weekend,1200,3+ Cars,No injury/unknown,FOLLOWING TOO CLOSELY,S LEONARD SPRINGS RD & W BLOOMFIELD,0,0
901803571,2012,4,6,Weekday,1100,2-Car,No injury/unknown,UNSAFE BACKING,601 WEST 2 ST ST,0,0
901803837,2012,4,6,Weekend,2300,2-Car,No injury/unknown,RAN OFF ROAD RIGHT,JOSHUA DR & MCMILLAN,0,0
901804236,2012,4,1,Weekend,1200,2-Car,No injury/unknown,,E RIDGE CREST CT,0,0
901805936,2012,4,4,Weekday,1000,2-Car,No injury/unknown,FAILURE TO YIELD RIGHT OF WAY,BLOOMFIELD RD & HICKORY LEAF,0,0
901806755,2012,4,5,Weekday,1000,2-Car,No injury/unknown,UNSAFE LANE MOVEMENT,500BLK W TEMPERANCE ST ST & 5TH,0,0
901807632,2012,4,6,Weekend,2200,2-Car,No injury/unknown,IMPROPER LANE USAGE,DUNN & E 1ST ST,0,0
901808275,2012,4,1,Weekend,600,1-Car,No injury/unknown,RAN OFF ROAD RIGHT,EAST TOWER RIDGE RD & SR446,0,0
901809515,2012,4,3,Weekday,600,1-Car,No injury/unknown,RAN OFF ROAD RIGHT,45 46 BYP & EASTGATE,0,0
901810336,2012,4,4,Weekday,800,1-Car,No injury/unknown,RAN OFF ROAD RIGHT,NORTH ACCESS DRIVE TO BHSN & PROW RD,0,0
901811775,2012,4,6,Weekday,1800,Bus,No injury/unknown,FAILURE TO YIELD RIGHT OF WAY,10TH ST & TULIP TREE ENTRANCE,0,0
901812362,2012,4,7,Weekend,1000,2-Car,No injury/unknown,FAILURE TO YIELD RIGHT OF WAY,EAST AND WEST ALY & NORTH AND SOUTH,0,0
901812651,2012,4,7,Weekend,1000,2-Car,No injury/unknown,FAILURE TO YIELD RIGHT OF WAY,SMITH PIKE & SR46W,0,0
901813602,2012,4,3,Weekday,400,2-Car,No injury/unknown,OTHER (DRIVER) - EXPLAIN IN NARRATIVE,HARTSTRAIT & SR46W,0,0
901814597,2012,4,5,Weekday,1300,2-Car,No injury/unknown,FAILURE TO YIELD RIGHT OF WAY,11TH & FEE LN,0,0
901821865,2012,5,4,Weekday,1100,2-Car,No injury/unknown,OTHER (DRIVER) - EXPLAIN IN NARRATIVE,PARKING LOT ST,0,0
901821880,2012,5,5,Weekday,700,2-Car,No injury/unknown,OTHER (DRIVER) - EXPLAIN IN NARRATIVE,PHYLLIS & WEST 46 HWY,0,0
901821893,2012,5,5,Weekday,1300,2-Car,No injury/unknown,OTHER (ENVIRONMENTAL) - EXPLAIN IN NARR,EW NS ALLEY S WASHINGTON ST,0,0
901822525,2012,5,6,Weekday,1300,2-Car,No injury/unknown,IMPROPER TURNING,CAMPUS CORNER DR & CLARIZZ,0,0
901846954,2012,6,2,Weekday,2000,1-Car,No injury/unknown,RAN OFF ROAD RIGHT,SR37S,0,0
901848385,2012,6,5,Weekday,1100,2-Car,No injury/unknown,FAILURE TO YIELD RIGHT OF WAY,PRIVATE DRIVE & SO LIBERTY DR,0,0
901849663,2012,7,1,Weekend,800,Pedestrian,No injury/unknown,FAILURE TO YIELD RIGHT OF WAY,OUTBACK RD & SR46W,0,0
901852217,2012,7,5,Weekday,1300,1-Car,No injury/unknown,RAN OFF ROAD RIGHT,MT GILEAD & SR45E,0,0
901852295,2012,7,6,Weekday,800,2-Car,No injury/unknown,OVERCORRECTING/OVERSTEERING,1200 E TENTH & 600 N FEE LN,0,0
901852947,2012,7,7,Weekend,2300,2-Car,No injury/unknown,SPEED TOO FAST FOR WEATHER CONDITIONS,E POINT & S STRAINRIDGE RD,0,0
901852994,2012,7,7,Weekend,1100,2-Car,No injury/unknown,FAILURE TO YIELD RIGHT OF WAY,ALEXANDER & JACOBS DR,0,0
901824117,2012,5,2,Weekday,1600,2-Car,No injury/unknown,FAILURE TO YIELD RIGHT OF WAY,BLOOMFIELD & LIBERTY DR,0,0
901824272,2012,4,5,Weekday,800,2-Car,No injury/unknown,FAILURE TO YIELD RIGHT OF WAY,1400 BLK W 14 ST & N ILLINOIS,0,0
901825794,2012,5,5,Weekday,1400,2-Car,No injury/unknown,UNSAFE LANE MOVEMENT,N MILO B SAMPSON & SR4546E,0,0
901826901,2012,5,6,Weekday,1300,2-Car,No injury/unknown,DRIVER DISTRACTED - EXPLAIN IN NARRATIVE,2700 E TENTH & 4546 BYPASS HWY,0,0
901828432,2012,5,2,Weekday,1500,2-Car,No injury/unknown,FOLLOWING TOO CLOSELY,BLOOMFIELD RD & LIBERTY,0,0
901829070,2012,5,3,Weekday,2300,1-Car,No injury/unknown,TIRE FAILURE OR DEFECTIVE,1185 W 2ND ST & PATTERSON,0,0
901829327,2012,5,4,Weekday,1200,2-Car,No injury/unknown,UNSAFE BACKING,EAST TEENTH ST & UNION,0,0
901830713,2012,5,6,Weekend,2100,1-Car,No injury/unknown,ANIMAL/OBJECT IN ROADWAY,HARTSTRAIT & SR46W,0,0
901830810,2012,5,7,Weekend,0,1-Car,No injury/unknown,RAN OFF ROAD RIGHT,SR37S,0,0
901832928,2012,5,5,Weekday,700,1-Car,No injury/unknown,ANIMAL/OBJECT IN ROADWAY,ANDERSON RD & TUNNEL,0,0
901835279,2012,6,2,Weekday,1000,2-Car,No injury/unknown,FOLLOWING TOO CLOSELY,SR37S & W THIRD,0,0
901835564,2012,6,1,Weekend,1800,2-Car,No injury/unknown,OTHER (DRIVER) - EXPLAIN IN NARRATIVE,PAYNETOWN PARKING LOT,0,0
901835711,2012,6,3,Weekday,100,2-Car,No injury/unknown,FAILURE TO YIELD RIGHT OF WAY,OAKDALE & SR45E,0,0
901835851,2012,6,2,Weekday,0,2-Car,No injury/unknown,FAILURE TO YIELD RIGHT OF WAY,ENT TO EASTLAND PLAZA & S COLLEGE MALL RD,0,0
901837104,2012,6,4,Weekday,1600,2-Car,No injury/unknown,UNSAFE BACKING,SHERWOOD DR & WEST THIRD,0,0
901839603,2012,6,2,Weekday,1700,1-Car,No injury/unknown,DRIVER ASLEEP OR FATIGUED,45 46 & SR37N,0,0
901842267,2012,6,7,Weekend,1500,3+ Cars,No injury/unknown,FAILURE TO YIELD RIGHT OF WAY,PRIVATE DRIVE EASTLAND PLAZA & S COLLEGE MALL RD,0,0
901842897,2012,6,2,Weekday,1000,1-Car,No injury/unknown,UNSAFE BACKING,EW ALLEY IN 500 BLOCK S FESS ALY & FESS,0,0
901846027,2012,6,1,Weekend,900,Moped/Motorcycle,No injury/unknown,UNSAFE BACKING,W TIMBERS TRL,0,0
901846193,2012,6,1,Weekend,1800,2-Car,No injury/unknown,FAILURE TO YIELD RIGHT OF WAY,E 3RD ST & PRIVATE,0,0
901846316,2012,6,1,Weekday,2200,2-Car,No injury/unknown,UNSAFE LANE MOVEMENT,BALFOUR & SR4546S,0,0
901854493,2012,7,3,Weekday,1400,2-Car,No injury/unknown,OTHER (DRIVER) - EXPLAIN IN NARRATIVE,SISCOE & SR46W,0,0
901855167,2012,7,5,Weekday,700,2-Car,No injury/unknown,IMPROPER TURNING,AUTO MALL RD & CURRY COLLISION CENTER,0,0
901859139,2012,7,2,Weekday,1500,Bus,No injury/unknown,UNSAFE LANE MOVEMENT,SR37S,0,0
901859994,2012,7,1,Weekday,2200,2-Car,No injury/unknown,UNSAFE BACKING,S STATE 45 RD,0,0
901860897,2012,6,3,Weekday,800,3+ Cars,No injury/unknown,FAILURE TO YIELD RIGHT OF WAY,300 E 2ND ST & 500 S LINCOLN,0,0
901862073,2012,7,5,Weekday,1100,1-Car,No injury/unknown,IMPROPER TURNING,11TH & 709 N FEE (PARKING GARAGE) LN,0,0
901862367,2012,7,5,Weekday,1900,2-Car,No injury/unknown,FAILURE TO YIELD RIGHT OF WAY,OLD SR37S HWY & STATE ROAD 37,0,0
901863020,2012,7,7,Weekend,1000,2-Car,No injury/unknown,OTHER (DRIVER) - EXPLAIN IN NARRATIVE,1100 E 3RD ST & 300 S HAWTHORNE,0,0
901863311,2012,7,6,Weekday,1600,2-Car,No injury/unknown,SPEED TOO FAST FOR WEATHER CONDITIONS,HARVEST & N UNION VALLEY RD,0,0
901863678,2012,7,6,Weekday,1800,1-Car,No injury/unknown,DRIVER DISTRACTED - EXPLAIN IN NARRATIVE,S CURRY PIKE,0,0
901863827,2012,7,2,Weekday,1100,2-Car,No injury/unknown,FAILURE TO YIELD RIGHT OF WAY,S EUCLID & W HOWE ST,0,0
901864999,2012,7,3,Weekday,1500,1-Car,No injury/unknown,RAN OFF ROAD RIGHT,SR37S,0,0
901865089,2012,8,4,Weekday,1300,2-Car,No injury/unknown,UNSAFE BACKING,EAST TENTH ST,0,0
901865121,2012,8,4,Weekday,700,2-Car,No injury/unknown,DISREGARD SIGNAL/REG SIGN,FRANKLIN & W 3RD ST,0,0
901865136,2012,8,4,Weekday,1200,2-Car,No injury/unknown,UNSAFE BACKING,E BUICK CADILLAC BLVD,0,0
901865316,2012,7,4,Weekday,1600,1-Car,No injury/unknown,RAN OFF ROAD RIGHT,SOUTH GARRISON CHAPEL RD,0,0
901865323,2012,7,3,Weekday,2100,2-Car,No injury/unknown,IMPROPER LANE USAGE,CURRY & W THIRD ST,0,0
901865446,2012,8,5,Weekday,400,1-Car,No injury/unknown,ANIMAL/OBJECT IN ROADWAY,8460 GARDNER RD & GARRISON CHAPPEL,0,0
901865647,2012,8,5,Weekday,1200,2-Car,No injury/unknown,UNSAFE BACKING,EAST THIRD ST,0,0
901865789,2012,8,5,Weekday,1600,2-Car,No injury/unknown,UNSAFE BACKING,NORTH FEE LN,0,0
901866156,2012,8,4,Weekday,1500,2-Car,No injury/unknown,FOLLOWING TOO CLOSELY,CUTRIGHT & SR446S,0,0
901866330,2012,8,6,Weekday,1400,2-Car,No injury/unknown,FAILURE TO YIELD RIGHT OF WAY,COLLEGEMALL & E 3RD ST,0,0
901866404,2012,8,6,Weekday,1700,2-Car,No injury/unknown,FOLLOWING TOO CLOSELY,CHAFIN CHAPEL & SR46W,0,0
901866572,2012,8,7,Weekend,1300,1-Car,No injury/unknown,OTHER (DRIVER) - EXPLAIN IN NARRATIVE,EAST SEVENTEENTH ST,0,0
901866852,2012,8,1,Weekend,1100,2-Car,No injury/unknown,OTHER (DRIVER) - EXPLAIN IN NARRATIVE,E ALPINE TRL,0,0
901867023,2012,8,1,Weekend,200,2-Car,No injury/unknown,,WEST SUDBURY DR,0,0
901867333,2012,7,5,Weekday,2100,2-Car,No injury/unknown,UNSAFE BACKING,CAMPGROUND ROAD & PAYNETOWN SRA BEACH PARKING LOOP,0,0
901867380,2012,8,4,Weekday,2200,1-Car,No injury/unknown,ANIMAL/OBJECT IN ROADWAY,INGRAM & SR37S,0,0
901870486,2012,8,1,Weekend,1100,2-Car,No injury/unknown,UNSAFE BACKING,3100 BLK COVENANTER DRS & AUTO MALL,0,0
901870581,2012,8,1,Weekend,1800,2-Car,No injury/unknown,OTHER (DRIVER) - EXPLAIN IN NARRATIVE,PRIVATE & S COLLEGE MALL RD,0,0
901872189,2012,8,4,Weekday,1000,2-Car,No injury/unknown,UNSAFE LANE MOVEMENT,1300 E 3RD ST & 300 S HIGHLAND,0,0
901872439,2012,8,4,Weekday,1900,1-Car,No injury/unknown,UNSAFE SPEED,MTGILEAD RD,0,0
901872945,2012,8,5,Weekday,1800,2-Car,No injury/unknown,SPEED TOO FAST FOR WEATHER CONDITIONS,RAMP 15 & SR 37 SOUTHBOUND RD,0,0
901875889,2012,8,4,Weekday,1600,2-Car,No injury/unknown,FAILURE TO YIELD RIGHT OF WAY,E UNIVERSITY & SR4546S,0,0
901876039,2012,6,7,Weekend,2200,2-Car,No injury/unknown,UNSAFE BACKING,13TH ST & WOODBURN,0,0
901876046,2012,8,4,Weekday,1200,2-Car,No injury/unknown,FAILURE TO YIELD RIGHT OF WAY,SR45W & W WALMART ENTRANCE,0,0
901876803,2012,8,6,Weekday,1100,2-Car,No injury/unknown,OTHER (DRIVER) - EXPLAIN IN NARRATIVE,HAGEN RD,0,0
901876994,2012,8,6,Weekday,1700,2-Car,No injury/unknown,FAILURE TO YIELD RIGHT OF WAY,IU GOLF COURSE & RANGE RD,0,0
901877714,2012,8,1,Weekend,1200,2-Car,No injury/unknown,FOLLOWING TOO CLOSELY,37 & W 2ND ST,0,0
901877869,2012,8,2,Weekday,800,2-Car,No injury/unknown,SPEED TOO FAST FOR WEATHER CONDITIONS,2800 E SR45 RD & STONEBELT,0,0
901878320,2012,8,2,Weekday,1700,2-Car,No injury/unknown,UNSAFE LANE MOVEMENT,300BLK W TEMPERANCE ST & SR46W,0,0
901878679,2012,8,3,Weekday,1100,2-Car,No injury/unknown,FAILURE TO YIELD RIGHT OF WAY,NORTH SOUTH ALY & W 1ST,0,0
901879831,2012,8,5,Weekday,700,2-Car,No injury/unknown,FAILURE TO YIELD RIGHT OF WAY,E3RD ST & SO REISNER,0,0
901880179,2012,8,4,Weekday,2100,2-Car,No injury/unknown,FAILURE TO YIELD RIGHT OF WAY,KINSER & SR4546W,0,0
901880914,2012,9,7,Weekend,1100,2-Car,No injury/unknown,FOLLOWING TOO CLOSELY,LONGVIEW & SR46E,0,0
901880942,2012,9,7,Weekend,1300,2-Car,No injury/unknown,UNSAFE LANE MOVEMENT,MILO B SAMPSON & SR4546E,0,0
901881263,2012,9,7,Weekend,2200,Bus,No injury/unknown,IMPROPER TURNING,PARKING LOT 17TH ST,0,0
901884150,2012,9,6,Weekday,1500,2-Car,No injury/unknown,IMPROPER TURNING,BLOOMFIELD & LIBERTY DR,0,0
901884342,2012,9,7,Weekend,300,1-Car,No injury/unknown,OVERCORRECTING/OVERSTEERING,COLLEGE AVE & VAUGHN CLIPP,0,0
901884735,2012,9,6,Weekday,1500,2-Car,No injury/unknown,OTHER (DRIVER) - EXPLAIN IN NARRATIVE,RIDGESPRINGS & SR46W,0,0
901884769,2012,9,1,Weekend,1500,2-Car,No injury/unknown,FAILURE TO YIELD RIGHT OF WAY,COMPTON BLVD & DONNIGAN,0,0
901884849,2012,9,7,Weekend,100,2-Car,No injury/unknown,OTHER (DRIVER) - EXPLAIN IN NARRATIVE,POINTE RESORT DR & POINTE RETREAT,0,0
901884876,2012,8,6,Weekday,400,2-Car,No injury/unknown,FAILURE TO YIELD RIGHT OF WAY,BLOOMFIELD RD & RAMP 17,0,0
901885209,2012,9,2,Weekday,1200,2-Car,No injury/unknown,FAILURE TO YIELD RIGHT OF WAY,KINSER & SR46E,0,0
901885390,2012,9,2,Weekday,1600,2-Car,No injury/unknown,FOLLOWING TOO CLOSELY,DUNN & SR4546E,0,0
901885485,2012,9,2,Weekday,600,2-Car,No injury/unknown,DRIVER DISTRACTED - EXPLAIN IN NARRATIVE,S CHEEKWOOD LN & S YADDOS,0,0
901887386,2012,9,4,Weekday,1000,2-Car,No injury/unknown,FAILURE TO YIELD RIGHT OF WAY,IN BUSINESS 37 N RD & WHISNAND,0,0