Master Record Number,Year,Month,Day,Weekend?,Hour,Collision Type,Injury Type,Primary Factor,Reported_Location,Latitude,Longitude
901602970,2011,2,6,Weekday,900,2-Car,No injury/unknown,SPEED TOO FAST FOR WEATHER CONDITIONS,HENDRICKS & STINESVILLE RD,39.28037081,-86.66297393
901730621,2011,11,2,Weekday,1700,1-Car,No injury/unknown,ANIMAL/OBJECT IN ROADWAY,SIMPSON CHAPEL & SR37N,39.27913436,-86.52306942
901670906,2011,8,4,Weekday,500,Moped/Motorcycle,Incapacitating,ANIMAL/OBJECT IN ROADWAY,HEDRICK & STINESVILLE RD,39.27899761,-86.66295586
901750001,2011,12,7,Weekend,2000,1-Car,Non-incapacitating,RAN OFF ROAD RIGHT,HEDRICK & SR46W,39.27735598,-86.67709708
901717145,2011,10,1,Weekend,0,1-Car,No injury/unknown,ANIMAL/OBJECT IN ROADWAY,CROSSOVER & SR37N,39.27659018,-86.51840237
901640621,2011,5,3,Weekday,800,3+ Cars,Non-incapacitating,UNSAFE SPEED,HEDRICK & SR46E,39.27575308,-86.67573452
901697124,2011,9,6,Weekend,2300,2-Car,No injury/unknown,OTHER (DRIVER) - EXPLAIN IN NARRATIVE,7TH & N SUNRISE DR,39.27428503,-86.51242
901681855,2011,8,2,Weekday,600,2-Car,No injury/unknown,OTHER (DRIVER) - EXPLAIN IN NARRATIVE,17TH & 701 EAST 17TH (NORTH DRIVE) ST,39.27413636,-86.53351758
901624603,2011,4,5,Weekday,1500,1-Car,No injury/unknown,UNSAFE BACKING,SAIDAH RD,39.27404877,-86.5263049
901723703,2011,11,4,Weekday,400,1-Car,No injury/unknown,RAN OFF ROAD RIGHT,BARR & MT TABOR RD,39.273888,-86.621456
901617356,2011,4,4,Weekday,0,1-Car,No injury/unknown,RAN OFF ROAD RIGHT,STATE ROAD 37 BUSINESS,39.27168,-86.522992
901567258,2011,1,6,Weekday,1300,1-Car,Non-incapacitating,SPEED TOO FAST FOR WEATHER CONDITIONS,CROSSOVER & SR37N,39.27128497,-86.51840237
901616113,2011,4,1,Weekend,1500,1-Car,No injury/unknown,ENGINE FAILURE OR DEFECTIVE,N STATE ROAD 37 HWY,39.27037,-86.522749
901660774,2011,7,6,Weekday,1500,1-Car,No injury/unknown,OTHER (VEHICLE) - EXPLAIN IN NARRATIVE,SR46W & STINESVILLE,39.26884344,-86.66789
901646059,2011,6,7,Weekend,0,1-Car,No injury/unknown,ANIMAL/OBJECT IN ROADWAY,SR46W & STINESVILLE,39.26779516,-86.66674898
901751835,2011,12,3,Weekday,1100,1-Car,No injury/unknown,RAN OFF ROAD RIGHT,SAMPLE & SR37N,39.26753244,-86.5228128
901752227,2011,12,3,Weekday,1100,1-Car,No injury/unknown,RAN OFF ROAD RIGHT,SAMPLE & SR37N,39.26753244,-86.5228128
901676427,2011,8,2,Weekday,500,Moped/Motorcycle,Non-incapacitating,ANIMAL/OBJECT IN ROADWAY,SR46W & STINESVILLE,39.26716926,-86.66605959
901739866,2011,12,2,Weekday,1600,2-Car,No injury/unknown,FAILURE TO YIELD RIGHT OF WAY,COWDEN & MT TABOR RD,39.266864,-86.620704
901582188,2011,1,2,Weekday,1500,2-Car,No injury/unknown,FAILURE TO YIELD RIGHT OF WAY,SR46W & STINESVILLE,39.266752,-86.6656
901638961,2011,5,6,Weekday,1600,2-Car,No injury/unknown,FAILURE TO YIELD RIGHT OF WAY,SR46W & STINESVILLE,39.266752,-86.6656
901713203,2011,10,7,Weekend,2100,1-Car,No injury/unknown,ANIMAL/OBJECT IN ROADWAY,SAMPLE & SR37N,39.26657173,-86.52277024
901615117,2011,4,6,Weekday,800,2-Car,No injury/unknown,DRIVER DISTRACTED - EXPLAIN IN NARRATIVE,SR46E & STINESVILLE RD,39.26656091,-86.66541545
901581004,2011,1,6,Weekday,1800,1-Car,No injury/unknown,FOLLOWING TOO CLOSELY,SAMPLE & SR37N,39.26643449,-86.52276416
901693438,2011,9,7,Weekend,200,1-Car,Non-incapacitating,RAN OFF ROAD RIGHT,SR46W & STINESVILLE,39.26631271,-86.66517575
901581605,2011,1,5,Weekday,400,1-Car,No injury/unknown,ROADWAY SURFACE CONDITION,ANDERSON RD & N OLD SR37,39.2659,-86.50196325
901740227,2011,12,3,Weekday,1600,1-Car,Non-incapacitating,RAN OFF ROAD RIGHT,BOTTOM & SR37S,39.26455844,-86.54191978
901667117,2011,7,1,Weekend,1600,3+ Cars,Non-incapacitating,SPEED TOO FAST FOR WEATHER CONDITIONS,SR37N & WAYPORT,39.26439673,-86.52268903
901582888,2011,2,3,Weekday,2000,1-Car,No injury/unknown,RAN OFF ROAD RIGHT,LEE PAUL & SR37N,39.26366078,-86.52088856
901721009,2011,11,7,Weekend,1700,2-Car,No injury/unknown,FAILURE TO YIELD RIGHT OF WAY,SR37S & WAYPORT,39.26305216,-86.52252097
901593565,2011,2,6,Weekday,1300,2-Car,Non-incapacitating,FAILURE TO YIELD RIGHT OF WAY,SR37N & WAYPORT,39.263024,-86.52264
901600094,2011,3,4,Weekday,1600,2-Car,No injury/unknown,FAILURE TO YIELD RIGHT OF WAY,37 & SR37S,39.263024,-86.52264
901615685,2011,4,1,Weekend,1100,2-Car,No injury/unknown,FAILURE TO YIELD RIGHT OF WAY,SR37N & WAYPORT,39.263024,-86.52264
901649928,2011,6,7,Weekend,1500,2-Car,No injury/unknown,FAILURE TO YIELD RIGHT OF WAY,SR37S & WAYPORT ROAD,39.263024,-86.52264
901666710,2011,7,1,Weekend,1000,2-Car,Fatal,FAILURE TO YIELD RIGHT OF WAY,SR37N & WAYPORT,39.263024,-86.52264
901623694,2011,4,4,Weekday,100,1-Car,No injury/unknown,ANIMAL/OBJECT IN ROADWAY,SR37N & WAYPORT,39.2623377,-86.52261255
901726249,2011,11,7,Weekend,1600,1-Car,No injury/unknown,RAN OFF ROAD RIGHT,SR37N & WAYPORT,39.26220126,-86.52261598
901751186,2011,12,3,Weekday,1300,1-Car,No injury/unknown,RAN OFF ROAD RIGHT,BURMA & SR37,39.26132574,-86.51236988
901708607,2011,10,7,Weekend,300,1-Car,No injury/unknown,ANIMAL/OBJECT IN ROADWAY,SR37N & WAYPORT,39.26041222,-86.52349167
901580274,2011,1,6,Weekend,1900,1-Car,No injury/unknown,RAN OFF ROAD RIGHT,CHAFIN CHAPEL RD & RODEO,39.259776,-86.645216
901705593,2011,10,2,Weekday,1700,1-Car,No injury/unknown,UNSAFE BACKING,COWDEN RDS,39.25915271,-86.60196974
901668587,2011,7,5,Weekday,1400,2-Car,No injury/unknown,UNSAFE BACKING,E SAMPLE RD & OLD SR 37,39.25864,-86.5012
901568860,2011,1,2,Weekday,1500,2-Car,No injury/unknown,UNSAFE BACKING,WAYPORT RD,39.258336,-86.523037
901715404,2011,10,5,Weekday,600,Pedestrian,Non-incapacitating,OTHER (DRIVER) - EXPLAIN IN NARRATIVE,E MILLER DR,39.255568,-86.469632
901684026,2011,8,2,Weekday,1900,1-Car,No injury/unknown,OVERCORRECTING/OVERSTEERING,FLATWOODS & SR46W,39.25373018,-86.6545366
901693665,2011,9,7,Weekend,1400,1-Car,No injury/unknown,ACCELERATOR FAILURE OR DEFECTIVE,COWDEN RD & DELAP,39.25371,-86.59236
901684053,2011,8,1,Weekend,600,1-Car,Non-incapacitating,ANIMAL/OBJECT IN ROADWAY,COUNTY LINE & FLATWOODS RD,39.25264,-86.684096
901584853,2011,2,7,Weekend,900,2-Car,Non-incapacitating,ROADWAY SURFACE CONDITION,FLATWOODS & SR46W,39.252448,-86.653904
901602971,2011,3,3,Weekday,1200,2-Car,Incapacitating,OTHER (DRIVER) - EXPLAIN IN NARRATIVE,DELAP & MT TABOR RD,39.252336,-86.620512
901621903,2011,4,7,Weekend,900,1-Car,Non-incapacitating,OTHER (DRIVER) - EXPLAIN IN NARRATIVE,FLATWOODS & SR46W,39.25213753,-86.6535557
901608193,2011,3,2,Weekday,1500,1-Car,Non-incapacitating,RAN OFF ROAD RIGHT,DELAP & UNIONVALLEY RD,39.251904,-86.592816
901657873,2011,7,3,Weekday,400,1-Car,Non-incapacitating,UNSAFE SPEED,N UNION VALLEY & W DELAP RD,39.251904,-86.592816
901712498,2011,10,5,Weekday,2000,1-Car,No injury/unknown,ANIMAL/OBJECT IN ROADWAY,SR37 & WYLIE RD,39.251648,-86.529056
901672672,2011,8,7,Weekend,600,2-Car,No injury/unknown,OTHER (VEHICLE) - EXPLAIN IN NARRATIVE,N MAPLE GROVE RD & W MAPLE GROVE,39.251632,-86.566448
901712958,2011,10,6,Weekday,1700,1-Car,No injury/unknown,RAN OFF ROAD RIGHT,SHUFFLE CREEK RD & SOUTH SHORE,39.251536,-86.400816
901740748,2011,12,5,Weekday,800,2-Car,Non-incapacitating,FAILURE TO YIELD RIGHT OF WAY,FLATWOODS & SR46W,39.25141308,-86.652743
901679624,2011,8,1,Weekend,1300,1-Car,No injury/unknown,RAN OFF ROAD RIGHT,SHUFFLE CREEK RD RD & SOUTHSHORE DRIVE,39.25137028,-86.40089996
901653119,2011,6,7,Weekend,1700,1-Car,Non-incapacitating,OTHER (DRIVER) - EXPLAIN IN NARRATIVE,NORTH SHORE DR & RICHARDSON,39.25128,-86.388368
901571937,2011,1,6,Weekday,1000,1-Car,No injury/unknown,DRIVER ILLNESS,SR46W,39.2512,-86.652504
901647296,2011,6,7,Weekend,1600,2-Car,No injury/unknown,FAILURE TO YIELD RIGHT OF WAY,W STATE ROAD 45 BYP,39.2512,-86.652504
901665950,2011,7,6,Weekday,1800,1-Car,No injury/unknown,OTHER (DRIVER) - EXPLAIN IN NARRATIVE,W SR46 HWY,39.2512,-86.652504
901683416,2011,8,4,Weekday,1600,2-Car,No injury/unknown,UNSAFE BACKING,W SR46 HWY,39.2512,-86.652504
901733071,2011,11,6,Weekend,2000,2-Car,No injury/unknown,FOLLOWING TOO CLOSELY,STATE ROAD 46 RD,39.2512,-86.652504
901734544,2011,11,2,Weekday,1500,2-Car,No injury/unknown,UNSAFE BACKING,SR46 WEST HWY,39.2512,-86.652504
901697344,2011,9,7,Weekend,500,1-Car,No injury/unknown,OTHER (DRIVER) - EXPLAIN IN NARRATIVE,ROBINSON RD & WILLSAMER,39.2509599,-86.46768026
901567400,2011,1,7,Weekend,1300,2-Car,Non-incapacitating,DISREGARD SIGNAL/REG SIGN,SR37N & WALNUT ST,39.250688,-86.529744
901723680,2011,11,5,Weekday,300,1-Car,No injury/unknown,ANIMAL/OBJECT IN ROADWAY,FLATWOODS & SR46W,39.25037815,-86.65158204
901598576,2011,2,2,Weekday,700,1-Car,No injury/unknown,OTHER (DRIVER) - EXPLAIN IN NARRATIVE,GOOSE HOLLOW & TUNNEL RD,39.24957511,-86.42069774
901732962,2011,11,5,Weekday,1700,1-Car,No injury/unknown,ANIMAL/OBJECT IN ROADWAY,FLATWOODS & SR46W,39.24949408,-86.65024812
901622842,2011,4,3,Weekday,2100,1-Car,No injury/unknown,ANIMAL/OBJECT IN ROADWAY,GOOSE HOLLOW & TUNNEL RD,39.24889361,-86.42153288
901628791,2011,4,3,Weekday,1800,1-Car,No injury/unknown,ANIMAL/OBJECT IN ROADWAY,FLATWOODS & SR46W,39.24793707,-86.64733819
901672665,2011,8,7,Weekend,400,1-Car,No injury/unknown,RAN OFF ROAD RIGHT,N MAPLE GROVE RD & W MAPLE GROVE,39.24744,-86.547792
901743554,2011,12,3,Weekday,600,1-Car,No injury/unknown,SPEED TOO FAST FOR WEATHER CONDITIONS,BOTTOM & MAPLE GROVE RD,39.24744,-86.547792
901670734,2011,8,2,Weekday,600,1-Car,No injury/unknown,ANIMAL/OBJECT IN ROADWAY,RED HILL RD & SR46E,39.24706328,-86.64570525
901715667,2011,10,7,Weekend,1000,1-Car,No injury/unknown,RAN OFF ROAD RIGHT,ROBIINSON RD,39.246426,-86.48298
901752915,2011,12,6,Weekday,1300,1-Car,Non-incapacitating,SPEED TOO FAST FOR WEATHER CONDITIONS,6776 N TUNNEL RD & SHILO,39.246208,-86.431904
901565108,2011,1,3,Weekday,700,2-Car,No injury/unknown,FAILURE TO YIELD RIGHT OF WAY,REDHILL & SR46W,39.24568299,-86.63668392
901633203,2011,5,1,Weekend,1700,2-Car,No injury/unknown,FOLLOWING TOO CLOSELY,N REDHILL & SR46W,39.24568299,-86.63672724
901638875,2011,5,4,Weekday,400,2-Car,No injury/unknown,DISREGARD SIGNAL/REG SIGN,REDHILL & SR46W,39.24568299,-86.63670124
901732636,2011,11,6,Weekday,1100,1-Car,No injury/unknown,RAN OFF ROAD RIGHT,RHINESTONE DR,39.24557816,-86.60837452
901707602,2011,10,5,Weekday,200,1-Car,No injury/unknown,ROADWAY SURFACE CONDITION,MAPLE GROVE & N MATTHEWS RD,39.245408,-86.6204
901751580,2011,12,3,Weekday,1100,2-Car,Non-incapacitating,LEFT OF CENTER,MAPLE GROVE RD & MATTHEWS DRIVE ST,39.245408,-86.6204
901642883,2011,6,4,Weekday,1100,1-Car,No injury/unknown,OTHER (ENVIRONMENTAL) - EXPLAIN IN NARR,MAPLE GROVE RD & MATHWS,39.24534,-86.62044334
901638490,2011,5,4,Weekday,1300,2-Car,Non-incapacitating,FAILURE TO YIELD RIGHT OF WAY,SMITH PIKE & WOODYARD,39.24354736,-86.58311
901623973,2011,4,5,Weekday,800,2-Car,No injury/unknown,DRIVER DISTRACTED - EXPLAIN IN NARRATIVE,SMITH PIKE & WOOLDYARD,39.24353902,-86.58309109
901577682,2011,1,1,Weekend,0,1-Car,Non-incapacitating,OVERCORRECTING/OVERSTEERING,SHUFFLE CREEK RD & SR45,39.24154266,-86.40646483
901635532,2011,5,7,Weekend,100,1-Car,No injury/unknown,ANIMAL/OBJECT IN ROADWAY,RIDGESPRINGS & SR46W,39.24095991,-86.6321047
901601701,2011,3,2,Weekday,0,1-Car,Non-incapacitating,RAN OFF ROAD RIGHT,ROBINSON RD & TUNNEL,39.24065354,-86.43981986
901668200,2011,7,4,Weekday,1200,1-Car,No injury/unknown,RAN OFF ROAD RIGHT,ROBINSON RD & TUNNEL,39.24064407,-86.43734756
901576965,2011,1,6,Weekend,1900,1-Car,No injury/unknown,RAN OFF ROAD RIGHT,E ROBINSON & N TUNNEL RD,39.24064,-86.436288
901643168,2011,6,7,Weekend,1800,1-Car,No injury/unknown,UNSAFE SPEED,RICHARDSON & SR45E,39.24051394,-86.38485993
901707651,2011,10,5,Weekday,700,1-Car,No injury/unknown,OVERCORRECTING/OVERSTEERING,BOLTINGHOUSE RD & OLD 37,39.23974,-86.49909725
901745685,2011,12,6,Weekend,1900,2-Car,No injury/unknown,IMPROPER LANE USAGE,BOLTINGHOUSE RD & OLD STATE ROAD 37,39.23905806,-86.49578006
901712954,2011,10,7,Weekend,2200,2-Car,No injury/unknown,OTHER (DRIVER) - EXPLAIN IN NARRATIVE,MAIN & TEMPERANCE ST,39.238848,-86.630096
901721048,2011,11,7,Weekend,1800,2-Car,No injury/unknown,DRIVER DISTRACTED - EXPLAIN IN NARRATIVE,MAIN ST & W TEMPERANCE,39.238848,-86.630096
901624745,2011,4,4,Weekday,2300,1-Car,No injury/unknown,RAN OFF ROAD RIGHT,RIDGE SPRINGS LN & SYCAMORE,39.238624,-86.640096
901677662,2011,8,4,Weekday,900,2-Car,Incapacitating,UNSAFE SPEED,GOURLEY & NORTH OLD STATE ROAD 37 RD,39.23807999,-86.53521
901719452,2011,11,3,Weekday,700,1-Car,Non-incapacitating,UNSAFE SPEED,RICHARDSON & SR45E,39.23801785,-86.37323206
901640294,2011,5,3,Weekday,700,2-Car,Non-incapacitating,FAILURE TO YIELD RIGHT OF WAY,MCNEELEY ST & RIDGEWAY,39.23765,-86.60692
901701763,2011,10,2,Weekday,1400,1-Car,Non-incapacitating,RAN OFF ROAD RIGHT,UNION VALLEY RD & W MCNEELY,39.23750514,-86.59280598
901663441,2011,7,7,Weekend,1000,2-Car,No injury/unknown,DRIVER DISTRACTED - EXPLAIN IN NARRATIVE,MCNEALEY ST & UNION VALLEY,39.23749991,-86.59277983
901672722,2011,8,6,Weekday,800,2-Car,No injury/unknown,ANIMAL/OBJECT IN ROADWAY,MEL CURRIE RDS & N SHOWERS,39.237248,-86.528896
901687557,2011,9,6,Weekday,1200,1-Car,No injury/unknown,RAN OFF ROAD RIGHT,2900 MEL CURRY RD & OLD STATE RD 37,39.23704,-86.5016
901585559,2011,2,1,Weekend,200,2-Car,No injury/unknown,SPEED TOO FAST FOR WEATHER CONDITIONS,E MEL CURRIE RD,39.2370189,-86.50500154
901730501,2011,11,1,Weekday,2100,1-Car,No injury/unknown,SPEED TOO FAST FOR WEATHER CONDITIONS,GILMORE & REEVES RD,39.236997,-86.67145853
901600511,2011,2,7,Weekend,2000,2-Car,No injury/unknown,FAILURE TO YIELD RIGHT OF WAY,MAIN ST & MATTHEWS,39.236096,-86.625168
901642014,2011,6,5,Weekday,1600,2-Car,Non-incapacitating,DISREGARD SIGNAL/REG SIGN,MAIN ST & MATTHEWS,39.236096,-86.625168
901617996,2011,4,4,Weekday,1600,2-Car,No injury/unknown,FAILURE TO YIELD RIGHT OF WAY,E BETHEL & N ROBS LN,39.235996,-86.46801
901578023,2011,1,7,Weekend,1000,2-Car,Non-incapacitating,FAILURE TO YIELD RIGHT OF WAY,MAIN ST & MATTEWS,39.23598071,-86.62501479
901685025,2011,8,2,Weekday,1700,2-Car,No injury/unknown,FAILURE TO YIELD RIGHT OF WAY,MAIN ST & MATTEWS,39.23598071,-86.62501479
901704656,2011,10,6,Weekday,500,1-Car,No injury/unknown,RAN OFF ROAD RIGHT,RICHARDSON & SR45E,39.23563868,-86.39085808
901705165,2011,10,6,Weekday,500,1-Car,No injury/unknown,RAN OFF ROAD RIGHT,RICHARDSON & SR45E,39.23563868,-86.39085808
901627760,2011,5,5,Weekday,700,2-Car,No injury/unknown,FAILURE TO YIELD RIGHT OF WAY,SALE ST & SALE ST ST,39.234944,-86.623392
901674733,2011,8,4,Weekday,1800,Moped/Motorcycle,Non-incapacitating,DISREGARD SIGNAL/REG SIGN,MATTHEWS & SR46E,39.234768,-86.626384
901679205,2011,8,4,Weekday,1700,2-Car,No injury/unknown,FAILURE TO YIELD RIGHT OF WAY,MATTHEWS & SR46W,39.234768,-86.626384
901682124,2011,8,5,Weekday,1700,2-Car,No injury/unknown,FOLLOWING TOO CLOSELY,MATTHEWS & SR46W,39.234768,-86.626384
901691855,2011,9,4,Weekday,1300,2-Car,Non-incapacitating,DISREGARD SIGNAL/REG SIGN,46 & MATTHEWS DR,39.234768,-86.626384
901699602,2011,9,4,Weekday,1100,1-Car,No injury/unknown,OTHER (VEHICLE) - EXPLAIN IN NARRATIVE,46 & SALE ST,39.23414396,-86.62434641
901628842,2011,5,7,Weekend,1600,2-Car,No injury/unknown,FAILURE TO YIELD RIGHT OF WAY,SALE & SR46W,39.23402598,-86.62517669
901661563,2011,7,4,Weekday,900,2-Car,No injury/unknown,ACCELERATOR FAILURE OR DEFECTIVE,W TEMPERANCE ST,39.23384776,-86.62472372
901585467,2011,2,7,Weekend,1100,2-Car,No injury/unknown,FAILURE TO YIELD RIGHT OF WAY,SALE & SR46E,39.23384,-86.624704
901593246,2011,2,6,Weekday,1200,2-Car,No injury/unknown,FAILURE TO YIELD RIGHT OF WAY,SALE & SR46E,39.23384,-86.624704
901593358,2011,2,6,Weekday,1600,2-Car,No injury/unknown,FOLLOWING TOO CLOSELY,SALE & SR46W,39.23384,-86.624704
901646261,2011,6,7,Weekend,1700,2-Car,No injury/unknown,UNSAFE LANE MOVEMENT,SALE & SR46W,39.23384,-86.624704
901611866,2011,3,5,Weekday,700,3+ Cars,No injury/unknown,FAILURE TO YIELD RIGHT OF WAY,SALES & SR46W,39.23374723,-86.62467328
901700252,2011,9,6,Weekday,1200,2-Car,Non-incapacitating,DISREGARD SIGNAL/REG SIGN,SALE & SR46W,39.23374723,-86.62467328
901720749,2011,10,2,Weekday,800,2-Car,No injury/unknown,FAILURE TO YIELD RIGHT OF WAY,SALE & SR46W,39.23374723,-86.62467328
901709464,2011,10,6,Weekend,2000,1-Car,No injury/unknown,OTHER (DRIVER) - EXPLAIN IN NARRATIVE,LANTERN & TURTLEBACK CREEK RD,39.23363022,-86.61876
901632333,2011,5,5,Weekday,1600,1-Car,No injury/unknown,RAN OFF ROAD RIGHT,5TH ST & TEMPERANCE,39.23352,-86.62424
901659953,2011,7,7,Weekend,1800,2-Car,No injury/unknown,IMPROPER TURNING,5TH ST & WEST TEMPERANCE,39.23352,-86.62424
901723752,2011,11,3,Weekday,700,1-Car,No injury/unknown,OTHER (DRIVER) - EXPLAIN IN NARRATIVE,ASSOCIATION ST & SALE,39.23342589,-86.62612219
901607573,2011,3,6,Weekend,2200,1-Car,No injury/unknown,RAN OFF ROAD RIGHT,614 W ASSOCIATION & SALE,39.23317,-86.62559
901633240,2011,5,2,Weekday,1700,2-Car,No injury/unknown,FOLLOWING TOO CLOSELY,MATTHEWS & SR46W,39.23308732,-86.62363063
901635262,2011,5,6,Weekend,2100,1-Car,No injury/unknown,ANIMAL/OBJECT IN ROADWAY,N BOTTOM & SR37N,39.23288663,-86.54219875
901567490,2011,1,7,Weekend,1700,2-Car,No injury/unknown,FOLLOWING TOO CLOSELY,SR37S & SR45W,39.232688,-86.623056
901665974,2011,7,7,Weekend,0,2-Car,No injury/unknown,UNSAFE BACKING,CLOVER LN & MEADOWLANDS,39.23266,-86.61114866
901660605,2011,7,2,Weekday,1700,2-Car,No injury/unknown,FAILURE TO YIELD RIGHT OF WAY,SR46W & THIRD,39.23254854,-86.62304087
901691477,2011,9,3,Weekday,0,2-Car,No injury/unknown,IMPROPER TURNING,N WALNUT ST,39.232544,-86.540704
901731302,2011,11,3,Weekday,1500,2-Car,No injury/unknown,VIEW OBSTRUCTED,2ND & W VINE ST,39.232352,-86.621904
901608304,2011,3,3,Weekday,300,Moped/Motorcycle,Incapacitating,ANIMAL/OBJECT IN ROADWAY,DAISY DR & WILDFLOWER,39.23176,-86.60599
901697098,2011,9,7,Weekend,800,2-Car,Non-incapacitating,UNSAFE SPEED,FOX HOLLOW & SR37N,39.23169718,-86.51891463
901576534,2011,1,6,Weekday,1400,1-Car,No injury/unknown,RAN OFF ROAD RIGHT,GILMORE RD & REEVES,39.23168861,-86.67482678
901595944,2011,2,4,Weekday,700,2-Car,No injury/unknown,FAILURE TO YIELD RIGHT OF WAY,1ST & SR46W,39.23144,-86.621296
901565098,2011,1,4,Weekday,700,2-Car,No injury/unknown,FOLLOWING TOO CLOSELY,REEVES RD & SYCAMORE,39.23134596,-86.64020192
901704769,2011,10,6,Weekday,800,2-Car,No injury/unknown,FAILURE TO YIELD RIGHT OF WAY,REEVES RD,39.23133887,-86.64145588
901678030,2011,8,3,Weekday,1200,1-Car,No injury/unknown,OTHER (VEHICLE) - EXPLAIN IN NARRATIVE,2ND & OAK ST,39.2309216,-86.6239251
901639447,2011,5,6,Weekend,2100,2-Car,No injury/unknown,LEFT OF CENTER,SHUFFLE CREEK RD & SR45E,39.23077305,-86.4160652
901658034,2011,7,4,Weekday,700,1-Car,No injury/unknown,ANIMAL/OBJECT IN ROADWAY,MT GILEAD & SR45E,39.23074878,-86.42444824
901717163,2011,10,1,Weekend,200,1-Car,No injury/unknown,UNSAFE SPEED,SR45E & YOUNG CEMETERY,39.23074878,-86.42758817
901717543,2011,10,6,Weekday,1600,2-Car,No injury/unknown,FOLLOWING TOO CLOSELY,MT GILEAD & SR45E,39.23074878,-86.42423218
901613918,2011,4,3,Weekday,1200,2-Car,Non-incapacitating,FAILURE TO YIELD RIGHT OF WAY,BRUMMETTS & SR45E,39.230544,-86.42
901648018,2011,6,4,Weekday,600,2-Car,Non-incapacitating,SPEED TOO FAST FOR WEATHER CONDITIONS,BRUMMETTS CREEK & SR46E,39.230544,-86.42
901660665,2011,7,2,Weekday,600,1-Car,No injury/unknown,ANIMAL/OBJECT IN ROADWAY,BRUMMETTS CREEK & SR46E,39.230544,-86.42
901747128,2011,12,2,Weekday,1500,2-Car,No injury/unknown,FAILURE TO YIELD RIGHT OF WAY,1ST & SR46W,39.23051334,-86.61999286
901743853,2011,12,3,Weekday,1300,2-Car,No injury/unknown,UNSAFE BACKING,BOLTINGHOUSE & EARL YOUNG RD,39.23031025,-86.473207
901656182,2011,7,6,Weekday,1800,2-Car,No injury/unknown,FOLLOWING TOO CLOSELY,SR37S & VERNAL,39.23026714,-86.5609886
901658680,2011,7,5,Weekday,800,2-Car,No injury/unknown,FAILURE TO YIELD RIGHT OF WAY,E ST RD 45 HWY & TUNNEL,39.230048,-86.4316
901577140,2011,1,1,Weekend,0,1-Car,No injury/unknown,ROADWAY SURFACE CONDITION,6565 N SHUFFLE CK RD & SR45,39.229952,-86.416096
901719459,2011,10,2,Weekday,1500,1-Car,No injury/unknown,RAN OFF ROAD RIGHT,BREEZEWOOD CT,39.229464,-86.585408
901688865,2011,9,5,Weekday,1600,2-Car,Non-incapacitating,ROADWAY SURFACE CONDITION,FIRST ST & RITTER,39.229424,-86.623584
901596975,2011,2,7,Weekend,1400,2-Car,No injury/unknown,FAILURE TO YIELD RIGHT OF WAY,FIRST ST & RITTER,39.22936567,-86.62355313
901646417,2011,6,7,Weekend,1500,Cyclist,Non-incapacitating,FAILURE TO YIELD RIGHT OF WAY,VINE ST,39.229344,-86.618704
901743842,2011,12,2,Weekday,1800,1-Car,No injury/unknown,OTHER (VEHICLE) - EXPLAIN IN NARRATIVE,EAST CHESTER DR DR,39.228944,-86.627504
901735292,2011,11,7,Weekend,1600,2-Car,No injury/unknown,OTHER (ENVIRONMENTAL) - EXPLAIN IN NARR,NESTLE DOWN & UNION VALLEY RD,39.22874987,-86.5927302
901732554,2011,11,6,Weekday,800,2-Car,No injury/unknown,FAILURE TO YIELD RIGHT OF WAY,1ST & DEWEY DR,39.22851987,-86.62455998
901600091,2011,2,2,Weekday,1600,2-Car,No injury/unknown,UNSAFE BACKING,E TEMPERANCE ST,39.2283992,-86.61715324
901678571,2011,8,4,Weekday,1700,2-Car,No injury/unknown,FAILURE TO YIELD RIGHT OF WAY,CAMPBELLS PARK & HARTSTRAIT RD,39.22628023,-86.61640003
901612274,2011,3,3,Weekday,1600,Moped/Motorcycle,Non-incapacitating,RAN OFF ROAD RIGHT,OLD 37 N & OLD MEYERS RD,39.2261364,-86.48712158
901699970,2011,9,6,Weekday,300,3+ Cars,No injury/unknown,OTHER (DRIVER) - EXPLAIN IN NARRATIVE,KINSER & SR37N,39.22607704,-86.54663581
901588951,2011,2,5,Weekday,1600,2-Car,No injury/unknown,LEFT OF CENTER,BRUMMETTS CREEK RD & SR45,39.22592361,-86.41449856
901719977,2011,11,5,Weekday,1600,2-Car,No injury/unknown,FAILURE TO YIELD RIGHT OF WAY,E EARL YOUNG RD & E WELLSTON,39.225536,-86.454592
901571863,2011,1,5,Weekday,1500,2-Car,No injury/unknown,RAN OFF ROAD RIGHT,SIMPSON CHAPPEL & SR37N,39.22366371,-86.52303324
901597159,2011,2,6,Weekday,700,1-Car,No injury/unknown,RAN OFF ROAD RIGHT,SAMPLE & SR37S,39.22356482,-86.52286248
901659819,2011,7,7,Weekend,1300,2-Car,No injury/unknown,FOLLOWING TOO CLOSELY,CAPITOL & SR46W,39.22319037,-86.60908281
901710571,2011,10,3,Weekday,2100,1-Car,No injury/unknown,ANIMAL/OBJECT IN ROADWAY,CAPITOL & SR46W,39.22319037,-86.60910879
901681169,2011,7,4,Weekday,1300,2-Car,No injury/unknown,FOLLOWING TOO CLOSELY,LOST MANS & UNION VALLEY RD,39.22298533,-86.592704
901675145,2011,8,5,Weekday,1600,2-Car,Non-incapacitating,FAILURE TO YIELD RIGHT OF WAY,LOSTMANS & UNIONVALLEY RD,39.222848,-86.592704