Master Record Number,Year,Month,Day,Weekend?,Hour,Collision Type,Injury Type,Primary Factor,Reported_Location,Latitude,Longitude
901683168,2011,8,1,Weekend,1500,2-Car,No injury/unknown,UNSAFE BACKING,N KINSER PIKE,39.222752,-86.550096
901739674,2011,12,3,Weekday,900,1-Car,No injury/unknown,BRAKE FAILURE OR DEFECTIVE,WHISNAND RD,39.22268674,-86.51923902
901722942,2011,11,3,Weekday,700,Moped/Motorcycle,Non-incapacitating,ANIMAL/OBJECT IN ROADWAY,KINSER & SR37N,39.22215594,-86.54933828
901629159,2011,5,1,Weekend,1700,1-Car,No injury/unknown,UNSAFE SPEED,GATES DR & JONATHAN,39.22163783,-86.57642
901718224,2011,10,2,Weekday,800,2-Car,No injury/unknown,FAILURE TO YIELD RIGHT OF WAY,LAKEVIEW DR & SR46W,39.22155931,-86.60552041
901591181,2011,2,2,Weekday,1500,2-Car,No injury/unknown,OVERCORRECTING/OVERSTEERING,N KINSER & SR37N,39.22136752,-86.55001248
901635711,2011,5,7,Weekend,1200,2-Car,No injury/unknown,FAILURE TO YIELD RIGHT OF WAY,N  KINSER & SR37N,39.221248,-86.55
901672359,2011,8,6,Weekday,1500,2-Car,No injury/unknown,FAILURE TO YIELD RIGHT OF WAY,KINSER & SR37N,39.221248,-86.55
901675361,2011,8,5,Weekday,1200,2-Car,Non-incapacitating,FAILURE TO YIELD RIGHT OF WAY,LAKEVIEW DR & SR46W,39.221152,-86.6056
901690376,2011,9,1,Weekend,1100,3+ Cars,Non-incapacitating,FAILURE TO YIELD RIGHT OF WAY,LAKEVIEW & SR46W,39.221152,-86.6056
901610890,2011,3,2,Weekday,700,2-Car,No injury/unknown,UNSAFE BACKING,E SR 45 HWY,39.221062,-86.441987
901625290,2011,4,6,Weekday,1700,2-Car,Non-incapacitating,DRIVER DISTRACTED - EXPLAIN IN NARRATIVE,LAKEVIEW & SR46W,39.22105821,-86.60547104
901621995,2011,4,7,Weekend,1900,1-Car,No injury/unknown,OTHER (DRIVER) - EXPLAIN IN NARRATIVE,4600 BLOCK N KINSER PIKE & SR37,39.22044931,-86.54856384
901715817,2011,10,5,Weekday,1700,2-Car,Non-incapacitating,FAILURE TO YIELD RIGHT OF WAY,N VIKING RIDGE & SR45E,39.219552,-86.444592
901724863,2011,11,6,Weekday,1600,Bus,No injury/unknown,DRIVER DISTRACTED - EXPLAIN IN NARRATIVE,EAST 45 HWY,39.21936967,-86.44920774
901744046,2011,12,2,Weekday,2200,1-Car,Incapacitating,OTHER (DRIVER) - EXPLAIN IN NARRATIVE,SR45E & VIKING RIDGE RD,39.21904006,-86.44433603
901680477,2011,8,5,Weekday,1500,2-Car,No injury/unknown,FAILURE TO YIELD RIGHT OF WAY,E BOLTINGHOUSE & N OLD STATRE ROAD 37 RD,39.21904,-86.472896
901647487,2011,6,2,Weekday,900,1-Car,No injury/unknown,RAN OFF ROAD RIGHT,CHATHAM DR,39.218786,-86.567307
901616831,2011,4,3,Weekday,1500,2-Car,No injury/unknown,IMPROPER TURNING,E JONES & N JORDAN AVE,39.21827329,-86.51641
901744561,2011,12,4,Weekday,1900,2-Car,No injury/unknown,FAILURE TO YIELD RIGHT OF WAY,DANIELS WAY WAY & STATE ROAD 48,39.21770267,-86.59910984
901696472,2011,9,6,Weekday,1200,2-Car,No injury/unknown,UNSAFE BACKING,LINDEN & TAMARACK TRL,39.21755399,-86.52027
901656856,2011,7,1,Weekend,1100,3+ Cars,Non-incapacitating,FOLLOWING TOO CLOSELY,RIDGEWOOD DR & SR46W,39.2171903,-86.59883544
901693288,2011,9,7,Weekend,1100,2-Car,No injury/unknown,UNSAFE BACKING,N STARNES RD RD & W RATLIFF,39.21687,-86.65872
901618371,2011,4,5,Weekday,1100,2-Car,Non-incapacitating,FAILURE TO YIELD RIGHT OF WAY,BRIARGATE & SR46W,39.21660701,-86.59636259
901733030,2011,11,5,Weekday,1900,1-Car,No injury/unknown,ANIMAL/OBJECT IN ROADWAY,BRIAR GATE & SR46W,39.21658518,-86.59635392
901659375,2011,7,3,Weekday,2000,1-Car,No injury/unknown,RAN OFF ROAD RIGHT,RICHLAND PLAZA DR,39.21650314,-86.59526824
901593389,2011,2,6,Weekday,1600,2-Car,No injury/unknown,FAILURE TO YIELD RIGHT OF WAY,LYNWEST & UNIONVALLEY DR,39.21584,-86.5928
901656945,2011,7,2,Weekday,1500,2-Car,No injury/unknown,FAILURE TO YIELD RIGHT OF WAY,SR46W & UNION VALLEY,39.21569341,-86.59442231
901739189,2011,12,1,Weekday,1900,1-Car,No injury/unknown,ROADWAY SURFACE CONDITION,N RIDGEWOOD DR & W DUNLEIGH,39.21550417,-86.5990017
901658927,2011,7,5,Weekday,1600,2-Car,No injury/unknown,IMPROPER LANE USAGE,SR46W & UNION VALLEY,39.2154804,-86.59377143
901749697,2011,12,6,Weekday,1800,2-Car,No injury/unknown,DRIVER DISTRACTED - EXPLAIN IN NARRATIVE,BAYLES & SR37N,39.21547801,-86.53700724
901704304,2011,10,6,Weekday,1300,2-Car,Non-incapacitating,DISREGARD SIGNAL/REG SIGN,OUTBACK & SR46W,39.21538925,-86.59300447
901719316,2011,11,4,Weekday,1600,2-Car,No injury/unknown,FOLLOWING TOO CLOSELY,N UNION VALLEY & SR46W,39.21525091,-86.59309122
901628106,2011,5,5,Weekday,1700,Moped/Motorcycle,Non-incapacitating,LEFT OF CENTER,E BETHEL LN,39.21517201,-86.51138259
901568758,2011,1,1,Weekday,2100,2-Car,No injury/unknown,UNSAFE LANE MOVEMENT,UNION VALLEY & W 46 EASTBOUND HWY,39.215152,-86.5928
901581003,2011,1,6,Weekday,1700,3+ Cars,No injury/unknown,DRIVER DISTRACTED - EXPLAIN IN NARRATIVE,SR46W & UNION VALLEY,39.215152,-86.5928
901608741,2011,3,3,Weekday,1500,2-Car,No injury/unknown,FOLLOWING TOO CLOSELY,N UNION VALLEY & SR46W,39.215152,-86.5928
901623081,2011,4,2,Weekday,1800,3+ Cars,Non-incapacitating,FAILURE TO YIELD RIGHT OF WAY,SR46W & UNION VALLEY,39.215152,-86.5928
901661320,2011,7,2,Weekday,1600,2-Car,Non-incapacitating,FAILURE TO YIELD RIGHT OF WAY,N UNION VALLEY RD & SR46W,39.215152,-86.5928
901681141,2011,8,4,Weekday,500,1-Car,No injury/unknown,UNSAFE LANE MOVEMENT,N UNION VALLEY & SR46W,39.215152,-86.5928
901691214,2011,9,3,Weekday,1200,3+ Cars,Non-incapacitating,DISREGARD SIGNAL/REG SIGN,SR46W & UNION VALLEY ROAD,39.215152,-86.5928
901733509,2011,11,2,Weekday,700,2-Car,No injury/unknown,FOLLOWING TOO CLOSELY,SR46W & UNION VALLEY,39.21513028,-86.59269723
901718074,2011,10,2,Weekday,1700,Moped/Motorcycle,Non-incapacitating,FAILURE TO YIELD RIGHT OF WAY,SR46W & UNIONVALLEY,39.21496137,-86.59254583
901684550,2011,8,3,Weekday,300,1-Car,No injury/unknown,RAN OFF ROAD RIGHT,EAST BETHEL LN & INNISBROOKE,39.2149,-86.46903
901710541,2011,10,3,Weekday,2000,2-Car,No injury/unknown,DRIVER DISTRACTED - EXPLAIN IN NARRATIVE,NORTH UNION VALLEY ROAD & SR46W,39.21477514,-86.59228631
901567528,2011,1,6,Weekday,1700,1-Car,No injury/unknown,RAN OFF ROAD RIGHT,E BETHEL LN & STIDD,39.214752,-86.477504
901567573,2011,1,6,Weekend,2200,1-Car,No injury/unknown,ROADWAY SURFACE CONDITION,HARTSTRAIT RD & RATLIFF,39.21440323,-86.61138
901637738,2011,5,3,Weekday,1900,Moped/Motorcycle,Incapacitating,FAILURE TO YIELD RIGHT OF WAY,SR46W & UNION VALLEY,39.21421656,-86.59150766
901662292,2011,7,6,Weekday,400,1-Car,No injury/unknown,ANIMAL/OBJECT IN ROADWAY,SR46W & UNION VALLEY,39.21421656,-86.59150766
901581002,2011,1,6,Weekday,1600,1-Car,No injury/unknown,RAN OFF ROAD RIGHT,E  BETHEL LN,39.214084,-86.479105
901722947,2011,11,5,Weekday,1300,1-Car,Non-incapacitating,RAN OFF ROAD RIGHT,BETHEL LN & BOLTINGHOUSE,39.21408399,-86.47960539
901695515,2011,9,4,Weekday,200,1-Car,No injury/unknown,OTHER (DRIVER) - EXPLAIN IN NARRATIVE,TULIP STREET RD,39.213789,-86.631282
901567526,2011,1,6,Weekday,1500,1-Car,No injury/unknown,SPEED TOO FAST FOR WEATHER CONDITIONS,E BETHEL LN & N BAUGH,39.212944,-86.486896
901658472,2011,7,4,Weekday,2300,1-Car,Non-incapacitating,UNSAFE SPEED,BAUGH & BETHEL LN,39.21287961,-86.49042556
901688936,2011,9,5,Weekday,1700,2-Car,No injury/unknown,LEFT OF CENTER,E BETHEL & N HINKLE RD,39.212848,-86.505392
901659139,2011,7,6,Weekday,1100,2-Car,No injury/unknown,FAILURE TO YIELD RIGHT OF WAY,FORREST PARK & SR46E,39.21206495,-86.58700777
901637477,2011,5,3,Weekday,700,3+ Cars,Non-incapacitating,FAILURE TO YIELD RIGHT OF WAY,FORREST PARK & SR46W,39.21202382,-86.58704577
901581520,2011,1,1,Weekend,1600,2-Car,No injury/unknown,FAILURE TO YIELD RIGHT OF WAY,CRIDER & RIDGEWOOD DR,39.212016,-86.59872
901627534,2011,5,3,Weekday,1400,2-Car,No injury/unknown,FOLLOWING TOO CLOSELY,BETHEL LN & WESLEY,39.21193,-86.49604
901599068,2011,2,2,Weekday,1700,2-Car,No injury/unknown,UNSAFE BACKING,S LIBERTY RD,39.211744,-86.572192
901630637,2011,5,4,Weekday,1100,2-Car,No injury/unknown,OTHER (DRIVER) - EXPLAIN IN NARRATIVE,S WALKER ST,39.21168,-86.559184
901668930,2011,7,6,Weekday,1100,2-Car,Non-incapacitating,UNSAFE BACKING,S WALKER ST,39.21168,-86.559184
901649732,2011,6,7,Weekend,400,1-Car,No injury/unknown,ANIMAL/OBJECT IN ROADWAY,OLD MEYERS & OLD STATE ROAD 37 RD,39.21065481,-86.50636
901709761,2011,10,2,Weekday,1800,Pedestrian,Incapacitating,PEDESTRIAN ACTION,GRAMERCY PARK DR & N CLAYBROOKE,39.21045,-86.51202
901608535,2011,3,3,Weekday,1200,Moped/Motorcycle,Incapacitating,OTHER (DRIVER) - EXPLAIN IN NARRATIVE,BRIGHTON & SMITH RD,39.21041269,-86.48065
901643845,2011,6,2,Weekday,1500,2-Car,Non-incapacitating,FAILURE TO YIELD RIGHT OF WAY,N SMITH & SR46W,39.210144,-86.5832
901702512,2011,10,7,Weekend,1500,2-Car,Non-incapacitating,DISREGARD SIGNAL/REG SIGN,SMITH & SR46W,39.210144,-86.5832
901702528,2011,10,3,Weekday,500,2-Car,No injury/unknown,DRIVER DISTRACTED - EXPLAIN IN NARRATIVE,NORTH SMITH PIKE & SR46,39.210144,-86.5832
901727977,2011,11,4,Weekday,2000,2-Car,No injury/unknown,OTHER (DRIVER) - EXPLAIN IN NARRATIVE,SMITH PIKE & SR46,39.210144,-86.5832
901646971,2011,6,7,Weekend,1300,1-Car,No injury/unknown,ANIMAL/OBJECT IN ROADWAY,ACUFF & SR37N,39.21013821,-86.55431179
901665485,2011,7,5,Weekday,1900,2-Car,No injury/unknown,DRIVER DISTRACTED - EXPLAIN IN NARRATIVE,SMITH & SR46W,39.21005745,-86.58306296
901645143,2011,6,4,Weekday,1300,2-Car,Incapacitating,DRIVER ILLNESS,CENTENIAL & SR46W,39.20990698,-86.58277988
901645587,2011,6,6,Weekday,200,2-Car,No injury/unknown,IMPROPER TURNING,SMITH PIKE & SR46,39.20986935,-86.5832
901580289,2011,1,5,Weekday,1400,2-Car,No injury/unknown,FOLLOWING TOO CLOSELY,ARLINGTON ROAD RD & SR46,39.209808,-86.582672
901642674,2011,6,7,Weekend,900,2-Car,Non-incapacitating,FAILURE TO YIELD RIGHT OF WAY,ARLINGTON & SR46W,39.209808,-86.582672
901724841,2011,11,6,Weekday,1800,1-Car,No injury/unknown,ANIMAL/OBJECT IN ROADWAY,ACUFF & SR37N,39.20959587,-86.55442385
901750216,2011,12,1,Weekday,1900,1-Car,No injury/unknown,ANIMAL/OBJECT IN ROADWAY,ACUFF & SR37N,39.20959587,-86.55442385
901653971,2011,6,2,Weekday,1600,2-Car,No injury/unknown,FAILURE TO YIELD RIGHT OF WAY,SMITH PIKE & SR46,39.20959469,-86.5832
901662635,2011,7,4,Weekday,1700,2-Car,No injury/unknown,FOLLOWING TOO CLOSELY,HARTSTRAIT & RATLIFF RD,39.20911007,-86.61138027
901673933,2011,7,4,Weekday,1600,1-Car,No injury/unknown,RAN OFF ROAD RIGHT,W BEXLEY & W MAPLE GROVE RD,39.20864,-86.5588
901620388,2011,4,7,Weekend,1700,1-Car,No injury/unknown,RAN OFF ROAD RIGHT,ACUFF RD & SR37,39.20824,-86.5557631
901643164,2011,5,2,Weekday,100,1-Car,No injury/unknown,UNSAFE SPEED,ACUFF RD & SR37N,39.20824,-86.55646916
901585162,2011,2,7,Weekend,1200,2-Car,No injury/unknown,LEFT OF CENTER,ACUFF RD & SR37N,39.20824,-86.554704
901592514,2011,2,2,Weekday,1400,2-Car,Incapacitating,FAILURE TO YIELD RIGHT OF WAY,ACUFF & SR37N,39.20824,-86.554704
901606277,2011,3,4,Weekday,1800,2-Car,Incapacitating,FAILURE TO YIELD RIGHT OF WAY,ACUFF & SR37,39.20824,-86.554704
901618642,2011,4,7,Weekend,900,2-Car,Incapacitating,FAILURE TO YIELD RIGHT OF WAY,ACUFF ROAD & SR37N,39.20824,-86.554704
901637533,2011,5,4,Weekday,700,2-Car,Non-incapacitating,FAILURE TO YIELD RIGHT OF WAY,ACUFF & SR37N,39.20824,-86.554704
901646205,2011,6,7,Weekend,1300,2-Car,No injury/unknown,OTHER (DRIVER) - EXPLAIN IN NARRATIVE,ACUFF ROAD & SR37,39.20824,-86.554704
901711204,2011,10,4,Weekday,1500,2-Car,No injury/unknown,ROADWAY SURFACE CONDITION,ACUFF RD & SR37,39.20824,-86.554704
901714764,2011,10,3,Weekday,1800,2-Car,No injury/unknown,FAILURE TO YIELD RIGHT OF WAY,ACUFF & SR37N,39.20824,-86.554704
901734844,2011,11,7,Weekend,1300,1-Car,No injury/unknown,RAN OFF ROAD RIGHT,FORREST PARK & SMITH PIKE,39.20822024,-86.58315002
901646246,2011,6,6,Weekday,1500,2-Car,No injury/unknown,FOLLOWING TOO CLOSELY,FORREST PARK & N SMITH PIKE,39.20822,-86.58315
901720092,2011,11,5,Weekday,1400,2-Car,No injury/unknown,LEFT OF CENTER,FORREST PARK & SMITH PIKE,39.20822,-86.58315
901620738,2011,4,4,Weekday,1200,2-Car,No injury/unknown,UNSAFE BACKING,FORESTVIEW DRIVE & FORESTVIEW DRIVE DR,39.208144,-86.5832
901751080,2011,12,3,Weekday,900,1-Car,No injury/unknown,RAN OFF ROAD RIGHT,FORREST PARK DR & SMITH,39.208144,-86.5832
901580993,2011,1,6,Weekday,1700,2-Car,Non-incapacitating,LEFT OF CENTER,DUNN & OLD STATE ROAD 37 RD,39.208048,-86.528704
901649804,2011,6,1,Weekend,900,1-Car,No injury/unknown,SPEED TOO FAST FOR WEATHER CONDITIONS,N DUNN & N OLD STATE ROAD 37 RD,39.208048,-86.528704
901684096,2011,8,3,Weekday,200,Moped/Motorcycle,Fatal,UNSAFE SPEED,DUNN & OLD SR 37 RD,39.208048,-86.528704
901713054,2011,10,1,Weekend,1100,1-Car,No injury/unknown,RAN OFF ROAD RIGHT,N DUNN ST & N OLD SR 37,39.208048,-86.528704
901747954,2011,12,2,Weekday,2200,1-Car,No injury/unknown,SPEED TOO FAST FOR WEATHER CONDITIONS,NORTH DUNN & NORTH OLD SR 37 RD,39.208048,-86.528704
901569919,2011,1,3,Weekday,1700,2-Car,Non-incapacitating,SPEED TOO FAST FOR WEATHER CONDITIONS,DUNN & OLD SR 37 RD,39.20802,-86.52874596
901616490,2011,4,2,Weekday,1600,2-Car,Non-incapacitating,LEFT OF CENTER,DUNN & OLD SR 37 RD,39.20802,-86.52872519
901712177,2011,10,6,Weekday,700,1-Car,No injury/unknown,ANIMAL/OBJECT IN ROADWAY,ACUFF & SR37S,39.20782802,-86.55470103
901699894,2011,9,2,Weekday,1500,1-Car,No injury/unknown,RAN OFF ROAD RIGHT,ARLINGTON RD & SHELBOURNE,39.20766033,-86.57368987
901669000,2011,7,6,Weekday,600,1-Car,Non-incapacitating,DRIVER ASLEEP OR FATIGUED,SR46 & SR46W,39.207648,-86.573792
901677089,2011,8,3,Weekday,1000,2-Car,Non-incapacitating,FAILURE TO YIELD RIGHT OF WAY,SR46 & SR46W,39.207648,-86.573792
901595912,2011,2,3,Weekday,1400,2-Car,No injury/unknown,IMPROPER PASSING,ARLINGTON RD & SHELBURNE,39.20764225,-86.5737269
901597441,2011,2,6,Weekday,800,1-Car,No injury/unknown,SPEED TOO FAST FOR WEATHER CONDITIONS,4500 ARLINGTON RD & SHELBURNE,39.20764225,-86.57374422
901686811,2011,9,2,Weekday,800,2-Car,No injury/unknown,FAILURE TO YIELD RIGHT OF WAY,45 46 & N WALNUT ST,39.20749068,-86.53453968
901704874,2011,10,1,Weekend,1500,2-Car,No injury/unknown,UNSAFE SPEED,ACUFF & SR37N,39.20741605,-86.55469806
901717073,2011,10,1,Weekend,300,1-Car,No injury/unknown,TIRE FAILURE OR DEFECTIVE,N BUSINESS RD 37 RD & STATE ROAD 37,39.20713,-86.53484
901577301,2011,1,7,Weekend,1700,1-Car,No injury/unknown,RAN OFF ROAD RIGHT,N WALNUT & OLD STATE RD 37 RD,39.20704,-86.534704
901616680,2011,4,3,Weekday,900,2-Car,No injury/unknown,OTHER (VEHICLE) - EXPLAIN IN NARRATIVE,OLD SR 37 NORTH & WALNUT ST ST,39.20704,-86.534704
901647674,2011,6,3,Weekday,900,3+ Cars,No injury/unknown,FAILURE TO YIELD RIGHT OF WAY,N WALNUT ST & OLD SR 37 N,39.20704,-86.534704
901675175,2011,8,5,Weekday,1300,2-Car,Non-incapacitating,FAILURE TO YIELD RIGHT OF WAY,OLD  STATE RD 37 & WALNUT ST,39.20704,-86.534704
901700611,2011,10,7,Weekend,900,2-Car,No injury/unknown,DRIVER DISTRACTED - EXPLAIN IN NARRATIVE,NORTH WALNUT ST & OLD STATE ROAD 37,39.20704,-86.534704
901704305,2011,10,6,Weekday,1700,2-Car,No injury/unknown,UNSAFE LANE MOVEMENT,1800 N WALNUT ST & N OLD STATE RD 37,39.20704,-86.534704
901567417,2011,1,6,Weekend,2200,1-Car,No injury/unknown,RAN OFF ROAD RIGHT,ACUFF ROAD RD & SR37,39.20698707,-86.55649557
901606754,2011,3,5,Weekday,1700,2-Car,No injury/unknown,UNSAFE BACKING,W STATE ROAD 46 RD,39.206658,-86.571585
901696372,2011,9,7,Weekend,2100,1-Car,Non-incapacitating,RAN OFF ROAD RIGHT,ACUFF RD & N MAPLE GROVE,39.2064,-86.5575
901641880,2011,6,5,Weekday,1400,2-Car,No injury/unknown,UNSAFE BACKING,4546 BYP,39.206312,-86.571312
901652335,2011,6,5,Weekday,1300,2-Car,No injury/unknown,OTHER (DRIVER) - EXPLAIN IN NARRATIVE,SR46S,39.206312,-86.571312
901697132,2011,9,1,Weekend,1100,1-Car,No injury/unknown,OTHER (DRIVER) - EXPLAIN IN NARRATIVE,SR46E,39.206312,-86.571312
901605095,2011,3,7,Weekend,900,1-Car,No injury/unknown,RAN OFF ROAD RIGHT,RATLIFF & SR45E,39.20521753,-86.46336695
901625867,2011,5,1,Weekend,200,1-Car,No injury/unknown,SPEED TOO FAST FOR WEATHER CONDITIONS,RATLIFF & SR45E,39.20521753,-86.46332372
901731148,2011,11,1,Weekend,1400,2-Car,No injury/unknown,SPEED TOO FAST FOR WEATHER CONDITIONS,MARTIN & SR45E,39.204864,-86.463472
901738565,2011,12,2,Weekday,600,Bus,No injury/unknown,FOLLOWING TOO CLOSELY,E MARTIN DRIVE & SR45E,39.204864,-86.463472
901576363,2011,1,5,Weekday,1800,1-Car,No injury/unknown,ROADWAY SURFACE CONDITION,N KINSER PK PIKE,39.20450971,-86.547392
901605093,2011,2,6,Weekday,900,1-Car,No injury/unknown,SPEED TOO FAST FOR WEATHER CONDITIONS,GARRISON CHAPEL RD & RICE,39.20449471,-86.64364
901752609,2011,12,4,Weekday,600,1-Car,No injury/unknown,ROADWAY SURFACE CONDITION,CARMOLA & N SMITH PIKE,39.204448,-86.583168
901582619,2011,2,3,Weekday,1000,2-Car,No injury/unknown,IMPROPER PASSING,10TH & 2451 EAST 10TH (WEST DRIVE) ST,39.20336252,-86.53360637
901680588,2011,8,4,Weekday,1300,1-Car,No injury/unknown,OTHER (DRIVER) - EXPLAIN IN NARRATIVE,10TH & 2815 EAST 10TH (NORTH DRIVE) ST,39.20336252,-86.53360637
901747903,2011,12,3,Weekday,1100,2-Car,No injury/unknown,UNSAFE SPEED,10TH & SR46E,39.20325925,-86.50220967
901602652,2011,3,3,Weekday,700,1-Car,No injury/unknown,OTHER (DRIVER) - EXPLAIN IN NARRATIVE,N KINSER PIKE,39.20304,-86.547392
901688900,2011,9,5,Weekday,1800,2-Car,No injury/unknown,UNSAFE BACKING,N KINSER PIKE,39.20304,-86.547392
901708609,2011,10,1,Weekday,2300,2-Car,Non-incapacitating,FAILURE TO YIELD RIGHT OF WAY,NORTH DUNN ST & STATE ROAD 45,39.20219569,-86.52844958
901693528,2011,9,7,Weekend,500,1-Car,No injury/unknown,UNSAFE SPEED,3000 N DUNN ST & LAKEWOOD,39.201952,-86.5288
901717109,2011,10,1,Weekend,300,1-Car,No injury/unknown,RAN OFF ROAD RIGHT,3000 N DUNN AVE & 510 E LAKEWOOD,39.201952,-86.5288
901611362,2011,3,3,Weekday,1500,2-Car,No injury/unknown,OTHER (DRIVER) - EXPLAIN IN NARRATIVE,NORTH KINSER PIKE,39.201135,-86.547265
901682926,2011,8,6,Weekend,1900,1-Car,Non-incapacitating,IMPROPER TURNING,N KINSER PIKE,39.201135,-86.547265
901703772,2011,10,5,Weekday,1500,Pedestrian,Non-incapacitating,PEDESTRIAN ACTION,NORTH KINSER PIKE,39.201135,-86.547265
901572184,2011,1,6,Weekday,1400,2-Car,No injury/unknown,FOLLOWING TOO CLOSELY,3551 N KINSER PIKE & W CLUB HOUSE,39.2008428,-86.54288177
901648291,2011,6,4,Weekday,800,1-Car,No injury/unknown,SPEED TOO FAST FOR WEATHER CONDITIONS,SR37N & SR46,39.20059824,-86.55464886
901699650,2011,9,5,Weekday,1100,1-Car,No injury/unknown,OTHER (DRIVER) - EXPLAIN IN NARRATIVE,N HINKLE RD,39.200448,-86.514192
901581491,2011,1,1,Weekend,1500,2-Car,No injury/unknown,FOLLOWING TOO CLOSELY,17TH & ARLINGTON RD,39.20037678,-86.5471
901564576,2011,1,3,Weekday,1100,3+ Cars,Non-incapacitating,IMPROPER PASSING,EAST SEVENTH & NORTH UNION ST,39.19989121,-86.509455
901576509,2011,1,6,Weekday,1200,1-Car,No injury/unknown,ROADWAY SURFACE CONDITION,ARLINGTON RD & MAPLE GROVE,39.19968,-86.55968
901699298,2011,9,4,Weekday,2000,1-Car,No injury/unknown,OTHER (VEHICLE) - EXPLAIN IN NARRATIVE,N MAPLE GROVE & W ARLINGTON RD,39.19968,-86.55968
901687875,2011,9,4,Weekday,200,1-Car,Incapacitating,RAN OFF ROAD RIGHT,KENWOOD & N DUNN ST,39.198528,-86.528624
901733233,2011,11,1,Weekend,1100,1-Car,Non-incapacitating,DRIVER ASLEEP OR FATIGUED,E KENWOOD & N DUNN ST,39.198528,-86.528624
901703113,2011,10,4,Weekday,1700,1-Car,Incapacitating,DRIVER ILLNESS,KINSER & WINDING WAY,39.19808325,-86.54244024
901585332,2011,2,7,Weekend,1100,3+ Cars,No injury/unknown,FAILURE TO YIELD RIGHT OF WAY,ARLINGTON RD & NORWEST WOODS,39.19807657,-86.55860486
901622992,2011,4,2,Weekday,1500,2-Car,Non-incapacitating,OTHER (DRIVER) - EXPLAIN IN NARRATIVE,SR37S & SR46,39.19689046,-86.55462122
901596675,2011,2,5,Weekday,800,2-Car,No injury/unknown,LEFT OF CENTER,BLUE RIDGE & WALNUT ST,39.196848,-86.5344
901628511,2011,5,6,Weekday,1100,2-Car,No injury/unknown,FAILURE TO YIELD RIGHT OF WAY,BLUE RIDGE & NORTH WALNUT ST,39.196848,-86.5344
901707999,2011,10,5,Weekday,1700,3+ Cars,No injury/unknown,FOLLOWING TOO CLOSELY,2800 N WALNUT ST & BLUE RIDGE,39.196848,-86.5344
901702479,2011,10,2,Weekday,1900,2-Car,Non-incapacitating,IMPROPER TURNING,DANIELS WAY & STATE ROAD 48,39.19655351,-86.59911
901721418,2011,11,7,Weekend,2300,1-Car,Non-incapacitating,UNSAFE SPEED,W WOODYEARD RD,39.196116,-86.596067
901670502,2011,8,3,Weekday,800,1-Car,No injury/unknown,OVERCORRECTING/OVERSTEERING,HAWTHORNE ST & THIRD,39.19597304,-86.52009
901574320,2011,1,4,Weekday,700,1-Car,Non-incapacitating,ROADWAY SURFACE CONDITION,1230 GARRISON CHAPEL RD & GIFFORD,39.19596698,-86.644698
901680846,2011,8,3,Weekday,1300,2-Car,No injury/unknown,FAILURE TO YIELD RIGHT OF WAY,BLUE RIDGE & WALNUT ST,39.19487315,-86.53364715
901623990,2011,4,4,Weekday,1300,2-Car,No injury/unknown,UNSAFE LANE MOVEMENT,ARLINGTON & SR37N,39.19469329,-86.55459784
901708311,2011,10,7,Weekend,200,1-Car,No injury/unknown,ANIMAL/OBJECT IN ROADWAY,46 & SR37N,39.19455597,-86.55459638
901645494,2011,6,5,Weekday,1500,1-Car,No injury/unknown,ANIMAL/OBJECT IN ROADWAY,ARLINGTON & SR37S,39.19441865,-86.55459492
901733374,2011,11,1,Weekend,1500,2-Car,No injury/unknown,OTHER (DRIVER) - EXPLAIN IN NARRATIVE,WEST BRIARCLIFF DR,39.19424459,-86.54623411
901690168,2011,9,2,Weekday,500,2-Car,No injury/unknown,UNSAFE LANE MOVEMENT,BRIARCLIFF DR & KINGSLEY,39.194192,-86.542208
901569138,2011,1,3,Weekday,900,2-Car,No injury/unknown,SPEED TOO FAST FOR WEATHER CONDITIONS,SR37N & SR46W,39.194144,-86.554592
901596438,2011,2,4,Weekday,1700,2-Car,Non-incapacitating,BRAKE FAILURE OR DEFECTIVE,SR37 & SR46W,39.194144,-86.554592
901610897,2011,3,7,Weekend,1300,2-Car,No injury/unknown,FOLLOWING TOO CLOSELY,37 & SR46W,39.194144,-86.554592
901666244,2011,7,7,Weekend,1600,Moped/Motorcycle,Non-incapacitating,OTHER (DRIVER) - EXPLAIN IN NARRATIVE,SR37 & SR46,39.194144,-86.554592
901677018,2011,8,3,Weekday,1000,2-Car,No injury/unknown,FOLLOWING TOO CLOSELY,SR37 & SR46,39.194144,-86.554592
901725294,2011,11,7,Weekend,2100,1-Car,No injury/unknown,ANIMAL/OBJECT IN ROADWAY,37 & SR46W,39.194144,-86.554592
901577072,2011,1,7,Weekend,1700,1-Car,No injury/unknown,SPEED TOO FAST FOR WEATHER CONDITIONS,LOESCH RD & WOODYARD,39.193872,-86.590784
901634777,2011,5,5,Weekday,1700,2-Car,No injury/unknown,OTHER (DRIVER) - EXPLAIN IN NARRATIVE,CURRY & SR46W,39.19377697,-86.57123388
901709805,2011,10,1,Weekday,2000,1-Car,No injury/unknown,ANIMAL/OBJECT IN ROADWAY,N CURRY & SR46W,39.19377697,-86.5710088
901713145,2011,10,1,Weekday,2000,1-Car,No injury/unknown,ANIMAL/OBJECT IN ROADWAY,N CURRY & SR46W,39.19377697,-86.5711906