Master Record Number,Year,Month,Day,Weekend?,Hour,Collision Type,Injury Type,Primary Factor,Reported_Location,Latitude,Longitude
901643817,2011,6,6,Weekday,700,3+ Cars,Non-incapacitating,DRIVER DISTRACTED - EXPLAIN IN NARRATIVE,CURRY & SR46W,39.19369005,-86.57138339
901699311,2011,9,4,Weekday,400,1-Car,No injury/unknown,RAN OFF ROAD RIGHT,GETTYS CREEK & MT GILEAD RD,39.19344,-86.436288
901623271,2011,4,2,Weekday,2200,1-Car,Non-incapacitating,UNSAFE SPEED,HUDOFF RD & PADDOCK RIDGE,39.19338683,-86.46384282
901690050,2011,9,1,Weekend,1500,2-Car,No injury/unknown,LEFT OF CENTER,SALT CREEK & SR446S,39.19332654,-86.42243138
901574754,2011,1,4,Weekday,1500,2-Car,No injury/unknown,FAILURE TO YIELD RIGHT OF WAY,N COLLEGE AVE & W 10TH,39.1928127,-86.53483
901567281,2011,1,7,Weekend,800,1-Car,No injury/unknown,SPEED TOO FAST FOR WEATHER CONDITIONS,JUNIPER & TAMARACK TRL,39.19254,-86.5233
901731231,2011,11,3,Weekday,1400,2-Car,No injury/unknown,FAILURE TO YIELD RIGHT OF WAY,ARLINGTON RD & PROW,39.192352,-86.552592
901748009,2011,12,3,Weekday,1600,3+ Cars,No injury/unknown,FOLLOWING TOO CLOSELY,SR37S & VERNAL,39.19232667,-86.56233005
901743922,2011,12,6,Weekend,2000,1-Car,No injury/unknown,ANIMAL/OBJECT IN ROADWAY,CROSSOVER & SR37N,39.19184573,-86.51870995
901674877,2011,8,5,Weekday,800,1-Car,No injury/unknown,RAN OFF ROAD RIGHT,BARBARA & GLENDORA DR,39.19144,-86.529504
901678624,2011,8,5,Weekday,1700,2-Car,Non-incapacitating,FAILURE TO YIELD RIGHT OF WAY,FRITZ & WALNUT ST,39.191248,-86.532896
901596323,2011,2,5,Weekday,1900,2-Car,No injury/unknown,OTHER (DRIVER) - EXPLAIN IN NARRATIVE,CURRY PIKE & WOODYARD,39.190672,-86.582992
901608256,2011,3,2,Weekday,1600,1-Car,No injury/unknown,FAILURE TO YIELD RIGHT OF WAY,N CURRY PIKE & WOODYARD,39.190672,-86.582992
901612216,2011,3,5,Weekday,1300,Moped/Motorcycle,Incapacitating,FAILURE TO YIELD RIGHT OF WAY,CURRY PIKE & WOODYARD,39.190672,-86.582992
901699682,2011,9,5,Weekday,1200,2-Car,No injury/unknown,FAILURE TO YIELD RIGHT OF WAY,CURRY & WOODYARD RD,39.190672,-86.582992
901703114,2011,10,3,Weekday,2200,2-Car,Non-incapacitating,FAILURE TO YIELD RIGHT OF WAY,CURRY PIKE & WOODYARD,39.190672,-86.582992
901606753,2011,3,5,Weekday,1500,2-Car,No injury/unknown,FAILURE TO YIELD RIGHT OF WAY,N SMITH PIKE & W WOODYARD,39.19064,-86.58311
901685073,2011,8,4,Weekday,1500,2-Car,No injury/unknown,FOLLOWING TOO CLOSELY,N SMITH & W WOODYARD RD,39.19064,-86.58311
901567849,2011,1,1,Weekend,0,2-Car,No injury/unknown,SPEED TOO FAST FOR WEATHER CONDITIONS,CURRY PIKE & WOODYARD,39.19028,-86.58253
901574150,2011,1,4,Weekday,200,1-Car,No injury/unknown,ANIMAL/OBJECT IN ROADWAY,CURRY & WOODYARD RD,39.19003157,-86.58143093
901684580,2011,8,4,Weekday,100,1-Car,Non-incapacitating,RAN OFF ROAD RIGHT,PONEER & WOODYARD RD,39.18965,-86.58066987
901717522,2011,10,2,Weekday,800,2-Car,Non-incapacitating,FAILURE TO YIELD RIGHT OF WAY,7TH & JEFFERSON ST,39.18936083,-86.50717
901581331,2011,1,1,Weekend,0,1-Car,No injury/unknown,RAN OFF ROAD RIGHT,S LIBERTY DR,39.189248,-86.531472
901649456,2011,6,7,Weekend,300,2-Car,No injury/unknown,UNSAFE BACKING,NORTH WALNUT ST,39.189248,-86.53344
901659413,2011,7,6,Weekday,1300,2-Car,No injury/unknown,,S LIBERTY DR,39.189248,-86.531472
901664492,2011,7,3,Weekday,1900,1-Car,No injury/unknown,OVERCORRECTING/OVERSTEERING,HOWARD & N STARNES RD,39.189248,-86.660704
901670517,2011,8,3,Weekday,1200,2-Car,No injury/unknown,UNSAFE BACKING,SOUTH LIBERTY DR,39.189248,-86.531472
901680760,2011,8,3,Weekday,1100,2-Car,No injury/unknown,IMPROPER TURNING,GILBERT ST & WALNUT ST ST,39.189248,-86.53344
901682091,2011,8,5,Weekday,1500,2-Car,No injury/unknown,DRIVER DISTRACTED - EXPLAIN IN NARRATIVE,2300 N WALNUT ST & GILBERT,39.189248,-86.53344
901689427,2011,9,6,Weekday,1700,Pedestrian,Non-incapacitating,FAILURE TO YIELD RIGHT OF WAY,SOUTH WALNUT ST,39.189248,-86.53344
901696592,2011,9,6,Weekday,1200,3+ Cars,No injury/unknown,OTHER (VEHICLE) - EXPLAIN IN NARRATIVE,S LIBERTY DR,39.189248,-86.531472
901656920,2011,7,6,Weekday,1200,1-Car,No injury/unknown,RAN OFF ROAD RIGHT,HARVEST & UNIONVALLEY RD,39.18924098,-86.59269
901753142,2011,12,6,Weekday,500,1-Car,No injury/unknown,DISREGARD SIGNAL/REG SIGN,THOMAS RD & VERNAL,39.18904,-86.630096
901728005,2011,11,5,Weekday,100,1-Car,No injury/unknown,UNSAFE SPEED,CURRY PIKE & WOODYARD,39.18902423,-86.58302201
901574381,2011,1,4,Weekday,700,1-Car,No injury/unknown,RAN OFF ROAD RIGHT,VERNAL PIKE,39.189022,-86.629046
901696202,2011,9,3,Weekday,500,2-Car,No injury/unknown,UNSAFE BACKING,HEADLY & MAPLECREST DR,39.18901,-86.5145
901683590,2011,8,2,Weekday,1000,2-Car,No injury/unknown,UNSAFE BACKING,MCINTYRE DR,39.188416,-86.54008
901715432,2011,10,5,Weekday,700,2-Car,No injury/unknown,OTHER (ENVIRONMENTAL) - EXPLAIN IN NARR,1800 N KINSER PIKE & PARRISH,39.188144,-86.5376
901698540,2011,9,3,Weekday,1500,2-Car,No injury/unknown,FAILURE TO YIELD RIGHT OF WAY,MAXINE & WEST PARRISH RD,39.188128,-86.540112
901750007,2011,12,7,Weekend,1200,2-Car,No injury/unknown,UNSAFE BACKING,N MAXINE RD & W PARRISH,39.188128,-86.540112
901714982,2011,10,4,Weekday,1000,2-Car,No injury/unknown,FAILURE TO YIELD RIGHT OF WAY,SR4546 & WALNUT ST,39.18769245,-86.53393365
901599066,2011,2,2,Weekday,1600,3+ Cars,Non-incapacitating,FOLLOWING TOO CLOSELY,37 & SR45W,39.187344,-86.5552
901644877,2011,6,6,Weekday,1700,2-Car,Non-incapacitating,FAILURE TO YIELD RIGHT OF WAY,SR37S & WEST STATE RD 45 RD,39.187344,-86.5552
901694460,2011,9,2,Weekday,1600,2-Car,No injury/unknown,DRIVER DISTRACTED - EXPLAIN IN NARRATIVE,SR37 & SR45W,39.187344,-86.5552
901611610,2011,3,4,Weekday,1100,2-Car,Non-incapacitating,SPEED TOO FAST FOR WEATHER CONDITIONS,SR 46 & SR45E,39.18725755,-86.55810774
901696146,2011,9,5,Weekday,2000,1-Car,Non-incapacitating,RAN OFF ROAD RIGHT,37 & 45 HWY,39.18719976,-86.55167597
901576664,2011,1,6,Weekday,1800,3+ Cars,No injury/unknown,FAILURE TO YIELD RIGHT OF WAY,ARLINGTON & SR46W,39.187184,-86.551408
901654567,2011,6,3,Weekday,1700,2-Car,No injury/unknown,OTHER (DRIVER) - EXPLAIN IN NARRATIVE,N KINSER PIKE,39.18717477,-86.53784615
901655952,2011,7,6,Weekday,1100,2-Car,No injury/unknown,DRIVER DISTRACTED - EXPLAIN IN NARRATIVE,ARLINGTON & SR46E,39.18717263,-86.55118967
901587705,2011,2,4,Weekday,800,1-Car,Non-incapacitating,OTHER (DRIVER) - EXPLAIN IN NARRATIVE,SR46W & STATE ROAD 37,39.18717217,-86.55525124
901686218,2011,9,6,Weekday,1100,2-Car,No injury/unknown,FAILURE TO YIELD RIGHT OF WAY,ARLINGTON & SR46W,39.1870868,-86.55138535
901668246,2011,7,4,Weekday,1900,2-Car,Non-incapacitating,FAILURE TO YIELD RIGHT OF WAY,SR37S & SR45W,39.18703012,-86.5550103
901668247,2011,7,3,Weekday,1600,2-Car,Non-incapacitating,FAILURE TO YIELD RIGHT OF WAY,SR37S & SR45W,39.18703012,-86.5550103
901593151,2011,2,6,Weekday,600,1-Car,No injury/unknown,OTHER (DRIVER) - EXPLAIN IN NARRATIVE,MONROE & SR46E,39.18696235,-86.54715214
901567421,2011,1,7,Weekend,1600,2-Car,No injury/unknown,FOLLOWING TOO CLOSELY,N MONROE & SR46E,39.186944,-86.5468
901584458,2011,2,6,Weekday,1500,2-Car,No injury/unknown,FOLLOWING TOO CLOSELY,MONROE & SR 45 46 BYP,39.186944,-86.5468
901600752,2011,3,6,Weekday,800,2-Car,No injury/unknown,DRIVER DISTRACTED - EXPLAIN IN NARRATIVE,N MONROE & W STATE ROAD 45 46 BYP,39.186944,-86.5468
901612874,2011,4,7,Weekend,1800,2-Car,Non-incapacitating,FAILURE TO YIELD RIGHT OF WAY,N MONROE & SR4546E,39.186944,-86.5468
901638901,2011,5,6,Weekday,1500,2-Car,Non-incapacitating,FAILURE TO YIELD RIGHT OF WAY,MONROE & SR46W,39.186944,-86.5468
901642178,2011,6,6,Weekday,800,3+ Cars,Non-incapacitating,FOLLOWING TOO CLOSELY,N MONROE & W STATE ROAD 45 46 BYP,39.186944,-86.5468
901682998,2011,8,7,Weekend,1300,2-Car,Non-incapacitating,FAILURE TO YIELD RIGHT OF WAY,MONROE & SR4546E,39.186944,-86.5468
901705555,2011,10,2,Weekday,1900,2-Car,No injury/unknown,FAILURE TO YIELD RIGHT OF WAY,NORTH KINSER PIKE,39.186941,-86.53775
901631764,2011,5,6,Weekday,1300,1-Car,No injury/unknown,RAN OFF ROAD RIGHT,MONROE & SR46W,39.18692254,-86.54627164
901750106,2011,12,1,Weekend,1100,1-Car,No injury/unknown,ANIMAL/OBJECT IN ROADWAY,N STONELAKE & SR46W,39.18692015,-86.5466412
901593633,2011,2,7,Weekend,1700,2-Car,No injury/unknown,FOLLOWING TOO CLOSELY,N MONROE & SR46E,39.18691229,-86.54609567
901704863,2011,10,1,Weekend,1400,1-Car,No injury/unknown,ANIMAL/OBJECT IN ROADWAY,HARTSTRAIT RD & VERNAL,39.186752,-86.611504
901631995,2011,5,7,Weekend,300,2-Car,Non-incapacitating,FOLLOWING TOO CLOSELY,KINSER & SR46W,39.18657543,-86.53859269
901741048,2011,12,5,Weekday,1600,2-Car,No injury/unknown,FAILURE TO YIELD RIGHT OF WAY,KINSER & SR46E,39.18657543,-86.53859269
901692113,2011,9,5,Weekday,100,1-Car,No injury/unknown,RAN OFF ROAD RIGHT,E JONES & N JORDAN AVE,39.18654932,-86.51641
901567494,2011,1,7,Weekend,1600,2-Car,Non-incapacitating,FOLLOWING TOO CLOSELY,N KINSER & SR45 46,39.186544,-86.537888
901584587,2011,2,6,Weekend,2100,2-Car,No injury/unknown,FAILURE TO YIELD RIGHT OF WAY,KINSER & SR4546W,39.186544,-86.537888
901600986,2011,3,6,Weekday,1700,2-Car,No injury/unknown,SPEED TOO FAST FOR WEATHER CONDITIONS,W ARLINGTON RD & W GOURLEY,39.186544,-86.551168
901611983,2011,3,5,Weekday,1200,2-Car,Non-incapacitating,FAILURE TO YIELD RIGHT OF WAY,N KINSER & SR4546W,39.186544,-86.537888
901614660,2011,4,5,Weekday,800,2-Car,No injury/unknown,FOLLOWING TOO CLOSELY,KINSER & STATE ROAD 45 46 BYP,39.186544,-86.537888
901627548,2011,5,4,Weekday,1500,2-Car,No injury/unknown,FOLLOWING TOO CLOSELY,N KINSER & SR 45 46 BYP,39.186544,-86.537888
901631888,2011,5,6,Weekday,1600,2-Car,No injury/unknown,FOLLOWING TOO CLOSELY,KINSER & SR45 46 BYP,39.186544,-86.537888
901675750,2011,8,7,Weekend,0,3+ Cars,No injury/unknown,FOLLOWING TOO CLOSELY,KINSER & SR46W,39.186544,-86.537888
901686426,2011,9,7,Weekend,1300,2-Car,No injury/unknown,FOLLOWING TOO CLOSELY,N KINSER & SR4546W,39.186544,-86.537888
901693276,2011,9,7,Weekend,1100,2-Car,Non-incapacitating,FAILURE TO YIELD RIGHT OF WAY,KINSER & SR45W,39.186544,-86.537888
901702902,2011,10,4,Weekday,1400,2-Car,Non-incapacitating,FAILURE TO YIELD RIGHT OF WAY,KINSER & SR46E,39.186544,-86.537888
901717027,2011,10,1,Weekend,600,2-Car,Non-incapacitating,OTHER (DRIVER) - EXPLAIN IN NARRATIVE,KINSER & SR46W,39.186544,-86.537888
901721861,2011,11,2,Weekday,900,2-Car,No injury/unknown,FOLLOWING TOO CLOSELY,KINSER & SR46W,39.186544,-86.537888
901728953,2011,11,5,Weekday,1800,3+ Cars,No injury/unknown,FAILURE TO YIELD RIGHT OF WAY,KINSER & SR46W,39.186544,-86.537888
901752596,2011,12,5,Weekday,1700,2-Car,No injury/unknown,FOLLOWING TOO CLOSELY,KINSER & SR45E,39.186544,-86.537888
901668191,2011,7,3,Weekday,1600,2-Car,Non-incapacitating,FOLLOWING TOO CLOSELY,SR37 & SR45E,39.18654025,-86.5554331
901600831,2011,3,6,Weekday,1200,2-Car,No injury/unknown,OTHER (DRIVER) - EXPLAIN IN NARRATIVE,KINSER & SR46W,39.18653339,-86.53771207
901597745,2011,2,6,Weekend,2300,2-Car,No injury/unknown,IMPROPER TURNING,JONES & JORDAN AVE,39.18651609,-86.51642161
901698067,2011,9,2,Weekday,2200,2-Car,No injury/unknown,FOLLOWING TOO CLOSELY,KINSER & SR45E,39.18648027,-86.53773017
901574031,2011,1,3,Weekday,1500,1-Car,Non-incapacitating,SPEED TOO FAST FOR WEATHER CONDITIONS,THOMAS & VERNAL PIKE,39.18646982,-86.63578101
901662675,2011,7,6,Weekday,1700,1-Car,Non-incapacitating,RAN OFF ROAD RIGHT,LOESCH & VERNAL PIKE,39.18642776,-86.59395029
901581808,2011,1,2,Weekday,900,2-Car,Non-incapacitating,FOLLOWING TOO CLOSELY,MILO B SAMPSON & SR45 46E,39.18636871,-86.52438819
901575967,2011,1,5,Weekday,400,2-Car,Non-incapacitating,FAILURE TO YIELD RIGHT OF WAY,SR46E & WALNUT ST,39.186368,-86.5344
901576778,2011,1,6,Weekend,2300,2-Car,No injury/unknown,FOLLOWING TOO CLOSELY,SR46E & WALNUT ST,39.186368,-86.5344
901583985,2011,2,5,Weekday,2000,1-Car,Non-incapacitating,HOLES/RUTS IN SURFACE,SR46W & WALNUT,39.186368,-86.5344
901589626,2011,2,6,Weekday,1700,2-Car,No injury/unknown,FAILURE TO YIELD RIGHT OF WAY,E SR 46 BYP & WALNUT,39.186368,-86.5344
901600989,2011,3,6,Weekday,1700,3+ Cars,No injury/unknown,FOLLOWING TOO CLOSELY,N WALNUT & SR 45 46 BYP,39.186368,-86.5344
901612968,2011,4,1,Weekend,1500,2-Car,No injury/unknown,FAILURE TO YIELD RIGHT OF WAY,N WALNUT & SR4546W,39.186368,-86.5344
901616266,2011,4,2,Weekday,1100,2-Car,No injury/unknown,DISREGARD SIGNAL/REG SIGN,SR 4546 BYP & WALNUT,39.186368,-86.5344
901626555,2011,5,2,Weekday,1500,2-Car,No injury/unknown,FOLLOWING TOO CLOSELY,N WALNUT & SR46E,39.186368,-86.5344
901628760,2011,5,7,Weekend,1200,2-Car,No injury/unknown,LEFT OF CENTER,SR 4546 BYP & WALNUT,39.186368,-86.5344
901637287,2011,5,3,Weekday,1800,1-Car,No injury/unknown,IMPROPER TURNING,E SR 45 46 BYP & N WALNUT,39.186368,-86.5344
901641747,2011,6,5,Weekday,900,2-Car,No injury/unknown,DRIVER DISTRACTED - EXPLAIN IN NARRATIVE,N WALNUT ST & STATE ROAD 45 46,39.186368,-86.5344
901667458,2011,7,3,Weekday,900,2-Car,No injury/unknown,OTHER (DRIVER) - EXPLAIN IN NARRATIVE,NORTH WALNUT & STATE ROAD 45 46 BYP,39.186368,-86.5344
901677361,2011,8,2,Weekday,1500,2-Car,Non-incapacitating,FOLLOWING TOO CLOSELY,N WALNUT ST & STATE RD 45 46 BYPASS,39.186368,-86.5344
901689272,2011,9,5,Weekday,1400,2-Car,No injury/unknown,FAILURE TO YIELD RIGHT OF WAY,SR 45 46 & WALNUT ST,39.186368,-86.5344
901705521,2011,10,2,Weekday,1500,2-Car,Non-incapacitating,FOLLOWING TOO CLOSELY,N WALNUT & SR46E,39.186368,-86.5344
901713190,2011,10,1,Weekend,1800,2-Car,No injury/unknown,DRIVER DISTRACTED - EXPLAIN IN NARRATIVE,NORTH WALNUT ST & STATE ROAD 45  46,39.186368,-86.5344
901719938,2011,11,5,Weekday,1700,2-Car,No injury/unknown,IMPROPER PASSING,N WALNUT ST & STATE ROAD 45 46,39.186368,-86.5344
901696430,2011,9,6,Weekday,900,2-Car,No injury/unknown,IMPROPER PASSING,SR45E & WALNUT,39.18636383,-86.53369418
901652794,2011,6,5,Weekday,1700,2-Car,No injury/unknown,IMPROPER TURNING,WEST SR45 RD,39.18636,-86.533048
901745665,2011,12,6,Weekday,1400,2-Car,No injury/unknown,FAILURE TO YIELD RIGHT OF WAY,WEST STATE ROAD 45 RD,39.18636,-86.533048
901701269,2011,10,2,Weekday,700,2-Car,No injury/unknown,FAILURE TO YIELD RIGHT OF WAY,SO SR 46 HWY,39.186354,-86.535259
901720902,2011,11,7,Weekend,1000,2-Car,No injury/unknown,FOLLOWING TOO CLOSELY,DUNN & SR45E,39.18635204,-86.52637847
901635365,2011,5,7,Weekend,900,2-Car,No injury/unknown,FOLLOWING TOO CLOSELY,N DUNN & SR46E,39.186352,-86.52863717
901568876,2011,1,2,Weekday,1600,2-Car,Non-incapacitating,FAILURE TO YIELD RIGHT OF WAY,DUNN & SR45 46,39.186352,-86.528496
901570778,2011,1,3,Weekday,1600,2-Car,No injury/unknown,FOLLOWING TOO CLOSELY,N DUNN & SR4546W,39.186352,-86.528496
901572520,2011,1,7,Weekend,2200,2-Car,No injury/unknown,FOLLOWING TOO CLOSELY,FRITZ & SR45W,39.186352,-86.529792
901578344,2011,1,2,Weekday,1200,2-Car,No injury/unknown,OTHER (DRIVER) - EXPLAIN IN NARRATIVE,COLLEGE & SR45 46 BYP,39.186352,-86.534704
901595490,2011,2,3,Weekday,900,2-Car,No injury/unknown,UNSAFE SPEED,E STATE ROAD 45 46 BYP & N DUNN,39.186352,-86.528496
901599508,2011,3,3,Weekday,1400,2-Car,No injury/unknown,FOLLOWING TOO CLOSELY,N DUNN & SR 45 46 BYP,39.186352,-86.528496
901599628,2011,3,3,Weekday,1700,2-Car,No injury/unknown,FOLLOWING TOO CLOSELY,N DUNN & SR 45 46 BYP,39.186352,-86.528496
901628502,2011,5,6,Weekday,1300,2-Car,No injury/unknown,FOLLOWING TOO CLOSELY,2200 NORTH DUNN ST & SR4546E,39.186352,-86.528496
901632390,2011,5,1,Weekend,600,2-Car,Non-incapacitating,FAILURE TO YIELD RIGHT OF WAY,N COLLEGE & SR4546E,39.186352,-86.534704
901661777,2011,7,4,Weekday,2300,2-Car,No injury/unknown,FOLLOWING TOO CLOSELY,MARTHA & SR46E,39.186352,-86.531696
901689574,2011,9,7,Weekend,0,1-Car,No injury/unknown,IMPROPER TURNING,COLLEGE & SR45E,39.186352,-86.534704
901700713,2011,10,7,Weekend,1600,1-Car,No injury/unknown,IMPROPER TURNING,COLLEGE & SR45E,39.186352,-86.534704
901708853,2011,10,1,Weekend,1800,2-Car,No injury/unknown,FOLLOWING TOO CLOSELY,DUNN & SR4546E,39.186352,-86.528496
901713782,2011,10,1,Weekend,1600,2-Car,Non-incapacitating,FAILURE TO YIELD RIGHT OF WAY,N DUNN ST & SR4546,39.186352,-86.528496
901723687,2011,11,4,Weekday,1200,2-Car,No injury/unknown,BRAKE FAILURE OR DEFECTIVE,N MARTHA & SR4546N,39.186352,-86.531696
901716925,2011,10,1,Weekend,200,2-Car,No injury/unknown,IMPROPER TURNING,45 46 BYP & N WALNUT,39.18633007,-86.53453968
901605911,2011,3,4,Weekday,800,2-Car,No injury/unknown,FOLLOWING TOO CLOSELY,FEE & SR46W,39.18631477,-86.52192606
901581874,2011,1,2,Weekday,900,2-Car,Non-incapacitating,UNSAFE SPEED,MILO B SAMPSON & SR46E,39.18624327,-86.52217946
901627884,2011,5,5,Weekday,1200,2-Car,No injury/unknown,FOLLOWING TOO CLOSELY,MILO B SAMPSON & SR46E,39.18624327,-86.52217514
901670215,2011,8,2,Weekday,1700,2-Car,No injury/unknown,FOLLOWING TOO CLOSELY,MILO B SAMPSON & SR46W,39.18624327,-86.52218292
901622136,2011,4,1,Weekend,1100,2-Car,No injury/unknown,FAILURE TO YIELD RIGHT OF WAY,E MATLOCK & N HEADLEY RD,39.18624,-86.514496
901740003,2011,12,4,Weekday,200,1-Car,No injury/unknown,BRAKE FAILURE OR DEFECTIVE,HEADLEY & MATLOCK RD,39.18624,-86.514496
901733597,2011,11,1,Weekday,2200,2-Car,No injury/unknown,UNSAFE BACKING,46 & WALNUT ST,39.18619007,-86.53441873
901660304,2011,7,2,Weekday,900,3+ Cars,Non-incapacitating,FOLLOWING TOO CLOSELY,FEE & SR46E,39.18616889,-86.52088402
901585060,2011,2,7,Weekend,1900,2-Car,No injury/unknown,FOLLOWING TOO CLOSELY,N FEE & SR46W,39.18614457,-86.52071035
901751081,2011,12,3,Weekday,1100,2-Car,Non-incapacitating,ROADWAY SURFACE CONDITION,OLD VERNAL & VERNAL PIKE,39.18611012,-86.59628011
901648861,2011,6,4,Weekday,1700,2-Car,No injury/unknown,UNSAFE SPEED,OLD VERNAL & VERNAL PIKE,39.18611,-86.59635794
901680478,2011,8,2,Weekday,1500,2-Car,No injury/unknown,FAILURE TO YIELD RIGHT OF WAY,OLD VERNAL & W VERNAL PIKE,39.18611,-86.59625402
901634215,2011,5,4,Weekday,1700,2-Car,Non-incapacitating,FAILURE TO YIELD RIGHT OF WAY,2100 BLK N WALNUT ST & SR4546,39.18609426,-86.53442882
901563960,2011,1,2,Weekday,1600,2-Car,Non-incapacitating,LEFT OF CENTER,ARLINGTON RD & HICKORY,39.186048,-86.550976
901656443,2011,7,7,Weekend,1800,2-Car,No injury/unknown,FOLLOWING TOO CLOSELY,FEE & SR 4546 BYP,39.186032,-86.51984
901730355,2011,11,2,Weekday,1000,2-Car,No injury/unknown,UNSAFE SPEED,NORTH FEE & SR46E,39.186032,-86.51984
901749056,2011,12,5,Weekday,1100,Bus,No injury/unknown,LEFT OF CENTER,N KINSER PIKE,39.18584,-86.537872
901611592,2011,3,4,Weekday,900,2-Car,No injury/unknown,FAILURE TO YIELD RIGHT OF WAY,SR46W & WALNUT ST,39.18582052,-86.53445763
901623700,2011,4,3,Weekday,1200,2-Car,No injury/unknown,FAILURE TO YIELD RIGHT OF WAY,SR46 & WALNUT ST,39.18582052,-86.53445763
901731404,2011,11,3,Weekday,1700,2-Car,Non-incapacitating,FOLLOWING TOO CLOSELY,STATE ROAD 45 46 & WALNUT ST,39.18582052,-86.53445763
901692624,2011,9,5,Weekday,1900,2-Car,No injury/unknown,UNSAFE BACKING,WEST GOURLEY PIKE,39.185803,-86.54184
901588041,2011,2,6,Weekday,1800,1-Car,Non-incapacitating,ENGINE FAILURE OR DEFECTIVE,LANE & WOODYARD RD,39.18556623,-86.57157898
901746105,2011,12,7,Weekend,1400,2-Car,No injury/unknown,,N KINSER PIKE,39.18543153,-86.53772145
901581010,2011,1,6,Weekend,2200,2-Car,No injury/unknown,FAILURE TO YIELD RIGHT OF WAY,GOURLEY & N KINSER PIKE,39.185392,-86.537856
901603397,2011,3,5,Weekday,900,2-Car,Non-incapacitating,FAILURE TO YIELD RIGHT OF WAY,GOURLEY & KINSER PIKE,39.185392,-86.537856
901615339,2011,4,6,Weekday,1700,2-Car,No injury/unknown,FAILURE TO YIELD RIGHT OF WAY,NORTH KINSER PIKE & WEST GOURLEY,39.185392,-86.537856
901639189,2011,5,7,Weekend,1600,2-Car,Non-incapacitating,FAILURE TO YIELD RIGHT OF WAY,GOURLEY & KINSER PIKE,39.185392,-86.537856
901696623,2011,9,6,Weekday,1500,2-Car,Non-incapacitating,FAILURE TO YIELD RIGHT OF WAY,GOURLEY & KINSER PIKE,39.185392,-86.537856
901710469,2011,10,3,Weekday,1700,2-Car,No injury/unknown,FAILURE TO YIELD RIGHT OF WAY,PETE ELLIS DR & THIRD,39.18535867,-86.49496
901730126,2011,11,2,Weekday,800,1-Car,No injury/unknown,RAN OFF ROAD RIGHT,GOURLEY PIKE & W CASCADES,39.185232,-86.54124768
901570892,2011,1,4,Weekday,1900,2-Car,No injury/unknown,UNSAFE BACKING,W GOURLEY PIKE,39.185232,-86.54060206
901575356,2011,1,5,Weekday,800,2-Car,No injury/unknown,LEFT OF CENTER,W GOURLEY PIKE,39.185232,-86.54060206
901664200,2011,7,3,Weekday,1200,2-Car,No injury/unknown,OTHER (DRIVER) - EXPLAIN IN NARRATIVE,W GOURLEY PIKE,39.185232,-86.54060206
901685894,2011,9,6,Weekday,1000,1-Car,No injury/unknown,UNSAFE SPEED,W GOURLEY PIKE,39.185232,-86.54060206
901675503,2011,8,6,Weekday,1100,Cyclist,Non-incapacitating,FAILURE TO YIELD RIGHT OF WAY,SR37N & W GOURLEY,39.18522527,-86.53522968
901731407,2011,11,2,Weekday,1700,2-Car,No injury/unknown,UNSAFE LANE MOVEMENT,CASCADE & GOURLEY PIKE,39.1852,-86.541952
901583210,2011,2,3,Weekday,1800,2-Car,No injury/unknown,UNSAFE BACKING,N COLLEGE AVE,39.185152,-86.535296
901598070,2011,2,7,Weekend,2200,2-Car,No injury/unknown,UNSAFE BACKING,N COLLEGE AVE,39.185152,-86.535296
901672442,2011,8,6,Weekend,2000,Pedestrian,Non-incapacitating,PEDESTRIAN ACTION,N COLLEGE AVE,39.185152,-86.535296
901689762,2011,9,7,Weekend,1700,2-Car,No injury/unknown,,W GOURLEY PIKE,39.18508,-86.540075
901709330,2011,10,2,Weekday,1200,2-Car,No injury/unknown,,GOURLEY PIKE,39.18508,-86.540075
901661664,2011,7,4,Weekday,0,2-Car,No injury/unknown,IMPROPER TURNING,KINSER PIKE,39.18506,-86.537779
901678473,2011,8,4,Weekday,2100,1-Car,No injury/unknown,ANIMAL/OBJECT IN ROADWAY,HARMONY RD & KNOONTZ,39.18464387,-86.63040988
901720906,2011,11,7,Weekend,1000,2-Car,No injury/unknown,FAILURE TO YIELD RIGHT OF WAY,NORTH FEE LN,39.18458,-86.519245
901728547,2011,11,4,Weekday,1400,2-Car,No injury/unknown,FOLLOWING TOO CLOSELY,KINSER PIKE & VAUGHN CLIP,39.18453593,-86.53775967
901583015,2011,2,4,Weekday,1000,1-Car,No injury/unknown,UNSAFE BACKING,801 NORTH RANGE RD & RANGE,39.184208,-86.492816
901618588,2011,4,7,Weekend,500,2-Car,No injury/unknown,OTHER (DRIVER) - EXPLAIN IN NARRATIVE,N WALNUT ST,39.1841412,-86.5344552
901643081,2011,6,1,Weekday,1900,2-Car,No injury/unknown,UNSAFE LANE MOVEMENT,20TH & MONROE ST,39.184048,-86.546896
901644719,2011,6,3,Weekday,1600,2-Car,No injury/unknown,FOLLOWING TOO CLOSELY,20TH & N ARLINGTON RD,39.184048,-86.550192
901700645,2011,10,7,Weekend,200,1-Car,No injury/unknown,RAN OFF ROAD RIGHT,20TH & ARLINGTON RD,39.184048,-86.550192
9017086